anonymous_id,locked_excel_row,source_503_excel_row,full_cation_key,candidate_formula,EFA_observed_internal,observed_EFA_percentile,high_EFA_observed,compatibility_score,predicted_EFA_percentile_oof,predicted_log10_EFA_oof_combined,predicted_high_EFA_probability_oof_combined,predicted_high_EFA_probability_oof_chemistry,predicted_priority_region,observed_priority_class,rank_by_combined_high_EFA_probability,rank_by_chemistry_high_EFA_probability,rank_by_predicted_EFA_percentile,rank_by_compatibility_score
CHAOS_0292,293,303,"Cu,Mg,Ni,Sn","(Cu,Mg,Ni,Sn)O",19.3212588096229,0.717479674796748,0,0.5207063008130082,0.9979674796747967,1.914853513029509,0.9999994719835622,0.9999977316990183,0,other,1,2,2,228
CHAOS_0356,357,367,"Cd,Co,Fe,Ni","(Cd,Co,Fe,Ni)O",18.1871723153527,0.6890243902439024,0,0.8154217479674797,0.8130081300813008,1.356264640167312,0.9997990507284752,0.999997753595785,1,true high descriptor compatibility score only,2,1,93,40
CHAOS_0067,68,78,"Cu,Mg,Ni,Zn","(Cu,Mg,Ni,Zn)O",41.6090300177349,0.943089430894309,1,0.9071392276422764,0.9939024390243902,1.654890323140902,0.9997620559516895,0.998046635969255,1,true high-EFA + high descriptor compatibility score,3,5,4,10
CHAOS_0126,127,137,"Co,Fe,Mn,Ni","(Co,Fe,Mn,Ni)O",45.5286321308993,0.9512195121951219,1,0.9413109756097562,0.975609756097561,1.550370813392002,0.9995099035941015,0.9987487056977857,1,true high-EFA + high descriptor compatibility score,4,4,13,2
CHAOS_0241,242,252,"Cd,Mg,Mn,Sn","(Cd,Mg,Mn,Sn)O",15.3201881032793,0.6056910569105691,0,0.3945630081300813,1.0,2.094818831144434,0.9993965325924515,0.8584950589206164,0,other,5,66,1,323
CHAOS_0236,237,247,"Cd,Co,Mn,Ni","(Cd,Co,Mn,Ni)O",19.2785099031394,0.7154471544715447,0,0.7158282520325203,0.9552845528455285,1.608374417369907,0.9987289197151163,0.9996808663901808,0,other,6,3,23,92
CHAOS_0452,453,463,"Cd,Co,Fe,Mn","(Cd,Co,Fe,Mn)O",31.3908398840165,0.8780487804878049,1,0.8661077235772358,0.9898373983739838,1.661434263458005,0.9974466677708769,0.9745173710665275,1,true high-EFA + high descriptor compatibility score,7,19,6,22
CHAOS_0357,358,368,"Fe,Mg,Ni,Zn","(Fe,Mg,Ni,Zn)O",32.4507372195626,0.8861788617886179,1,0.9145071138211383,0.9796747967479674,1.68057340571359,0.997442451258701,0.9855328631088566,1,true high-EFA + high descriptor compatibility score,8,9,11,8
CHAOS_0282,283,293,"Co,Mg,Ni,Zn","(Co,Mg,Ni,Zn)O",73.906224195177,0.991869918699187,1,0.9321646341463414,0.9817073170731707,1.573077117023093,0.9958501359005952,0.9658642499240367,1,true high-EFA + high descriptor compatibility score,9,22,10,4
CHAOS_0004,5,5,"Co,Mg,Mn,Ni","(Co,Mg,Mn,Ni)O",24.0018864282876,0.8048780487804879,1,0.9002794715447154,0.991869918699187,1.77721469680623,0.9957748443575439,0.9917656774167013,1,true high-EFA + high descriptor compatibility score,10,6,5,11
CHAOS_0405,406,416,"Co,Fe,Mg,Zn","(Co,Fe,Mg,Zn)O",33.6725582233824,0.9004065040650406,1,0.8977388211382114,0.9735772357723578,1.629390377308458,0.9949717341220262,0.9780926820493824,1,true high-EFA + high descriptor compatibility score,11,13,14,12
CHAOS_0083,84,94,"Cd,Mg,Ni,Zn","(Cd,Mg,Ni,Zn)O",31.9392737316762,0.8800813008130082,1,0.8821138211382114,0.8963414634146342,1.488490609066591,0.9946393260229865,0.9601411722140281,1,true high-EFA + high descriptor compatibility score,12,26,52,19
CHAOS_0412,413,423,"Co,Fe,Mg,Ni","(Co,Fe,Mg,Ni)O",48.6126604539687,0.9573170731707317,1,0.9203506097560976,0.9959349593495935,1.707310835654703,0.9946032997080487,0.9815283094000851,1,true high-EFA + high descriptor compatibility score,13,11,3,6
CHAOS_0354,355,365,"Co,Mn,Ni,Zn","(Co,Mn,Ni,Zn)O",62.6402501524366,0.983739837398374,1,0.9382621951219512,0.983739837398374,1.649341047494492,0.993935607973509,0.8407903626177731,1,true high-EFA + high descriptor compatibility score,14,73,9,3
CHAOS_0456,457,467,"Co,Fe,Ni,Zn","(Co,Fe,Ni,Zn)O",36.3008016414405,0.9146341463414634,1,0.958714430894309,0.9573170731707317,1.602173030644819,0.9933981578243446,0.8505872227623541,1,true high-EFA + high descriptor compatibility score,15,69,22,1
CHAOS_0184,185,195,"Fe,Mn,Ni,Zn","(Fe,Mn,Ni,Zn)O",85.6160880053439,0.9959349593495935,1,0.9303861788617886,0.967479674796748,1.503443132899739,0.9930199471231707,0.9086906501503029,1,true high-EFA + high descriptor compatibility score,16,46,17,5
CHAOS_0114,115,125,"Cu,Fe,Mg,Ni","(Cu,Fe,Mg,Ni)O",30.6868435562345,0.8678861788617886,1,0.8891006097560976,0.9715447154471545,1.664576753201544,0.9923543057535436,0.9853110273143267,1,true high-EFA + high descriptor compatibility score,17,10,15,16
CHAOS_0158,159,169,"Fe,Mg,Mn,Ni","(Fe,Mg,Mn,Ni)O",65.4626793082006,0.9878048780487805,1,0.8944359756097562,0.9857723577235772,1.713605878891943,0.991253675047808,0.9765088105406148,1,true high-EFA + high descriptor compatibility score,18,16,8,14
CHAOS_0338,339,349,"Co,Cu,Fe,Mg","(Co,Cu,Fe,Mg)O",48.9466477030382,0.959349593495935,1,0.8107215447154471,0.943089430894309,1.600042994278612,0.9900117184162833,0.9798016174803407,1,true high-EFA + high descriptor compatibility score,19,12,29,45
CHAOS_0095,96,106,"Cd,Co,Mg,Ni","(Cd,Co,Mg,Ni)O",25.9084711295295,0.8333333333333334,1,0.8526422764227642,0.9308943089430894,1.522576692060392,0.989234774603621,0.9333123231844745,1,true high-EFA + high descriptor compatibility score,20,34,35,27
CHAOS_0295,296,306,"Mg,Mn,Ni,Zn","(Mg,Mn,Ni,Zn)O",40.4370795741633,0.9369918699186992,1,0.8896087398373984,0.9634146341463414,1.49739521043223,0.9890211298277998,0.9685469715388445,1,true high-EFA + high descriptor compatibility score,21,20,19,15
CHAOS_0387,388,398,"Cd,Cu,Mg,Zn","(Cd,Cu,Mg,Zn)O",75.4848004490499,0.9939024390243902,1,0.8109756097560976,0.8272357723577236,1.417990719466082,0.9847117584336822,0.8408810765791541,1,true high-EFA + high descriptor compatibility score,22,72,86,44
CHAOS_0378,379,389,"Co,Mg,Mn,Zn","(Co,Mg,Mn,Zn)O",177.699982113734,1.0,1,0.883130081300813,0.9247967479674797,1.462552531199984,0.9839098285288345,0.9555440186726522,1,true high-EFA + high descriptor compatibility score,23,28,38,18
CHAOS_0065,66,76,"Co,Fe,Mn,Zn","(Co,Fe,Mn,Zn)O",106.824814646469,0.9979674796747967,1,0.9082825203252032,0.9065040650406504,1.511592469669036,0.9838602292484846,0.9145464509507665,1,true high-EFA + high descriptor compatibility score,24,43,47,9
CHAOS_0174,175,185,"Cd,Fe,Mn,Ni","(Cd,Fe,Mn,Ni)O",20.9917476204562,0.7601626016260162,1,0.8561991869918699,0.9512195121951219,1.515544310791478,0.9834718732636468,0.9779380813948199,1,true high-EFA + high descriptor compatibility score,25,14,25,26
CHAOS_0233,234,244,"Cd,Mg,Mn,Ni","(Cd,Mg,Mn,Ni)O",32.4458606211166,0.8841463414634146,1,0.7496189024390243,0.9390243902439024,1.489865015087433,0.9807624538067221,0.9676488765154316,0,true high-EFA only,26,21,31,73
CHAOS_0248,249,259,"Cu,Fe,Mg,Zn","(Cu,Fe,Mg,Zn)O",25.063536763451,0.8272357723577236,1,0.8269817073170731,0.9349593495934959,1.529740007060107,0.980363417679723,0.9745268113811983,1,true high-EFA + high descriptor compatibility score,27,18,33,37
CHAOS_0142,143,153,"Cd,Co,Ni,Zn","(Cd,Co,Ni,Zn)O",25.9433961395703,0.8373983739837398,1,0.8682672764227642,0.9004065040650406,1.432847127109287,0.9790904300910802,0.7988171987334108,1,true high-EFA + high descriptor compatibility score,28,85,50,21
CHAOS_0108,109,119,"Cd,Mg,Sn,Ti","(Cd,Mg,Sn,Ti)O",4.37346164908464,0.06300813008130081,0,0.6286839430894309,0.4349593495934959,0.9026112685716373,0.9789030480439367,0.9766150777927134,0,other,29,15,279,156
CHAOS_0403,404,414,"Cu,Mg,Mn,Ni","(Cu,Mg,Mn,Ni)O",23.852374714899,0.7987804878048781,1,0.8465447154471545,0.926829268292683,1.475509731856774,0.9779900583486626,0.9886946814522176,1,true high-EFA + high descriptor compatibility score,30,7,37,29
CHAOS_0470,471,481,"Cd,Co,Mg,Mn","(Cd,Co,Mg,Mn)O",39.7563650961887,0.9308943089430894,1,0.8150406504065041,0.9085365853658537,1.498954145400309,0.9767150844117944,0.9392343290048116,1,true high-EFA + high descriptor compatibility score,31,33,46,41
CHAOS_0428,429,439,"Mg,Ni,V,Zn","(Mg,Ni,V,Zn)O",39.4649110839359,0.9288617886178862,1,0.6055640243902439,0.8475609756097561,1.402311399467907,0.97643428545084,0.7528642021797223,0,true high-EFA only,32,99,76,166
CHAOS_0431,432,442,"Fe,Mg,Mn,Zn","(Fe,Mg,Mn,Zn)O",20.9374033096949,0.7560975609756098,1,0.8690294715447155,0.9329268292682927,1.534314392363545,0.9744610195388551,0.9163603570846596,1,true high-EFA + high descriptor compatibility score,33,42,34,20
CHAOS_0032,33,38,"Cd,Mn,Ni,Zn","(Cd,Mn,Ni,Zn)O",35.8046637434426,0.9126016260162602,1,0.8046239837398375,0.9410569105691057,1.53116174594694,0.9743522711653235,0.954644248084254,1,true high-EFA + high descriptor compatibility score,34,30,30,47
CHAOS_0078,79,89,"Cd,Co,Mn,Zn","(Cd,Co,Mn,Zn)O",44.2222382412671,0.9471544715447154,1,0.8418445121951219,0.9288617886178862,1.510235517545915,0.9732817494948144,0.9186284096993514,1,true high-EFA + high descriptor compatibility score,35,41,36,32
CHAOS_0063,64,74,"Cd,Co,Mg,Zn","(Cd,Co,Mg,Zn)O",33.3923694423624,0.8963414634146342,1,0.834984756097561,0.8658536585365854,1.395849945080275,0.9715408460671775,0.8268549964720469,1,true high-EFA + high descriptor compatibility score,36,78,67,34
CHAOS_0153,154,164,"Cd,Fe,Mg,Zn","(Cd,Fe,Mg,Zn)O",33.1249812010442,0.8943089430894309,1,0.8060213414634146,0.8353658536585366,1.398274505490068,0.9707694845478938,0.8327713566709233,1,true high-EFA + high descriptor compatibility score,37,75,82,46
CHAOS_0479,480,490,"Ca,Cd,Ni,Sn","(Ca,Cd,Ni,Sn)O",40.5447535643358,0.9410569105691057,1,0.4432164634146341,0.8313008130081301,1.361221499320075,0.9706870934404885,0.9255321230297607,0,true high-EFA only,38,38,84,282
CHAOS_0052,53,63,"Co,Cu,Mg,Ni","(Co,Cu,Mg,Ni)O",26.0328254880412,0.8394308943089431,1,0.8652184959349594,0.9471544715447154,1.498655433076333,0.970138517462388,0.9754480780986535,1,true high-EFA + high descriptor compatibility score,39,17,27,23
CHAOS_0340,341,351,"Co,Cu,Mn,Ni","(Co,Cu,Mn,Ni)O",16.479598655812,0.6544715447154471,0,0.802464430894309,0.9166666666666666,1.508020883583861,0.9658515512017977,0.7832675548705974,1,true high descriptor compatibility score only,40,88,42,49
CHAOS_0386,387,397,"Ca,Cd,Co,Ni","(Ca,Cd,Co,Ni)O",20.1790611058425,0.7439024390243902,0,0.6651422764227641,0.9695121951219512,1.552561003150138,0.9658342689244507,0.9629247838188615,0,other,41,24,16,136
CHAOS_0316,317,327,"Ca,Cd,Sn,Sr","(Ca,Cd,Sn,Sr)O",47.1200257720581,0.9552845528455285,1,0.4443597560975609,0.6605691056910569,1.258960417792633,0.9627473729504247,0.6914786442133022,0,true high-EFA only,42,111,168,281
CHAOS_0427,428,438,"Cd,Cu,Fe,Mn","(Cd,Cu,Fe,Mn)O",18.3947473323127,0.6951219512195121,0,0.7785823170731707,0.7459349593495935,1.352319594346004,0.962354208459264,0.987945202639511,0,true high descriptor compatibility score only,43,8,126,58
CHAOS_0176,177,187,"Ca,Cd,Mg,Ni","(Ca,Cd,Mg,Ni)O",23.0745804113079,0.7886178861788617,1,0.6821646341463414,0.9024390243902439,1.44509251683913,0.9611501175797162,0.8989650738572439,0,true high-EFA only,44,51,49,120
CHAOS_0024,25,27,"Co,Cu,Mg,Mn","(Co,Cu,Mg,Mn)O",51.7628385742137,0.9735772357723578,1,0.7714684959349594,0.9776422764227642,1.638956278041029,0.9582366331600112,0.9609666912878363,1,true high-EFA + high descriptor compatibility score,45,25,12,60
CHAOS_0349,350,360,"Cd,Co,Fe,Mg","(Cd,Co,Fe,Mg)O",26.692251033354,0.8455284552845529,1,0.7658790650406504,0.8922764227642277,1.466844140939122,0.9578193873736344,0.926861475084094,1,true high-EFA + high descriptor compatibility score,46,36,54,63
CHAOS_0491,492,502,"Co,Cu,Fe,Zn","(Co,Cu,Fe,Zn)O",50.6899274092325,0.967479674796748,1,0.8426067073170731,0.8882113821138211,1.408507513579596,0.9574157956933588,0.7857336196793171,1,true high-EFA + high descriptor compatibility score,47,87,56,30
CHAOS_0352,353,363,"Cu,Mg,Mn,Zn","(Cu,Mg,Mn,Zn)O",34.1211139945684,0.9044715447154471,1,0.7902693089430894,0.9491869918699187,1.516222000426906,0.9568768694770962,0.9634979525897821,1,true high-EFA + high descriptor compatibility score,48,23,26,53
CHAOS_0299,300,310,"Ca,Co,Ni,Zn","(Ca,Co,Ni,Zn)O",32.4518771188879,0.8882113821138211,1,0.7061737804878049,0.9227642276422764,1.534333983518351,0.954602859580402,0.8759365304632365,0,true high-EFA only,49,59,39,100
CHAOS_0421,422,432,"Co,Fe,Mg,Mn","(Co,Fe,Mg,Mn)O",24.1786352955944,0.8109756097560976,1,0.8846544715447155,0.9878048780487805,1.702341760571131,0.9533272992826993,0.904349422633556,1,true high-EFA + high descriptor compatibility score,50,48,7,17
CHAOS_0417,418,428,"Cu,Fe,Ni,Zn","(Cu,Fe,Ni,Zn)O",50.7753369346285,0.9695121951219512,1,0.9186991869918699,0.8902439024390244,1.471218329097371,0.9522396836750331,0.8887494919654376,1,true high-EFA + high descriptor compatibility score,51,55,55,7
CHAOS_0413,414,424,"Ca,Cd,Co,Zn","(Ca,Cd,Co,Zn)O",31.0677588851614,0.8719512195121951,1,0.6647611788617886,0.8536585365853658,1.42956182215854,0.9518163768080533,0.8810766063636022,0,true high-EFA only,52,57,73,137
CHAOS_0436,437,447,"Cd,Cu,Ni,Zn","(Cd,Cu,Ni,Zn)O",23.0020412675845,0.7865853658536586,1,0.7248475609756098,0.8841463414634146,1.467015501403527,0.9492911104125443,0.8561049084494052,0,true high-EFA only,53,68,58,84
CHAOS_0001,2,2,"Ca,Cd,Co,Fe","(Ca,Cd,Co,Fe)O",21.4224203562065,0.774390243902439,1,0.7120172764227642,0.8719512195121951,1.435846629630783,0.9483745688864996,0.9272611133132029,0,true high-EFA only,54,35,64,97
CHAOS_0297,298,308,"Cd,Mg,Mn,Zn","(Cd,Mg,Mn,Zn)O",51.3877915860484,0.9715447154471545,1,0.8592479674796748,0.8292682926829268,1.304035138307297,0.9443754631427201,0.7681019519508133,1,true high-EFA + high descriptor compatibility score,55,93,85,24
CHAOS_0286,287,297,"Ca,Mn,Ni,Zn","(Ca,Mn,Ni,Zn)O",19.9701543641049,0.7378048780487805,0,0.7096036585365854,0.8983739837398373,1.447610870202572,0.9436809014548524,0.8620681651930115,0,other,56,64,51,98
CHAOS_0458,459,469,"Cd,Fe,Mn,Zn","(Cd,Fe,Mn,Zn)O",39.217328722508,0.926829268292683,1,0.896214430894309,0.8516260162601627,1.392835207431475,0.9390050849062964,0.8411233130602526,1,true high-EFA + high descriptor compatibility score,57,71,74,13
CHAOS_0493,494,504,"Cu,Mn,Ni,Zn","(Cu,Mn,Ni,Zn)O",45.024605757581,0.9491869918699187,1,0.8423526422764227,0.9451219512195121,1.551066388902415,0.9385643787931136,0.8706099170908653,1,true high-EFA + high descriptor compatibility score,58,62,28,31
CHAOS_0343,344,354,"Ca,Cd,Co,Sn","(Ca,Cd,Co,Sn)O",29.6366133035057,0.8577235772357723,1,0.4378810975609756,0.7845528455284553,1.316810210519426,0.9365444931975841,0.8961995292030798,0,true high-EFA only,59,52,107,289
CHAOS_0202,203,213,"Ca,Cd,Co,Mg","(Ca,Cd,Co,Mg)O",26.8958104268501,0.8495934959349594,1,0.6859756097560976,0.8048780487804879,1.421630798791303,0.9365336761316273,0.8319950267463594,0,true high-EFA only,60,76,97,116
CHAOS_0433,434,444,"Ca,Cd,Ni,Zn","(Ca,Cd,Ni,Zn)O",24.9429536445239,0.8252032520325203,1,0.6826727642276422,0.8821138211382114,1.4255185422729,0.9324434518093676,0.9102472043601285,0,true high-EFA only,61,44,59,119
CHAOS_0036,37,42,"Ca,Cd,Fe,Ni","(Ca,Cd,Fe,Ni)O",19.7631181268411,0.7317073170731707,0,0.6579014227642277,0.8800813008130082,1.426931927556816,0.9321374049049523,0.940798663826992,0,other,62,31,60,143
CHAOS_0247,248,258,"Ca,Cd,Co,Mn","(Ca,Cd,Co,Mn)O",35.2937887345208,0.9085365853658537,1,0.7479674796747968,0.8861788617886179,1.389542062890459,0.9320358525467435,0.8998157023799994,0,true high-EFA only,63,50,57,75
CHAOS_0390,391,401,"Ca,Co,Mg,Ni","(Ca,Co,Mg,Ni)O",32.247493740628,0.8821138211382114,1,0.6767022357723578,0.959349593495935,1.51042790688388,0.9291516361447199,0.8628528454159785,0,true high-EFA only,64,63,21,126
CHAOS_0339,340,350,"Fe,Mg,Ni,Sn","(Fe,Mg,Ni,Sn)O",14.9848799248531,0.5995934959349594,0,0.681910569105691,0.9044715447154471,1.394813072802737,0.9281910475031618,0.7484069118497894,0,other,65,101,48,122
CHAOS_0020,21,21,"Cd,Cu,Mg,Mn","(Cd,Cu,Mg,Mn)O",22.276790367606,0.782520325203252,1,0.510035569105691,0.8373983739837398,1.409536882931446,0.9275101951336491,0.9220279044871934,0,true high-EFA only,66,39,81,238
CHAOS_0115,116,126,"Ca,Cu,Mg,Zn","(Ca,Cu,Mg,Zn)O",67.728669214227,0.9898373983739838,1,0.6065802845528455,0.7621951219512195,1.337480282147221,0.926622543438473,0.676496637518989,0,true high-EFA only,67,118,118,165
CHAOS_0219,220,230,"Ca,Cd,Mn,Ni","(Ca,Cd,Mn,Ni)O",32.9059413462884,0.8922764227642277,1,0.6985518292682926,0.9105691056910569,1.41215501858301,0.9248631953688793,0.8841634939890465,0,true high-EFA only,68,56,45,106
CHAOS_0086,87,97,"Ca,Cd,Mn,Sn","(Ca,Cd,Mn,Sn)O",13.7362889986195,0.5284552845528455,0,0.4601117886178862,0.6402439024390244,1.157190611301618,0.9232745592997278,0.7059943823372512,0,other,69,109,178,269
CHAOS_0372,373,383,"Ca,Co,Fe,Ni","(Ca,Co,Fe,Ni)O",27.3747663703131,0.8516260162601627,1,0.6934705284552846,0.9654471544715447,1.474545905218813,0.9204975090281415,0.894828556431907,0,true high-EFA only,70,54,18,108
CHAOS_0310,311,321,"Co,Mg,V,Zn","(Co,Mg,V,Zn)O",46.8978963180219,0.9532520325203252,1,0.7498729674796747,0.790650406504065,1.322825386678942,0.9202326147212624,0.5928910714592206,0,true high-EFA only,71,145,104,72
CHAOS_0100,101,111,"Cd,Fe,Mg,Ni","(Cd,Fe,Mg,Ni)O",24.7841382978259,0.8191056910569106,1,0.6302083333333334,0.9146341463414634,1.466377147691141,0.919818818269811,0.9550836832677438,0,true high-EFA only,72,29,43,155
CHAOS_0047,48,57,"Ca,Cd,Sn,Zn","(Ca,Cd,Sn,Zn)O",25.5711565601915,0.8292682926829268,1,0.4108231707317073,0.717479674796748,1.2547336789442,0.9182684385687858,0.761792335243769,0,true high-EFA only,73,96,140,310
CHAOS_0457,458,468,"Ca,Cd,Ni,Sr","(Ca,Cd,Ni,Sr)O",25.8271295866894,0.8313008130081301,1,0.5424288617886178,0.9207317073170732,1.44682087060882,0.9144223680180033,0.9009534280834958,0,true high-EFA only,74,49,40,208
CHAOS_0416,417,427,"Ca,Co,Mg,Zn","(Ca,Co,Mg,Zn)O",40.0169209945364,0.9349593495934959,1,0.6646341463414633,0.7926829268292683,1.320915338797124,0.9134633230649107,0.6674613960503806,0,true high-EFA only,75,126,103,138
CHAOS_0019,20,20,"Ca,Co,Fe,Zn","(Ca,Co,Fe,Zn)O",24.0459182759469,0.806910569105691,1,0.6850863821138211,0.8597560975609756,1.444322923079202,0.9117067379138213,0.8277204962988063,0,true high-EFA only,76,77,70,117
CHAOS_0415,416,426,"Ca,Cd,Mn,Zn","(Ca,Cd,Mn,Zn)O",54.9993873729676,0.9796747967479674,1,0.733739837398374,0.7804878048780488,1.30554958529771,0.9115762189155052,0.6672520693080671,0,true high-EFA only,77,127,109,82
CHAOS_0156,157,167,"Cd,Cu,Fe,Mg","(Cd,Cu,Fe,Mg)O",21.0620423024446,0.7642276422764228,1,0.6890243902439024,0.8089430894308943,1.343252507815219,0.9094699387543771,0.9077455432160997,0,true high-EFA only,78,47,95,113
CHAOS_0420,421,431,"Ca,Fe,Ni,Zn","(Ca,Fe,Ni,Zn)O",29.7891441586005,0.8617886178861789,1,0.6617123983739837,0.8699186991869918,1.451745840523841,0.9073666173281001,0.826236178236286,0,true high-EFA only,79,79,65,142
CHAOS_0455,456,466,"Ca,Cd,Fe,Zn","(Ca,Cd,Fe,Zn)O",18.6335334194832,0.7012195121951219,0,0.6688262195121951,0.8028455284552846,1.321130615983769,0.9061106395542251,0.8715106890434369,0,other,80,61,98,133
CHAOS_0361,362,372,"Ca,Mg,Ni,Zn","(Ca,Mg,Ni,Zn)O",36.3013160189383,0.9166666666666666,1,0.6626016260162602,0.8434959349593496,1.421697198462977,0.9056267817285897,0.6908189432812134,0,true high-EFA only,81,112,78,141
CHAOS_0113,114,124,"Cd,Mg,Ni,Sn","(Cd,Mg,Ni,Sn)O",29.7373849091915,0.8597560975609756,1,0.5882876016260163,0.7378048780487805,1.256523685224199,0.8998807608950294,0.6491360862870269,0,true high-EFA only,82,133,130,177
CHAOS_0068,69,79,"Ca,Cd,Mg,Zn","(Ca,Cd,Mg,Zn)O",33.9371886288623,0.9024390243902439,1,0.6810213414634146,0.6910569105691057,1.233355919068821,0.8969346253754014,0.5349483388210273,0,true high-EFA only,83,161,153,123
CHAOS_0434,435,445,"Cu,Fe,Mg,Mn","(Cu,Fe,Mg,Mn)O",60.0318394269398,0.9817073170731707,1,0.7620680894308943,0.9186991869918699,1.484868624039207,0.8935834633607479,0.9403607408543683,1,true high-EFA + high descriptor compatibility score,84,32,41,65
CHAOS_0265,266,276,"Ca,Co,Mn,Zn","(Ca,Co,Mn,Zn)O",63.615710445901,0.9857723577235772,1,0.7137957317073171,0.8495934959349594,1.421827831659761,0.8816662965518612,0.7273108547780491,0,true high-EFA only,85,104,75,96
CHAOS_0228,229,239,"Ca,Cd,Fe,Mg","(Ca,Cd,Fe,Mg)O",17.8211912550609,0.676829268292683,0,0.6908028455284553,0.7073170731707317,1.219588122966452,0.8809034441463536,0.7107941459405013,0,other,86,108,145,110
CHAOS_0360,361,371,"Ca,Cd,Co,Sr","(Ca,Cd,Co,Sr)O",31.2900019809715,0.8760162601626016,1,0.5452235772357724,0.8739837398373984,1.428895948915034,0.8808277345469973,0.8613416937872497,0,true high-EFA only,87,65,63,205
CHAOS_0255,256,266,"Ca,Cd,Mg,Sn","(Ca,Cd,Mg,Sn)O",34.5315391037275,0.9065040650406504,1,0.3315548780487805,0.5934959349593496,1.159744909861823,0.8789700694227792,0.6741837485912138,0,true high-EFA only,88,120,201,377
CHAOS_0002,3,3,"Ca,Fe,Mn,Zn","(Ca,Fe,Mn,Zn)O",16.0526356228036,0.6321138211382114,0,0.7684197154471546,0.7967479674796748,1.312930506227229,0.8769118078661252,0.5466161956734145,1,true high descriptor compatibility score only,89,157,101,61
CHAOS_0290,291,301,"Co,Cu,Mn,Zn","(Co,Cu,Mn,Zn)O",49.6965073282332,0.9634146341463414,1,0.794334349593496,0.8577235772357723,1.433752017719821,0.8763730977256455,0.8185376329446473,1,true high-EFA + high descriptor compatibility score,90,80,71,51
CHAOS_0163,164,174,"Ca,Cd,Nb,Sn","(Ca,Cd,Nb,Sn)O",4.53758873444999,0.07317073170731707,0,0.5816819105691057,0.4390243902439024,1.061723526317297,0.8756566476690214,0.7922124082967466,0,other,91,86,277,180
CHAOS_0409,410,420,"Ca,Cd,Fe,Mn","(Ca,Cd,Fe,Mn)O",19.7265031611705,0.7296747967479674,0,0.756224593495935,0.6849593495934959,1.208656038793374,0.8737336224383103,0.671351834551907,0,true high descriptor compatibility score only,92,124,156,68
CHAOS_0190,191,201,"Ca,Mg,Ni,Sn","(Ca,Mg,Ni,Sn)O",28.7022506999004,0.8556910569105691,1,0.3836382113821138,0.782520325203252,1.296408295358765,0.8703487907460229,0.6929038664799725,0,true high-EFA only,93,110,108,336
CHAOS_0101,102,112,"Ca,Fe,Mg,Ni","(Ca,Fe,Mg,Ni)O",24.8160614339105,0.8211382113821138,1,0.6556148373983739,0.8943089430894309,1.408861924616523,0.8696648789420359,0.8330265226199992,0,true high-EFA only,94,74,53,146
CHAOS_0277,278,288,"Ca,Co,Mn,Ni","(Ca,Co,Mn,Ni)O",21.0533928027677,0.7621951219512195,1,0.7360264227642277,0.9532520325203252,1.496178537028856,0.8585092864346042,0.8953020971302821,0,true high-EFA only,95,53,24,81
CHAOS_0268,269,279,"Ca,Co,Fe,Mn","(Ca,Co,Fe,Mn)O",37.9457729212262,0.9227642276422764,1,0.7538109756097561,0.8617886178861789,1.408657896626245,0.8565679649997371,0.7513481886403306,1,true high-EFA + high descriptor compatibility score,96,100,69,71
CHAOS_0009,10,10,"Co,Mg,Sn,Zn","(Co,Mg,Sn,Zn)O",22.1676739235626,0.7804878048780488,1,0.6538363821138211,0.7601626016260162,1.305090108399565,0.828645146749284,0.7609434890686022,0,true high-EFA only,97,97,119,147
CHAOS_0144,145,155,"Ca,Fe,Mg,Zn","(Ca,Fe,Mg,Zn)O",20.1610290299612,0.741869918699187,0,0.6694613821138211,0.766260162601626,1.251640271444274,0.8231591950085343,0.5109576210090105,0,other,98,169,116,130
CHAOS_0483,484,494,"Ca,Co,Fe,Mg","(Ca,Co,Fe,Mg)O",20.2308261306809,0.7479674796747967,0,0.6741615853658536,0.8170731707317073,1.413998990686983,0.8160343566250485,0.6746167938585809,0,other,99,119,91,128
CHAOS_0448,449,459,"Ca,Fe,Mn,Ni","(Ca,Fe,Mn,Ni)O",42.064019538898,0.9451219512195121,1,0.6922002032520326,0.8394308943089431,1.388131408370327,0.8154353982205297,0.8069051834605144,0,true high-EFA only,100,83,80,109
CHAOS_0225,226,236,"Ca,Cd,Mg,Mn","(Ca,Cd,Mg,Mn)O",23.854604661502,0.8008130081300813,1,0.7234502032520325,0.6544715447154471,1.209830847894801,0.8133817967531679,0.4723803254790017,0,true high-EFA only,101,177,171,85
CHAOS_0487,488,498,"Ca,Ni,Sn,Zn","(Ca,Ni,Sn,Zn)O",30.6092075692614,0.8658536585365854,1,0.3934197154471545,0.6991869918699187,1.314184400631222,0.7917792353221942,0.7623328805284547,0,true high-EFA only,102,95,149,326
CHAOS_0035,36,41,"Ca,Mg,Mn,Ni","(Ca,Mg,Mn,Ni)O",40.5155783296336,0.9390243902439024,1,0.6800050813008129,0.8760162601626016,1.37992268291461,0.7913549195240455,0.6783491923054235,0,true high-EFA only,103,117,62,125
CHAOS_0185,186,196,"Ca,Co,Mg,Mn","(Ca,Co,Mg,Mn)O",50.4384813031527,0.9654471544715447,1,0.697408536585366,0.8780487804878049,1.325157936155892,0.7877944013373901,0.6203446068734417,0,true high-EFA only,104,138,61,107
CHAOS_0369,370,380,"Co,Cu,Fe,Mn","(Co,Cu,Fe,Mn)O",26.4322738368835,0.8434959349593496,1,0.7911585365853658,0.7886178861788617,1.373334373057131,0.7809240087074395,0.8460206649733468,1,true high-EFA + high descriptor compatibility score,105,70,105,52
CHAOS_0367,368,378,"Cd,Cu,Mn,Ni","(Cd,Cu,Mn,Ni)O",16.9944958000822,0.6605691056910569,0,0.6990599593495934,0.9126016260162602,1.479514927829144,0.7807332404700862,0.9601070689485285,0,other,106,27,44,104
CHAOS_0124,125,135,"Ca,Co,Mg,Sn","(Ca,Co,Mg,Sn)O",29.806982960841,0.8638211382113821,1,0.3907520325203252,0.7012195121951219,1.201670628638735,0.7763340600262071,0.5239495603638255,0,true high-EFA only,107,166,148,329
CHAOS_0253,254,264,"Ca,Co,Ni,Sn","(Ca,Co,Ni,Sn)O",21.9138746134099,0.7784552845528455,1,0.3452743902439025,0.8211382113821138,1.345317825443808,0.7752550004383826,0.8568336264503168,0,true high-EFA only,108,67,89,363
CHAOS_0490,491,501,"Ca,Cd,Sr,Zn","(Ca,Cd,Sr,Zn)O",39.8743830550655,0.9329268292682927,1,0.5405233739837398,0.6951219512195121,1.252245138828303,0.771564006162717,0.4521723399640392,0,true high-EFA only,109,181,151,210
CHAOS_0439,440,450,"Cd,Fe,Mg,Mn","(Cd,Fe,Mg,Mn)O",38.5979238875481,0.9247967479674797,1,0.8509908536585367,0.7764227642276422,1.400788240696728,0.7690973194335501,0.4422806702900158,1,true high-EFA + high descriptor compatibility score,110,186,111,28
CHAOS_0064,65,75,"Co,Mg,Mn,V","(Co,Mg,Mn,V)O",53.1007895397239,0.9776422764227642,1,0.8128810975609756,0.8333333333333334,1.464248847523506,0.7423965570847003,0.524375022322731,1,true high-EFA + high descriptor compatibility score,111,164,83,42
CHAOS_0041,42,49,"Co,Mg,Ni,Sn","(Co,Mg,Ni,Sn)O",27.8469943186678,0.8536585365853658,1,0.6107723577235773,0.823170731707317,1.348909927758617,0.7422689891807298,0.5901143371357102,0,true high-EFA only,112,146,88,163
CHAOS_0441,442,452,"Co,Mn,Ni,V","(Co,Mn,Ni,V)O",13.4066597004222,0.5101626016260162,0,0.4864075203252033,0.8252032520325203,1.349411781715542,0.737797184157627,0.486016505918225,0,other,113,172,87,251
CHAOS_0139,140,150,"Mn,Ni,V,Zn","(Mn,Ni,V,Zn)O",14.863741080155,0.5873983739837398,0,0.7646087398373984,0.7987804878048781,1.347665974970531,0.7261194496938881,0.4006163251572152,1,true high descriptor compatibility score only,114,198,100,64
CHAOS_0388,389,399,"Mn,Ni,Sn,Zn","(Mn,Ni,Sn,Zn)O",14.7048047414827,0.5772357723577236,0,0.5619918699186992,0.7642276422764228,1.404588761041172,0.725301419226001,0.6715353335542377,0,other,115,123,117,196
CHAOS_0178,179,189,"Mg,Ni,Sn,Zn","(Mg,Ni,Sn,Zn)O",24.7742448896668,0.8170731707317073,1,0.708714430894309,0.9613821138211383,1.552030428011023,0.722166699400336,0.8153835820156385,0,true high-EFA only,116,81,20,99
CHAOS_0094,95,105,"Mg,Mn,V,Zn","(Mg,Mn,V,Zn)O",11.2816133794622,0.4207317073170732,0,0.7850609756097562,0.693089430894309,1.287785531008695,0.7185074459051126,0.3985770705931275,0,true high descriptor compatibility score only,117,199,152,54
CHAOS_0411,412,422,"Co,Fe,V,Zn","(Co,Fe,V,Zn)O",17.2535299367313,0.6666666666666666,0,0.8370172764227642,0.7357723577235772,1.320464282673572,0.716154413703065,0.2503174391629301,0,true high descriptor compatibility score only,118,255,131,33
CHAOS_0082,83,93,"Cd,Co,Fe,Zn","(Cd,Co,Fe,Zn)O",24.904839678142,0.823170731707317,1,0.7822662601626016,0.7865853658536586,1.306200688123412,0.7154319770249823,0.8791923384636352,1,true high-EFA + high descriptor compatibility score,119,58,106,56
CHAOS_0308,309,319,"Co,Mn,V,Zn","(Co,Mn,V,Zn)O",24.2487755449182,0.8130081300813008,1,0.6044207317073171,0.7784552845528455,1.314724924821521,0.7143808706871326,0.2081711993717981,0,true high-EFA only,120,273,110,167
CHAOS_0289,290,300,"Cd,Co,Cu,Fe","(Cd,Co,Cu,Fe)O",24.6679865493833,0.8150406504065041,1,0.7592733739837398,0.758130081300813,1.326077999347142,0.7036753752066113,0.9099651529365198,1,true high-EFA + high descriptor compatibility score,121,45,120,66
CHAOS_0234,235,245,"Mg,Mn,Ni,Sn","(Mg,Mn,Ni,Sn)O",12.9333387304991,0.4796747967479675,0,0.5529725609756098,0.8556910569105691,1.31333917341923,0.6943645230092652,0.8138140020066936,0,other,122,82,72,200
CHAOS_0371,372,382,"Cd,Co,Ni,Sr","(Cd,Co,Ni,Sr)O",12.5375530372239,0.4715447154471545,0,0.4677337398373984,0.8109756097560976,1.447253061347357,0.6784647007125055,0.7716437898494239,0,other,123,92,94,264
CHAOS_0281,282,292,"Ca,Cd,Fe,Sr","(Ca,Cd,Fe,Sr)O",14.624689599459,0.5691056910569106,0,0.539380081300813,0.6808943089430894,1.236459391188694,0.6773574245921054,0.6813515712183795,0,other,124,115,158,212
CHAOS_0476,477,487,"Ca,Cd,Mn,Ti","(Ca,Cd,Mn,Ti)O",9.60957890521608,0.3617886178861789,0,0.7149390243902438,0.5853658536585366,1.141340084718773,0.6765445198703895,0.4419336944379115,0,other,125,187,205,94
CHAOS_0145,146,156,"Ca,Cd,Fe,Sn","(Ca,Cd,Fe,Sn)O",21.3737237020948,0.7723577235772358,1,0.3150406504065041,0.516260162601626,1.095750510179176,0.6754387092671941,0.8029215350569965,0,true high-EFA only,126,84,239,386
CHAOS_0481,482,492,"Cd,Mn,Sn,Zn","(Cd,Mn,Sn,Zn)O",15.384165698799,0.6077235772357723,0,0.5364583333333333,0.6971544715447154,1.237654803316975,0.6725405983146405,0.5149636488667425,0,other,127,167,150,217
CHAOS_0251,252,262,"Ca,Mg,Mn,Zn","(Ca,Mg,Mn,Zn)O",13.2289324120438,0.4979674796747968,0,0.6876270325203253,0.6727642276422764,1.25835994468805,0.6722418792893062,0.2597548023618337,0,other,128,252,162,114
CHAOS_0061,62,72,"Cu,Mn,Sn,Zn","(Cu,Mn,Sn,Zn)O",14.7885252337946,0.5833333333333334,0,0.5384908536585366,0.7154471544715447,1.301527659522784,0.6699671766968304,0.6724384331869955,0,other,129,122,141,213
CHAOS_0007,8,8,"Ca,Ni,Sn,Sr","(Ca,Ni,Sn,Sr)O",18.436384156062,0.6971544715447154,0,0.1961382113821138,0.7703252032520326,1.226111727600733,0.6597605899433846,0.7254653598228631,0,other,130,105,114,447
CHAOS_0475,476,486,"Cd,Fe,Ni,Zn","(Cd,Fe,Ni,Zn)O",23.305754577719,0.7926829268292683,1,0.7035060975609757,0.8678861788617886,1.33622618625523,0.6549952357931362,0.9205434076100734,0,true high-EFA only,131,40,66,102
CHAOS_0245,246,256,"Cd,Mn,Nb,Sn","(Cd,Mn,Nb,Sn)O",3.67177949695235,0.01626016260162602,0,0.6891514227642277,0.3536585365853658,1.068357992518821,0.6492809879008157,0.04405733453349725,0,other,132,421,319,112
CHAOS_0408,409,419,"Ca,Mn,V,Zn","(Ca,Mn,V,Zn)O",12.7590485631787,0.475609756097561,0,0.7176067073170731,0.6300813008130082,1.238413375116006,0.6481081546057104,0.3104647725852208,0,other,133,233,183,90
CHAOS_0183,184,194,"Ca,Co,Sn,Sr","(Ca,Co,Sn,Sr)O",17.9081407118293,0.6788617886178862,0,0.255589430894309,0.6443089430894309,1.282102583763007,0.6475421136583356,0.6505365019543182,0,other,134,132,176,420
CHAOS_0079,80,90,"Co,Mn,Sn,Zn","(Co,Mn,Sn,Zn)O",20.6805252370705,0.7520325203252033,1,0.6645071138211383,0.75,1.30480413006089,0.6450373702459151,0.5491545229145312,0,true high-EFA only,135,156,124,139
CHAOS_0075,76,86,"Ca,Cd,V,Zn","(Ca,Cd,V,Zn)O",23.2086397792343,0.790650406504065,1,0.6802591463414633,0.6686991869918699,1.190541552530993,0.6444612867950283,0.5114096523991379,0,true high-EFA only,136,168,164,124
CHAOS_0303,304,314,"Ca,Cd,Mn,V","(Ca,Cd,Mn,V)O",16.9226664923629,0.6585365853658537,0,0.7566056910569106,0.6097560975609756,1.171930921276011,0.6297721507694782,0.4867423358491116,0,true high descriptor compatibility score only,137,171,193,67
CHAOS_0023,24,26,"Ca,Cd,Mn,Sr","(Ca,Cd,Mn,Sr)O",52.3302757334249,0.975609756097561,1,0.6269054878048781,0.6260162601626016,1.133589944656163,0.6205345970829805,0.2903645141033305,0,true high-EFA only,138,238,185,157
CHAOS_0025,26,28,"Cd,Cu,Fe,Zn","(Cd,Cu,Fe,Zn)O",35.2967124870506,0.9105691056910569,1,0.736915650406504,0.7317073170731707,1.283250650671107,0.6203790884327378,0.8752972615621051,0,true high-EFA only,139,60,133,79
CHAOS_0306,307,317,"Ca,Mg,V,Zn","(Ca,Mg,V,Zn)O",49.1818213250651,0.9613821138211383,1,0.6403709349593496,0.5711382113821138,1.143503840466703,0.6197095646632576,0.1438418032571107,0,true high-EFA only,140,315,212,152
CHAOS_0088,89,99,"Cd,Mn,Ni,Sn","(Cd,Mn,Ni,Sn)O",14.9244670776022,0.5894308943089431,0,0.5348069105691057,0.7398373983739838,1.317242952142006,0.6126897184192494,0.5940667755485975,0,other,141,144,129,218
CHAOS_0093,94,104,"Ca,Cd,Mg,V","(Ca,Cd,Mg,V)O",18.9426500854264,0.7052845528455285,0,0.6995680894308943,0.5020325203252033,1.103471717720339,0.6109612584736346,0.3959237437508528,0,other,142,200,246,103
CHAOS_0040,41,47,"Co,Mg,Mn,Sn","(Co,Mg,Mn,Sn)O",14.6850363450378,0.5752032520325203,0,0.5854928861788617,0.8150406504065041,1.295019441434326,0.6072044345034783,0.6804042548626449,0,other,143,116,92,178
CHAOS_0103,104,114,"Ca,Mg,Sn,Zn","(Ca,Mg,Sn,Zn)O",21.3068690572487,0.7703252032520326,1,0.2342479674796748,0.5528455284552846,1.137616015195891,0.6054594022333871,0.4786248999772601,0,true high-EFA only,144,174,221,427
CHAOS_0298,299,309,"Fe,Mn,Ni,V","(Fe,Mn,Ni,V)O",13.2599714428261,0.5020325203252033,0,0.5365853658536586,0.7682926829268293,1.29905632660578,0.6050520213126711,0.5704603418272876,0,other,145,149,115,216
CHAOS_0366,367,377,"Cd,Ni,Sr,Zn","(Cd,Ni,Sr,Zn)O",14.4299320434925,0.5609756097560976,0,0.4893292682926829,0.7947154471544715,1.325293951759674,0.6037678233525752,0.6535923691917445,0,other,146,130,102,248
CHAOS_0028,29,32,"Cd,Co,Sr,Zn","(Cd,Co,Sr,Zn)O",16.3543341801285,0.6463414634146342,0,0.4256859756097561,0.7723577235772358,1.306145121804973,0.6020609997266795,0.5729065097888707,0,other,147,148,113,300
CHAOS_0442,443,453,"Ca,Co,Sn,Zn","(Ca,Co,Sn,Zn)O",26.86896037642,0.8475609756097561,1,0.336255081300813,0.733739837398374,1.247614015912945,0.5992614281146318,0.5962383052345485,0,true high-EFA only,148,143,132,370
CHAOS_0402,403,413,"Ca,Mn,Ni,Sn","(Ca,Mn,Ni,Sn)O",14.8201447472231,0.5853658536585366,0,0.3390497967479675,0.6747967479674797,1.247988566777883,0.5963233341673381,0.6586864159260679,0,other,149,129,161,365
CHAOS_0346,347,357,"Co,Mn,Ni,Sn","(Co,Mn,Ni,Sn)O",12.1586456437181,0.4573170731707317,0,0.6404979674796748,0.7113821138211383,1.353566205764563,0.5724814666947592,0.3109340341540918,0,other,150,232,143,151
CHAOS_0050,51,61,"Cd,Ni,Sn,Zn","(Cd,Ni,Sn,Zn)O",18.1493987935127,0.6849593495934959,0,0.5768546747967479,0.676829268292683,1.257188080727198,0.5616161140253595,0.4118316116534808,0,other,151,196,160,184
CHAOS_0336,337,347,"Cu,Mg,Mn,V","(Cu,Mg,Mn,V)O",19.1851740169217,0.7134146341463414,0,0.615599593495935,0.7215447154471545,1.189527962459193,0.5538915121799239,0.7410102559453674,0,other,152,102,138,161
CHAOS_0374,375,385,"Cd,Co,Mg,Sn","(Cd,Co,Mg,Sn)O",19.639982644385,0.725609756097561,0,0.3509908536585366,0.6565040650406504,1.142147850883997,0.5516150130325603,0.3934758507689702,0,other,153,201,170,356
CHAOS_0073,74,84,"Cd,Mn,V,Zn","(Cd,Mn,V,Zn)O",11.7010601470211,0.4349593495934959,0,0.8328252032520325,0.5467479674796748,1.148517186997926,0.532868608106779,0.4143147525079016,0,true high descriptor compatibility score only,154,195,224,35
CHAOS_0407,408,418,"Ca,Co,Mn,Sn","(Ca,Co,Mn,Sn)O",32.627260158725,0.8902439024390244,1,0.3382876016260162,0.6422764227642277,1.178522756009995,0.5173464166241215,0.5377884548563873,0,true high-EFA only,155,159,177,366
CHAOS_0112,113,123,"Ca,Cd,Nb,Ti","(Ca,Cd,Nb,Ti)O",5.49554187201998,0.1544715447154472,0,0.7752794715447154,0.5040650406504065,1.05882934803525,0.5099161622266922,0.5532370265348818,0,true high descriptor compatibility score only,156,155,245,59
CHAOS_0099,100,110,"Sn,Ti,V,Zn","(Sn,Ti,V,Zn)O",4.25699143316646,0.05487804878048781,0,0.6018800813008129,0.475609756097561,1.074845572360724,0.5016550814639458,0.1548448523076069,0,other,157,307,259,168
CHAOS_0317,318,328,"Cd,Mn,Sn,Ti","(Cd,Mn,Sn,Ti)O",4.96800098539994,0.1117886178861789,0,0.5415396341463414,0.4004065040650406,1.030777043724173,0.4939635185638307,0.1471342148203097,0,other,158,311,296,209
CHAOS_0445,446,456,"Ca,Cd,Sn,Ti","(Ca,Cd,Sn,Ti)O",5.85323031314137,0.1808943089430894,0,0.359375,0.4634146341463415,1.019613334903335,0.4900957975446551,0.7772063725719919,0,other,159,91,265,352
CHAOS_0168,169,179,"Cd,Mg,Sn,Zn","(Cd,Mg,Sn,Zn)O",20.3693653774475,0.75,1,0.4336890243902439,0.5691056910569106,1.155287176500186,0.4883454268578781,0.444677202502722,0,true high-EFA only,160,185,213,293
CHAOS_0043,44,51,"Cd,Mg,Nb,Sn","(Cd,Mg,Nb,Sn)O",3.98899885558659,0.03048780487804878,0,0.5293445121951219,0.2642276422764228,0.9008961149671111,0.4780135781322101,0.1037124238868466,0,other,161,349,363,220
CHAOS_0478,479,489,"Co,Cu,Mn,V","(Co,Cu,Mn,V)O",15.9452351747541,0.6300813008130082,0,0.5707571138211383,0.7052845528455285,1.319371348494387,0.4682203380999171,0.5311589032735284,0,other,162,163,146,192
CHAOS_0446,447,457,"Ca,Fe,Mg,Mn","(Ca,Fe,Mg,Mn)O",37.2986060848525,0.9186991869918699,1,0.7480945121951219,0.6707317073170732,1.189318719774762,0.4577377566807129,0.141493987362044,0,true high-EFA only,163,317,163,74
CHAOS_0484,485,495,"Cd,Nb,Sn,Sr","(Cd,Nb,Sn,Sr)O",4.77444448053114,0.09146341463414634,0,0.295604674796748,0.4715447154471545,1.104075242271934,0.4537671668944098,0.3314949326115878,0,other,164,223,261,397
CHAOS_0191,192,202,"Cd,Cu,V,Zn","(Cd,Cu,V,Zn)O",14.7734483765617,0.5792682926829268,0,0.6434197154471545,0.5223577235772358,1.142172739177848,0.4530724494161885,0.6350667604770152,0,other,165,135,236,150
CHAOS_0133,134,144,"Cd,Nb,Sr,Ti","(Cd,Nb,Sr,Ti)O",4.64237969386884,0.08333333333333333,0,0.7475863821138211,0.4898373983739837,1.090011022726074,0.4504382649987688,0.1774576869190142,0,other,166,289,252,76
CHAOS_0135,136,146,"Cd,Co,Ni,Sn","(Cd,Co,Ni,Sn)O",14.2571267219436,0.5467479674796748,0,0.6014989837398373,0.5670731707317073,1.207712689408239,0.4480459666212387,0.1660716025038851,0,other,167,297,214,169
CHAOS_0085,86,96,"Ca,Cd,Mg,Sr","(Ca,Cd,Mg,Sr)O",37.6659199153725,0.9207317073170732,1,0.5505589430894309,0.6117886178861789,1.178697287558546,0.4444529721804006,0.1005925506475867,0,true high-EFA only,168,352,192,201
CHAOS_0111,112,122,"Ca,Co,Ni,Sr","(Ca,Co,Ni,Sr)O",11.6280689287347,0.4288617886178862,0,0.3321900406504065,0.9369918699186992,1.553047287916544,0.4433568550404725,0.7793626310147236,0,other,169,90,32,372
CHAOS_0165,166,176,"Cu,Mg,V,Zn","(Cu,Mg,V,Zn)O",26.112170970969,0.8414634146341463,1,0.6089939024390244,0.5955284552845529,1.17993980547135,0.4395942167813712,0.6530111227711481,0,true high-EFA only,170,131,200,164
CHAOS_0039,40,46,"Ca,Cu,Mg,Mn","(Ca,Cu,Mg,Mn)O",21.1553146466854,0.766260162601626,1,0.5920985772357723,0.709349593495935,1.212798727306267,0.4338971879475989,0.5570196744002167,0,true high-EFA only,171,153,144,171
CHAOS_0451,452,462,"Ca,Mg,Sn,Sr","(Ca,Mg,Sn,Sr)O",19.7062460344563,0.7276422764227642,0,0.1538363821138211,0.3394308943089431,1.023067219657198,0.429283434022976,0.2146913079746071,0,other,172,268,326,466
CHAOS_0013,14,14,"Ca,Mn,Sn,Zn","(Ca,Mn,Sn,Zn)O",23.9358841181954,0.8028455284552846,1,0.3363821138211383,0.5894308943089431,1.161315236483149,0.424429956532429,0.3230399476738733,0,true high-EFA only,173,226,203,369
CHAOS_0288,289,299,"Cd,Mn,Sn,Sr","(Cd,Mn,Sn,Sr)O",13.4638708735009,0.5142276422764228,0,0.2009654471544715,0.483739837398374,1.052253992883335,0.4228391610090835,0.180764570706296,0,other,174,286,255,444
CHAOS_0132,133,143,"Ca,Fe,Ni,Sr","(Ca,Fe,Ni,Sr)O",11.1386023369252,0.4085365853658536,0,0.4404217479674797,0.7520325203252033,1.347936179595152,0.420994108802128,0.6891266798711951,0,other,175,114,123,286
CHAOS_0042,43,50,"Cd,Co,Mg,Sr","(Cd,Co,Mg,Sr)O",18.1901200524782,0.6910569105691057,0,0.4885670731707317,0.7540650406504065,1.262659186214777,0.4139563820869754,0.3555532598661937,0,other,176,213,122,249
CHAOS_0066,67,77,"Cd,Mg,Sn,Sr","(Cd,Mg,Sn,Sr)O",22.4005890777446,0.7845528455284553,1,0.2284044715447154,0.4857723577235772,1.077851441044208,0.4080616609710681,0.1244961660341382,0,true high-EFA only,177,330,254,429
CHAOS_0375,376,386,"Mg,Mn,Sn,Zn","(Mg,Mn,Sn,Zn)O",14.9826409512227,0.5975609756097561,0,0.4232723577235772,0.6585365853658537,1.258520424636005,0.4042962189619637,0.7331602789972367,0,other,178,103,169,303
CHAOS_0160,161,171,"Cd,Mg,V,Zn","(Cd,Mg,V,Zn)O",13.8321387263302,0.5365853658536586,0,0.8044969512195121,0.3658536585365854,1.07090183002108,0.4019074364239554,0.2834380379764272,0,true high descriptor compatibility score only,179,242,313,48
CHAOS_0261,262,272,"Cd,Mn,Ti,Zn","(Cd,Mn,Ti,Zn)O",7.86280537456078,0.2886178861788618,0,0.7801067073170731,0.5264227642276422,1.167417187601755,0.3990088700434111,0.4149022431803563,0,true high descriptor compatibility score only,180,194,234,57
CHAOS_0467,468,478,"Ca,Fe,Ti,Zn","(Ca,Fe,Ti,Zn)O",17.2753470352908,0.6686991869918699,0,0.4646849593495935,0.6504065040650406,1.167429252777698,0.3974371179508215,0.531624526790567,0,other,181,162,173,265
CHAOS_0465,466,476,"Ca,Mn,Sn,Sr","(Ca,Mn,Sn,Sr)O",7.71089646948295,0.2804878048780488,0,0.2045223577235772,0.3699186991869919,1.060480274441883,0.3932582817350456,0.1487180707420047,0,other,182,309,311,441
CHAOS_0206,207,217,"Ca,Nb,Sn,Sr","(Ca,Nb,Sn,Sr)O",5.67141078557878,0.1686991869918699,0,0.3292682926829268,0.3434959349593496,1.007782129996297,0.3919675238640776,0.333220000989484,0,other,183,222,324,379
CHAOS_0209,210,220,"Ca,Cu,Mg,V","(Ca,Cu,Mg,V)O",14.6598270028208,0.573170731707317,0,0.3897357723577236,0.5914634146341463,1.189289970342578,0.3757930098138823,0.5053693693815344,0,other,184,170,202,331
CHAOS_0149,150,160,"Ca,Co,Mg,Sr","(Ca,Co,Mg,Sr)O",18.9439998722434,0.7073170731707317,0,0.4402947154471545,0.725609756097561,1.395333831819339,0.3644267851368634,0.3180441231920402,0,other,185,230,136,287
CHAOS_0011,12,12,"Ca,Nb,Ti,V","(Ca,Nb,Ti,V)O",13.1204470670891,0.4878048780487805,0,0.7146849593495934,0.5121951219512195,1.069267284543447,0.3562985404807165,0.5615627530582988,0,other,186,150,241,95
CHAOS_0376,377,387,"Ca,Ni,Sr,Zn","(Ca,Ni,Sr,Zn)O",13.659242271652,0.5223577235772358,0,0.3927845528455285,0.8638211382113821,1.325683106242212,0.3543926800813125,0.4292802019389442,0,other,187,190,68,327
CHAOS_0275,276,286,"Cd,Mg,Ni,Sr","(Cd,Mg,Ni,Sr)O",16.0569099271347,0.6341463414634146,0,0.4921239837398373,0.6666666666666666,1.297422825573133,0.3476515307683422,0.3624629767348095,0,other,188,211,165,247
CHAOS_0472,473,483,"Cd,Sn,Ti,Zn","(Cd,Sn,Ti,Zn)O",4.77695119594603,0.09349593495934959,0,0.7155741869918699,0.4451219512195122,1.067087280113857,0.3465571785545764,0.3455956413218839,0,other,189,215,274,93
CHAOS_0379,380,390,"Mn,Sn,Ti,Zn","(Mn,Sn,Ti,Zn)O",5.63373106008421,0.1666666666666667,0,0.5097815040650406,0.508130081300813,1.079869509376345,0.3346186160173934,0.2215002966087073,0,other,190,264,243,239
CHAOS_0430,431,441,"Ca,Fe,Ni,Sn","(Ca,Fe,Ni,Sn)O",17.9098824279548,0.6808943089430894,0,0.2609247967479675,0.6463414634146342,1.154724705449265,0.3328320827747088,0.7230620010007853,0,other,191,106,175,417
CHAOS_0211,212,222,"Ca,Sn,Sr,Zn","(Ca,Sn,Sr,Zn)O",17.7428544714973,0.6747967479674797,0,0.171239837398374,0.4979674796747968,1.156637399893274,0.3274473712526934,0.3225334466602533,0,other,192,227,248,459
CHAOS_0051,52,62,"Ca,Mg,Mn,Sn","(Ca,Mg,Mn,Sn)O",14.3495622524346,0.5548780487804879,0,0.1831808943089431,0.3780487804878049,1.014898657371079,0.3260424541246429,0.297069685470963,0,other,193,236,307,455
CHAOS_0263,264,274,"Cd,Co,Mn,Sr","(Cd,Co,Mn,Sr)O",16.372339373086,0.6504065040650406,0,0.5050813008130081,0.7479674796747967,1.27128940772895,0.3189843014474782,0.341061787011343,0,other,194,218,125,242
CHAOS_0193,194,204,"Cd,Co,Fe,Sn","(Cd,Co,Fe,Sn)O",15.2642254513052,0.6036585365853658,0,0.5480182926829268,0.6138211382113821,1.152399720976936,0.3137269599302949,0.1248873615059975,0,other,195,328,191,203
CHAOS_0272,273,283,"Fe,Mn,Ni,Sn","(Fe,Mn,Ni,Sn)O",14.2998347878228,0.5487804878048781,0,0.5616107723577236,0.6341463414634146,1.157207670807532,0.3001600202113975,0.2021963141883679,0,other,196,276,181,198
CHAOS_0098,99,109,"Cd,Fe,Mg,Sr","(Cd,Fe,Mg,Sr)O",16.1384475572847,0.6361788617886179,0,0.4989837398373983,0.5752032520325203,1.138143025215694,0.2973164994811279,0.1722587493960339,0,other,197,293,210,244
CHAOS_0181,182,192,"Ca,Mg,Mn,V","(Ca,Mg,Mn,V)O",12.9510356538849,0.4817073170731707,0,0.7365345528455285,0.5345528455284553,1.147195047764371,0.2940192363687806,0.1094263195300999,0,other,198,345,230,80
CHAOS_0187,188,198,"Ca,Cd,Sr,V","(Ca,Cd,Sr,V)O",16.2397293089352,0.6422764227642277,0,0.3730945121951219,0.5426829268292683,1.107757053203498,0.2850374367163712,0.3608669421334125,0,other,199,212,226,341
CHAOS_0048,49,59,"Cd,Co,Sn,Zn","(Cd,Co,Sn,Zn)O",19.5739182412044,0.7215447154471545,0,0.5802845528455285,0.5365853658536586,1.116064420802886,0.2840486374357585,0.2775007128473307,0,other,200,246,229,182
CHAOS_0154,155,165,"Ca,Mn,Ni,Sr","(Ca,Mn,Ni,Sr)O",11.678897073468,0.4329268292682927,0,0.4803099593495935,0.7032520325203252,1.296257319262587,0.2790395191518769,0.4552317820541041,0,other,201,179,147,256
CHAOS_0147,148,158,"Cd,Fe,Ni,Sr","(Cd,Fe,Ni,Sr)O",11.9195146025589,0.4410569105691057,0,0.5189278455284553,0.7195121951219512,1.269677093619358,0.2765784715311751,0.630370769433882,0,other,202,136,139,229
CHAOS_0049,50,60,"Cu,Mn,V,Zn","(Cu,Mn,V,Zn)O",20.2070559498424,0.7459349593495935,0,0.632494918699187,0.6361788617886179,1.197779983853304,0.2745349411846635,0.3236512898825136,0,other,203,225,180,154
CHAOS_0304,305,315,"Fe,Mg,Ti,Zn","(Fe,Mg,Ti,Zn)O",18.1174155588494,0.6829268292682927,0,0.5767276422764227,0.5833333333333334,1.13542891850597,0.2730233650658513,0.4353942190619118,0,other,204,189,206,185
CHAOS_0159,160,170,"Cd,Fe,Ni,Sn","(Cd,Fe,Ni,Sn)O",14.7838352921842,0.5813008130081301,0,0.5260416666666667,0.5873983739837398,1.147621509083899,0.2719998043661889,0.2063656702629415,0,other,205,274,204,223
CHAOS_0008,9,9,"Cu,Fe,Mn,V","(Cu,Fe,Mn,V)O",9.1145797912973,0.3434959349593496,0,0.5899390243902438,0.5508130081300813,1.161189130732683,0.2709970261434612,0.4506805684131124,0,other,206,182,222,174
CHAOS_0280,281,291,"Cd,Co,Mn,Sn","(Cd,Co,Mn,Sn)O",13.5201751090055,0.5182926829268293,0,0.3766514227642276,0.6483739837398373,1.126194226182788,0.2681187923798835,0.4245311693928662,0,other,207,192,174,340
CHAOS_0014,15,15,"Ca,Fe,Mg,Sn","(Ca,Fe,Mg,Sn)O",20.7354349223353,0.7540650406504065,1,0.2098577235772358,0.3983739837398374,1.018932734109916,0.2655420506769365,0.5241431064910334,0,true high-EFA only,208,165,297,439
CHAOS_0447,448,458,"Cd,Fe,Sn,Sr","(Cd,Fe,Sn,Sr)O",19.8928162078349,0.733739837398374,0,0.3025914634146342,0.4410569105691057,1.032668421264232,0.2653611858682267,0.2717294806291989,0,other,209,247,276,394
CHAOS_0400,401,411,"Cd,Mg,Nb,Ti","(Cd,Mg,Nb,Ti)O",5.14989182391225,0.1239837398373984,0,0.7676575203252032,0.2215447154471545,0.9713706777248942,0.2637924927328205,0.06159190391185775,0,true high descriptor compatibility score only,210,397,384,62
CHAOS_0200,201,211,"Co,Mn,Sr,Zn","(Co,Mn,Sr,Zn)O",16.3596840982046,0.6483739837398373,0,0.4697662601626016,0.7439024390243902,1.295551202596294,0.2630153339822031,0.1521352100472735,0,other,211,308,127,262
CHAOS_0087,88,98,"Cd,Sn,Sr,Zn","(Cd,Sn,Sr,Zn)O",19.0647202801171,0.7113821138211383,0,0.3335873983739838,0.6077235772357723,1.171084529151942,0.2597280081581796,0.1714189075732105,0,other,212,294,194,371
CHAOS_0373,374,384,"Cd,Mn,Sr,Zn","(Cd,Mn,Sr,Zn)O",23.339275282212,0.7947154471544715,1,0.5154979674796748,0.6158536585365854,1.153993572412792,0.2591303518735077,0.09548821975440033,0,true high-EFA only,213,357,190,233
CHAOS_0140,141,151,"Cd,Mg,Sr,Zn","(Cd,Mg,Sr,Zn)O",19.5194590918645,0.7195121951219512,0,0.462525406504065,0.532520325203252,1.097304947008314,0.2545991186920381,0.1017303951013839,0,other,214,350,231,268
CHAOS_0010,11,11,"Cd,Fe,Ti,Zn","(Cd,Fe,Ti,Zn)O",7.61182373058968,0.2723577235772358,0,0.7543191056910569,0.5386178861788617,1.140583472795032,0.250403463695022,0.6223972101153384,0,true high descriptor compatibility score only,215,137,228,70
CHAOS_0231,232,242,"Cd,Co,Sn,Sr","(Cd,Co,Sn,Sr)O",18.351370287768,0.693089430894309,0,0.2046493902439024,0.6016260162601627,1.13881689013878,0.24896008617193,0.4092458162912962,0,other,216,197,197,440
CHAOS_0222,223,233,"Cd,Fe,Sr,Zn","(Cd,Fe,Sr,Zn)O",15.9387382985496,0.6280487804878049,0,0.4556656504065041,0.5975609756097561,1.193425606919493,0.2405252269842458,0.2793387903396409,0,other,217,245,199,274
CHAOS_0229,230,240,"Ca,Cu,Mn,V","(Ca,Cu,Mn,V)O",11.8248986056728,0.4390243902439024,0,0.4583333333333333,0.5772357723577236,1.154631404491686,0.2402208783022735,0.5604623331433177,0,other,218,152,209,272
CHAOS_0300,301,311,"Cd,Ni,Sn,Sr","(Cd,Ni,Sn,Sr)O",20.9844637642468,0.758130081300813,1,0.248094512195122,0.6524390243902439,1.200373958054295,0.2401898748904706,0.3030254222195021,0,true high-EFA only,219,235,172,423
CHAOS_0216,217,227,"Cu,Sn,Ti,V","(Cu,Sn,Ti,V)O",4.42047388443248,0.06504065040650407,0,0.4347052845528455,0.3028455284552846,1.009098221929358,0.2396062976210244,0.2011309452983553,0,other,220,278,344,292
CHAOS_0344,345,355,"Cd,Mn,Ni,Sr","(Cd,Mn,Ni,Sr)O",15.4057286303826,0.6097560975609756,0,0.5374745934959351,0.7560975609756098,1.271948781535297,0.2346657453240865,0.3430833239588847,0,other,221,216,121,214
CHAOS_0239,240,250,"Ca,Nb,Sr,Ti","(Ca,Nb,Sr,Ti)O",8.4673685641388,0.3252032520325203,0,0.5124491869918699,0.5304878048780488,1.128174595063704,0.2337271629242298,0.3645876183720621,0,other,222,209,232,235
CHAOS_0213,214,224,"Mn,Ni,Sr,Zn","(Mn,Ni,Sr,Zn)O",13.7245104206884,0.5264227642276422,0,0.4101880081300813,0.6788617886178862,1.222733179842914,0.2254282366881523,0.2877520453654741,0,other,223,239,159,312
CHAOS_0027,28,31,"Cd,Co,Fe,Sr","(Cd,Co,Fe,Sr)O",13.3408202813817,0.5060975609756098,0,0.4815802845528455,0.7235772357723578,1.264284134150075,0.2252153639924852,0.4749881042044025,0,other,224,176,137,255
CHAOS_0017,18,18,"Ca,Cd,Mg,Nb","(Ca,Cd,Mg,Nb)O",7.40984925625944,0.2682926829268293,0,0.5804115853658537,0.3150406504065041,0.9693985446599287,0.2248666066800445,0.3731463331274213,0,other,225,207,338,181
CHAOS_0381,382,392,"Ca,Co,Sr,Zn","(Ca,Co,Sr,Zn)O",15.030744828203,0.6016260162601627,0,0.3462906504065041,0.806910569105691,1.295886219332813,0.2205282665506179,0.6039044603832749,0,other,226,140,96,361
CHAOS_0489,490,500,"Ca,Cd,Fe,Ti","(Ca,Cd,Fe,Ti)O",10.8675032255993,0.3963414634146342,0,0.4875508130081301,0.459349593495935,1.041788286458439,0.2186140179350581,0.6600249309237217,0,other,227,128,267,250
CHAOS_0104,105,115,"Ca,Fe,Mg,Ti","(Ca,Fe,Mg,Ti)O",9.59678853086578,0.3597560975609756,0,0.4735772357723577,0.5142276422764228,1.098966733554185,0.2181967621276858,0.2597799669137509,0,other,228,251,240,261
CHAOS_0018,19,19,"Ca,Mg,Ni,Sr","(Ca,Mg,Ni,Sr)O",17.1516905745611,0.6626016260162602,0,0.4585873983739838,0.8191056910569106,1.376505138969536,0.2129147972437822,0.3381593322741286,0,other,229,220,90,271
CHAOS_0076,77,87,"Mg,Mn,Nb,Sn","(Mg,Mn,Nb,Sn)O",3.98804583180247,0.02845528455284553,0,0.4453760162601626,0.2520325203252032,1.010721890070009,0.2095288764211004,0.03117675885540196,0,other,230,443,369,280
CHAOS_0217,218,228,"Ca,Mn,Sr,Zn","(Ca,Mn,Sr,Zn)O",18.4430612352423,0.6991869918699187,0,0.4167936991869919,0.573170731707317,1.165742266752127,0.2090344069504276,0.09708047279652908,0,other,231,355,211,307
CHAOS_0026,27,30,"Ca,Co,Mn,Sr","(Ca,Co,Mn,Sr)O",12.84705614156,0.4776422764227642,0,0.4179369918699187,0.7296747967479674,1.315352168446831,0.2061951227149064,0.3632189966088527,0,other,232,210,134,305
CHAOS_0334,335,345,"Co,Mn,Ni,Sr","(Co,Mn,Ni,Sr)O",11.1330968350767,0.4065040650406504,0,0.3166920731707317,0.774390243902439,1.303159186397828,0.2056380526931514,0.3833700245615375,0,other,233,203,112,384
CHAOS_0269,270,280,"Ca,Fe,Nb,Zn","(Ca,Fe,Nb,Zn)O",12.1293739068563,0.4532520325203252,0,0.4122205284552846,0.4491869918699187,1.098313652472604,0.2014505517737363,0.4557017503760734,0,other,234,178,272,308
CHAOS_0401,402,412,"Ca,Cd,Ti,V","(Ca,Cd,Ti,V)O",6.73813851581459,0.2398373983739837,0,0.5367123983739838,0.3211382113821138,1.047480025365286,0.2009554386628977,0.5393710411937118,0,other,235,158,335,215
CHAOS_0192,193,203,"Cd,Mg,Nb,Zn","(Cd,Mg,Nb,Zn)O",5.58042537057348,0.1585365853658537,0,0.7282774390243902,0.2845528455284553,0.9436140870213651,0.1954194511219833,0.09076777759376196,0,other,236,363,353,83
CHAOS_0107,108,118,"Cd,Sn,Ti,V","(Cd,Sn,Ti,V)O",3.812366903009,0.02235772357723577,0,0.6689532520325203,0.09349593495934959,0.7608486237953395,0.1927863236731399,0.6692843808756317,0,other,237,125,447,132
CHAOS_0243,244,254,"Ca,Sn,Sr,V","(Ca,Sn,Sr,V)O",14.5231082448926,0.5630081300813008,0,0.1138211382113821,0.3191056910569106,0.9710916666124068,0.1913252836872956,0.1660424209863796,0,other,238,298,336,479
CHAOS_0486,487,497,"Ca,Cd,Mn,Nb","(Ca,Cd,Mn,Nb)O",7.14976323817958,0.2642276422764228,0,0.7548272357723578,0.3516260162601626,0.9891232140918352,0.1847180412573282,0.4412799549584609,0,true high descriptor compatibility score only,239,188,320,69
CHAOS_0351,352,362,"Ca,Cd,Sn,V","(Ca,Cd,Sn,V)O",7.61255624321015,0.274390243902439,0,0.3077997967479675,0.258130081300813,1.006290333457242,0.1830393492269759,0.5362952638939756,0,other,240,160,366,391
CHAOS_0327,328,338,"Ca,Sr,Ti,V","(Ca,Sr,Ti,V)O",9.27087429025569,0.3475609756097561,0,0.5912093495934959,0.5447154471544715,1.113597077640026,0.1814330246319428,0.09426691159271121,0,other,241,358,225,173
CHAOS_0123,124,134,"Ni,Sn,Sr,Zn","(Ni,Sn,Sr,Zn)O",13.1972104805326,0.4939024390243902,0,0.1634908536585366,0.6280487804878049,1.154068176842093,0.180783732293746,0.3411618705161468,0,other,242,217,184,460
CHAOS_0325,326,336,"Mg,Ni,Sn,Sr","(Mg,Ni,Sn,Sr)O",14.5965155781918,0.5670731707317073,0,0.1267784552845528,0.5650406504065041,1.148341123546297,0.1787403776250547,0.2045908808685626,0,other,243,275,215,476
CHAOS_0474,475,485,"Mg,Mn,Ti,Zn","(Mg,Mn,Ti,Zn)O",15.6154300563275,0.6138211382113821,0,0.7045223577235773,0.524390243902439,1.065351356588898,0.1755378415437762,0.3138192777075372,0,other,244,231,235,101
CHAOS_0429,430,440,"Ca,Co,Fe,Sr","(Ca,Co,Fe,Sr)O",12.4770158827472,0.4654471544715447,0,0.3990091463414634,0.741869918699187,1.292836214501078,0.1751186993961456,0.610070045881188,0,other,245,139,128,321
CHAOS_0205,206,216,"Fe,Ni,Sn,Zn","(Fe,Ni,Sn,Zn)O",13.8867738794298,0.5386178861788617,0,0.561864837398374,0.6219512195121951,1.138143002530761,0.174924745368435,0.6010841673774608,0,other,246,142,187,197
CHAOS_0246,247,257,"Mg,Nb,Sn,Zn","(Mg,Nb,Sn,Zn)O",4.42946821285822,0.06707317073170732,0,0.2976371951219512,0.2967479674796748,1.002649304572694,0.1743348362935506,0.1054210222804867,0,other,247,348,347,396
CHAOS_0332,333,343,"Cd,Mg,Mn,V","(Cd,Mg,Mn,V)O",8.27607356160011,0.3170731707317073,0,0.8259654471544715,0.5182926829268293,1.108460377183024,0.1694082840085877,0.1312028876647286,0,true high descriptor compatibility score only,248,323,238,38
CHAOS_0212,213,223,"Cd,Mn,Sr,Ti","(Cd,Mn,Sr,Ti)O",7.25377378396042,0.266260162601626,0,0.5848577235772359,0.3678861788617886,0.9665839767930635,0.1681621328001067,0.09679628864308495,0,other,249,356,312,179
CHAOS_0302,303,313,"Fe,Mg,Sn,Ti","(Fe,Mg,Sn,Ti)O",4.66409507279193,0.08536585365853659,0,0.3318089430894309,0.4085365853658536,1.030878828741149,0.167030890462972,0.1117205629764223,0,other,250,343,292,374
CHAOS_0323,324,334,"Mn,Sn,Sr,Ti","(Mn,Sn,Sr,Ti)O",6.38568525920968,0.2113821138211382,0,0.3996443089430894,0.3373983739837398,0.921903067914339,0.165132858378582,0.02313580778448932,0,other,251,457,327,320
CHAOS_0170,171,181,"Cd,Fe,Sn,Ti","(Cd,Fe,Sn,Ti)O",5.75735961776858,0.1727642276422764,0,0.7211636178861788,0.3353658536585366,0.9486593542562313,0.1650926730736026,0.06787525810569502,0,other,252,392,328,87
CHAOS_0161,162,172,"Ca,Mg,Mn,Ti","(Ca,Mg,Mn,Ti)O",9.44100989734332,0.3536585365853658,0,0.6140752032520325,0.4613821138211382,1.046490046361856,0.1633798971884852,0.08619430911588527,0,other,253,370,266,162
CHAOS_0053,54,64,"Fe,Mn,Sn,Zn","(Fe,Mn,Sn,Zn)O",14.0321933515907,0.540650406504065,0,0.521214430894309,0.5630081300813008,1.188686595454955,0.1629706633282829,0.3469091218488833,0,other,254,214,216,227
CHAOS_0091,92,102,"Cd,Ti,V,Zn","(Cd,Ti,V,Zn)O",4.71215284605656,0.08739837398373984,0,0.7842987804878049,0.3638211382113821,0.9804781834502642,0.1600675999601652,0.1640526673022965,0,true high descriptor compatibility score only,255,300,314,55
CHAOS_0307,308,318,"Cd,Fe,Mn,Sr","(Cd,Fe,Mn,Sr)O",18.1772942709363,0.6869918699186992,0,0.5547510162601625,0.5813008130081301,1.100269529347782,0.159672435773102,0.1358074459478591,0,other,256,321,207,199
CHAOS_0437,438,448,"Cd,Sn,Sr,Ti","(Cd,Sn,Sr,Ti)O",6.30775146027039,0.2032520325203252,0,0.4500762195121951,0.3089430894308943,0.9877316362565004,0.1589681014155347,0.1369973084606225,0,other,257,320,341,277
CHAOS_0069,70,80,"Co,Mg,Sn,Sr","(Co,Mg,Sn,Sr)O",14.3864288701137,0.5589430894308943,0,0.1847052845528455,0.5101626016260162,1.137909014299147,0.1530695365782871,0.1574855313072955,0,other,258,306,242,453
CHAOS_0070,71,81,"Cd,Mg,Ti,V","(Cd,Mg,Ti,V)O",6.70702326018937,0.2317073170731707,0,0.801194105691057,0.08943089430894309,0.6647144196133243,0.1509811135805963,0.7122399793964515,0,true high descriptor compatibility score only,259,107,449,50
CHAOS_0215,216,226,"Co,Fe,Mg,Sn","(Co,Fe,Mg,Sn)O",19.0574842905242,0.709349593495935,0,0.5036839430894309,0.6646341463414634,1.242041129854341,0.1504349671195553,0.5828598766517387,0,other,260,147,166,243
CHAOS_0314,315,325,"Cd,Nb,Sr,V","(Cd,Nb,Sr,V)O",4.8278679065334,0.1016260162601626,0,0.3526422764227642,0.443089430894309,1.041051581667156,0.1504001644088613,0.216912234179602,0,other,261,266,275,354
CHAOS_0169,170,180,"Ca,Cd,Nb,Sr","(Ca,Cd,Nb,Sr)O",6.92449656561552,0.2520325203252032,0,0.4023119918699187,0.4817073170731707,1.073680317132526,0.1483140102596559,0.7630167515872326,0,other,262,94,256,316
CHAOS_0278,279,289,"Co,Ni,Sn,Sr","(Co,Ni,Sn,Sr)O",10.3934355643665,0.3780487804878049,0,0.2629573170731707,0.7276422764227642,1.295667174341118,0.1400416529773104,0.1062600236489789,0,other,263,347,135,415
CHAOS_0262,263,273,"Ca,Mg,Ti,Zn","(Ca,Mg,Ti,Zn)O",18.7570916245164,0.7032520325203252,0,0.529979674796748,0.4329268292682927,1.03627376781546,0.1367720772606333,0.125967988367122,0,other,264,327,280,219
CHAOS_0273,274,284,"Cu,Fe,Mn,Zn","(Cu,Fe,Mn,Zn)O",31.2292672206173,0.8739837398373984,1,0.5486534552845528,0.6321138211382114,1.168011958864691,0.1333395931805468,0.9267325201829102,0,true high-EFA only,265,37,182,202
CHAOS_0464,465,475,"Fe,Mg,Sn,Zn","(Fe,Mg,Sn,Zn)O",15.6827253678967,0.6199186991869918,0,0.524390243902439,0.6382113821138211,1.145959600772841,0.1306222118022246,0.7551459964304084,0,other,266,98,179,224
CHAOS_0392,393,403,"Co,Fe,Ni,Sn","(Co,Fe,Ni,Sn)O",16.1580628330651,0.6382113821138211,0,0.7193851626016261,0.556910569105691,1.107611326424952,0.1303773078584771,0.04065550592938429,0,other,267,428,219,89
CHAOS_0210,211,221,"Ca,Fe,Mg,Sr","(Ca,Fe,Mg,Sr)O",16.8646133057555,0.6565040650406504,0,0.4048526422764228,0.540650406504065,1.139819144581984,0.1246373801307347,0.1440959463573258,0,other,268,314,227,315
CHAOS_0077,78,88,"Ca,Fe,Sn,Sr","(Ca,Fe,Sn,Sr)O",14.2296164868836,0.5447154471544715,0,0.1265243902439024,0.467479674796748,1.046919289007981,0.1109456412436269,0.1973267845753357,0,other,269,279,263,477
CHAOS_0121,122,132,"Ca,Fe,Mn,Sn","(Ca,Fe,Mn,Sn)O",23.5772509660166,0.7967479674796748,1,0.291285569105691,0.4126016260162602,0.9895268385580644,0.107087448969139,0.164723763102721,0,true high-EFA only,270,299,290,399
CHAOS_0259,260,270,"Mn,Sn,Sr,V","(Mn,Sn,Sr,V)O",7.61719064465476,0.2764227642276423,0,0.3622967479674797,0.1707317073170732,0.901028679934774,0.1067752812803994,0.0187158930525782,0,other,271,469,409,351
CHAOS_0362,363,373,"Ca,Fe,Sr,Zn","(Ca,Fe,Sr,Zn)O",13.7672722049405,0.532520325203252,0,0.321900406504065,0.6199186991869918,1.180787497174048,0.1025219778001973,0.2319818495418816,0,other,272,258,188,381
CHAOS_0238,239,249,"Ca,Sn,Ti,Zn","(Ca,Sn,Ti,Zn)O",6.56900061163186,0.2215447154471545,0,0.3702997967479675,0.3455284552845528,1.010303195602115,0.1004104247429506,0.4474088305346356,0,other,273,183,323,345
CHAOS_0382,383,393,"Co,Sn,Sr,Zn","(Co,Sn,Sr,Zn)O",14.6309025153983,0.5711382113821138,0,0.193724593495935,0.6178861788617886,1.163484274098342,0.1003020883626103,0.1782951056224281,0,other,274,287,189,450
CHAOS_0432,433,443,"Ca,Fe,Mg,Nb","(Ca,Fe,Mg,Nb)O",13.2980637507461,0.5040650406504065,0,0.4011686991869919,0.4105691056910569,1.023058246079992,0.100090262957742,0.2802970493484061,0,other,275,243,291,319
CHAOS_0440,441,451,"Cd,Mg,Mn,Sr","(Cd,Mg,Mn,Sr)O",24.1292453734936,0.8089430894308943,1,0.5283282520325203,0.4695121951219512,1.075115606429913,0.09839413260555212,0.0511481520023707,0,true high-EFA only,276,410,262,221
CHAOS_0345,346,356,"Ca,Nb,Sn,V","(Ca,Nb,Sn,V)O",4.99996369081467,0.1138211382113821,0,0.3142784552845528,0.2195121951219512,0.8407452129467761,0.09535339425101698,0.1728294355820881,0,other,277,292,385,387
CHAOS_0322,323,333,"Ca,Mg,Sr,V","(Ca,Mg,Sr,V)O",16.2833153939071,0.6443089430894309,0,0.5920985772357723,0.4552845528455284,1.144933012028812,0.09530491407904344,0.02771291024442436,0,other,278,449,269,172
CHAOS_0285,286,296,"Co,Ni,Sr,Zn","(Co,Ni,Sr,Zn)O",11.2303958984557,0.4146341463414634,0,0.2893800813008131,0.8455284552845529,1.314053191097263,0.0950071790360627,0.2524837935503245,0,other,279,254,77,402
CHAOS_0313,314,324,"Ca,Mg,Sr,Ti","(Ca,Mg,Sr,Ti)O",14.3199338969997,0.5508130081300813,0,0.5773628048780488,0.3902439024390244,1.07520523492948,0.09493111196688392,0.0382780778566422,0,other,280,432,301,183
CHAOS_0223,224,234,"Ca,Fe,Sn,Zn","(Ca,Fe,Sn,Zn)O",19.9869780949823,0.7398373983739838,0,0.3008130081300813,0.4939024390243902,1.07772430244842,0.09432741271831832,0.4814512091449648,0,other,281,173,250,395
CHAOS_0477,478,488,"Ca,Sr,V,Zn","(Ca,Sr,V,Zn)O",10.3120002751009,0.3719512195121951,0,0.3481961382113821,0.4532520325203252,1.100854842860869,0.09422724055726732,0.1064893387622836,0,other,282,346,270,360
CHAOS_0034,35,40,"Cu,Fe,Sn,Zn","(Cu,Fe,Sn,Zn)O",21.4849822088388,0.7764227642276422,1,0.6464684959349593,0.6056910569105691,1.143755232946777,0.09311571200124918,0.4213669203517933,0,true high-EFA only,283,193,195,149
CHAOS_0038,39,44,"Nb,Tc,Ti,V","(Nb,Tc,Ti,V)O",5.49866088220195,0.1565040650406504,0,0.6200457317073171,0.2784552845528455,0.9160811349817475,0.09289451727719543,0.7797515360287286,0,other,284,89,356,159
CHAOS_0196,197,207,"Ca,Cd,Mg,Ti","(Ca,Cd,Mg,Ti)O",8.94413267612964,0.3394308943089431,0,0.5663109756097562,0.3800813008130081,1.004776171891472,0.09031665813379715,0.1409473175689379,0,other,285,318,306,193
CHAOS_0267,268,278,"Co,Ni,Sn,Zn","(Co,Ni,Sn,Zn)O",30.7595960857478,0.8699186991869918,1,0.7460619918699187,0.5609756097560976,1.122416775069139,0.08736740156951062,0.07772478209881889,0,true high-EFA only,286,380,217,77
CHAOS_0230,231,241,"Ca,Mg,Sr,Zn","(Ca,Mg,Sr,Zn)O",21.2766175558697,0.7682926829268293,1,0.4087906504065041,0.4796747967479675,1.054729210142842,0.08660842550717786,0.02211494173232385,0,true high-EFA only,287,460,257,313
CHAOS_0106,107,117,"Cd,Mn,Nb,Zn","(Cd,Mn,Nb,Zn)O",5.76631281725218,0.1747967479674797,0,0.7433943089430894,0.4207317073170732,0.9917442591497705,0.08315509318677215,0.0850383998133432,0,other,288,371,286,78
CHAOS_0138,139,149,"Cd,Mg,Sn,V","(Cd,Mg,Sn,V)O",5.84804810029111,0.1788617886178862,0,0.7158282520325203,0.2764227642276423,0.8960142057538513,0.08218571357043292,0.01721439676457811,0,other,289,471,357,91
CHAOS_0256,257,267,"Ca,Mn,Ti,Zn","(Ca,Mn,Ti,Zn)O",11.4971683946017,0.4227642276422764,0,0.4355945121951219,0.5284552845528455,1.114021031260193,0.08140450921644699,0.2275082626167524,0,other,290,261,233,291
CHAOS_0250,251,261,"Mg,Mn,Ti,V","(Mg,Mn,Ti,V)O",15.4355940795292,0.6117886178861789,0,0.7217987804878048,0.5,1.02878794532912,0.07998697953131556,0.03511766904497552,0,other,291,442,247,86
CHAOS_0197,198,208,"Ca,Nb,Sr,V","(Ca,Nb,Sr,V)O",8.07426322544864,0.3008130081300813,0,0.481834349593496,0.491869918699187,1.100034950832701,0.07903163781298594,0.2614318785734364,0,other,292,250,251,254
CHAOS_0054,55,65,"Ca,Mn,Nb,Zn","(Ca,Mn,Nb,Zn)O",11.2317875079567,0.4166666666666667,0,0.5711382113821137,0.4065040650406504,0.9942952370299124,0.07896760719047813,0.2798299705630009,0,other,293,244,293,191
CHAOS_0312,313,323,"Ca,Fe,Nb,Ti","(Ca,Fe,Nb,Ti)O",14.3823853531489,0.556910569105691,0,0.4485518292682926,0.3495934959349594,1.050803494526378,0.07849884510598028,0.2222292113562753,0,other,294,262,321,278
CHAOS_0482,483,493,"Cd,Fe,Mg,Ti","(Cd,Fe,Mg,Ti)O",8.14889901618841,0.306910569105691,0,0.6501524390243902,0.3475609756097561,0.9954764896269327,0.07795303544495294,0.1760648926250616,0,other,295,291,322,148
CHAOS_0492,493,503,"Cd,Fe,Mn,Sn","(Cd,Fe,Mn,Sn)O",12.5974311361619,0.4735772357723577,0,0.4803099593495935,0.3617886178861789,1.021092234480433,0.07721824398414412,0.1381177328610624,0,other,296,319,315,257
CHAOS_0469,470,480,"Ca,Nb,V,Zn","(Ca,Nb,V,Zn)O",8.78860365120955,0.3373983739837398,0,0.5182926829268293,0.3292682926829268,1.05196130900037,0.07703646062225714,0.2171244471952385,0,other,297,265,331,231
CHAOS_0363,364,374,"Ca,Mn,Sr,V","(Ca,Mn,Sr,V)O",15.6868734008452,0.6219512195121951,0,0.6641260162601625,0.4573170731707317,1.071351615325048,0.07470494075969374,0.0237917656807744,0,other,298,455,268,140
CHAOS_0391,392,402,"Co,Fe,Mg,Sr","(Co,Fe,Mg,Sr)O",12.1233523825778,0.4491869918699187,0,0.2869664634146341,0.5792682926829268,1.185569761924476,0.07126817791667979,0.2319754806986332,0,other,299,259,208,404
CHAOS_0254,255,265,"Fe,Mn,Ni,Sr","(Fe,Mn,Ni,Sr)O",10.8973032751029,0.3983739837398374,0,0.3642022357723577,0.6869918699186992,1.262354193299583,0.07116613685858192,0.1304108905845247,0,other,300,325,155,350
CHAOS_0164,165,175,"Fe,Mg,Nb,Sn","(Fe,Mg,Nb,Sn)O",5.16153498243286,0.1300813008130081,0,0.5893038617886178,0.2134146341463415,0.8670433059410411,0.07105418884129606,0.02923184415926124,0,other,301,446,388,176
CHAOS_0199,200,210,"Co,Mg,Ni,Sr","(Co,Mg,Ni,Sr)O",10.8284568923471,0.3943089430894309,0,0.2458079268292683,0.8414634146341463,1.266948994749748,0.07075210329111628,0.254954213730367,0,other,302,253,79,425
CHAOS_0227,228,238,"Ca,Mg,Sn,V","(Ca,Mg,Sn,V)O",10.5490965508672,0.3841463414634146,0,0.1750508130081301,0.1768292682926829,0.8648392709483355,0.06970462205687729,0.2331905727930697,0,other,303,257,406,458
CHAOS_0422,423,433,"Fe,Nb,Sr,Ti","(Fe,Nb,Sr,Ti)O",6.4495917377491,0.2134146341463415,0,0.4122205284552846,0.3109756097560976,1.00846624275424,0.06905080281815361,0.1124762741119188,0,other,304,342,340,309
CHAOS_0201,202,212,"Ca,Mn,Ti,V","(Ca,Mn,Ti,V)O",10.9416099279842,0.4024390243902439,0,0.6845782520325203,0.4878048780487805,1.049890133415801,0.06619820352573554,0.04599312137873891,0,other,305,417,253,118
CHAOS_0055,56,66,"Ca,Mg,Ti,V","(Ca,Mg,Ti,V)O",25.9276023683711,0.8353658536585366,1,0.6659044715447155,0.5203252032520326,1.122251001136586,0.06434850002227326,0.01212378059247949,0,true high-EFA only,306,479,237,135
CHAOS_0074,75,85,"Co,Mn,Sn,Sr","(Co,Mn,Sn,Sr)O",13.7375462151321,0.5304878048780488,0,0.1955030487804878,0.4776422764227642,1.082907817267054,0.06363811902673304,0.09261697023997115,0,other,307,362,258,449
CHAOS_0347,348,358,"Mn,Sn,V,Zn","(Mn,Sn,V,Zn)O",6.30891175922052,0.2052845528455285,0,0.4020579268292682,0.3841463414634146,0.9931973250331483,0.0625920368711227,0.1770520584615538,0,other,308,290,304,317
CHAOS_0148,149,159,"Ca,Mg,Nb,Ti","(Ca,Mg,Nb,Ti)O",11.5918381105401,0.4268292682926829,0,0.5436991869918699,0.2560975609756098,0.9351264460726337,0.06211641869343867,0.08643141669645765,0,other,309,369,367,207
CHAOS_0221,222,232,"Mg,Nb,Sn,Sr","(Mg,Nb,Sn,Sr)O",5.60607805210815,0.1626016260162602,0,0.369410569105691,0.2317073170731707,0.9094186628978924,0.05853647660510307,0.02550484433715732,0,other,310,451,379,346
CHAOS_0330,331,341,"Ca,Mg,Nb,V","(Ca,Mg,Nb,V)O",10.62200576102,0.3882113821138211,0,0.5151168699186992,0.2804878048780488,0.9710521837289602,0.05840392926597013,0.1128542156925262,0,other,311,341,355,234
CHAOS_0249,250,260,"Fe,Mn,Sn,Sr","(Fe,Mn,Sn,Sr)O",12.2503341983813,0.4613821138211382,0,0.2239583333333333,0.2926829268292683,0.9815510010602012,0.0582710360217162,0.05270341636912348,0,other,312,408,349,432
CHAOS_0134,135,145,"Fe,Mg,Sn,Sr","(Fe,Mg,Sn,Sr)O",13.0649046135607,0.483739837398374,0,0.1534552845528455,0.2540650406504065,0.9417228894556322,0.05823422047356975,0.06297788964057381,0,other,313,395,368,467
CHAOS_0015,16,16,"Cd,Mg,Sr,V","(Cd,Mg,Sr,V)O",10.9025388772712,0.4004065040650406,0,0.4302591463414634,0.298780487804878,0.9706751219564197,0.05706968385978672,0.06085785397391904,0,other,314,400,346,296
CHAOS_0003,4,4,"Co,Mg,Mn,Sr","(Co,Mg,Mn,Sr)O",11.730902228506,0.4369918699186992,0,0.4103150406504065,0.6829268292682927,1.224909216148671,0.05701598939637312,0.06801916036201625,0,other,315,391,157,311
CHAOS_0450,451,461,"Nb,Ti,V,Zn","(Nb,Ti,V,Zn)O",9.68750521025249,0.3658536585365854,0,0.497459349593496,0.2601626016260163,0.8398571466711285,0.05663566402649294,0.05960517875889244,0,other,316,401,365,245
CHAOS_0461,462,472,"Mn,Ni,Sn,Sr","(Mn,Ni,Sn,Sr)O",13.4552190732154,0.5121951219512195,0,0.1995680894308943,0.4471544715447154,1.075123338796649,0.0561880740410796,0.116816456722925,0,other,317,337,273,445
CHAOS_0180,181,191,"Fe,Mg,Ni,Sr","(Fe,Mg,Ni,Sr)O",11.147594086231,0.4105691056910569,0,0.3941819105691057,0.6890243902439024,1.20733086131681,0.05520899849035533,0.1810525499545459,0,other,318,285,154,324
CHAOS_0454,455,465,"Mg,Mn,Ni,Sr","(Mg,Mn,Ni,Sr)O",13.598831145707,0.5203252032520326,0,0.2798526422764228,0.6626016260162602,1.180321813645794,0.0551063463834603,0.08009178637842003,0,other,319,376,167,408
CHAOS_0380,381,391,"Ca,Nb,Ti,Zn","(Ca,Nb,Ti,Zn)O",9.43373336722274,0.3516260162601626,0,0.5717733739837398,0.3943089430894309,1.013459884124883,0.05485310785912307,0.2678901190815794,0,other,320,248,299,190
CHAOS_0127,128,138,"Cd,Mn,Nb,Ti","(Cd,Mn,Nb,Ti)O",3.59318345945901,0.01219512195121951,0,0.8583587398373984,0.282520325203252,0.9969862849077009,0.05457683374708585,0.01616772375965108,0,true high descriptor compatibility score only,321,474,354,25
CHAOS_0342,343,353,"Mg,Sr,V,Zn","(Mg,Sr,V,Zn)O",14.9738766783362,0.5955284552845529,0,0.3159298780487805,0.3963414634146342,1.03826319047262,0.05433936137383331,0.01330112855347526,0,other,322,478,298,385
CHAOS_0237,238,248,"Ca,Fe,Mn,Sr","(Ca,Fe,Mn,Sr)O",9.90029443516156,0.3678861788617886,0,0.4597306910569106,0.3922764227642276,1.070008649671424,0.05390398039746586,0.09309000383108942,0,other,323,360,300,270
CHAOS_0116,117,127,"Cd,Mg,Ti,Zn","(Cd,Mg,Ti,Zn)O",7.02759845403239,0.2601626016260163,0,0.690040650406504,0.3333333333333333,0.994215870961698,0.05201695015984358,0.2148990544421092,0,other,324,267,329,111
CHAOS_0105,106,116,"Sn,Tc,Ti,V","(Sn,Tc,Ti,V)O",3.54022884967733,0.008130081300813009,0,0.6755589430894309,0.07520325203252033,0.76292915077434,0.05197111864905472,0.07477728818684512,0,other,325,384,456,127
CHAOS_0355,356,366,"Mn,Nb,Sn,Tc","(Mn,Nb,Sn,Tc)O",4.34737773307683,0.06097560975609756,0,0.669334349593496,0.1483739837398374,0.874462988569723,0.05036675778254418,0.04698716216994673,0,other,326,416,420,131
CHAOS_0214,215,225,"Cd,Sr,V,Zn","(Cd,Sr,V,Zn)O",13.1364620184338,0.491869918699187,0,0.290015243902439,0.4166666666666667,1.030363584562219,0.04833043054867307,0.1115956927377051,0,other,327,344,288,401
CHAOS_0031,32,37,"Mg,Ni,Sr,Zn","(Mg,Ni,Sr,Zn)O",12.2379534772544,0.459349593495935,0,0.3285060975609756,0.5589430894308943,1.212728498515496,0.04780828070432637,0.09021631891486044,0,other,328,364,218,380
CHAOS_0016,17,17,"Ca,Mg,Mn,Nb","(Ca,Mg,Mn,Nb)O",8.17450195380349,0.3109756097560976,0,0.5058434959349594,0.3008130081300813,0.9836585059986115,0.04681999232464306,0.08651933326822912,0,other,329,368,345,241
CHAOS_0130,131,141,"Ca,Fe,Sr,Ti","(Ca,Fe,Sr,Ti)O",11.2786832154981,0.4186991869918699,0,0.3366361788617886,0.4268292682926829,1.08384861871586,0.04679695543125256,0.2131429005200436,0,other,330,269,283,367
CHAOS_0118,119,129,"Cu,Fe,V,Zn","(Cu,Fe,V,Zn)O",8.21728930786135,0.3130081300813008,0,0.4405487804878049,0.4227642276422764,1.047969341800816,0.04662674343871296,0.381090781099147,0,other,331,204,285,285
CHAOS_0242,243,253,"Co,Mg,Sr,Zn","(Co,Mg,Sr,Zn)O",14.1965426990998,0.5426829268292683,0,0.2693089430894309,0.5995934959349594,1.133241347803192,0.04556377084751408,0.147420208677475,0,other,332,310,198,412
CHAOS_0377,378,388,"Ca,Cd,Fe,Nb","(Ca,Cd,Fe,Nb)O",6.90609841181144,0.25,0,0.6820376016260163,0.2357723577235772,0.991780625840395,0.04551243607932278,0.6378034320400401,0,other,333,134,377,121
CHAOS_0423,424,434,"Cd,Nb,Sn,Ti","(Cd,Nb,Sn,Ti)O",3.60480807649457,0.01422764227642276,0,0.4364837398373984,0.1036585365853658,0.8339942172851427,0.04338344754948628,0.1455413152925343,0,other,334,313,442,290
CHAOS_0081,82,92,"Mn,Sn,Sr,Zn","(Mn,Sn,Sr,Zn)O",15.6194460354045,0.6158536585365854,0,0.2136686991869919,0.3313008130081301,0.9897905649233697,0.04286304199428181,0.07165265103667719,0,other,335,387,330,438
CHAOS_0471,472,482,"Cd,Sn,V,Zn","(Cd,Sn,V,Zn)O",7.00381007476153,0.2560975609756098,0,0.474339430894309,0.1117886178861789,0.8889314283699805,0.04184090303849528,0.159865945589077,0,other,336,304,438,260
CHAOS_0188,189,199,"Ca,Mg,Sn,Ti","(Ca,Mg,Sn,Ti)O",6.75319022445639,0.2439024390243902,0,0.1277947154471545,0.1869918699186992,0.8586755798924179,0.04127732278111501,0.3389021508849845,0,other,337,219,401,475
CHAOS_0167,168,178,"Ca,Sn,Sr,Ti","(Ca,Sn,Sr,Ti)O",8.15771094744911,0.3089430894308943,0,0.1039126016260163,0.2723577235772358,0.9526744509164229,0.04092630953087091,0.1423725345560997,0,other,338,316,359,483
CHAOS_0131,132,142,"Mg,Sn,Ti,Zn","(Mg,Sn,Ti,Zn)O",4.81522782911216,0.0975609756097561,0,0.280614837398374,0.209349593495935,0.8893957559397837,0.03994676790719313,0.4285197884409636,0,other,339,191,390,407
CHAOS_0179,180,190,"Mg,Mn,Sn,Sr","(Mg,Mn,Sn,Sr)O",13.3995530741229,0.508130081300813,0,0.1438008130081301,0.2378048780487805,0.900657222771131,0.03941161829820041,0.0253785470676135,0,other,340,453,376,469
CHAOS_0406,407,417,"Fe,Ni,Sr,Zn","(Fe,Ni,Sr,Zn)O",10.9556819929678,0.4044715447154472,0,0.4190802845528455,0.7134146341463414,1.245324307560207,0.03736088532352208,0.1888486782227863,0,other,341,281,142,304
CHAOS_0128,129,139,"Nb,Sn,Tc,Zn","(Nb,Sn,Tc,Zn)O",4.1185466857892,0.0426829268292683,0,0.3555640243902439,0.1178861788617886,0.8431899805983634,0.0371281185960643,0.09345403167228751,0,other,342,359,435,353
CHAOS_0120,121,131,"Co,Fe,Ni,Sr","(Co,Fe,Ni,Sr)O",9.97608754415316,0.3699186991869919,0,0.2882367886178862,0.8008130081300813,1.28373591225252,0.03682138636727115,0.3196728571810465,0,other,343,229,99,403
CHAOS_0315,316,326,"Mn,Nb,Sn,Zn","(Mn,Nb,Sn,Zn)O",5.0776995851176,0.1158536585365854,0,0.5085111788617886,0.1788617886178862,0.9326648920733888,0.03650317879695922,0.06229570250320381,0,other,344,396,405,240
CHAOS_0305,306,316,"Mg,Nb,Sn,Tc","(Mg,Nb,Sn,Tc)O",4.18942353349584,0.04878048780487805,0,0.3061483739837398,0.07926829268292683,0.7762301778707457,0.03581227835965069,0.06850503427764217,0,other,345,390,454,392
CHAOS_0109,110,120,"Mg,Mn,Sr,V","(Mg,Mn,Sr,V)O",8.24263050996307,0.3150406504065041,0,0.4862804878048781,0.3861788617886179,1.007367714170021,0.03482559348541054,0.02008356827985122,0,other,346,465,303,252
CHAOS_0480,481,491,"Co,Fe,Mn,Sr","(Co,Fe,Mn,Sr)O",13.1337039016191,0.4898373983739837,0,0.3884654471544716,0.6239837398373984,1.21690754394705,0.03430696264861152,0.127174718355416,0,other,347,326,186,333
CHAOS_0283,284,294,"Nb,Sn,Ti,Zn","(Nb,Sn,Ti,Zn)O",3.82509857595113,0.02439024390243903,0,0.4766260162601626,0.2459349593495935,0.9650970217912418,0.03424285925069011,0.04167492305022905,0,other,348,426,372,259
CHAOS_0394,395,405,"Cd,Mg,Mn,Ti","(Cd,Mg,Mn,Ti)O",7.95727138431999,0.290650406504065,0,0.8320630081300813,0.4146341463414634,1.052871690889791,0.03410695101690368,0.09778763899472562,0,true high descriptor compatibility score only,349,354,289,36
CHAOS_0033,34,39,"Cd,Mn,Sr,V","(Cd,Mn,Sr,V)O",11.5121715520637,0.4247967479674797,0,0.4479166666666666,0.4288617886178862,0.9885138585021808,0.03343686247267042,0.07588658482444599,0,other,350,382,282,279
CHAOS_0125,126,136,"Ca,Mg,Mn,Sr","(Ca,Mg,Mn,Sr)O",14.5468481336597,0.5650406504065041,0,0.4842479674796748,0.4247967479674797,1.041405135914214,0.03310320218656486,0.0224703446525421,0,other,351,458,284,253
CHAOS_0090,91,101,"Ca,Fe,Nb,Sr","(Ca,Fe,Nb,Sr)O",8.0096343068311,0.2947154471544716,0,0.3457825203252033,0.4044715447154472,1.062038081949571,0.03298979694889317,0.4447081081265507,0,other,352,184,294,362
CHAOS_0276,277,287,"Mn,Sn,Ti,V","(Mn,Sn,Ti,V)O",4.62013613560748,0.07520325203252033,0,0.5104166666666666,0.201219512195122,0.8701873747857471,0.03285782025081061,0.020522101157906,0,other,353,464,394,237
CHAOS_0029,30,34,"Ca,Mg,Nb,Sn","(Ca,Mg,Nb,Sn)O",6.71341017585171,0.233739837398374,0,0.08892276422764228,0.1056910569105691,0.7808435777368438,0.03247111471441582,0.3749813550767686,0,other,354,206,441,488
CHAOS_0244,245,255,"Cu,Fe,Mg,Ti","(Cu,Fe,Mg,Ti)O",14.3367148064626,0.5528455284552846,0,0.3910060975609755,0.451219512195122,1.053969789146676,0.03215481504204591,0.6905667752393204,0,other,355,113,271,328
CHAOS_0485,486,496,"Mn,Nb,Sr,V","(Mn,Nb,Sr,V)O",8.58599498949559,0.3292682926829268,0,0.4239075203252033,0.2479674796747967,0.9476035384996255,0.03198502850887869,0.04296271897308928,0,other,356,424,371,302
CHAOS_0152,153,163,"Fe,Mn,Sr,Zn","(Fe,Mn,Sr,Zn)O",17.5309418030683,0.6707317073170732,0,0.4307672764227642,0.4654471544715447,1.031768902555081,0.03072463988735143,0.0751227574816328,0,other,357,383,264,295
CHAOS_0331,332,342,"Ca,Cd,Sr,Ti","(Ca,Cd,Sr,Ti)O",8.38946958081866,0.3231707317073171,0,0.3086890243902439,0.3821138211382114,1.05629727129678,0.03008398251025565,0.2430328887480231,0,other,358,256,305,390
CHAOS_0328,329,339,"Cu,Mn,Ni,Sn","(Cu,Mn,Ni,Sn)O",11.6638063760377,0.4308943089430894,0,0.3504827235772358,0.5548780487804879,1.051140602337492,0.02995044704286626,0.4548789458836456,0,other,359,180,220,357
CHAOS_0146,147,157,"Ca,Mn,Nb,V","(Ca,Mn,Nb,V)O",8.51165899111973,0.3272357723577236,0,0.522484756097561,0.25,0.9622002960376022,0.02918943980431939,0.07638380852867312,0,other,360,381,370,226
CHAOS_0395,396,406,"Nb,Sr,Ti,Zn","(Nb,Sr,Ti,Zn)O",5.80533689333643,0.1768292682926829,0,0.3710619918699187,0.3556910569105691,1.034460911411832,0.02889650297453849,0.04296468345811456,0,other,361,423,318,343
CHAOS_0463,464,474,"Mg,Sn,Sr,Zn","(Mg,Sn,Sr,Zn)O",13.7819404830659,0.5345528455284553,0,0.1397357723577236,0.4024390243902439,0.9931298801917374,0.02824711703505771,0.02549250986930691,0,other,362,452,295,470
CHAOS_0252,253,263,"Cd,Sn,Sr,V","(Cd,Sn,Sr,V)O",7.66948301075721,0.2784552845528455,0,0.2272611788617886,0.1727642276422764,0.9009546361850834,0.02786885538201039,0.1826112615204555,0,other,363,284,408,430
CHAOS_0021,22,22,"Nb,Sn,Sr,V","(Nb,Sn,Sr,V)O",4.25858709286989,0.05691056910569105,0,0.3216463414634146,0.1158536585365854,0.8019779591553542,0.02750103253937011,0.04573353865363899,0,other,364,418,436,382
CHAOS_0397,398,408,"Ca,Nb,Sr,Zn","(Ca,Nb,Sr,Zn)O",7.8175780358099,0.2845528455284553,0,0.3901168699186992,0.4369918699186992,1.048437101923816,0.02659058206339248,0.1694178931810363,0,other,365,295,278,330
CHAOS_0296,297,307,"Sn,Sr,V,Zn","(Sn,Sr,V,Zn)O",8.28076272488531,0.3191056910569106,0,0.09667174796747967,0.290650406504065,0.9043996673345596,0.02451716451030236,0.05083101874573797,0,other,366,412,350,485
CHAOS_0044,45,52,"Ca,Mn,Nb,Sr","(Ca,Mn,Nb,Sr)O",11.1700176678724,0.4126016260162602,0,0.4265752032520325,0.3739837398373984,0.941557657582167,0.02151405548391747,0.08067221639890766,0,other,367,374,309,298
CHAOS_0030,31,35,"Cd,Mn,Sn,V","(Cd,Mn,Sn,V)O",6.88692776312148,0.2459349593495935,0,0.4254319105691057,0.1666666666666667,0.8236237097300494,0.02133639054557341,0.07098939040585371,0,other,368,389,411,301
CHAOS_0266,267,277,"Cd,Fe,Nb,Sr","(Cd,Fe,Nb,Sr)O",5.60598202913025,0.1605691056910569,0,0.3484502032520325,0.2621951219512195,0.9373231488298964,0.0212439369298858,0.2676451175668724,0,other,369,249,364,359
CHAOS_0396,397,407,"Fe,Ni,V,Zn","(Fe,Ni,V,Zn)O",10.5274403917199,0.3800813008130081,0,0.4264481707317074,0.5487804878048781,1.150611025692966,0.02123299118759895,0.378571822662461,0,other,370,205,223,299
CHAOS_0424,425,435,"Mn,Nb,Sr,Ti","(Mn,Nb,Sr,Ti)O",6.24964099922058,0.1991869918699187,0,0.3833841463414634,0.2682926829268293,0.9700246689629377,0.02117365332307379,0.04481474781999838,0,other,371,419,361,337
CHAOS_0005,6,6,"Fe,Mg,Mn,Sr","(Fe,Mg,Mn,Sr)O",17.2228580065797,0.6646341463414634,0,0.4167936991869919,0.3130081300813008,0.9862538369310359,0.02054473223062304,0.06151585256543882,0,other,372,398,339,306
CHAOS_0393,394,404,"Cd,Nb,Ti,Zn","(Cd,Nb,Ti,Zn)O",4.16752627486821,0.04674796747967479,0,0.5744410569105691,0.1300813008130081,0.8372622109055364,0.0204850880720911,0.1137398220682086,0,other,373,340,429,186
CHAOS_0425,426,436,"Ca,Ti,V,Zn","(Ca,Ti,V,Zn)O",13.0657576747299,0.4857723577235772,0,0.598069105691057,0.306910569105691,0.9596054424015263,0.02021296612648411,0.2126703496267451,0,other,374,270,342,170
CHAOS_0279,280,290,"Nb,Sr,Ti,V","(Nb,Sr,Ti,V)O",6.64838002244071,0.2296747967479675,0,0.5480182926829268,0.3577235772357724,1.019194444855388,0.01888619205568914,0.07812831968113788,0,other,375,379,317,204
CHAOS_0294,295,305,"Co,Fe,Sr,Zn","(Co,Fe,Sr,Zn)O",12.4861038215121,0.467479674796748,0,0.3365091463414634,0.6036585365853658,1.164225948690515,0.01874408783628479,0.1611419126910334,0,other,376,302,196,368
CHAOS_0258,259,269,"Mn,Nb,Sn,V","(Mn,Nb,Sn,V)O",4.81755961708431,0.09959349593495935,0,0.4541412601626016,0.1361788617886179,0.7386168711222688,0.01805042252940781,0.006949485298323448,0,other,377,486,426,276
CHAOS_0359,360,370,"Cd,Nb,V,Zn","(Cd,Nb,V,Zn)O",3.90474354834627,0.02642276422764228,0,0.6173780487804879,0.1829268292682927,0.9029059281914961,0.01788109426678535,0.03547328384562964,0,other,378,440,403,160
CHAOS_0062,63,73,"Ca,Mn,Sr,Ti","(Ca,Mn,Sr,Ti)O",6.29744302398058,0.201219512195122,0,0.366869918699187,0.2703252032520325,0.9492584623091036,0.01725816017454853,0.04139552422897353,0,other,379,427,360,349
CHAOS_0426,427,437,"Mn,Nb,V,Zn","(Mn,Nb,V,Zn)O",10.5488994751065,0.3821138211382114,0,0.5631351626016261,0.274390243902439,0.9662587809426139,0.0167126776618518,0.05618234386600666,0,other,380,404,358,195
CHAOS_0257,258,268,"Mg,Mn,Sr,Zn","(Mg,Mn,Sr,Zn)O",19.6055096615036,0.7235772357723578,0,0.3791920731707317,0.3760162601626016,1.04057098061,0.01560884962936182,0.01105055254573254,0,other,381,482,308,339
CHAOS_0337,338,348,"Mn,Sr,V,Zn","(Mn,Sr,V,Zn)O",13.5042396104945,0.516260162601626,0,0.2464430894308943,0.3414634146341464,1.069004818623296,0.01524177651074292,0.01929360415332169,0,other,382,466,325,424
CHAOS_0318,319,329,"Fe,Sn,Ti,Zn","(Fe,Sn,Ti,Zn)O",6.19699364715348,0.1971544715447154,0,0.303734756097561,0.1951219512195122,0.9087755728947885,0.01494457463275448,0.2313429599657172,0,other,383,260,397,393
CHAOS_0177,178,188,"Ca,Mg,Nb,Sr","(Ca,Mg,Nb,Sr)O",14.9658905550423,0.5914634146341463,0,0.5720274390243902,0.4308943089430894,1.071972333151512,0.01438903848844369,0.008833749102887643,0,other,384,483,281,189
CHAOS_0173,174,184,"Cd,Nb,Ti,V","(Cd,Nb,Ti,V)O",4.79829219425658,0.09552845528455285,0,0.8201219512195121,0.0975609756097561,0.7879905402724655,0.01389458885326235,0.02849707448070521,0,true high descriptor compatibility score only,385,448,445,39
CHAOS_0370,371,381,"Ca,Cd,Ti,Zn","(Ca,Cd,Ti,Zn)O",8.10118705949102,0.3028455284552846,0,0.369410569105691,0.3048780487804878,0.929281658772766,0.01312078795673478,0.5535526589308479,0,other,386,154,343,347
CHAOS_0321,322,332,"Ca,Co,Fe,Sn","(Ca,Co,Fe,Sn)O",17.6116900699549,0.6727642276422764,0,0.272484756097561,0.3170731707317073,0.9833530039831032,0.01309421698528204,0.673103525644468,0,other,387,121,337,410
CHAOS_0271,272,282,"Fe,Mg,Nb,Ti","(Fe,Mg,Nb,Ti)O",10.3296779018319,0.3760162601626016,0,0.4970782520325203,0.2439024390243902,0.8713550134066614,0.01251544794032974,0.04451513761790712,0,other,388,420,373,246
CHAOS_0320,321,331,"Mg,Sn,Sr,V","(Mg,Sn,Sr,V)O",9.56729606234024,0.3577235772357724,0,0.06529471544715446,0.1138211382113821,0.7983047610983796,0.0113357535109964,0.02980077890986343,0,other,389,444,437,490
CHAOS_0143,144,154,"Mg,Sn,V,Zn","(Mg,Sn,V,Zn)O",6.72312066571662,0.2378048780487805,0,0.290015243902439,0.1544715447154472,0.8620754356009666,0.01091663240440875,0.1883559002562311,0,other,390,282,417,400
CHAOS_0012,13,13,"Mg,Nb,Sr,V","(Mg,Nb,Sr,V)O",6.60746397724222,0.225609756097561,0,0.4419461382113821,0.2886178861788618,0.9481450968266536,0.010885754868353,0.03575811711959825,0,other,391,439,351,284
CHAOS_0419,420,430,"Ca,Nb,Sn,Zn","(Ca,Nb,Sn,Zn)O",5.39498150834445,0.1483739837398374,0,0.109375,0.1971544715447154,0.9187948107543834,0.01085987383068665,0.3688995798645668,0,other,392,208,396,481
CHAOS_0348,349,359,"Cd,Mn,Nb,V","(Cd,Mn,Nb,V)O",5.94558613830949,0.1890243902439024,0,0.5443343495934959,0.1504065040650407,0.8136358312677121,0.01076092769998064,0.02860995784766418,0,other,393,447,419,206
CHAOS_0198,199,209,"Cd,Fe,Nb,Sn","(Cd,Fe,Nb,Sn)O",4.45425836997853,0.06910569105691057,0,0.4554115853658537,0.07723577235772358,0.7794720027704443,0.01001071876038559,0.01925836087334952,0,other,394,467,455,275
CHAOS_0203,204,214,"Mn,Sr,Ti,V","(Mn,Sr,Ti,V)O",8.32665811373413,0.3211382113821138,0,0.3798272357723577,0.233739837398374,1.018900404450753,0.008811375466341113,0.01922727559103633,0,other,395,468,378,338
CHAOS_0151,152,162,"Cd,Mg,Mn,Nb","(Cd,Mg,Mn,Nb)O",5.15772246416277,0.1280487804878049,0,0.6681910569105691,0.1991869918699187,0.8969808579362073,0.008673023647121894,0.02626143687409648,0,other,396,450,395,134
CHAOS_0096,97,107,"Fe,Mg,Sr,Zn","(Fe,Mg,Sr,Zn)O",15.7582670025011,0.6239837398373984,0,0.3889735772357724,0.3882113821138211,1.023140872208887,0.008058628937578985,0.06705431030048851,0,other,397,393,302,332
CHAOS_0155,156,166,"Cd,Mn,Nb,Sr","(Cd,Mn,Nb,Sr)O",6.07341411597664,0.1910569105691057,0,0.3948170731707317,0.2113821138211382,0.8703667201640071,0.008012666415787474,0.1354818889402693,0,other,398,322,389,322
CHAOS_0311,312,322,"Mg,Mn,Nb,Ti","(Mg,Mn,Nb,Ti)O",8.1219617344636,0.3048780487804878,0,0.5188008130081301,0.1849593495934959,0.8963750364389895,0.007413019012557654,0.01826212247873277,0,other,399,470,402,230
CHAOS_0449,450,460,"Mg,Ti,V,Zn","(Mg,Ti,V,Zn)O",19.896313698122,0.7357723577235772,0,0.6373221544715447,0.1463414634146341,0.8644294803985736,0.007354421131975805,0.1309008306260685,0,other,400,324,421,153
CHAOS_0444,445,455,"Mg,Sr,Ti,V","(Mg,Sr,Ti,V)O",10.7740456118617,0.3902439024390244,0,0.5274390243902439,0.4186991869918699,1.049149781190458,0.007126041158507112,0.002376283265237738,0,other,401,491,287,222
CHAOS_0399,400,410,"Nb,Sn,Tc,Ti","(Nb,Sn,Tc,Ti)O",3.29810708383955,0.004065040650406504,0,0.6557418699186992,0.1219512195121951,0.7718770571088289,0.007028352824419578,0.04958454503117342,0,other,402,414,433,145
CHAOS_0459,460,470,"Mg,Mn,Nb,V","(Mg,Mn,Nb,V)O",10.3159945793027,0.3739837398373984,0,0.3939278455284553,0.1910569105691057,0.8340173254766161,0.007027774246614742,0.01680462545734514,0,other,403,472,399,325
CHAOS_0284,285,295,"Cd,Fe,Mg,Sn","(Cd,Fe,Mg,Sn)O",15.8025362005402,0.6260162601626016,0,0.368140243902439,0.3272357723577236,1.021849962843882,0.006935250037723001,0.02143195702201521,0,other,404,461,332,348
CHAOS_0319,320,330,"Fe,Mg,Sr,Ti","(Fe,Mg,Sr,Ti)O",6.89374855262441,0.2479674796747967,0,0.2588922764227642,0.3252032520325203,0.9844404458425551,0.006444061201418483,0.01461648449305181,0,other,405,477,333,419
CHAOS_0350,351,361,"Sn,Sr,Ti,Zn","(Sn,Sr,Ti,Zn)O",6.55075069941506,0.217479674796748,0,0.1957571138211382,0.1890243902439024,0.9443653727894172,0.006084162232631192,0.02977400854086968,0,other,406,445,400,448
CHAOS_0384,385,395,"Ca,Sr,Ti,Zn","(Ca,Sr,Ti,Zn)O",8.64201930343504,0.3333333333333333,0,0.1872459349593496,0.2865853658536585,0.9600455150385033,0.005922324241694974,0.0824815730636312,0,other,407,372,352,452
CHAOS_0071,72,82,"Mg,Nb,V,Zn","(Mg,Nb,V,Zn)O",8.63929198647957,0.3313008130081301,0,0.3315548780487805,0.07317073170731707,0.7995258687847119,0.005841524938606101,0.05270221230139602,0,other,408,409,457,376
CHAOS_0194,195,205,"Nb,Sr,Tc,Ti","(Nb,Sr,Tc,Ti)O",5.62322914039296,0.1646341463414634,0,0.3427337398373984,0.3597560975609756,1.098651640633134,0.005604090424875742,0.2870183845093447,0,other,409,241,316,364
CHAOS_0175,176,186,"Ca,Fe,Sn,Ti","(Ca,Fe,Sn,Ti)O",6.59223271348911,0.2235772357723577,0,0.1321138211382114,0.1097560975609756,0.8362704729610329,0.00539978933149632,0.2954756345377956,0,other,410,237,439,473
CHAOS_0404,405,415,"Fe,Sn,Sr,Zn","(Fe,Sn,Sr,Zn)O",12.5029950047232,0.4695121951219512,0,0.2182418699186992,0.3231707317073171,0.9889492204623294,0.005315846852715383,0.04315234776531294,0,other,411,422,334,436
CHAOS_0122,123,133,"Ca,Cd,Nb,Zn","(Ca,Cd,Nb,Zn)O",6.56374226545406,0.2195121951219512,0,0.3878302845528455,0.1605691056910569,0.8974413105048575,0.005012471494152515,0.5615301501993865,0,other,412,151,414,334
CHAOS_0129,130,140,"Fe,Nb,Sn,V","(Fe,Nb,Sn,V)O",4.10781117331566,0.04065040650406504,0,0.5659298780487805,0.06300813008130081,0.6950853513378742,0.004630477897926457,0.01190829158959788,0,other,413,480,462,194
CHAOS_0057,58,68,"Cd,Fe,Nb,Ti","(Cd,Fe,Nb,Ti)O",4.64088837733473,0.08130081300813008,0,0.6985518292682926,0.1341463414634146,0.7985456906602668,0.004508329992832122,0.03707871144301504,0,other,414,435,427,105
CHAOS_0353,354,364,"Cd,Mg,Sr,Ti","(Cd,Mg,Sr,Ti)O",6.17897303405296,0.1951219512195122,0,0.2647357723577236,0.1422764227642276,0.8324938140274962,0.004445468152359758,0.07316339106390536,0,other,415,386,423,414
CHAOS_0220,221,231,"Co,Fe,Sn,Zn","(Co,Fe,Sn,Zn)O",16.2214400600678,0.6402439024390244,0,0.5734247967479675,0.4959349593495935,1.035654087220883,0.004380919169213717,0.3344934451188653,0,other,416,221,249,187
CHAOS_0006,7,7,"Mg,Sn,Sr,Ti","(Mg,Sn,Sr,Ti)O",6.37511910979828,0.209349593495935,0,0.05487804878048781,0.08333333333333333,0.7804844891023309,0.003988954944915373,0.03617647727785248,0,other,417,437,452,493
CHAOS_0136,137,147,"Mg,Nb,Sr,Zn","(Mg,Nb,Sr,Zn)O",7.00930302940773,0.258130081300813,0,0.3842733739837398,0.1402439024390244,0.8388153814627672,0.003961445391904624,0.03528302542599131,0,other,418,441,424,335
CHAOS_0226,227,237,"Nb,Sn,Sr,Zn","(Nb,Sn,Sr,Zn)O",5.22134700781903,0.1382113821138211,0,0.2694359756097561,0.09959349593495935,0.7774883201916174,0.003745426474076098,0.08054181212728108,0,other,419,375,444,411
CHAOS_0398,399,409,"Co,Fe,Mn,Sn","(Co,Fe,Mn,Sn)O",14.9678380197403,0.5934959349593496,0,0.4688770325203252,0.2073170731707317,0.937589252850384,0.003610300511995376,0.146222148628935,0,other,420,312,391,263
CHAOS_0335,336,346,"Fe,Sr,Ti,Zn","(Fe,Sr,Ti,Zn)O",9.22212767137954,0.3455284552845528,0,0.2235772357723577,0.2947154471544716,0.9954672553027839,0.003603339274459654,0.1008903988196237,0,other,421,351,348,433
CHAOS_0453,454,464,"Ca,Sn,V,Zn","(Ca,Sn,V,Zn)O",7.42266834055666,0.2703252032520325,0,0.1327489837398374,0.1260162601626016,0.7946622603297205,0.00359278818308613,0.3259401781765808,0,other,422,224,431,472
CHAOS_0358,359,369,"Mg,Mn,Sn,V","(Mg,Mn,Sn,V)O",6.12734318167186,0.1930894308943089,0,0.2545731707317074,0.1321138211382114,0.8481480759085961,0.003506309008744596,0.1193210796139776,0,other,423,336,428,421
CHAOS_0117,118,128,"Cd,Fe,Mg,Nb","(Cd,Fe,Mg,Nb)O",4.87184631763444,0.1036585365853658,0,0.6563770325203251,0.1199186991869919,0.8204650515583365,0.003355730005919961,0.06135533026393192,0,other,424,399,434,144
CHAOS_0037,38,43,"Ca,Mg,Nb,Zn","(Ca,Mg,Nb,Zn)O",13.2427513453093,0.5,0,0.5123221544715447,0.1016260162601626,0.8168505638193919,0.003337698926687183,0.1779239724860036,0,other,425,288,443,236
CHAOS_0060,61,71,"Mg,Mn,Nb,Sr","(Mg,Mn,Nb,Sr)O",9.48016897039771,0.3556910569105691,0,0.2820121951219512,0.2235772357723577,0.9477129650094036,0.003293935617991422,0.005940363801826749,0,other,426,488,383,406
CHAOS_0150,151,161,"Mg,Sr,Ti,Zn","(Mg,Sr,Ti,Zn)O",8.0429794716573,0.298780487804878,0,0.2746443089430894,0.2052845528455285,0.8506231511315138,0.003191374478760821,0.01111416547679681,0,other,427,481,392,409
CHAOS_0218,219,229,"Mg,Nb,Ti,V","(Mg,Nb,Ti,V)O",12.0764284684619,0.4451219512195122,0,0.4557926829268292,0.1565040650406504,0.7955860462041835,0.002968739589765139,0.01572082290802518,0,other,428,476,416,273
CHAOS_0466,467,477,"Cu,Ni,Ti,Zn","(Cu,Ni,Ti,Zn)O",10.6153088642534,0.3861788617886179,0,0.372459349593496,0.266260162601626,1.023827429363699,0.002893258477933705,0.4785224203411371,0,other,429,175,362,342
CHAOS_0462,463,473,"Co,Cu,Fe,Sn","(Co,Cu,Fe,Sn)O",9.67441827927454,0.3638211382113821,0,0.4424542682926829,0.1646341463414634,0.8475160334237846,0.00257953339093912,0.08868803147079483,0,other,430,367,412,283
CHAOS_0443,444,454,"Co,Cu,Sn,Zn","(Co,Cu,Sn,Zn)O",16.4000235226304,0.6524390243902439,0,0.516260162601626,0.3719512195121951,0.9379318836566237,0.002542198626113605,0.07917620623280018,0,other,431,378,310,232
CHAOS_0389,390,400,"Mg,Mn,Sr,Ti","(Mg,Mn,Sr,Ti)O",9.34607451423038,0.3495934959349594,0,0.2604166666666666,0.2398373983739837,0.9498826078093525,0.002525657708214749,0.003629127055796243,0,other,432,489,375,418
CHAOS_0224,225,235,"Mg,Nb,Ti,Zn","(Mg,Nb,Ti,Zn)O",9.05161302951038,0.3414634146341464,0,0.4018038617886179,0.1443089430894309,0.7977366277704943,0.002373524694840295,0.05111309131658313,0,other,433,411,422,318
CHAOS_0368,369,379,"Ca,Mn,Sn,V","(Ca,Mn,Sn,V)O",8.73271759089097,0.3353658536585366,0,0.1476117886178862,0.1280487804878049,0.7157458854835949,0.002259833729426894,0.09298201564304359,0,other,434,361,430,468
CHAOS_0058,59,69,"Nb,Sn,Sr,Ti","(Nb,Sn,Sr,Ti)O",4.2099699834088,0.0508130081300813,0,0.09273373983739835,0.05487804878048781,0.6967991055913156,0.00208820015400185,0.07474260968072677,0,other,435,385,466,487
CHAOS_0240,241,251,"Co,Fe,Ni,V","(Co,Fe,Ni,V)O",12.124251258304,0.451219512195122,0,0.4635416666666666,0.5060975609756098,1.176629215014113,0.001945063874178006,0.2219396193186794,0,other,436,263,244,266
CHAOS_0324,325,335,"Ca,Mn,Nb,Sn","(Ca,Mn,Nb,Sn)O",6.61602128089035,0.2276422764227642,0,0.1570121951219512,0.03861788617886179,0.6537698329257924,0.001936958088330559,0.2104313245845632,0,other,437,271,474,463
CHAOS_0207,208,218,"Cd,Mg,Nb,V","(Cd,Mg,Nb,V)O",5.15638364817624,0.1260162601626016,0,0.4070121951219512,0.04674796747967479,0.6910045186527543,0.001895548785983101,0.03592605516450934,0,other,438,438,470,314
CHAOS_0460,461,471,"Fe,Nb,Sn,Ti","(Fe,Nb,Sn,Ti)O",3.47462491563893,0.006097560975609756,0,0.3502286585365854,0.04878048780487805,0.5606271364985091,0.00179091447548237,0.00841941223967824,0,other,439,484,469,358
CHAOS_0157,158,168,"Ca,Sn,Ti,V","(Ca,Sn,Ti,V)O",5.91215908168779,0.1849593495934959,0,0.1760670731707317,0.1077235772357724,0.7200635743905366,0.001712432871103286,0.161044847583262,0,other,440,303,440,457
CHAOS_0414,415,425,"Nb,Sn,Tc,V","(Nb,Sn,Tc,V)O",3.18184638165503,0.002032520325203252,0,0.3215193089430894,0.02032520325203252,0.4814074418186418,0.001691483562250119,0.05487353973225378,0,other,441,405,483,383
CHAOS_0435,436,446,"Mn,Ti,V,Zn","(Mn,Ti,V,Zn)O",12.1042290751124,0.4471544715447154,0,0.7202743902439024,0.1808943089430894,0.773319653760935,0.001574640789432789,0.06536859879811648,0,other,442,394,404,88
CHAOS_0119,120,130,"Ca,Mn,Nb,Ti","(Ca,Mn,Nb,Ti)O",6.72196685839265,0.2357723577235772,0,0.573170731707317,0.241869918699187,0.9470138882436148,0.001542206827874136,0.006745852038949383,0,other,443,487,374,188
CHAOS_0080,81,91,"Ca,Fe,Nb,Sn","(Ca,Fe,Nb,Sn)O",5.86668054731416,0.1829268292682927,0,0.1612042682926829,0.03252032520325204,0.6660536990065336,0.001541330326045876,0.3212306588692433,0,other,444,228,477,461
CHAOS_0365,366,376,"Mg,Nb,Sr,Ti","(Mg,Nb,Sr,Ti)O",8.03271297641552,0.2967479674796748,0,0.3706808943089431,0.2276422764227642,0.9526191844888692,0.001522021421369691,0.003091154111707735,0,other,445,490,381,344
CHAOS_0186,187,197,"Ca,Nb,Sn,Ti","(Ca,Nb,Sn,Ti)O",5.43206591956708,0.1504065040650407,0,0.1344004065040651,0.04065040650406504,0.6988021550420005,0.001483023792200332,0.3068710063793975,0,other,446,234,473,471
CHAOS_0326,327,337,"Ca,Mn,Sn,Ti","(Ca,Mn,Sn,Ti)O",4.63809115786435,0.07926829268292683,0,0.1539634146341464,0.0508130081300813,0.7532866579695523,0.001467616365665378,0.2013074892989359,0,other,447,277,468,465
CHAOS_0097,98,108,"Co,Fe,Sn,Sr","(Co,Fe,Sn,Sr)O",10.8263207718763,0.3922764227642276,0,0.2856961382113821,0.225609756097561,0.9454947952660053,0.001334436930004341,0.09801961116115646,0,other,448,353,382,405
CHAOS_0182,183,193,"Co,Cu,Fe,V","(Co,Cu,Fe,V)O",12.4696945352065,0.4634146341463415,0,0.4396595528455285,0.4735772357723577,1.139994964378584,0.001313680207275856,0.09015938609949739,0,other,449,365,260,288
CHAOS_0166,167,177,"Fe,Mg,Nb,Sr","(Fe,Mg,Nb,Sr)O",7.83207546112589,0.2865853658536585,0,0.2017276422764228,0.2296747967479675,0.9304270563428508,0.001309868332134508,0.02085994386063417,0,other,450,463,380,443
CHAOS_0260,261,271,"Co,Nb,Sn,Sr","(Co,Nb,Sn,Sr)O",5.14539733245874,0.1199186991869919,0,0.09883130081300812,0.1930894308943089,0.871596120218948,0.001249503628389065,0.08073687402029028,0,other,451,373,398,484
CHAOS_0473,474,484,"Sr,Ti,V,Zn","(Sr,Ti,V,Zn)O",7.14447576319164,0.2621951219512195,0,0.2928099593495935,0.1747967479674797,0.8605521272295995,0.00124620224856609,0.01632687857976833,0,other,452,473,407,398
CHAOS_0102,103,113,"Mg,Mn,Sn,Ti","(Mg,Mn,Sn,Ti)O",4.90839589964508,0.1097560975609756,0,0.1834349593495935,0.08739837398373984,0.7518654435258024,0.001204240809827154,0.1247982555503517,0,other,453,329,450,454
CHAOS_0418,419,429,"Cd,Mg,Nb,Sr","(Cd,Mg,Nb,Sr)O",5.9128444410186,0.1869918699186992,0,0.2658790650406504,0.1524390243902439,0.8456511358689058,0.0009930399426551842,0.03949306623951147,0,other,454,429,418,413
CHAOS_0333,334,344,"Nb,Sn,V,Zn","(Nb,Sn,V,Zn)O",3.73723133687749,0.02032520325203252,0,0.1976626016260162,0.05691056910569105,0.6866233814856426,0.0008374016343450562,0.05070464973022897,0,other,455,413,465,446
CHAOS_0309,310,320,"Nb,Sr,V,Zn","(Nb,Sr,V,Zn)O",5.24747328111382,0.1402439024390244,0,0.3130081300813008,0.1382113821138211,0.8217952764311931,0.0008336168596402502,0.03850533181051151,0,other,456,431,425,388
CHAOS_0172,173,183,"Cu,Nb,Sn,V","(Cu,Nb,Sn,V)O",4.0738945349095,0.03861788617886179,0,0.1829268292682927,0.07113821138211382,0.6994568944642392,0.000820050347127285,0.08908054984447301,0,other,457,366,458,456
CHAOS_0208,209,219,"Fe,Nb,Sn,Sr","(Fe,Nb,Sn,Sr)O",5.29850690721235,0.1422764227642276,0,0.0933689024390244,0.06910569105691057,0.7177791085815456,0.0007767922923125767,0.07978542109938229,0,other,458,377,459,486
CHAOS_0204,205,215,"Cd,Sr,Ti,Zn","(Cd,Sr,Ti,Zn)O",6.74148150696932,0.241869918699187,0,0.2624491869918699,0.1686991869918699,0.8364364770569856,0.0007478800416420894,0.1162160369472629,0,other,459,338,410,416
CHAOS_0137,138,148,"Cd,Fe,Sn,Zn","(Cd,Fe,Sn,Zn)O",15.6212789591552,0.6178861788617886,0,0.4329268292682927,0.217479674796748,0.8485736624505212,0.0007444536242316429,0.3879042877793707,0,other,460,202,386,294
CHAOS_0022,23,25,"Cd,Sr,Ti,V","(Cd,Sr,Ti,V)O",5.34066153321516,0.1443089430894309,0,0.3316819105691057,0.09146341463414634,0.8189498992796628,0.0007243785520643864,0.07109608480087727,0,other,461,388,448,375
CHAOS_0059,60,70,"Cu,Nb,Sn,Tc","(Cu,Nb,Sn,Tc)O",4.15416372251631,0.04471544715447155,0,0.1891514227642276,0.02642276422764228,0.6313795889394199,0.0007043660764202975,0.2871790682588682,0,other,462,240,480,451
CHAOS_0468,469,479,"Mg,Nb,Sn,V","(Mg,Nb,Sn,V)O",4.88378028407277,0.1077235772357724,0,0.1105182926829268,0.01626016260162602,0.5767211579362543,0.000680524539199611,0.03925514333269037,0,other,463,430,485,480
CHAOS_0232,233,243,"Mg,Nb,Sn,Ti","(Mg,Nb,Sn,Ti)O",4.21557652870387,0.05284552845528456,0,0.1173780487804878,0.01219512195121951,0.5653881010919818,0.0006089376664575594,0.0594061069439026,0,other,464,402,487,478
CHAOS_0092,93,103,"Sn,Sr,Ti,V","(Sn,Sr,Ti,V)O",5.34613388124046,0.1463414634146341,0,0.1077235772357724,0.03658536585365853,0.6925052352831205,0.0005685785672557551,0.03709335892943918,0,other,465,434,475,482
CHAOS_0274,275,285,"Mn,Sr,Ti,Zn","(Mn,Sr,Ti,Zn)O",4.62495520354477,0.07723577235772358,0,0.2154471544715447,0.1585365853658537,0.8300215972551227,0.0004923171962235783,0.01586577491998087,0,other,466,475,415,437
CHAOS_0488,489,499,"Fe,Ni,Sn,Sr","(Fe,Ni,Sn,Sr)O",12.1457144329435,0.4552845528455284,0,0.1288109756097561,0.2154471544715447,0.8774159454317746,0.0004831577415029432,0.1210281948136724,0,other,467,335,387,474
CHAOS_0046,47,56,"Cd,Fe,Sr,Ti","(Cd,Fe,Sr,Ti)O",5.14927431488745,0.1219512195121951,0,0.5401422764227642,0.2032520325203252,0.7719302949872531,0.000448053851491985,0.1869871817409297,0,other,468,283,393,211
CHAOS_0364,365,375,"Mn,Nb,Sr,Zn","(Mn,Nb,Sr,Zn)O",7.77869136704458,0.282520325203252,0,0.2263719512195122,0.1626016260162602,0.7838133864470773,0.0003660383646822004,0.05313524014902068,0,other,469,407,413,431
CHAOS_0141,142,152,"Nb,Ni,Sn,Ti","(Nb,Ni,Sn,Ti)O",3.72711182611272,0.01829268292682927,0,0.5893038617886179,0.06707317073170732,0.6946820195856592,0.0002949300830197305,0.2086731552558969,0,other,470,272,460,175
CHAOS_0084,85,95,"Mn,Nb,Sn,Ti","(Mn,Nb,Sn,Ti)O",3.15513776956625,0.0,0,0.3305386178861789,0.05284552845528456,0.5893690318351191,0.0001945558388894152,0.0008217571575882093,0,other,471,492,467,378
CHAOS_0072,73,83,"Cu,Nb,Sn,Ti","(Cu,Nb,Sn,Ti)O",4.29588776308201,0.05894308943089431,0,0.1547256097560975,0.0426829268292683,0.6491554860532954,0.0001941996218785343,0.159333591602262,0,other,472,305,472,464
CHAOS_0089,90,100,"Nb,Sn,Ti,V","(Nb,Sn,Ti,V)O",4.06577574684051,0.03455284552845529,0,0.3086890243902439,0.008130081300813009,0.4405452391908313,0.0001918909965789049,0.02377404207602083,0,other,473,456,489,389
CHAOS_0301,302,312,"Cd,Nb,Sr,Zn","(Cd,Nb,Sr,Zn)O",6.54190234162303,0.2154471544715447,0,0.2214176829268293,0.09552845528455285,0.8270556215220122,0.0001846998576995607,0.1626504367086551,0,other,474,301,446,434
CHAOS_0329,330,340,"Fe,Nb,Sr,Zn","(Fe,Nb,Sr,Zn)O",7.00296627446808,0.2540650406504065,0,0.2508892276422764,0.08130081300813008,0.7269619225828787,0.000180968395607269,0.1212687434279945,0,other,475,334,453,422
CHAOS_0385,386,396,"Cd,Mn,Ti,V","(Cd,Mn,Ti,V)O",5.12483768643048,0.1178861788617886,0,0.4267022357723578,0.02845528455284553,0.6449284531522228,0.0001487099004605159,0.0561951776318863,0,other,476,403,479,297
CHAOS_0235,236,246,"Cd,Nb,Sn,Zn","(Cd,Nb,Sn,Zn)O",4.48611842511236,0.07113821138211382,0,0.2195121951219512,0.03455284552845529,0.6741315806671122,0.0001247282128328058,0.04740669572347872,0,other,477,415,476,435
CHAOS_0291,292,302,"Co,Nb,Sn,Ti","(Co,Nb,Sn,Ti)O",4.01100048383865,0.03252032520325204,0,0.6215701219512195,0.08536585365853659,0.6713207701875722,0.0001181142633979066,0.1216338536787665,0,other,478,333,451,158
CHAOS_0383,384,394,"Ca,Cd,Nb,V","(Ca,Cd,Nb,V)O",5.21747506968808,0.1361788617886179,0,0.3319359756097561,0.05894308943089431,0.6429128140712184,0.0001065598274313775,0.6012620127970864,0,other,479,141,464,373
CHAOS_0293,294,304,"Fe,Sn,Sr,Ti","(Fe,Sn,Sr,Ti)O",6.3497181224987,0.2073170731707317,0,0.07647357723577233,0.06504065040650407,0.6823748307013652,9.695407345951841e-05,0.02530403697922494,0,other,480,454,461,489
CHAOS_0264,265,275,"Mg,Mn,Nb,Zn","(Mg,Mn,Nb,Zn)O",13.6669900127182,0.524390243902439,0,0.5236280487804879,0.02439024390243903,0.6256785097296303,8.8532062449884e-05,0.1148941402431886,0,other,481,339,481,225
CHAOS_0045,46,54,"Mg,Sn,Ti,V","(Mg,Sn,Ti,V)O",4.76528482019439,0.08943089430894309,0,0.1595528455284553,0.006097560975609756,0.4629630846907479,6.62004655756435e-05,0.04211821240097962,0,other,482,425,490,462
CHAOS_0341,342,352,"Fe,Mg,Nb,Zn","(Fe,Mg,Nb,Zn)O",12.0137132739736,0.443089430894309,0,0.4790396341463414,0.03048780487804878,0.6831243523689763,5.738151035786964e-05,0.1691776820596466,0,other,483,296,478,258
CHAOS_0438,439,449,"Cd,Nb,Sn,V","(Cd,Nb,Sn,V)O",3.54942226292021,0.01016260162601626,0,0.2334857723577236,0.004065040650406504,0.4673477495710161,5.224187647961568e-05,0.02237388419298376,0,other,484,459,491,428
CHAOS_0110,111,121,"Cd,Fe,Nb,Zn","(Cd,Fe,Nb,Zn)O",5.73825865834781,0.1707317073170732,0,0.3516260162601626,0.04471544715447155,0.7175331555593603,3.943373245888252e-05,0.12301739513839,0,other,485,332,471,355
CHAOS_0410,411,421,"Mn,Nb,Sn,Sr","(Mn,Nb,Sn,Sr)O",5.49228059825629,0.1524390243902439,0,0.06402439024390247,0.02235772357723577,0.6177911634589051,2.497913337827727e-05,0.03733706245503277,0,other,486,433,482,491
CHAOS_0270,271,281,"Fe,Nb,Ti,Zn","(Fe,Nb,Ti,Zn)O",7.97425379908982,0.2926829268292683,0,0.6873729674796748,0.06097560975609756,0.6190477869706252,1.968222350929461e-05,0.1240553235365921,0,other,487,331,463,115
CHAOS_0287,288,298,"Fe,Sn,Ti,V","(Fe,Sn,Ti,V)O",4.06905854905177,0.03658536585365853,0,0.2379319105691057,0.01422764227642276,0.5751203476526429,1.78784563363161e-05,0.007060677823964784,0,other,488,485,486,426
CHAOS_0195,196,206,"Cu,Nb,Sn,Sr","(Cu,Nb,Sn,Sr)O",4.87793496418726,0.1056910569105691,0,0.06389735772357724,0.01829268292682927,0.6363659916888407,1.672395362366325e-05,0.1922018968917513,0,other,489,280,484,492
CHAOS_0171,172,182,"Fe,Nb,Sn,Zn","(Fe,Nb,Sn,Zn)O",5.19794756057557,0.1341463414634146,0,0.2021087398373984,0.01016260162601626,0.5428524368284073,1.06215955768267e-05,0.03652391528723419,0,other,490,436,488,442
CHAOS_0162,163,173,"Co,Cu,Fe,Ni","(Co,Cu,Fe,Ni)O",33.4396332581764,0.8983739837398373,1,0.811229674796748,0.1239837398373984,0.9686379168527661,5.513032086795133e-06,0.02096409007054258,0,true high-EFA + high descriptor compatibility score,491,462,432,43
CHAOS_0056,57,67,"Mn,Nb,Ti,Zn","(Mn,Nb,Ti,Zn)O",5.16450584206816,0.1321138211382114,0,0.462525406504065,0.002032520325203252,0.5248118992206906,1.55087351096989e-06,0.05345430990057878,0,other,492,406,492,267
CHAOS_0189,190,200,"Mn,Nb,Ti,V","(Mn,Nb,Ti,V)O",13.2029908091387,0.4959349593495935,0,0.6733993902439024,0.0,0.4372450985583689,2.933805324616608e-07,1.772027280629557e-06,0,other,493,493,493,129
