anonymous_id,compositional_family,EFA_percentile,EFA_quartile,PC1,PC2,PC3,PC4,PC5,PC6,PC7,PC8,PC9,PC10
CHAOS_0001,Ca-Cd-Co-Fe,0.774390243902439,Q4,1.365485906927637,1.776209649868983,1.038807073355009,-0.07028562647056803,-0.04772830635853077,-0.03954290661189518,-0.4556579498718442,0.1915834785498364,-0.4478709780231028,-0.06418757004798945
CHAOS_0002,Ca-Fe-Mn-Zn,0.6321138211382114,Q3,1.655239274360417,3.069774133901061,0.4308157870023875,-0.3235798920199169,-0.1042491897787943,-0.00900939243953791,-0.4595059615739809,0.1659459803884474,-0.1556216338640659,0.02685581884111588
CHAOS_0003,Co-Mg-Mn-Sr,0.4369918699186992,Q2,3.96635888249958,1.10920216042269,0.6773963050134787,-0.3226644372645373,0.3699418227553309,-0.8965120550063429,0.3031734366169359,0.03107281183155584,0.2554316853043954,0.03978559611851695
CHAOS_0004,Co-Mg-Mn-Ni,0.8048780487804879,Q4,-2.818301754834883,2.773466191419081,1.148811435695669,0.314512848777529,-0.1270433461660943,0.3712212169111344,-0.5633224922901089,-0.3225305321066906,0.2141599525359501,-0.2200103259707999
CHAOS_0005,Fe-Mg-Mn-Sr,0.6646341463414634,Q3,3.313524335991903,1.125650043392116,0.172814207019139,0.04599095156793935,-0.01396633600078147,-0.9917087217085988,0.8948013445708304,0.09473466139227556,0.3445810159710767,0.4400693158481352
CHAOS_0006,Mg-Sn-Sr-Ti,0.209349593495935,Q1,3.419871273507429,-1.148409467157652,-1.497364855523124,0.636109096362084,0.8789351667971254,0.4127236571033293,-0.08668148796482522,-1.233826475906713,1.198488722488997,-0.9159530611552713
CHAOS_0007,Ca-Ni-Sn-Sr,0.6971544715447154,Q3,5.0923071281029,-0.8744128335181012,0.04827404884387781,0.1753900907179463,1.209343777115505,1.247178452415532,-0.7380206552697398,-0.2395206051515418,-0.4494325508768847,0.4565329766128279
CHAOS_0008,Cu-Fe-Mn-V,0.3434959349593496,Q2,-4.321113901941305,-0.9799424962109063,0.1433967527783091,-1.106684910965824,-0.2721293841213693,-0.9729026878180804,-0.5279462808481934,-0.6922470725282899,0.2794016371902977,0.180775501676672
CHAOS_0009,Co-Mg-Sn-Zn,0.7804878048780488,Q4,-3.328625467978203,0.3624727630066305,0.9175019130248276,1.952231383530231,0.1660119583301042,1.943914604014965,0.06034437994624649,-0.9366491407632626,-0.2526211279863771,0.25481128790233
CHAOS_0010,Cd-Fe-Ti-Zn,0.2723577235772358,Q2,-2.623761249435368,1.219488111977365,-0.5681695345373811,-1.288702953338981,-1.518811995937267,0.1787243361578729,0.1864827471921536,0.1895272857707724,-0.04126649728496175,-0.4853835582398522
CHAOS_0011,Ca-Nb-Ti-V,0.4878048780487805,Q2,-2.285552564111325,1.876060977861832,0.3519076683470207,2.531521069127672,0.3435058029492385,-1.785196694018658,1.094183575264873,-0.03347712464579891,0.429313115194887,0.5757578238729385
CHAOS_0012,Mg-Nb-Sr-V,0.225609756097561,Q1,1.659833724230952,1.034749229836128,-0.350504010643961,0.08059204381882927,-0.263535451805385,-1.872850760595271,0.9802933730139214,-0.2937308026391028,0.6763701356547817,0.1190051022957992
CHAOS_0013,Ca-Mn-Sn-Zn,0.8028455284552846,Q4,2.473453444790675,-0.4743533741844148,0.1827893030129245,0.229197715884808,0.3835714682021736,0.6892704779513888,-0.9794277026243934,-0.09084598445033322,-0.4042924283405145,-0.140036113440923
CHAOS_0014,Ca-Fe-Mg-Sn,0.7540650406504065,Q4,1.967647759857729,-1.312154854705086,-0.7583170137548939,1.329760855777115,0.6313582616126581,0.6823037919594723,-0.7247080993913454,-0.6584983239576293,-0.2664996462692382,0.4240564152894468
CHAOS_0015,Cd-Mg-Sr-V,0.4004065040650406,Q2,2.111615325742395,0.7441888241356821,-0.2905138310964508,-0.3040594158466346,-0.1031862278239681,-0.6554400097463574,0.1493838408706423,-0.1394409924149059,0.2756382526967566,-0.1242753818311837
CHAOS_0016,Ca-Mg-Mn-Nb,0.3109756097560976,Q2,0.4499329088252453,1.031417241665303,-0.3728608266079401,1.105801606775667,-0.009276987885202665,-1.805688298629322,0.251070554518644,-0.5317728584349127,0.3714493190364445,0.1764668787838669
CHAOS_0017,Ca-Cd-Mg-Nb,0.2682926829268293,Q2,-0.2126321684145826,1.09997632604589,-1.198265407675572,0.1721763216006834,-0.3663636475761933,-0.4077605031503854,-0.07633430512735918,-0.2945160342013909,0.1630028718044307,0.1995272171217543
CHAOS_0018,Ca-Mg-Ni-Sr,0.6626016260162602,Q3,3.970729849571185,1.84706109541698,-0.1880441552016763,-0.401589145721641,0.5722046433564719,-0.294938534034591,0.155374973994877,-0.3907453017978222,0.4544844448645139,0.1870882758336556
CHAOS_0019,Ca-Co-Fe-Zn,0.806910569105691,Q4,2.231895018891507,2.18005051585964,0.8351739458148879,-0.6346506060132316,-0.01686444497141035,0.1824630275889861,-0.4827592971436792,0.2700262882534418,-0.269614170460109,-0.180763964161584
CHAOS_0020,Cd-Cu-Mg-Mn,0.782520325203252,Q4,-3.152555810295642,-2.544077297750216,2.182875238912241,1.647479551092925,0.6760360995306823,-0.4234242043607727,-1.467854682727155,2.047196803830197,0.1760310934709508,0.06927033614320961
CHAOS_0021,Nb-Sn-Sr-V,0.05691056910569105,Q1,2.811273669630745,-0.9117445667206091,-0.9032528870846828,0.5013444996657841,0.1579675669138485,0.9422266870788135,-0.05649260180630551,0.09025154031968027,-0.5260504583457325,1.154410868156579
CHAOS_0022,Cd-Sr-Ti-V,0.1443089430894309,Q1,1.546473511378145,-0.409416839432754,0.09781450091724947,0.1615471487924886,-0.4627325140121972,-0.7231220512475819,1.003404790903361,0.0317432283396664,0.7022254623278426,-0.5884868270621286
CHAOS_0023,Ca-Cd-Mn-Sr,0.975609756097561,Q4,2.262495486774944,2.216470341655516,0.2216855665627792,0.3635268577109356,0.3194627123486273,-0.4355841849380718,-0.2856999132849348,-0.1193267772760958,-0.09914092283170038,0.2683603317256543
CHAOS_0024,Co-Cu-Mg-Mn,0.9735772357723578,Q4,-2.887624481112707,1.180528396326681,1.219538264141762,0.7199442643659465,0.1334599477481532,0.1048544005689649,-0.8247093078029848,0.2945526769601014,0.4666358140425404,-0.3413858127119782
CHAOS_0025,Cd-Cu-Fe-Zn,0.9105691056910569,Q4,-4.15848922981796,0.0408207817475324,1.462234497720039,-0.7871838369330545,-1.393231113339719,-0.3277536846542463,0.4122589391134691,0.7672656171345033,-0.2081134961265374,-0.8236946785044286
CHAOS_0026,Ca-Co-Mn-Sr,0.4776422764227642,Q2,4.053106695570133,1.010731969874664,1.128988761817106,0.2178623353489373,0.634013657868221,-0.7475820430673717,0.2270577526829191,-0.002949745349002133,0.0903256213438496,0.1050161416028709
CHAOS_0027,Cd-Co-Fe-Sr,0.5060975609756098,Q3,3.691690809411447,0.8756997637858392,1.091387622764853,-0.9246694311400425,-0.1197100713601616,-0.0533770148688418,0.4701354589487095,0.6986641096423676,-0.1288745442197881,-0.06606966331180557
CHAOS_0028,Cd-Co-Sr-Zn,0.6463414634146342,Q3,4.093946793985825,0.594494691001238,1.290155367343503,-1.581104229792781,0.0004716720541230986,0.1487124443521418,-0.04339341226894271,0.7687958260002348,-0.2440691805506327,-0.562438088130326
CHAOS_0029,Ca-Mg-Nb-Sn,0.233739837398374,Q1,1.585684618651867,-1.654892539883988,-1.857243596017424,1.201822871359544,0.777972255746975,0.4488355897828244,-0.4163762695168217,-1.262715022189128,0.8107233910633533,-0.6660574361684188
CHAOS_0030,Cd-Mn-Sn-V,0.2459349593495935,Q1,-3.256378832694313,-1.030160935805348,-0.707232387312593,1.714850095754366,0.2411542799674443,-0.2111488958071199,-0.8221268590214421,0.74321305212229,0.7080455226646953,-0.6432290344525883
CHAOS_0031,Mg-Ni-Sr-Zn,0.459349593495935,Q2,4.683253952619189,0.6444976595198778,0.3592312208198768,-1.290031431291837,0.1845776399011438,0.3202768389724195,0.3426208026208755,0.3678544487912732,0.2351876897813292,-0.2372161859150371
CHAOS_0032,Cd-Mn-Ni-Zn,0.9126016260162602,Q4,-3.230890936905004,0.6194228003991601,1.832317111136137,-0.9307130479407492,-1.035237022580803,-0.4475164053970773,-0.6617686852004241,0.3950170975287203,-0.5893562674433979,-1.105607960588625
CHAOS_0033,Cd-Mn-Sr-V,0.4247967479674797,Q2,2.282342425378803,0.5542139188003372,0.8337035840760878,0.1610160032364923,-0.02213679200888535,-0.9321598439542815,0.2088085160598257,0.1960199568055234,0.0316711331663358,-0.2515320710765137
CHAOS_0034,Cu-Fe-Sn-Zn,0.7764227642276422,Q4,-4.235192814905568,-0.1895170782778858,0.3129931161940982,-0.2203311457881067,-1.094758037222104,0.7829671901940186,-0.0237424494883725,0.5958115381836007,0.5699401311017653,-0.1415042066644353
CHAOS_0035,Ca-Mg-Mn-Ni,0.9390243902439024,Q4,1.887585231192416,2.502282341628084,0.2553993230055507,0.2003266456292392,0.2203797696505954,-0.3988958536409819,-0.4343257023934425,-0.2193018601588464,-0.02672845665873721,0.3158140070018757
CHAOS_0036,Ca-Cd-Fe-Ni,0.7317073170731707,Q3,1.611656927298145,1.172368435986543,1.158724041714892,-0.1562601566497216,-0.06463652517574413,0.0584422903010818,-0.4484351151481147,0.3005684345456963,-0.54577602525362,-0.08046816624469298
CHAOS_0037,Ca-Mg-Nb-Zn,0.5,Q3,1.337422928538936,0.9133112768326233,-1.650739325521505,-1.070982061287084,-1.359256792491735,0.7404821931774113,1.293126153626047,0.4695568949920755,0.3084003343790725,0.9439640789703303
CHAOS_0038,Nb-Tc-Ti-V,0.1565040650406504,Q1,-4.639239311567699,0.1197724579059775,0.3183961141871022,2.349581815462992,0.488247660407939,-2.264061474533381,1.126125702836287,0.4615758202423051,0.1386097145273953,0.5104468576713344
CHAOS_0039,Ca-Cu-Mg-Mn,0.766260162601626,Q4,1.712518524378707,1.700447893971514,0.06480893096577581,0.4367488939802187,0.1143173259491879,-0.2742579261388409,-0.2490766060259219,-0.0983366907238281,-0.03313047988652498,0.3697430084541803
CHAOS_0040,Co-Mg-Mn-Sn,0.5752032520325203,Q3,-2.255219440371283,-0.02472789136352041,-0.1762987255604062,1.256127171716302,0.1267247522699099,1.080654912994185,-1.115076880567804,0.3026702764976191,0.423801283577229,0.4775664673632355
CHAOS_0041,Co-Mg-Ni-Sn,0.8536585365853658,Q4,-3.459895363345026,0.06209828205774361,1.735993195636219,2.837163603122952,0.6283579135466797,2.573580309297723,0.4166564041703139,-1.373585620555448,-0.2772849036493193,0.5546137528320279
CHAOS_0042,Cd-Co-Mg-Sr,0.6910569105691057,Q3,3.456035761835773,1.588675025122192,0.1380638631645632,-0.8720216597004028,0.1668347027436884,-0.01280782642555135,0.009655678652623931,0.07818445220925793,0.1894252301680244,-0.1341519513486946
CHAOS_0043,Cd-Mg-Nb-Sn,0.03048780487804878,Q1,-2.64971605363881,0.615246461697683,-3.326527537732069,-0.5322878624738866,1.644821898021211,0.4924004847420239,-0.6096271505632448,-0.6753095718547656,-0.4093755745610268,-0.2916694782351825
CHAOS_0044,Ca-Mn-Nb-Sr,0.4126016260162602,Q2,1.536694645023223,-0.1040458453951407,0.8533372071032334,1.647437513101609,0.289021956162234,-1.858104705013169,0.5940982314987956,-0.1965796944922346,-0.2346913898312524,0.5711729166800931
CHAOS_0045,Mg-Sn-Ti-V,0.08943089430894309,Q1,-2.803167296599836,-1.544252065729368,-4.823245756415124,0.8555124215862902,3.207217427852108,0.2977600744601659,2.214869613783574,0.470766609356652,-1.207132662349711,-3.167186895365162
CHAOS_0046,Cd-Fe-Sr-Ti,0.1219512195121951,Q1,2.280600875280552,-0.2352581745930792,-0.2092323912943595,-0.6663768139287016,-1.447665487314951,0.7359816168005207,1.926787975494244,1.384033950035044,-0.5612115599925633,1.759197563030168
CHAOS_0047,Ca-Cd-Sn-Zn,0.8292682926829268,Q4,1.835620729755348,-0.695656968424446,0.2268324595725879,-0.2068541552450919,0.2437998528962433,0.8509557155693883,-1.252606896166921,-0.01290949401634579,-0.7612123341882768,-0.234255506460376
CHAOS_0048,Cd-Co-Sn-Zn,0.7215447154471545,Q3,-3.418547827529477,-1.546745017493136,0.8241923135682875,0.2298286424960901,-1.319368417593981,-0.02333789540389477,-0.1114097242935282,0.6105934201609325,-0.8277016719082508,-0.0658866985834785
CHAOS_0049,Cu-Mn-V-Zn,0.7459349593495935,Q3,-3.614788598034311,-0.6385926990252088,-0.2311808810637852,-2.728083241094782,-0.5714980549802978,-0.423244750385437,-1.18135702886365,-0.7971559142531147,0.2302795131989722,0.03435879927025065
CHAOS_0050,Cd-Ni-Sn-Zn,0.6849593495934959,Q3,-3.337174312756229,-1.323540865928742,1.13872818598472,0.182590013163052,-1.141895296450851,-0.2421214728304964,-0.3235264042560012,0.3679044546187311,-0.7042797422952475,-0.4987219673581931
CHAOS_0051,Ca-Mg-Mn-Sn,0.5548780487804879,Q3,1.888183830940829,-1.626622608296479,-0.4184392740754813,1.591297687993082,0.8632655964720883,0.2377417232376508,-1.17830840693999,-0.7458989180418171,-0.3377123127414972,0.2070805781684174
CHAOS_0052,Co-Cu-Mg-Ni,0.8394308943089431,Q4,-5.173394138474869,1.859673868573998,3.553808380658333,2.524198499636189,0.5515912072380781,2.813795771687201,2.421791507062619,-1.144705284132628,-0.2068740878421901,0.4485578729418658
CHAOS_0053,Fe-Mn-Sn-Zn,0.540650406504065,Q3,-3.202722025471369,-0.7626750977252291,-0.0977261497976011,-0.5274735366136343,-0.7424164798479939,0.3257253223461342,-1.012090410240418,0.1878392217953541,0.4404091797780979,-0.385359169951491
CHAOS_0054,Ca-Mn-Nb-Zn,0.4166666666666667,Q2,1.598866817208531,0.7469390256000622,0.08444568439614458,-0.4413037606734966,-0.6380100706833199,-0.01036858329461978,0.2211654686775723,0.4212740983676874,-0.2386674854807393,0.3895039111489514
CHAOS_0055,Ca-Mg-Ti-V,0.8353658536585366,Q4,-0.6321460429817823,1.460691194721946,-0.3486633916085592,1.097297634253981,-0.04266006718928829,-2.118482159681893,0.02895526170188577,-0.528089570219927,0.1431920041315187,0.4684944046971226
CHAOS_0056,Mn-Nb-Ti-Zn,0.1321138211382114,Q1,-1.929313204129743,-0.9823146884269862,-1.997601094318354,-2.260999468642727,-2.701323446728859,0.4902911389267534,1.856560541844126,0.4270136005638857,0.8380826621552407,0.6162392703721777
CHAOS_0057,Cd-Fe-Nb-Ti,0.08130081300813008,Q1,-3.288392455324103,1.223114583176354,-1.466222799680897,0.5001917575709485,-0.9644251380403553,-0.9630825348986838,0.7256948848809625,-0.2307848171085006,0.1494237961603758,0.2397298370072009
CHAOS_0058,Nb-Sn-Sr-Ti,0.0508130081300813,Q1,2.800985295463217,-2.214364331057818,-0.9988387001896969,0.8540828195216428,0.3316733820973365,0.6023986356838156,0.3379653385883026,-0.4493861757785959,0.4289311420741322,-0.08289169246790856
CHAOS_0059,Cu-Nb-Sn-Tc,0.04471544715447155,Q1,-0.2493189953405733,-2.028795399473048,-1.326603568794563,0.2831252557591159,-0.3223042363937849,-0.5398048798888208,0.1161384028926452,-0.7966240988307983,1.709553441577502,-1.953898311275758
CHAOS_0060,Mg-Mn-Nb-Sr,0.3556910569105691,Q2,2.462477790529336,-0.01041745789605203,0.3056340952962079,0.4112470444650843,0.09555223628232298,-1.952931074323781,0.6300945317107761,-0.3259472113136822,0.4810458566856226,-0.1175907607181447
CHAOS_0061,Cu-Mn-Sn-Zn,0.5833333333333334,Q3,-3.06872865450271,-1.093335002061725,0.708883296059888,-0.3398217605495895,-0.6384774261945068,0.09894560180907262,-1.263700947077171,0.3565999606478911,0.03451797587658939,-0.5820242681441612
CHAOS_0062,Ca-Mn-Sr-Ti,0.201219512195122,Q1,1.688253453869786,-0.4050228286261136,0.8680764598097275,1.556521878838744,0.2510984394608998,-2.013596318660759,0.6663126392721974,-0.2949650657255953,0.01309168099950219,0.307118328783106
CHAOS_0063,Cd-Co-Mg-Zn,0.8963414634146342,Q4,-3.232733785879025,1.49262736503206,0.986555442005661,0.4770148696610887,-0.4651084093253319,0.1519869963817505,-0.420103946424554,-0.1505804515411093,-0.4699523819894771,-0.4297427965644899
CHAOS_0064,Co-Mg-Mn-V,0.9776422764227642,Q4,-2.415055658927349,2.347650841531915,-0.09539865346962681,0.3460375066240085,-0.4015805679094497,-0.7746822119006248,-0.6122321029759185,-0.4526881685549712,0.2500041826871242,-0.06389096214948048
CHAOS_0065,Co-Fe-Mn-Zn,0.9979674796747967,Q4,-5.392940964855467,1.648772266767766,-2.672904432970388e-05,-2.492364063979327,1.051964615913156,-0.2339509455018475,-0.6417979670935806,0.1217506675006969,-0.5364623237027472,-1.238167252141613
CHAOS_0066,Cd-Mg-Sn-Sr,0.7845528455284553,Q4,3.326563534920071,-0.6979474168530622,-0.7489889284362893,-0.01106383536454982,0.8322906582103448,0.7969149058183951,-1.018820115815835,-0.5946211069446667,-0.1374890408486449,-0.1689343370920763
CHAOS_0067,Cu-Mg-Ni-Zn,0.943089430894309,Q4,-6.28425555862977,3.284959454848707,6.079618820111762,2.416265386305243,1.342971308774924,4.691434367839351,3.604795025645017,-2.846789624698517,0.05670041413557523,-0.7851318929243917
CHAOS_0068,Ca-Cd-Mg-Zn,0.9024390243902439,Q4,0.9419364825826066,2.377686982489674,-0.5036253769445007,-0.6666255421490995,-0.1707162100974264,0.285484591166498,-0.8161162608768413,-0.2398239463230539,0.02965258217744714,-0.3748931703654189
CHAOS_0069,Co-Mg-Sn-Sr,0.5589430894308943,Q3,4.634394899747014,-0.2390347706160904,-0.5765696652370482,-0.08587536336621938,0.892973820893129,0.9122740740215463,-0.3681036165466274,-0.4463219339814887,0.2515974462000132,-0.01575354456187979
CHAOS_0070,Cd-Mg-Ti-V,0.2317073170731707,Q1,-5.473962377625254,1.828262533758706,-5.15560391049168,-0.4682539902557057,4.932343395152603,-0.5463897733139393,3.39440428221111,3.247808835107443,-5.461363458700645,-3.049327953902085
CHAOS_0071,Mg-Nb-V-Zn,0.3313008130081301,Q2,-1.305529037985452,-1.637194182355162,-1.112561385243483,-0.8211732413242953,-1.023928499034896,-0.6916256899065056,0.001174672099713032,-0.4527655630956065,0.3479441179989068,-0.5510303825280894
CHAOS_0072,Cu-Nb-Sn-Ti,0.05894308943089431,Q1,-0.650530744822615,-3.585614708503755,-1.95190034400726,-0.3470170709610608,-0.7641952206517604,0.5057304675066113,0.7300160362816399,-0.8234223181537169,1.563380082497695,-1.072554159554718
CHAOS_0073,Cd-Mn-V-Zn,0.4349593495934959,Q2,-3.235293494655597,1.294560667133737,-0.03535003861163376,-1.069093675524673,-1.486733568300783,-0.2386535273249107,-0.2385228036007037,0.3856984749711599,-0.3205086859516335,-0.6483412180143374
CHAOS_0074,Co-Mn-Sn-Sr,0.5304878048780488,Q3,4.652125188105839,-0.1808939912124451,0.1984458531192352,-0.09682172633336307,0.6278329960327431,0.603005711142305,-0.04232941955968535,0.05193616316463923,0.1849507547607942,-0.1324126663555196
CHAOS_0075,Ca-Cd-V-Zn,0.790650406504065,Q4,0.885986719905909,1.597903386365475,0.08962850334251826,-0.6447911234417654,-0.5286908110555494,0.3574971719020869,-0.3271090049551471,0.309926391454819,-0.2983463464185549,-0.119649830749152
CHAOS_0076,Mg-Mn-Nb-Sn,0.02845528455284553,Q1,-1.346728148298333,0.2656021154033228,-2.216882673725929,0.4324849397465808,0.2813843064086433,0.1818300811199899,-1.457170924016645,-1.065950698135627,0.4419157493661093,0.334759016412859
CHAOS_0077,Ca-Fe-Sn-Sr,0.5447154471544715,Q3,4.319818521251746,-1.460984862682689,-0.2292995657734242,0.9184426687630902,1.114660527650794,0.8581017756724634,-0.5239025691848043,-0.4649125033044148,-0.3251192690443968,0.4674089522692754
CHAOS_0078,Cd-Co-Mn-Zn,0.9471544715447154,Q4,-3.473472603329532,1.391829595464313,1.525914576219512,-0.8998459321084818,-1.037644833105082,-0.3540828819862404,-0.4574951055498048,0.2811244450898009,-0.2412863685429847,-1.219851062373964
CHAOS_0079,Co-Mn-Sn-Zn,0.7520325203252033,Q4,-3.003339018781015,-0.1156082492776815,0.2888292882862386,-0.555762730712864,-0.8361995534072229,0.4281090152684587,-1.191299467336141,0.2177685775935601,-0.06375798702485705,-0.2180568903285039
CHAOS_0080,Ca-Fe-Nb-Sn,0.1829268292682927,Q1,1.89562133217892,-1.458805993866244,-1.527792583304005,0.9659188353602556,-0.2499049676337019,1.075503178008563,0.9719345558534431,-0.200000181120113,0.5676494436653229,0.2600069380548958
CHAOS_0081,Mn-Sn-Sr-Zn,0.6158536585365854,Q3,4.590155788875332,-0.03743926445940095,-0.05315954313624659,-0.5853563866334267,0.4295294804772911,0.771494145466982,0.02528594155338083,0.1412664762706292,0.3200947511202267,-0.4104399619046369
CHAOS_0082,Cd-Co-Fe-Zn,0.823170731707317,Q4,-4.190078056327292,0.2481888883418122,1.699016008870986,-0.8193377537374184,-1.441600240218303,-0.07116473011127927,0.583157148019502,0.5501059219471072,-0.2985486310209134,-0.7285481670521612
CHAOS_0083,Cd-Mg-Ni-Zn,0.8800813008130082,Q4,-3.17427430751206,2.515824972044978,0.8273021756734583,0.2744065203771576,-0.4763841377840044,0.4113735410776333,-0.2444339030158341,-0.2988374883563136,-0.1352189634084867,-0.689669184665424
CHAOS_0084,Mn-Nb-Sn-Ti,0.0,Q1,-2.239511742078498,-2.378067216302971,-1.973394029305836,-0.225084225227967,-0.3138034022788374,0.1642276723389058,-0.9333685470502918,-0.7272160941258482,-0.2006380180917942,1.553676765543824
CHAOS_0085,Ca-Cd-Mg-Sr,0.9207317073170732,Q4,1.770347014104599,2.153521885877491,-0.9898567273808849,-0.3701810926111458,0.1781108292846413,-0.4109752378612044,-0.425814916909862,-0.6419337272729457,0.3522106818475929,-0.01286779339019543
CHAOS_0086,Ca-Cd-Mn-Sn,0.5284552845528455,Q3,1.273587958002573,-0.2830850163181468,0.05745422076141631,1.038292696227135,0.5405709869001333,0.4876750585104538,-1.372040476396873,-0.2046045211540586,-0.7471237365514075,0.2031453850598725
CHAOS_0087,Cd-Sn-Sr-Zn,0.7113821138211383,Q3,3.954317724503026,0.1603986817324834,-0.03001012292771848,-1.119706625620432,0.2944182712065195,0.9710167553102499,-0.4004412853705738,0.2149057729412522,-0.05416596161175118,-0.4828533552949107
CHAOS_0088,Cd-Mn-Ni-Sn,0.5894308943089431,Q3,-2.662810204323816,-1.014295893816761,0.8033344880378867,0.298280531480326,-0.7506233600885008,0.2225988053590486,-0.8264725075197633,0.5114507996773467,-0.1843238471515166,-0.4497108598983474
CHAOS_0089,Nb-Sn-Ti-V,0.03455284552845529,Q1,-2.64509900312747,-2.368181734846349,-3.229795990626715,0.1979136736991915,-0.2454069093862658,0.8898246256056345,0.7745305551174448,0.289874499313987,-0.4773385819234351,1.124887482842272
CHAOS_0090,Ca-Fe-Nb-Sr,0.2947154471544716,Q2,2.304043843983227,-0.4946934845649425,0.6993454231438608,1.244047264999821,0.3389789473657484,-1.328869690578401,0.814647175889181,-0.3087022113809455,0.1562178522897009,0.1394864242298983
CHAOS_0091,Cd-Ti-V-Zn,0.08739837398373984,Q1,-3.06308344538297,1.560576848146758,-1.258212240086758,-1.563352823266241,-1.353640441903296,0.1432447416366776,0.1801565390519722,0.05685256615188918,-0.03458230893374453,-0.3274899440026665
CHAOS_0092,Sn-Sr-Ti-V,0.1463414634146341,Q1,3.015568513402347,-0.5807039953598031,-1.497845672125233,0.6536626042099128,0.2343909359142528,0.7833752658169942,0.8046758864386089,-0.5698527332089103,1.216786062363567,-0.4671550949798481
CHAOS_0093,Ca-Cd-Mg-V,0.7052845528455285,Q3,-0.2622476704961448,2.175136661955642,-0.9181958478354453,0.4580218411792686,-0.2259374544968084,-0.3988347291974944,-0.2002747191543688,-0.2687695274656454,0.1122824801500654,0.2852103346574613
CHAOS_0094,Mg-Mn-V-Zn,0.4207317073170732,Q2,-2.350090889887291,1.964681313248241,-0.6318463514113992,-0.3106673589475598,-0.6887974594165669,-0.3943011996730387,-0.8945156152461845,-0.3170082112483067,0.004386425667011703,-0.2925516254365385
CHAOS_0095,Cd-Co-Mg-Ni,0.8333333333333334,Q4,-3.309280809578463,1.815569422999585,1.668349390344708,1.053329474455548,-0.162287986717927,0.3887640826869849,0.1499788127381123,-0.4024761691908708,-0.3060487693326863,-0.3314020635651733
CHAOS_0096,Fe-Mg-Sr-Zn,0.6239837398373984,Q3,4.026943521819905,0.8440408081633879,-0.2519606391567916,-1.179813217952037,-0.3738999762934201,0.4154544690974964,1.00418243544635,0.5640937110260872,0.2695473315546629,0.3834594584194315
CHAOS_0097,Co-Fe-Sn-Sr,0.3922764227642276,Q2,4.629756676061042,-0.981953273648018,-0.3627508079105369,-0.8065900850901349,-0.5615849563633879,1.746774066998726,1.309156767510403,1.160382291057052,-0.4788524096682152,1.557557651426444
CHAOS_0098,Cd-Fe-Mg-Sr,0.6361788617886179,Q3,2.886146052757859,1.803811304449534,-0.1685977631682674,-0.4389980125683303,0.1314193505169881,-0.2766895094511265,0.08427913066255134,-0.1128854245107822,0.3172997248431263,-0.1182376048481836
CHAOS_0099,Sn-Ti-V-Zn,0.05487804878048781,Q1,-1.857159198214842,-0.968126382911304,-1.222873396288555,-0.7643237652982221,-0.4434771190466299,0.705567159973638,-1.613544448297737,-0.3714112009884225,-1.119783227835149,0.803935119200423
CHAOS_0100,Cd-Fe-Mg-Ni,0.8191056910569106,Q4,-3.109407007884668,-0.1645010426016039,1.806180483787589,1.070579735577323,-0.1460416895353286,0.03650241775339644,-0.08237028882370159,-0.1930336518752642,-0.1675537922866958,-0.5873771062144562
CHAOS_0101,Ca-Fe-Mg-Ni,0.8211382113821138,Q4,2.034272438077192,2.268859560034804,0.2164622382541851,0.1642995447839692,0.2434657521639218,-0.1514618440919485,-0.3493532842485555,-0.2194392405772977,-0.0865483688608968,0.3448939245724306
CHAOS_0102,Mg-Mn-Sn-Ti,0.1097560975609756,Q1,-1.611162496929435,-1.676720737468428,-2.043973735837106,1.395655054299499,0.2603899977151604,0.1170556073792973,-0.203412154586024,-1.04571447117379,1.485233229762115,-0.9759218256151604
CHAOS_0103,Ca-Mg-Sn-Zn,0.7703252032520326,Q4,2.276516811136716,-1.082163563853884,-0.5056430881851898,0.3748266697558194,0.63802406902035,0.8517713094224528,-1.232991535133605,-0.632060441155499,-0.331196729008151,-0.130815825156116
CHAOS_0104,Ca-Fe-Mg-Ti,0.3597560975609756,Q2,0.6551548733600148,0.2477764509686947,0.05953616128851014,1.21594792579756,0.1624568004890861,-1.493004350340159,0.0151266448221174,-0.5841827974939043,-0.0683382713476006,0.3391771640025759
CHAOS_0105,Sn-Tc-Ti-V,0.008130081300813009,Q1,-2.820316578205969,2.437327220724022,-3.435877725733339,1.054416735733545,0.6726191104026686,0.5358633394960732,-0.005351515864554452,0.4995967921327327,-0.4167098847061552,0.7754202323481486
CHAOS_0106,Cd-Mn-Nb-Zn,0.1747967479674797,Q1,-2.013925830795409,0.4672658353594424,-0.4310392811016062,-1.697580034281903,-1.889323942225257,-0.2639703145738502,-0.2221505228157751,0.5884023447696509,-0.4159207502633663,-0.1315104071564044
CHAOS_0107,Cd-Sn-Ti-V,0.02235772357723577,Q1,-4.220394093351516,1.036176211610014,-4.584719206524071,-0.06050844844671153,3.357037373150273,0.7461079051380023,1.710556787988428,1.954092420155102,-3.571592966380699,-2.006511676281626
CHAOS_0108,Cd-Mg-Sn-Ti,0.06300813008130081,Q1,-4.516054553350261,0.7384636704339619,-5.470984469637788,-0.9704805173086531,6.997334467277813,0.4690846120891459,1.960250888917463,1.933493770027747,-5.512556114998071,-3.076431699498479
CHAOS_0109,Mg-Mn-Sr-V,0.3150406504065041,Q2,2.499232697258959,1.464623850100292,0.1827718484133391,0.2207067650752057,0.06740645732616905,-1.723965201615786,0.5129776736633519,-0.1998926364720795,0.3751390146221549,0.2527499747740739
CHAOS_0110,Cd-Fe-Nb-Zn,0.1707317073170732,Q1,-1.381301887866417,-5.772500226785072,0.371192346640719,-1.277863429251982,-2.053983465621802,-0.7046395659604273,1.429941787385432,0.5313509725659579,0.3616419596934739,-1.412588349111227
CHAOS_0111,Ca-Co-Ni-Sr,0.4288617886178862,Q2,5.210343805904383,0.7686367396975664,1.262537398900216,-0.4592275811682449,0.8532011285569444,0.01984688426467563,0.1425805780001786,0.162337548666984,0.06429869177145867,-0.1162208867622237
CHAOS_0112,Ca-Cd-Nb-Ti,0.1544715447154472,Q1,-1.337120473023694,2.713075564049904,-0.9234407465283293,0.8406930053066952,-0.341706953625541,-0.2615644952067284,0.2507711358960311,-0.08880304751810125,0.3042323233295868,0.2934240699613976
CHAOS_0113,Cd-Mg-Ni-Sn,0.8597560975609756,Q4,-2.827331874992975,-0.6645683193858142,0.2333813065201645,1.8676324617949,0.221045416109763,0.5649771220437161,-0.8392145186756186,-0.1450678033004284,-0.5774454709137216,0.2696763872700613
CHAOS_0114,Cu-Fe-Mg-Ni,0.8678861788617886,Q4,-3.842506960206209,2.333156926881275,1.745760718481173,1.073111880677331,0.2412717359976601,1.115513569820664,0.0164339713408084,-0.2192180961117617,0.3967213066429252,-0.1599574666197648
CHAOS_0115,Ca-Cu-Mg-Zn,0.9898373983739838,Q4,2.163550120896537,1.619398890756332,0.1891644877157222,-0.3609426449350478,0.2337134672137813,0.3056618715787707,-0.8955037142544962,-0.08484805808646011,-0.3134170580663668,-0.04063594876621397
CHAOS_0116,Cd-Mg-Ti-Zn,0.2601626016260163,Q2,-2.43556497992053,1.198778306052675,-1.582860668590131,-1.073270460846709,-1.215621820153581,0.4163823708159902,0.2900655053321693,-0.06590597699039166,0.2375247607824883,-0.2584714906058962
CHAOS_0117,Cd-Fe-Mg-Nb,0.1036585365853658,Q1,-2.427164769364607,0.6204807573634176,-1.878205953847762,-0.007866678768311387,-1.363359212766514,-0.2270734348480239,0.8661052199157818,0.1951211930978998,0.1344456368934365,0.8435791927751882
CHAOS_0118,Cu-Fe-V-Zn,0.3130081300813008,Q2,-4.103729483011746,-3.770022180038767,0.4769314137205595,-3.495760600826151,0.9375211054204954,-1.062276326048903,-0.4637305211615552,-1.458919487664939,0.5485375355222049,0.8771677064902724
CHAOS_0119,Ca-Mn-Nb-Ti,0.2357723577235772,Q1,-1.353371164222857,1.023482456434502,-0.1675319467958444,3.503828414333687,0.3391394630596207,-2.419940774535849,1.467425410222939,-0.1538647400400713,-0.3668151630822065,0.9851814436002572
CHAOS_0120,Co-Fe-Ni-Sr,0.3699186991869919,Q2,4.902288233621435,-0.5100154888813551,1.830092693406861,-0.8313020971494844,0.3104226921888444,-0.5192896666109295,0.5707259334850683,0.5928144322666876,0.0770345029855881,-0.5604555402071719
CHAOS_0121,Ca-Fe-Mn-Sn,0.7967479674796748,Q4,1.896479650907072,-0.8143028389635243,-0.06391098073391216,1.441074740481678,0.4723571292236384,0.3570696705493707,-0.5523479635578453,-0.246299904008126,-0.3894893760764057,0.3393049034660933
CHAOS_0122,Ca-Cd-Nb-Zn,0.2195121951219512,Q1,1.213954074748258,-1.271903809705885,-0.2781426856046835,-1.097211859981605,-1.455932673374498,0.8963353218578615,1.059712536491844,1.02582230639747,-0.3898588741439428,0.5115265460009307
CHAOS_0123,Ni-Sn-Sr-Zn,0.4939024390243902,Q2,5.300438555776914,-1.637472164896829,0.8741210708041165,-0.8907838207470159,0.6621224104017694,0.6510855909409439,-0.2240427740990719,0.2820085426388888,-0.07026066082384534,-0.6829852923990873
CHAOS_0124,Ca-Co-Mg-Sn,0.8638211382113821,Q4,2.385607320998822,-0.2299601312279831,-0.4846013913992739,0.7680006237099386,0.7631783454786908,0.9141556606092568,-1.23363218085278,-0.5909723746806472,-0.5129560772446566,0.5318916269279458
CHAOS_0125,Ca-Mg-Mn-Sr,0.5650406504065041,Q3,2.427714524961511,1.359731026071478,-0.108012355061548,0.4085156598877563,0.1966570595228388,-1.666773040203031,0.3218152505478648,-0.4643136557556676,0.3273157610845767,0.4318080708449537
CHAOS_0126,Co-Fe-Mn-Ni,0.9512195121951219,Q4,-6.563154833429133,2.171019826357891,1.790908213217538,-2.187972981047929,1.289570843003042,0.5016900875192036,0.549723787956521,-0.8725147025751846,0.4429048083990237,-0.8802758444829654
CHAOS_0127,Cd-Mn-Nb-Ti,0.01219512195121951,Q1,-3.68427358118482,2.678084780121007,-1.539947167128778,0.676619801795213,-0.9937812868625439,-0.9955623298963262,0.3664165816547793,0.100654752156246,-0.02208190477567549,0.4916305729798163
CHAOS_0128,Nb-Sn-Tc-Zn,0.0426829268292683,Q1,-0.3065338777451517,-0.5863250464471969,-1.244180224330334,-0.6916962372858394,-0.5779177965533953,0.07345242582632501,-0.799214907854811,-0.2977334079851163,0.1448050858412074,-0.4914828335183393
CHAOS_0129,Fe-Nb-Sn-V,0.04065040650406504,Q1,-2.243884485344326,-0.8066373176845654,-2.522550404182546,0.1086476520771083,-1.293682645375152,0.7950823499706108,0.2454547893999855,0.1987934237092404,-0.649048641964484,2.014606094574167
CHAOS_0130,Ca-Fe-Sr-Ti,0.4186991869918699,Q2,2.383563352551834,-0.4517892933009128,0.762482938314313,1.204568295160035,0.3934587934788919,-1.447329169061709,0.6436110498590721,-0.3696200174534043,0.1180733188465664,0.1524840514997911
CHAOS_0131,Mg-Sn-Ti-Zn,0.0975609756097561,Q1,-1.236824980597646,-1.195999065138429,-1.713489962833988,0.06068952995437928,-0.1308119279320982,0.7561267616818265,-0.6358195759756744,-0.9640304693431891,0.4240970540207314,-0.5812425898637618
CHAOS_0132,Ca-Fe-Ni-Sr,0.4085365853658536,Q2,4.56522390947356,1.59441315995801,0.7703574700645027,-0.1429316130333772,0.6966138611953379,-0.07419429701427567,0.3113424101798428,0.02414261151956568,0.2228397627005766,0.08098166190473495
CHAOS_0133,Cd-Nb-Sr-Ti,0.08333333333333333,Q1,0.7722703791806387,2.897519562562409,-0.4436627083498466,-0.03360593275875772,-0.2659260946194241,-0.4555511505142298,0.06153751346898638,-0.08628166104369678,0.2247269099899554,0.1214994223481877
CHAOS_0134,Fe-Mg-Sn-Sr,0.483739837398374,Q2,4.149521925790483,-0.0912252224139327,-0.9971094269753977,0.3166071056769726,0.8218494118276427,0.7658043534005613,-0.1536334580725798,-0.649798460047478,0.5393488450507073,-0.1035829199687769
CHAOS_0135,Cd-Co-Ni-Sn,0.5467479674796748,Q3,-3.602781061183292,-1.076387271067605,1.072852161235717,0.776002639047406,-1.017974705215465,-0.04965568977291418,-0.2519236717969022,0.2969622451355972,-0.6402710824294244,-0.1668450551832308
CHAOS_0136,Mg-Nb-Sr-Zn,0.258130081300813,Q2,3.161516167463303,0.09900885518696381,-0.5680669200359395,-1.249088385793493,-0.6601430581970953,0.1242280655269014,0.8277997481132593,0.4813177619775565,0.05270893912259553,0.6036521693077114
CHAOS_0137,Cd-Fe-Sn-Zn,0.6178861788617886,Q3,-3.212292051880337,-2.822637190243017,0.08721687679435841,-0.2796836515265196,-2.026912117124616,0.6408968454168177,1.048512291052635,1.137710731039912,-0.2013089404924539,0.04102308137254508
CHAOS_0138,Cd-Mg-Sn-V,0.1788617886178862,Q1,-4.845537631340386,1.550690749001908,-4.386196491787858,2.329523320123944,4.049319246795808,0.2107096557067837,1.165038758814671,2.469983929313064,-2.92150956362653,-0.8336120874038017
CHAOS_0139,Mn-Ni-V-Zn,0.5873983739837398,Q3,-3.522452232959537,-0.7086998915401609,0.3224330374705038,-2.850868785803941,-0.5393219660525876,-0.4282493261784761,-1.671481107064217,-0.7283989533745489,-0.5355634429555071,0.6670011818987609
CHAOS_0140,Cd-Mg-Sr-Zn,0.7195121951219512,Q3,3.204903201016346,1.220705605008412,-0.1885169542681797,-1.407732223780174,-0.1344109474452911,0.2576129728303742,-0.09362414987815526,0.2056167470948024,0.170620861545698,-0.3901291314131362
CHAOS_0141,Nb-Ni-Sn-Ti,0.01829268292682927,Q1,-1.001653970024883,0.7670849606521679,-3.594228736410261,-1.898543996396004,-2.449259622309718,2.630605436623214,1.785677593724107,0.5737639705177129,0.5256030265651838,2.120696851302924
CHAOS_0142,Cd-Co-Ni-Zn,0.8373983739837398,Q4,-4.525575686770889,1.14076472812048,2.15437225105314,-0.2309882669623686,-1.005083798334614,-0.5873079747132826,0.265112705362246,0.2158749002214501,-0.6123248417017249,-0.7956841771135709
CHAOS_0143,Mg-Sn-V-Zn,0.2378048780487805,Q1,-1.644326857766474,-1.443266427688829,-1.421190240767644,0.7209702645163368,-0.2101371433635838,0.4831414804014122,-0.408717055716007,-0.7440716849095302,0.4901357394544065,-0.8449696077389824
CHAOS_0144,Ca-Fe-Mg-Zn,0.741869918699187,Q3,1.712255272517186,2.646074972767439,-0.2933659686970935,-0.2777864645007705,0.02005211734639503,0.1178788088225983,-0.502407579040662,-0.2198527521467148,0.0430300543730715,0.08580160600079471
CHAOS_0145,Ca-Cd-Fe-Sn,0.7723577235772358,Q4,1.463553060074969,-1.407360438696188,0.07348275813870513,0.8901795935263517,0.2908180405576588,0.6618799927235431,-0.8169028075088717,-0.0927319579327768,-0.7198719154284132,0.1933286074196348
CHAOS_0146,Ca-Mn-Nb-V,0.3272357723577236,Q2,-0.6015812108178323,0.4730975854493983,0.4089795545971679,2.454285265590801,0.1149445043950515,-2.063763007585351,0.9256766770918957,-0.1273356573623232,-0.2278973410961083,0.5801949029238286
CHAOS_0147,Cd-Fe-Ni-Sr,0.4410569105691057,Q2,3.8135111826227,1.487925799993881,0.8518656740875136,-1.108523331968664,-0.1529612234821888,0.1925222414367094,0.5642964779343473,0.7155144112947597,0.05144215447804622,-0.1298515013128992
CHAOS_0148,Ca-Mg-Nb-Ti,0.4268292682926829,Q2,-0.7269209988627128,1.206018656938154,-0.9261881251171947,0.9412553903876792,-0.1241650990729221,-2.147712472919995,0.3829432579580618,-0.7123915536397546,0.7282049160937402,-0.02807449979867032
CHAOS_0149,Ca-Co-Mg-Sr,0.7073170731707317,Q3,3.769687994334216,1.327031289448974,0.1220711026039812,-0.2349506360721718,0.6056211759889023,-0.7230318612451477,0.05282505860129193,-0.4264680138276962,0.2928422330958,0.1933312070103248
CHAOS_0150,Mg-Sr-Ti-Zn,0.298780487804878,Q2,3.153274221441333,0.3610201066786303,-0.4264567668723971,-0.9432787556042747,-0.2201195595966807,-0.3362923337250069,0.4823661540680742,-0.0820985121598558,0.5945061038631938,-0.3114213589510148
CHAOS_0151,Cd-Mg-Mn-Nb,0.1280487804878049,Q1,-2.464687440511442,0.8141381241847278,-1.420521843907138,0.1278203860053085,-0.9899981322606862,-0.7514315937494678,0.05063333724518108,0.1038575733721525,0.2379948215494357,0.2956045841244122
CHAOS_0152,Fe-Mn-Sr-Zn,0.6707317073170732,Q3,4.045352996308218,0.7488625126829653,0.8285643980627924,-0.9737747323766692,-0.2689292185280047,-0.05500078380970037,0.7723308454345259,0.8468385841507304,-0.04751007095533892,0.1632409336482767
CHAOS_0153,Cd-Fe-Mg-Zn,0.8943089430894309,Q4,-3.221905999118087,0.9460205000615639,0.8853905145177048,0.3136587738048792,-0.4274137676470168,0.007302593819038191,-0.8069581432390923,-0.006928173233197978,-0.4879958113344938,-0.4453119467057806
CHAOS_0154,Ca-Mn-Ni-Sr,0.4329268292682927,Q2,4.223709733169502,1.767184746344827,0.812632205355914,0.01173200872914279,0.6225065324289926,-0.3684511163221626,0.238913867647941,0.02456843873664699,0.2154413732210344,0.1308343917616603
CHAOS_0155,Cd-Mn-Nb-Sr,0.1910569105691057,Q1,2.059067016447348,0.1781681901596884,0.5037213178174648,0.1308148321004734,-0.3030137857618577,-0.7591209133575295,0.6490237085596715,0.2668953235469468,0.1823723412731003,-0.1772826941063234
CHAOS_0156,Cd-Cu-Fe-Mg,0.7642276422764228,Q4,-3.84671508955285,0.3943200244498262,0.9946730157383693,2.003720951372318,0.3441940161983479,-0.2002987997920249,-0.08323997963244684,0.8396602964510952,0.4050158865728914,-0.1440809025266419
CHAOS_0157,Ca-Sn-Ti-V,0.1849593495934959,Q1,0.965850954795693,-1.194212108677489,-1.608463813234783,1.59172220735599,0.2488612483966118,0.7084421029414846,0.3380004832386068,-0.6759572462224712,0.8615574380648227,-0.2873493949889055
CHAOS_0158,Fe-Mg-Mn-Ni,0.9878048780487805,Q4,-3.129767313270497,3.090300283248243,0.6942853381888449,0.453901022702839,-0.04968757684639939,0.1985855105131162,-0.541391563018223,-0.1808059824055969,0.6076564096512935,-0.1787941650115396
CHAOS_0159,Cd-Fe-Ni-Sn,0.5813008130081301,Q3,-3.447611135806959,-1.042056013710811,0.7743715520991734,0.5402649568881391,-0.9281794429430383,0.08994226407412888,-0.37094027116186,0.3327219730927413,-0.1076158257540468,-0.4801257370020684
CHAOS_0160,Cd-Mg-V-Zn,0.5365853658536586,Q3,-2.899575359818502,1.824310335695502,-1.223842260279946,-0.5398770303466962,-1.149576157318487,0.2598713209760412,-0.003365477428127389,0.176636727365534,-0.1861590287378361,-0.03197419143324927
CHAOS_0161,Ca-Mg-Mn-Ti,0.3536585365853658,Q2,0.1030362979316527,1.257481696884653,-0.1270389823326617,1.225773789804214,-0.03965678477639643,-1.808784296929731,0.06048775284387418,-0.4616879987497836,0.03021561219959602,0.5179199479553723
CHAOS_0162,Co-Cu-Fe-Ni,0.8983739837398373,Q4,-10.83181084029389,-1.746637266179152,2.420073069295638,-9.046767458927443,12.99131876359765,-1.040992074862945,3.739159421045394,-2.107028546247751,3.234159419233375,5.215956839114223
CHAOS_0163,Ca-Cd-Nb-Sn,0.07317073170731707,Q1,0.6411975781363628,2.356875799616557,-1.984161734245643,0.3728583456451732,0.2926182135938891,1.236380153554207,-0.841733122867597,-0.5819300521033114,0.2557916777408066,0.06810881008594767
CHAOS_0164,Fe-Mg-Nb-Sn,0.1300813008130081,Q1,-1.622838612303055,1.321456061391456,-3.061416123427843,-0.02649839278147127,-0.4255411419090994,0.9755214024690537,-0.5342779910658976,-0.7288168532433081,0.2751235741981159,1.385087608237018
CHAOS_0165,Cu-Mg-V-Zn,0.8414634146341463,Q4,-2.053185718151128,0.2583128755668517,-0.3985058972446308,-0.03890362005525573,-0.705207961265761,0.005146292476099494,-0.4553733295776065,-0.1973538789448967,-0.1032270270457811,-0.2775281470130223
CHAOS_0166,Fe-Mg-Nb-Sr,0.2865853658536585,Q2,3.05120761733423,-1.703073743562667,0.5265423826870675,0.3774387835955604,0.1336844106583367,-1.579674046492543,0.8880010427179778,-0.2499955852435533,0.4098021593926386,-0.2432383264036142
CHAOS_0167,Ca-Sn-Sr-Ti,0.3089430894308943,Q2,3.052252651575687,-1.085292392907221,-1.106722025055524,1.252946185939972,1.147041302129129,0.5701038868298021,-0.4986598300717369,-1.161869746524637,0.6177815610996849,-0.4475060763281131
CHAOS_0168,Cd-Mg-Sn-Zn,0.75,Q4,-2.958349086259892,-1.783091852772683,0.1729864022965285,1.220831225188433,0.1422609163003221,0.3232955011524487,-0.7767675335862684,-0.3055753116541852,-0.5107729079854988,-0.4567206270977975
CHAOS_0169,Ca-Cd-Nb-Sr,0.2520325203252032,Q2,1.132683648872886,0.1905918299047814,-0.09400236394443974,0.5176299206170744,-0.01647826300635202,-0.4710196660683826,0.2937601520870916,-0.2677821875974247,0.2878212210357736,-0.2543800001617507
CHAOS_0170,Cd-Fe-Sn-Ti,0.1727642276422764,Q1,-2.953765637445623,1.715548524777001,-1.981193831719348,0.8226408864359384,-0.4747997909661709,0.4481647538336972,-0.3112918137524286,-0.2391246437221854,-0.03813129048499998,0.2971684192506129
CHAOS_0171,Fe-Nb-Sn-Zn,0.1341463414634146,Q1,-0.8901387626687038,-2.50309905887661,-1.996395105458656,-1.231601619367229,-1.49978013088732,0.4023812171347144,1.177737156010451,-0.6620346398026826,2.104344888717013,-1.798369973322285
CHAOS_0172,Cu-Nb-Sn-V,0.03861788617886179,Q1,-1.002271348281113,-1.986710233171703,-1.880249690701543,-0.007861603878576958,-0.5212249971103645,0.02135294961432943,0.1759051546345292,-1.010404894775061,1.708768594615619,-1.647600282974349
CHAOS_0173,Cd-Nb-Ti-V,0.09552845528455285,Q1,-4.884922862163593,1.896515450373151,-2.341597497956504,0.2671352534468655,-0.1522280164591991,-0.7689842057858783,1.319534220612581,0.5982084199955754,0.2332269247734043,0.3850137457750659
CHAOS_0174,Cd-Fe-Mn-Ni,0.7601626016260162,Q4,-4.642391634741347,0.9172672828082165,3.349025135622898,-0.009642481295220997,-0.5814597524018316,0.6026991947162468,0.8410768642685768,-0.1375464387855239,-0.3657406486128795,-0.743585427270988
CHAOS_0175,Ca-Fe-Sn-Ti,0.2235772357723577,Q1,2.096901013924758,-6.801293958861988,0.8104786833879023,1.886958356328343,0.3002015593865222,0.2325503132421216,-0.2731866357012973,0.09569368665760257,-1.435139683158627,0.7891040155646615
CHAOS_0176,Ca-Cd-Mg-Ni,0.7886178861788617,Q4,1.40605597742817,2.606943046127327,-0.1349119239444208,-0.1756277865973051,0.1377253216885149,0.2284619360964786,-0.671375503048662,-0.2889138103230294,0.02473223108161527,-0.1060724516115426
CHAOS_0177,Ca-Mg-Nb-Sr,0.5914634146341463,Q3,1.016683290496393,2.11902873864379,-0.8730615642456533,0.2170677284080626,0.002458885494858849,-1.930922184182584,0.4118763332342044,-0.8017164917202572,0.7535332457952192,0.08718549558211958
CHAOS_0178,Mg-Ni-Sn-Zn,0.8170731707317073,Q4,-4.050130218039446,0.8570452367219938,2.352966569723844,2.341741043602738,0.3112706992323364,4.195530912987675,1.616544944969731,-1.849840276229889,-0.1715654222716145,0.5483832144939429
CHAOS_0179,Mg-Mn-Sn-Sr,0.508130081300813,Q3,3.992445114857774,-0.3674956813925657,-0.8033766774393376,0.5501665099251752,0.8877390872842227,0.4506390874687381,-0.3802926284697111,-0.6577123009505208,0.4272627844725254,-0.115687356979369
CHAOS_0180,Fe-Mg-Ni-Sr,0.4105691056910569,Q2,4.343076526136899,0.7529581734188245,0.5588275716001001,-0.5822170589572896,0.2727452137289113,-0.2341525866066969,0.4558176341009504,0.2543917568562976,0.05327514417552253,0.3124473028873192
CHAOS_0181,Ca-Mg-Mn-V,0.4817073170731707,Q2,0.175842437806534,2.604220444883218,-0.2949425118217158,1.074753743821895,-0.03187980209932097,-1.536347334435017,0.0431509427044377,-0.3667432363260834,0.09875566094551591,0.6557250930461797
CHAOS_0182,Co-Cu-Fe-V,0.4634146341463415,Q2,-4.446203184934777,-6.266996256485474,1.912573611559892,-3.035724653417101,1.859717778623573,-2.001637086696956,-0.7004185540794908,-1.801905364202338,0.07631425180710066,1.408960055505284
CHAOS_0183,Ca-Co-Sn-Sr,0.6788617886178862,Q3,4.856419398763375,-0.4811943399745722,-0.1073314745101122,0.2124985820941587,1.125208738015058,1.248044196863242,-0.7125902859601442,-0.2386308883330802,-0.4659364471077237,0.6379205425593327
CHAOS_0184,Fe-Mn-Ni-Zn,0.9959349593495935,Q4,-5.131737574587432,1.389191583365537,0.3996822333200242,-2.500787004823517,0.7494202550178086,-0.2457626407817445,-1.166425356873551,0.03803384836176855,-0.7476617735516016,-0.738639918267211
CHAOS_0185,Ca-Co-Mg-Mn,0.9654471544715447,Q4,1.677040625005291,2.449028881371139,0.3159299556322188,0.298578897145521,0.1768501882533518,-0.6349613168223701,-0.3726814904728391,-0.2286625320057859,-0.0578928804168871,0.3937694785301838
CHAOS_0186,Ca-Nb-Sn-Ti,0.1504065040650407,Q1,0.9445073700199067,-1.183198659903187,-2.221197767670823,1.406570155765417,0.1497288636794133,0.8293953934100287,0.795117565275285,-0.7905735241143711,1.378392046886667,-0.6154647842707791
CHAOS_0187,Ca-Cd-Sr-V,0.6422764227642277,Q3,1.824032224415375,-0.5756399790246999,0.7207547548272253,0.6140938880454444,0.3419068190555762,-0.8082540791394976,-0.3345184616503283,-0.1875629018103707,-0.3150023238836099,-0.07931960313477159
CHAOS_0188,Ca-Mg-Sn-Ti,0.2439024390243902,Q1,1.291862627086596,-1.139666766851767,-1.782962449380515,1.355173537009766,0.7613984859775665,0.5048136396379531,-0.5348370315262364,-1.314394858326849,0.767159408937125,-0.4924075618212457
CHAOS_0189,Mn-Nb-Ti-V,0.4959349593495935,Q2,-6.046629920800767,0.1203444158915066,-1.898214701936488,5.072125236127214,0.3306248379297357,-3.899580700216889,2.4922044312914,0.282441262101041,-1.485403897621728,2.719168239251851
CHAOS_0190,Ca-Mg-Ni-Sn,0.8556910569105691,Q4,2.540975570677005,-0.1908952262845678,-0.4320378371914563,0.661225667438058,0.7787809335863373,1.013230947411177,-1.245304469001898,-0.5505627011242685,-0.5282490766637802,0.4896517436021834
CHAOS_0191,Cd-Cu-V-Zn,0.5792682926829268,Q3,-2.930065828026689,-0.4292445163725953,0.3628628548352739,-1.012242666282945,-1.264959510437788,-0.361118933958979,-0.1213484705589568,0.3523294951093008,-0.4070483867031734,-0.6391493374848757
CHAOS_0192,Cd-Mg-Nb-Zn,0.1585365853658537,Q1,-1.894401097906337,0.9675964961293653,-1.505957359320494,-1.585551885402791,-1.381065481742979,0.3060162823663423,-0.2880430826396798,0.1721158628039519,-0.3202962830622113,0.4192144521575207
CHAOS_0193,Cd-Co-Fe-Sn,0.6036585365853658,Q3,-3.676382334574032,-1.433467117918147,0.8823385813775863,0.8631352573969513,-0.783754797851891,0.12901895420117,-0.5031545824176705,0.5360126225513198,-0.3407843951829915,-0.1016058998999743
CHAOS_0194,Nb-Sr-Tc-Ti,0.1646341463414634,Q1,1.07605485400866,-3.190023532518168,1.607706602454461,1.199804497272897,0.0153291654414298,-2.06828197431742,1.337664679267627,-0.4548358580290374,0.6681344313682187,-1.219528344051386
CHAOS_0195,Cu-Nb-Sn-Sr,0.1056910569105691,Q1,5.159112435598954,-7.687260975287517,0.5960836362783705,0.6339195681802413,0.4281395480968377,0.1238415457764248,1.760399139723355,-0.2425465816740357,1.465722762883435,-2.289474919209112
CHAOS_0196,Ca-Cd-Mg-Ti,0.3394308943089431,Q2,-0.4087768527172886,0.5480951035700798,-0.7791371288053667,0.4449537436561706,-0.3213103585308401,-0.5455271068548915,-0.1961285875333046,-0.3165475211068087,-0.03359106236780828,0.2652642065475959
CHAOS_0197,Ca-Nb-Sr-V,0.3008130081300813,Q2,0.6135705864018016,0.09330329774292433,0.886074370017246,1.461221408344028,0.2327405949848713,-1.959015209226418,0.5457038513763599,-0.3151545739239027,-0.01414971788276513,0.3169085561895862
CHAOS_0198,Cd-Fe-Nb-Sn,0.06910569105691057,Q1,-2.236540380762265,0.4118528408680392,-2.173079694955844,0.007927616049872778,-0.9211367596956777,0.1661732156877619,0.05232509714485344,-0.4001723876867349,0.7393312912603165,-0.4402647780717401
CHAOS_0199,Co-Mg-Ni-Sr,0.3943089430894309,Q2,4.895468368261688,0.03177037546403406,0.99486290774813,-0.6985237658769395,0.5524199100968135,-0.3183293652280846,0.3054921137929786,0.1571641962131954,0.2119592045095907,-0.2944360431880603
CHAOS_0200,Co-Mn-Sr-Zn,0.6483739837398373,Q3,4.494026898369769,1.095072637244908,1.320764306087425,-1.188681370950527,0.1927185221581343,-0.1910187443446774,0.07756607720069937,0.6913804893375266,-0.153390347606059,-0.2296352731910121
CHAOS_0201,Ca-Mn-Ti-V,0.4024390243902439,Q2,-1.005108288422543,1.506568282132849,0.5720676900129962,2.465493366439269,0.156328991013018,-1.845489769776114,0.7715137590967927,-0.2406271190861602,-0.3427899955847026,0.7811088085031654
CHAOS_0202,Ca-Cd-Co-Mg,0.8495934959349594,Q4,1.20116683241708,2.603531501509646,-0.1483800202647322,-0.07902006535020423,0.09957755381665638,0.0547252438700843,-0.6110319878702217,-0.3245222747374416,0.05868724504370488,-0.08143553737268402
CHAOS_0203,Mn-Sr-Ti-V,0.3211382113821138,Q2,1.842613964345987,-0.5010264218187994,1.210953837503354,1.001223093379725,0.02033975921642461,-2.090345788008285,0.6382287404113552,0.01085758728159915,-0.0993513167300845,0.2052384315209737
CHAOS_0204,Cd-Sr-Ti-Zn,0.241869918699187,Q1,3.10259842532752,-2.278451475724094,0.01163555736142884,-1.58945104586127,-1.603647645431929,1.116654619534317,2.066257325508392,1.64339223072796,-0.3867762138559357,0.8569648704065742
CHAOS_0205,Fe-Ni-Sn-Zn,0.5386178861788617,Q3,-3.856905313996315,-1.977196068853473,0.8933254775139028,-0.3321647970748528,-1.355801524182395,0.8820123031894437,-0.1064779010061525,0.6893803184064505,-0.3466152346815868,0.424579760804536
CHAOS_0206,Ca-Nb-Sn-Sr,0.1686991869918699,Q1,2.741050399192357,0.6275369247696605,-1.533234534452271,0.9854586854588806,0.995970536700665,0.9844795838455609,-0.6018613159522528,-0.8947560018188147,0.2512631678309448,0.2661231927541899
CHAOS_0207,Cd-Mg-Nb-V,0.1260162601626016,Q1,-3.125493179651776,-1.309430012883976,-1.77127933795198,0.4235437914120446,-0.04917414030980363,-1.227279346810087,0.5635306745073412,0.2211291261381187,-0.1701878690291871,-0.5777636358254543
CHAOS_0208,Fe-Nb-Sn-Sr,0.1422764227642276,Q1,3.912466778737561,-1.831145996109212,-1.007583820753714,0.3665737851721284,0.02756442865550993,0.9116694505546122,1.431069830567976,-0.1120164420059591,1.025689903463713,-0.3711509427869485
CHAOS_0209,Ca-Cu-Mg-V,0.573170731707317,Q3,1.570242703804965,0.03347282240892776,0.2448448974539406,0.7309538356589984,0.3430129006288591,-0.7019932223376392,-0.3724031964075232,-0.4036936704528417,0.003323553635768876,-0.07338007712484292
CHAOS_0210,Ca-Fe-Mg-Sr,0.6565040650406504,Q3,3.049326394329908,0.8361023662023968,-0.1374414794512232,0.2804569130793909,0.3294541093051163,-1.054156589577306,0.4654825611346328,-0.4228488564549799,0.2702070453775915,0.4773402980801656
CHAOS_0211,Ca-Sn-Sr-Zn,0.6747967479674797,Q3,4.754720806085327,-0.5388651812701691,-0.3969409725854371,-0.2262499971999271,1.075247773317653,1.176999018119549,-0.7336403150102004,-0.4388212616173824,0.03492732301571663,-0.2559066456761877
CHAOS_0212,Cd-Mn-Sr-Ti,0.266260162601626,Q2,1.971238463578531,0.2678089431524874,0.8774725843981572,0.167332144754322,-0.1685631739056373,-0.7250064976093684,-0.1086367409311086,0.4483371062000649,-0.7706651608595526,0.6634708604884245
CHAOS_0213,Mn-Ni-Sr-Zn,0.5264227642276422,Q3,4.656034237628484,1.096208096024426,1.230270481055415,-1.279879443381391,0.1825719723556993,-0.06555415447766177,0.2120644244814915,0.6698611865389403,0.07573014048092555,-0.4559382764488088
CHAOS_0214,Cd-Sr-V-Zn,0.491869918699187,Q2,3.216808100626799,-1.144750784611601,1.037767659225612,-1.048638400306852,-0.2893650630297385,-0.08235708659320945,0.1246451237039907,0.7183197978879245,-0.4301830106407479,-0.3189774514544398
CHAOS_0215,Co-Fe-Mg-Sn,0.709349593495935,Q3,-2.931672618952383,-0.8708175036795269,0.1609220048731827,1.883661228035851,0.0641362783486482,1.481373125044963,-0.2164104872383683,0.1215008396621665,0.3083555972641074,0.6973105489524121
CHAOS_0216,Cu-Sn-Ti-V,0.06504065040650407,Q1,-1.897597448623941,-0.31838867025871,-1.601004495431408,0.2177231509627586,-0.1609669573913069,0.376940930266007,-1.032350504389613,-0.7906988611901927,0.3094950251427884,-0.1147428243839235
CHAOS_0217,Ca-Mn-Sr-Zn,0.6991869918699187,Q3,3.93315139289584,0.9918670366676173,0.6887596979831839,-0.3475232180740477,0.4383992141661801,-0.3166412883276781,-0.1452864139921472,0.1034343061714676,-0.03028154845877969,-0.0462916160945402
CHAOS_0218,Mg-Nb-Ti-V,0.4451219512195122,Q2,-3.576384789226977,-0.398474551955968,-1.662396858890225,0.7843270501071081,0.3413918764296408,-2.702953850094395,0.548043578024428,-0.3454965650631883,0.2184822247358873,-0.4779934528003414
CHAOS_0219,Ca-Cd-Mn-Ni,0.8922764227642277,Q4,1.490061413010101,1.655589120541563,1.188462480426246,-0.05789720437639793,0.03272764675651132,-0.1138008199468657,-0.6643794640595008,0.2243040193961,-0.4811277984232333,-0.1449880019801962
CHAOS_0220,Co-Fe-Sn-Zn,0.6402439024390244,Q3,-3.939960616433414,-1.398672318830329,0.07400204125200076,-0.4680057223880517,-1.686312074293248,1.191950380870421,0.493945575483673,0.9322346674448779,0.1730147394790928,0.5713233320702732
CHAOS_0221,Mg-Nb-Sn-Sr,0.1626016260162602,Q1,3.130258318042404,0.7034169426990537,-1.886307508528823,0.1367227764823251,0.5387168051626805,1.06382625395512,-0.3525031284798537,-0.6096188764450524,0.1759718822146149,0.651860547482944
CHAOS_0222,Cd-Fe-Sr-Zn,0.6280487804878049,Q3,3.645552211784227,0.8894854400386394,0.8324511141752302,-1.363374985304285,-0.2129610242705796,0.1959630824576937,0.250593189220937,0.7338485410391445,-0.09917863301507032,-0.3739910919662127
CHAOS_0223,Ca-Fe-Sn-Zn,0.7398373983739838,Q3,2.489788788471693,-0.9955986050996612,-0.109002285906861,-0.04684622356872659,-0.1151003739825985,1.16391841052146,-0.2029640639302846,0.2507991628359072,-0.4227722925899574,0.2842229204563769
CHAOS_0224,Mg-Nb-Ti-Zn,0.3414634146341464,Q2,-1.417180235412077,-0.16008414971519,-1.89864873301284,-1.347938043691666,-1.126814799321936,-0.2883597133696418,0.3234230987709583,-0.6207413092296793,0.8334283698291712,-0.3807503639087628
CHAOS_0225,Ca-Cd-Mg-Mn,0.8008130081300813,Q4,0.2734864218522876,2.418363242968305,-0.3178191020363094,0.5666795058916929,-0.03692612763597645,-0.5169641657672521,-0.5755428541034147,-0.2535585679803952,-0.08763118782265396,0.2707814501682184
CHAOS_0226,Nb-Sn-Sr-Zn,0.1382113821138211,Q1,4.034044052280939,0.2622824203331143,-1.201375091132725,-0.958911322612956,-0.1376809744015026,1.498161185819968,0.6345554288240243,0.2211115978395385,0.4899801040301979,0.1216192263975494
CHAOS_0227,Ca-Mg-Sn-V,0.3841463414634146,Q2,1.398887609679369,-0.9498044828817428,-1.453075880913979,1.444052003584923,0.7437851648808778,0.4883557583396391,-0.6847243867701495,-1.02271527364352,0.3571345174994827,-0.128145043112651
CHAOS_0228,Ca-Cd-Fe-Mg,0.676829268292683,Q3,0.5529783937331115,2.38031734070051,-0.4110303787667857,0.4954158512412565,0.04547687819696067,-0.2320640534428357,-0.4448201581592545,-0.3663807261701775,-0.02003101764019312,0.1737761686366037
CHAOS_0229,Ca-Cu-Mn-V,0.4390243902439024,Q2,1.458372200691795,0.5058709368039582,0.7800104373171322,0.7499378218011943,0.08431624627347883,-0.6453542029836915,0.05016477292158214,-0.03177508339818449,0.07601534524364097,-0.2450596805155996
CHAOS_0230,Ca-Mg-Sr-Zn,0.7682926829268293,Q4,3.419219177691156,1.284471394482569,-0.5186717670600421,-0.871838224463034,0.2620571033700548,-0.2495512819070561,-0.1607009141022387,-0.3615681588046016,0.3775479911014415,-0.1443002237441127
CHAOS_0231,Cd-Co-Sn-Sr,0.693089430894309,Q3,4.210896404811568,-1.921962316677119,0.7770616463543999,-0.4793942236571498,0.4301306471421181,0.7556349033025266,-0.5156511444123382,0.4028986182363319,-0.7619363091097595,0.1341006347690544
CHAOS_0232,Mg-Nb-Sn-Ti,0.05284552845528456,Q1,-1.911108130861453,-1.766890971345951,-3.906257911862395,-0.2490782365382614,1.515544696866335,0.3471049452939912,0.5884062554255575,-1.303027702134476,0.8899906606715946,-1.117485601021397
CHAOS_0233,Cd-Mg-Mn-Ni,0.8841463414634146,Q4,-2.650789277287728,0.4924043542011934,1.557789215299606,0.6344632554404958,-0.1833233250273492,-0.1063899050902693,-0.8233017872177438,0.1005330481421993,-0.3181796987579912,-0.368893220790806
CHAOS_0234,Mg-Mn-Ni-Sn,0.4796747967479675,Q2,-2.010610806982766,0.1301542683246036,0.0223585109498071,1.177192620348785,0.2233485432993634,0.8827996595491843,-1.266279772741471,-0.2260080068518789,0.4221743724134819,-0.08894149573615026
CHAOS_0235,Cd-Nb-Sn-Zn,0.07113821138211382,Q1,-1.125202886324874,-2.844326597964888,-1.151825907709707,-0.8795626575859339,-0.7170600735274093,-0.3517141735061647,0.2895598299344734,-0.9278110824310923,1.778947669257476,-2.822497985586312
CHAOS_0236,Cd-Co-Mn-Ni,0.7154471544715447,Q3,-4.025439795072448,-0.2179052344303978,3.576452074721553,-0.2155476178836105,-0.6849443053281552,0.1742335710957009,0.6249361274240142,-0.1355051144161142,-0.4710260483660511,-1.130012054662388
CHAOS_0237,Ca-Fe-Mn-Sr,0.3678861788617886,Q2,3.165936778352215,1.018078030219848,0.7324038972437013,0.9875261435307293,0.4563875525546837,-1.095641131073506,0.5717444019214767,-0.05797401531985718,-0.02628727804595103,0.5534261852720441
CHAOS_0238,Ca-Sn-Ti-Zn,0.2215447154471545,Q1,2.077837150351847,-0.3416004068442227,-0.9703806369549374,-0.1148346821181807,-0.1001524471347836,1.452743278003606,-0.4003684095317438,-0.05446753561052552,-0.3035189626205856,0.4698407234323714
CHAOS_0239,Ca-Nb-Sr-Ti,0.3252032520325203,Q2,-0.1791336048460029,-0.03753083422043641,0.8500157451530083,1.698518012190842,0.1617396068479975,-2.072795027389588,0.6291072780576974,-0.314075989415137,-0.09606967525185132,0.501579517453457
CHAOS_0240,Co-Fe-Ni-V,0.451219512195122,Q2,-4.447787635137008,-5.797890906776286,1.955047103260619,-3.438028246539908,1.161044050137311,-1.387753263852725,-0.2585684830819064,-1.418086341891667,-0.4231621147417131,2.211116257287284
CHAOS_0241,Cd-Mg-Mn-Sn,0.6056910569105691,Q3,-5.62837328853613,-2.089598799165613,0.8532892589058314,4.174059154905403,5.468140662901896,1.467095008525567,-3.942258375847862,10.51305712203222,7.946585869445737,1.148155661198805
CHAOS_0242,Co-Mg-Sr-Zn,0.5426829268292683,Q3,4.574399616590456,0.01074213269340221,0.4568361401745449,-1.192706777345709,0.08476543704783962,0.1547029747339321,0.4843810737874426,0.4103412284759684,0.1784404092326527,-0.1719354145118753
CHAOS_0243,Ca-Sn-Sr-V,0.5630081300813008,Q3,3.450668269320579,-1.621990094995474,-0.4354580153398724,1.277670848784639,1.284934954350478,0.4469395378292648,-0.8905969094793569,-0.859549954390889,-0.08515563112065783,-0.0201821299619734
CHAOS_0244,Cu-Fe-Mg-Ti,0.5528455284552846,Q3,-1.653677638428772,-2.160259069863797,-0.04126546248969788,0.6737428493543111,-0.5790362944198616,-0.5987138906608738,-0.03777970271880105,-0.2224517410401508,-0.2389445287540233,0.1193115524387623
CHAOS_0245,Cd-Mn-Nb-Sn,0.01626016260162602,Q1,-2.147470264320512,0.9467847727343054,-1.553714345866565,0.1010091624259217,-0.5483128141215893,0.2115918778751482,-1.248512528369268,0.005449558449758505,-0.4095458035074852,0.4411771942039878
CHAOS_0246,Mg-Nb-Sn-Zn,0.06707317073170732,Q1,-0.5985606184221977,-1.785365007135838,-1.572675608550641,-0.4722338404220406,-0.2845935386909101,0.6763042117214006,-1.084448123100424,-0.6344755650013902,-0.262682214479997,0.1360483267843344
CHAOS_0247,Ca-Cd-Co-Mn,0.9085365853658537,Q4,1.215683682874324,2.538793189684283,0.8610939674855393,-0.0347580122047384,-0.05215943342716146,-0.1189362098303623,-0.4182296966666743,0.111549877447991,-0.1428643866695238,-0.214497013500498
CHAOS_0248,Cu-Fe-Mg-Zn,0.8272357723577236,Q4,-3.574452674982846,1.793749319466684,1.162862049936526,0.5827491758555844,-0.09748265399544552,0.8490830579994756,-0.2931752543992409,-0.1432442767088445,0.2447789963761216,-0.4656337272416297
CHAOS_0249,Fe-Mn-Sn-Sr,0.4613821138211382,Q2,4.088807080495767,0.06248825518039054,-0.1703304331101932,0.419607800315171,0.5994245898352466,0.4514134906210245,0.02012611769799132,-0.1134183604461081,0.2170477075143258,0.03531732956117747
CHAOS_0250,Mg-Mn-Ti-V,0.6117886178861789,Q3,-3.562791536091418,1.513860807903602,-1.042518516197334,1.522562022620983,-0.1841209922135698,-2.038249797480832,0.02542787840186412,-0.3081605690164402,0.1141214038014268,0.395825701327326
CHAOS_0251,Ca-Mg-Mn-Zn,0.4979674796747968,Q2,1.494365681864474,2.932806214592683,-0.3475956334905919,-0.3111474015971947,-0.104938752361221,-0.1169567569243351,-0.5229573083430367,-0.1804481869991956,0.1256759638723713,0.07915676606043712
CHAOS_0252,Cd-Sn-Sr-V,0.2784552845528455,Q2,3.054649632586344,-0.6040375635186429,-0.7026435953291374,-0.05880947393941443,0.1343064921351802,1.027295664699174,0.01328936935038682,0.04790300953195231,0.01809634252756248,0.09730451523156444
CHAOS_0253,Ca-Co-Ni-Sn,0.7784552845528455,Q4,2.972359669479097,-0.9091970980794131,0.6309081470142308,0.1366889408911586,0.3543939352054462,0.9067203676197174,-0.7738196140237636,0.1583860139663704,-0.7573019629936231,0.3348894313971415
CHAOS_0254,Fe-Mn-Ni-Sr,0.3983739837398374,Q2,4.287708171636321,-0.4349210166305189,1.886573191474481,-0.3486412153388613,0.26789624400579,-0.7848127861023302,0.2303598129707395,0.678265662283927,-0.5494496741713242,0.2161088343112765
CHAOS_0255,Ca-Cd-Mg-Sn,0.9065040650406504,Q4,1.028830896953131,-0.9914018668698112,-0.8146220485463241,0.9196247467860755,0.8268628094646087,0.7212136481754842,-1.61963892736439,-0.7946021961423606,-0.5784050388190223,0.08492804155390121
CHAOS_0256,Ca-Mn-Ti-Zn,0.4227642276422764,Q2,1.49187467024076,-0.2366972411318702,0.6789506162601621,0.01836940896743477,-0.2893313766314547,-0.3998017689733349,-0.1469403191928342,0.1269205599475702,-0.2713016678709417,-0.1109910594638356
CHAOS_0257,Mg-Mn-Sr-Zn,0.7235772357723578,Q3,3.804566806871089,0.7833471400529092,0.2347627764200926,-0.8526159242189458,0.03412746787596351,-0.3596459831123104,0.2068905396695334,0.219984583514228,0.1984082724181362,-0.08132392436099413
CHAOS_0258,Mn-Nb-Sn-V,0.09959349593495935,Q1,-2.035671803998291,-2.324971618188239,-1.327033126737827,0.7228527032131905,-0.4854407517847545,0.01260143324378446,-1.091584296584688,0.0226207051341254,-1.079036174400794,1.435838717596579
CHAOS_0259,Mn-Sn-Sr-V,0.2764227642276423,Q2,3.479253463154977,-0.1735243300115088,-0.1749353427113939,0.6331566946053621,0.6135867566830827,0.4605474077457141,-0.5928052471083527,-0.04126546728679681,-0.5291917460298943,0.7858264872467616
CHAOS_0260,Co-Nb-Sn-Sr,0.1199186991869919,Q1,4.421744161360469,-1.593965378282504,-0.5805452355350063,-0.202916776996629,0.1229283430589588,1.091021770307891,1.000746165911113,0.08253170589853233,0.666757761718206,-0.2044208901570291
CHAOS_0261,Cd-Mn-Ti-Zn,0.2886178861788618,Q2,-2.575547643373653,0.8796791293595873,-0.139696373853399,-1.141885253352733,-1.44841250518194,-0.1041164668649803,-0.4039562799051232,0.3380303937321664,-0.502199267912356,-0.4486613009045446
CHAOS_0262,Ca-Mg-Ti-Zn,0.7032520325203252,Q3,1.105393924118283,0.9565569198774249,-0.6288118557136516,-0.3917485668951845,-0.3713116868007945,-0.1888669556024729,-0.2500278267731062,-0.2601683283150224,0.01858527824659909,0.1591499725098837
CHAOS_0263,Cd-Co-Mn-Sr,0.6504065040650406,Q3,3.539053832488859,1.145882536161083,1.296299427969489,-0.6513844223622575,0.16041521836168,-0.4718942351286129,0.01321894721011058,0.4563564321831776,-0.07361797660304728,-0.3552801177982104
CHAOS_0264,Mg-Mn-Nb-Zn,0.524390243902439,Q3,-1.13268625525696,-0.4077570233466142,-2.132827270790635,-1.661797929718937,-2.636688660933976,0.8749914533407989,1.878301810949465,0.8815277970003486,0.4057358940067611,1.114517563966084
CHAOS_0265,Ca-Co-Mn-Zn,0.9857723577235772,Q4,2.164347708182642,2.473486540765657,0.8311935436117178,-0.6191912010708919,-0.01667581369901085,0.07024114757808692,-0.576076072894182,0.2735284549676022,-0.2439067902777694,-0.1575469346777552
CHAOS_0266,Cd-Fe-Nb-Sr,0.1605691056910569,Q1,2.504214515684162,-1.163409163085999,0.6582070966075335,-0.1546661562569952,-0.5582103669236559,-0.2491551247105505,1.01334173172439,0.7156202959430298,-0.3615289082526743,0.4305000173967961
CHAOS_0267,Co-Ni-Sn-Zn,0.8699186991869918,Q4,-5.023351434538362,0.232400365215564,0.8626338022365942,1.08387273491046,-0.8639395195144974,1.092193019816998,0.690930629962424,0.05866125773225647,-0.1778130335816364,0.5558259750952805
CHAOS_0268,Ca-Co-Fe-Mn,0.9227642276422764,Q4,1.603960537073499,2.509997761051038,1.004299496226081,0.2444045298345543,0.06142037072283879,-0.5172485439599761,-0.2025108283998578,0.06696704404237457,-0.2157052590937861,0.177146433630315
CHAOS_0269,Ca-Fe-Nb-Zn,0.4532520325203252,Q2,1.973557105198398,-0.1656066792725396,0.4779527606563244,-0.2836550467311649,-0.234513819232336,-0.1786438919854882,-0.06108955778811114,0.1467371318643045,-0.2184149149588833,-0.1320308436196521
CHAOS_0270,Fe-Nb-Ti-Zn,0.2926829268292683,Q2,-2.004499916227805,-0.7795315844407928,-2.014942294971887,-2.715876983883074,-2.801275510569285,1.207302824468547,1.717520557644031,0.920377367427524,-0.3077642845229192,2.306967309569945
CHAOS_0271,Fe-Mg-Nb-Ti,0.3760162601626016,Q2,-2.287574005786211,-0.03069790042976946,-1.29575842057802,0.6323003998247438,-0.3515888539511262,-1.805305311649806,0.08255968031035582,-0.9101696461695404,0.2767814875126633,0.4092229007543612
CHAOS_0272,Fe-Mn-Ni-Sn,0.5487804878048781,Q3,-3.554851668876893,-0.7131695221935856,0.2783006528178638,-0.1286244535398902,-0.5251492647961039,0.3361114555935257,-1.188026495371152,0.1931704727484949,0.5273746986469109,-0.1744800667123105
CHAOS_0273,Cu-Fe-Mn-Zn,0.8739837398373984,Q4,-5.097285689691128,-3.291595052681405,0.4182950253642204,-2.404998915413475,0.9583152078853931,-0.2585590468689476,0.07483957336422964,1.47853473180414,-1.922116458366117,-0.8282071018090423
CHAOS_0274,Mn-Sr-Ti-Zn,0.07723577235772358,Q1,3.629184062129118,-1.673392813093907,1.017472721743806,-0.4197654083598314,-0.1517256201069043,-0.6873793828257622,0.7315521632852255,0.3607958739816632,0.283889632977308,-0.6299489437263442
CHAOS_0275,Cd-Mg-Ni-Sr,0.6341463414634146,Q3,3.631969078169259,1.726172050047151,0.05233236881419321,-0.9915086151196308,0.15348586137417,0.2255160164969881,0.06178491164281161,0.1392614200777394,0.2224444648563332,-0.1335083827096486
CHAOS_0276,Mn-Sn-Ti-V,0.07520325203252033,Q1,-2.764334142164169,-1.519511833976803,-1.454131927743556,1.114142028314613,-0.03248398481035262,0.1287701269408783,-1.126553807408365,-0.1864441475390256,-0.8113053575535067,1.251087057458688
CHAOS_0277,Ca-Co-Mn-Ni,0.7621951219512195,Q4,2.275662265364674,2.496575357668552,1.016923252797718,-0.3489443417262744,0.001758460397401319,-0.03577152766077233,-0.174133539960283,0.2788244347175783,-0.1414289327975044,0.03448849781878788
CHAOS_0278,Co-Ni-Sn-Sr,0.3780487804878049,Q2,5.186787612766451,0.2054042494270897,0.4503093525342567,-0.7094916504264912,0.7117146392226529,0.8328791067346318,-0.1675149659939288,0.1829556730273817,0.08444048781979648,-0.2591976694288801
CHAOS_0279,Nb-Sr-Ti-V,0.2296747967479675,Q1,0.533090039085355,1.403847792578139,0.2985196793277831,0.8312963026892041,-0.280699508558744,-1.940479848344108,1.128359173950224,-0.1859311096581928,0.6138617241878542,0.0621344082542882
CHAOS_0280,Cd-Co-Mn-Sn,0.5182926829268293,Q3,-2.663997736018453,-4.182624579460615,1.884634349216385,0.9456189410848115,-0.3601607897128329,-0.2943986240639431,-1.325004649208874,0.692033894846265,-0.7124432273165093,-0.4626242396466952
CHAOS_0281,Ca-Cd-Fe-Sr,0.5691056910569106,Q3,2.788725408227727,1.580783921480307,0.274560616715058,0.1764907885144816,0.3930295278635691,-0.1119826093002402,-0.1128113720596458,-0.1205429550060501,-0.05337805126217243,0.134571879730942
CHAOS_0282,Co-Mg-Ni-Zn,0.991869918699187,Q4,-4.453213711187959,3.466970312242085,2.018539679831235,1.505509404907261,0.2579641953758032,1.682987448577915,0.855466249101701,-1.005771094569766,-0.007651915322426321,-0.1518808002296287
CHAOS_0283,Nb-Sn-Ti-Zn,0.02439024390243903,Q1,-1.115017760942785,0.03014704347641838,-2.336505156934789,-1.544446653143136,-0.7048009095603256,1.064249448516522,-0.5491923624435477,-0.665372736075685,0.3366151535571487,0.2659869132798052
CHAOS_0284,Cd-Fe-Mg-Sn,0.6260162601626016,Q3,-4.311727301427105,-3.000748170623546,-0.4534762719075345,4.307619282856468,1.291582382657336,-0.1972638465288478,-0.05879269852793378,1.842051295549056,-0.02892835466312559,1.417756671872827
CHAOS_0285,Co-Ni-Sr-Zn,0.4146341463414634,Q2,5.189156501198342,-0.04954717794740301,1.642061303265614,-1.528748018181792,0.2193411872434036,0.07440799865921548,0.3423523128655098,0.83987313233443,-0.07051360749466094,-0.6037117319762919
CHAOS_0286,Ca-Mn-Ni-Zn,0.7378048780487805,Q3,2.318550127903375,2.556927755765492,0.8113359974477007,-0.7165156641186263,0.006389888953033081,0.206315366002027,-0.6022888685251837,0.3063171574291093,-0.2304928405670258,-0.2038361657381589
CHAOS_0287,Fe-Sn-Ti-V,0.03658536585365853,Q1,-2.59782467515508,-1.764999274276555,-2.531157135274733,1.174906756336367,-0.4717897585513472,0.09543330442598344,0.8724407941706105,-0.8621818195478099,1.110720778591987,-0.2358038024998337
CHAOS_0288,Cd-Mn-Sn-Sr,0.5142276422764228,Q3,3.584821903293514,-1.541296475296304,0.59549592049404,0.2882031456078303,0.7065022873597198,0.2647747985380599,-0.9168012928763049,0.002035409291274474,-0.6092389903311572,-0.08507154914366141
CHAOS_0289,Cd-Co-Cu-Fe,0.8150406504065041,Q4,-4.981191054478606,0.2749832836031647,2.459409800999723,-0.0901622331968996,-1.072939657255133,0.09403749466891592,1.287320233766029,0.5799246655390653,0.09279660904949463,-0.7005470572889774
CHAOS_0290,Co-Cu-Mn-Zn,0.9634146341463414,Q4,-5.290571193931754,0.2658080355793587,0.3566265384082048,-2.792234830219756,0.6788457929165014,-0.3161228033759526,-0.9332604928266551,0.02783202881088867,-0.2569418889894979,-0.8323182979159138
CHAOS_0291,Co-Nb-Sn-Ti,0.03252032520325204,Q1,-1.209223350918063,0.3329371770498492,-3.444392139156035,-1.760495876643071,-2.498221248756181,2.592256628087324,1.652087970995994,0.7457356843792603,0.06529489439240434,2.596339059154917
CHAOS_0292,Cu-Mg-Ni-Sn,0.717479674796748,Q3,-5.415370269007712,-0.7882042496553351,5.580777219061945,5.083037385571887,1.948780035762901,6.906865944085489,3.148465603091706,-3.567626795300495,-0.2732136344527246,0.9665362490781239
CHAOS_0293,Fe-Sn-Sr-Ti,0.2073170731707317,Q1,3.948173592544885,-2.298150836339038,-0.9436701246344491,0.459539293325858,-0.01064301105233815,0.9830504883265508,1.495783214537129,-0.07680857232433061,0.9514041067800469,-0.2584808600402629
CHAOS_0294,Co-Fe-Sr-Zn,0.467479674796748,Q2,4.691997736610664,-0.02778829402367189,1.121984582610611,-1.416938553910871,-0.2710500326293983,0.2672511522261818,0.9506978018574734,1.049099326334793,-0.0904668847973223,0.01291693271863795
CHAOS_0295,Mg-Mn-Ni-Zn,0.9369918699186992,Q4,-2.614342642894985,3.208262982832623,0.399688889646624,-0.2467195981900656,-0.412647480851755,0.4892851187336584,-0.8485312183383581,-0.2342623477577436,0.2180767741422183,-0.509457264651042
CHAOS_0296,Sn-Sr-V-Zn,0.3191056910569106,Q2,4.548338931691654,-4.845794027114533,1.032470355649352,-0.2339875729553682,0.2917370408628873,0.6851315505627463,-0.3113663426029247,0.7041879694503536,-1.384388005053811,0.665710063758745
CHAOS_0297,Cd-Mg-Mn-Zn,0.9715447154471545,Q4,-2.935080184478306,2.491707772105045,0.1166002153874294,-0.2017191084298759,-0.6584122574173281,0.06497515633923577,-0.77079368053899,0.06905325382775973,0.1571998925311114,-0.768120671723694
CHAOS_0298,Fe-Mn-Ni-V,0.5020325203252033,Q3,-3.988704236683384,-2.955894318035837,1.655588109718618,-1.353037531895952,-0.1926050497377593,-1.175590797246562,-1.049693410747325,-0.8973753102785317,-0.7317308926762112,0.3997599867068559
CHAOS_0299,Ca-Co-Ni-Zn,0.8882113821138211,Q4,2.59395530941012,2.692010928329081,0.8494568792935471,-0.923443988039468,0.05615730872492673,0.4056196386268218,-0.5383033337145497,0.3180602235330888,-0.1801096792301793,-0.3433689398207223
CHAOS_0300,Cd-Ni-Sn-Sr,0.758130081300813,Q4,4.295165998724603,-0.9669143387587024,0.5762659967207314,-0.6344822275087925,0.503471906987636,0.8306695318901273,-0.5152710806164404,0.2879755355522673,-0.4586489320285304,-0.1213895135893505
CHAOS_0301,Cd-Nb-Sr-Zn,0.2154471544715447,Q1,3.376431931212834,-2.732740729670346,-0.02054557993823061,-1.384097788097742,-1.28918215626762,0.5890886225850392,2.512627886952386,1.037983540650859,0.9414327238983282,-0.9003977746142926
CHAOS_0302,Fe-Mg-Sn-Ti,0.08536585365853659,Q1,-1.892864014819309,-2.050704522324122,-1.226651842522454,1.622855760879832,0.4742083753276667,0.03347082182441359,-1.35471716283172,-0.8273209721788147,-0.6870113515616076,0.8036421738753319
CHAOS_0303,Ca-Cd-Mn-V,0.6585365853658537,Q3,-0.2571758841922651,1.875731863058553,0.3993606039844765,1.031036875369764,-0.2282173416248652,-0.4816626058162485,0.02034425036014469,0.164391732782725,-0.4265128035813262,0.4970386234678265
CHAOS_0304,Fe-Mg-Ti-Zn,0.6829268292682927,Q3,-1.729421260742238,0.4183810037920566,-0.6315114402265781,-0.332882531779527,-0.5775841503948443,-0.3428501888959006,-0.6377623818303143,-0.6514739575304718,0.161183059619797,-0.527530302342127
CHAOS_0305,Mg-Nb-Sn-Tc,0.04878048780487805,Q1,-0.6285179002038268,-1.274185617395686,-2.036836722631229,1.18895007011401,0.578468208275908,0.04466500636466805,-0.8532850963292989,-0.2663879655342382,-0.4050952848508161,0.4363980610720505
CHAOS_0306,Ca-Mg-V-Zn,0.9613821138211383,Q4,1.177735504252031,2.139372683027012,-0.4906346454846229,-0.2423394090343553,-0.06189701786556083,-0.2871385040887354,-0.6151536152669139,-0.3598095594113407,0.0219535107120068,0.03464103361449405
CHAOS_0307,Cd-Fe-Mn-Sr,0.6869918699186992,Q3,2.890407993513849,1.280776024233012,0.9610972367015254,-0.1222418049260506,0.04813172804870319,-0.6499582593122026,0.1511856118906488,0.3850797101041142,-0.1707138174015115,-0.003911588428776454
CHAOS_0308,Co-Mn-V-Zn,0.8130081300813008,Q4,-3.553030874926663,-3.392230571709152,1.3171178713074,-2.471726776231997,-0.4170924003666648,-0.8899511777017605,-2.044161036350765,-0.523167158838606,-1.447139453384349,1.015855487262233
CHAOS_0309,Nb-Sr-V-Zn,0.1402439024390244,Q1,2.954916187170036,-0.05411885868603241,0.249123740972871,-0.7225384326717627,-0.3656329145770536,-0.4063922662721782,0.7493551730412439,0.2626990076331474,0.4573542813134017,-0.4128000117982047
CHAOS_0310,Co-Mg-V-Zn,0.9532520325203252,Q4,-2.070499767162393,1.227880828857223,-0.1297926710206234,-0.06701139865363945,-0.4684915123520236,-0.3002624902829981,-1.044153157102784,-0.4666791276693578,-0.3414810518243303,-0.1987591218001784
CHAOS_0311,Mg-Mn-Nb-Ti,0.3048780487804878,Q2,-2.664507382879494,0.5165505916383987,-1.375647154667119,0.7076151167625612,-0.4902169512563933,-2.201090036906857,0.1658922215742201,-0.7781047159297836,0.6718125189342521,0.09689814013992841
CHAOS_0312,Ca-Fe-Nb-Ti,0.556910569105691,Q3,-0.2056619036301165,-0.3586910958174699,0.5043884418260983,2.285547774935698,0.2464998585087154,-1.830568184973915,0.5609095879220221,-0.3298613549927838,-0.5154488183656059,0.5672202860503948
CHAOS_0313,Ca-Mg-Sr-Ti,0.5508130081300813,Q3,1.001359867253787,1.932556018995725,-0.7491560971083132,0.08983003261482665,-0.2066864126126382,-2.105817636969213,0.6027558033239658,-0.6766806758746432,0.6618210158922117,0.3293669249211972
CHAOS_0314,Cd-Nb-Sr-V,0.1016260162601626,Q1,1.576128331936981,-1.965570100934776,1.251593807463192,0.4249163932279963,-0.05166773478257766,-1.11956196918385,-0.1214435196661455,0.2788297429757884,-0.7354945953834655,0.0423750676169142
CHAOS_0315,Mn-Nb-Sn-Zn,0.1158536585365854,Q1,-1.031203399604645,-1.647201157744005,-1.131442341016302,-1.349066595593613,-1.408505054550938,0.7977640364250127,-0.713794952291128,0.3333694953845389,-0.7869652691855539,1.012819542240647
CHAOS_0316,Ca-Cd-Sn-Sr,0.9552845528455285,Q4,3.103594487836083,0.7247077203636478,-0.8149645777380073,0.2534885320238189,1.088796713852252,1.246906645005913,-1.509381533712672,-0.6057183341582417,-0.5517407305811602,0.4073248142744925
CHAOS_0317,Cd-Mn-Sn-Ti,0.1117886178861789,Q1,-2.498038964040104,-0.7713899528380678,-0.7290030147583548,1.119351648541486,0.03698518004892346,0.004938418441973581,-1.301297127244481,-0.0157386285742978,-0.5123420429663276,-0.1073927067386951
CHAOS_0318,Fe-Sn-Ti-Zn,0.1971544715447154,Q1,-1.694242315326912,-1.232282640163357,-1.147706539357375,-0.6774327057775498,-0.4959272844891973,0.1730763112215684,-0.7011498486550561,-1.076636449111624,0.9593705359191761,-1.286788919804494
CHAOS_0319,Fe-Mg-Sr-Ti,0.2479674796747967,Q1,2.845917017441704,-0.1396356614566928,0.2330457782451634,0.2994018371942979,0.1750707958603903,-1.479215499913793,0.6878272754611505,-0.3676569582777666,0.4838319208288991,-0.08771805335304701
CHAOS_0320,Mg-Sn-Sr-V,0.3577235772357724,Q2,3.686247325264967,-1.858250922979607,-0.893336599254441,0.7125532398554427,0.935057166248675,0.3020825247091095,-0.3151824730756421,-0.9041106811956704,0.5674812474611362,-0.5133270471169016
CHAOS_0321,Ca-Co-Fe-Sn,0.6727642276422764,Q3,2.525680580014296,-1.884819623787001,-0.1371485994388498,0.2168601459657297,-0.5316208460265215,1.454688311093254,0.5595300120333305,0.6843763283198917,-0.6996387570306438,1.215386307503174
CHAOS_0322,Ca-Mg-Sr-V,0.6443089430894309,Q3,1.601054720212614,2.274693920713375,-0.5739305841640292,0.1613681154023729,0.04443281079042,-1.873956717538306,0.4498003176123763,-0.623103057411952,0.6003531494442157,0.3253836710636092
CHAOS_0323,Mn-Sn-Sr-Ti,0.2113821138211382,Q1,3.290982882617807,-0.1185550569760778,-0.3813221305055041,0.6637831567203291,0.5467435944395262,0.6392228238382314,-0.6357889613275568,-0.03857408971559021,-0.6951840363271556,1.0997686676851
CHAOS_0324,Ca-Mn-Nb-Sn,0.2276422764227642,Q1,1.704257588407812,-1.560087678264622,-1.269136480370674,1.365537713534221,0.03146491440112358,0.6427673606086585,0.55064108827923,-0.330727735409352,0.5525098112246295,0.04231307042343468
CHAOS_0325,Mg-Ni-Sn-Sr,0.5670731707317073,Q3,4.843889303518818,-0.6868771329915493,-0.4069610604233578,-0.1074555462869154,0.9590385533738014,0.9086950008769668,-0.3606607944196076,-0.435774641699147,0.2691660046108965,-0.1995862673587923
CHAOS_0326,Ca-Mn-Sn-Ti,0.07926829268292683,Q1,1.538607728872404,-0.5337223232936048,-1.456224757769414,1.663747331166738,0.352286860427369,0.4330085719044841,0.5741307723705071,-0.9515313420986694,1.539560878043209,-1.062385905142963
CHAOS_0327,Ca-Sr-Ti-V,0.3475609756097561,Q2,0.6745797133340401,0.8659020217400796,0.6857487488839303,1.223271976651519,0.1298245878188356,-2.04231420742354,0.4243192165981343,-0.2947043403839911,-0.05599454029929943,0.5686657299487354
CHAOS_0328,Cu-Mn-Ni-Sn,0.4308943089430894,Q2,-2.754913306232611,-6.638323188842817,2.016957175861624,0.459383220437972,-0.6004715984725867,-0.4512473887845734,-0.6654289758121897,0.6956837939517628,0.03198061980622124,-1.034000932619242
CHAOS_0329,Fe-Nb-Sr-Zn,0.2540650406504065,Q2,3.792562316450679,-0.8517856252175656,-0.05189622703119438,-1.223592650633873,-1.113434775123112,0.5670704794718505,2.224301309371951,1.112032166140237,0.444279216663944,0.362115666357917
CHAOS_0330,Ca-Mg-Nb-V,0.3882113821138211,Q2,-0.2787409156581713,0.801938550477451,-0.574924127342282,1.003629343635124,-0.05845884442719392,-2.045334768414766,0.3051092059590576,-0.5524615415115974,0.471420452150757,0.08993164966911223
CHAOS_0331,Ca-Cd-Sr-Ti,0.3231707317073171,Q2,1.394252439979031,-1.083189554386672,0.2901662565062901,0.636744661594167,0.06292446159493778,-0.7673790120481531,0.2043503506887832,-0.3164410721034387,0.1909632143843775,-0.394713290761491
CHAOS_0332,Cd-Mg-Mn-V,0.3170731707317073,Q2,-4.004141218149915,1.996930822248443,-0.8682477295600681,1.568182011682084,-0.02025570406309167,-0.539790767877393,0.01463076272454692,1.28424683893047,0.7103651715704428,0.4486056632462143
CHAOS_0333,Nb-Sn-V-Zn,0.02032520325203252,Q1,-0.9885083412769927,-0.901807884984776,-2.277436650843818,-0.9107988175675492,-0.6952231139216247,0.2985412684892866,0.1433565306328787,-1.163168291997885,1.854089745987437,-1.916286963649807
CHAOS_0334,Co-Mn-Ni-Sr,0.4065040650406504,Q2,4.78943678728742,-0.4983276353010438,2.068827374725527,-0.7034406478108843,0.3734078781910551,-0.6451659655929721,0.2184057441493536,0.7110597291453294,-0.3739911112060248,-0.1514429799999758
CHAOS_0335,Fe-Sr-Ti-Zn,0.3455284552845528,Q2,3.868108309227238,-0.9070714373467117,0.6927555446297586,-0.625284878629384,-0.1012004885400234,-0.307861963416844,0.9112439483872598,0.2880848911050841,0.5367259878504691,-0.7340337664616663
CHAOS_0336,Cu-Mg-Mn-V,0.7134146341463414,Q3,-2.356474042329297,0.5211321420913101,-0.1221413775817953,0.8603914678730026,-0.1598221736901962,-0.7427376017943164,-0.6470736565582904,-0.03226428590447463,0.4287514862154976,-0.2548165912253496
CHAOS_0337,Mn-Sr-V-Zn,0.516260162601626,Q3,3.806198058342595,-2.483412325618873,1.77352803126187,-0.3594896799646191,0.003462836384355751,-0.82582089913034,0.1922823109831266,0.7208926318296761,-0.7110083122629506,0.000465587358565302
CHAOS_0338,Co-Cu-Fe-Mg,0.959349593495935,Q4,-3.868334390147955,0.9134169900986852,1.98611452797002,1.411581278202827,0.4218012549953122,0.6793405455865726,-0.2865673725858641,0.2479455560183413,0.2422540730185291,0.07266805846678313
CHAOS_0339,Fe-Mg-Ni-Sn,0.5995934959349594,Q3,-2.884381334695738,0.05703692191035321,0.6071372572832755,1.694337689399739,0.2528550461197156,1.508548803149653,-0.9168287762383861,-0.2762296665631325,-0.3167225698220705,0.7899009813158351
CHAOS_0340,Co-Cu-Mn-Ni,0.6544715447154471,Q3,-5.996595679900196,-0.3607725176023758,1.248730776772737,-2.634247849419176,1.018499124558222,-0.3409345701501677,-0.6442834707874733,-0.1131851868720633,-0.2781256818645718,-0.4963752842024834
CHAOS_0341,Fe-Mg-Nb-Zn,0.443089430894309,Q2,-1.08501727166017,-1.114545769697944,-2.176444990106772,-1.710408514685772,-2.75977675595122,1.23573137711946,2.218486378317233,1.018102299245212,0.2041887896393281,1.502970920234755
CHAOS_0342,Mg-Sr-V-Zn,0.5955284552845529,Q3,3.434111296851393,0.1881115016878696,0.2053205218565718,-0.7265194751879932,0.1805471260613726,-0.5992466257378338,-0.08036307814867127,-0.05630377176039142,0.1385546144433167,-0.2881539067838
CHAOS_0343,Ca-Cd-Co-Sn,0.8577235772357723,Q4,1.939998992877201,-0.9450827381513908,0.4648646412923682,0.2783052579731394,0.3139912320601556,0.8754601445759743,-1.209651283763526,0.08341552107680363,-1.053311889782081,0.3694366948356246
CHAOS_0344,Cd-Mn-Ni-Sr,0.6097560975609756,Q3,3.676698386150043,1.633016005919556,1.054183026183074,-0.8576098047072177,0.07220787179532794,-0.161556427274649,0.1562642643006048,0.5463143418324806,0.0269902881575073,-0.2959328892732903
CHAOS_0345,Ca-Nb-Sn-V,0.1138211382113821,Q1,0.9747386376705957,-0.3650289206007132,-1.477587746598895,1.393805415042024,0.4741765318563774,0.638735065131911,-0.4841862229015034,-0.5596220376155102,0.09573938506212834,0.2941777837823142
CHAOS_0346,Co-Mn-Ni-Sn,0.4573170731707317,Q2,-3.316384524007751,0.03916229513388673,0.4410785806853814,-0.2449960429482519,-0.7115545386235336,0.4354784222377012,-1.088799548847872,0.004002906298507833,0.3312043197679226,-0.3848153742664316
CHAOS_0347,Mn-Sn-V-Zn,0.2052845528455285,Q1,-2.09218585331063,-1.096800559985216,-0.6637911106275979,-0.3723921595981328,-0.5901454938027203,0.06701973350728467,-1.162919267393443,-0.4904867461764416,0.2178098422590541,-0.8447572750780392
CHAOS_0348,Cd-Mn-Nb-V,0.1890243902439024,Q1,-3.508434336931606,-1.786161324596069,0.02233141163176919,1.148119005488904,-0.9032822157993039,-1.752970244776594,0.04738717486313606,0.5017725268732015,-0.887011686395719,0.3802884639979527
CHAOS_0349,Cd-Co-Fe-Mg,0.8455284552845529,Q4,-3.533675055776419,1.025094652920104,1.499611319712825,1.204166218130482,-0.09701116623097207,0.1701016497077125,0.095440660471526,-0.1387383457923467,0.05127234707176007,-0.3505088753888951
CHAOS_0350,Sn-Sr-Ti-Zn,0.217479674796748,Q1,4.118667429150791,-1.684899682422419,-0.3259704565813992,-0.6503987065880514,0.02131585503896721,1.323640998696667,0.03995702935047234,0.4512351169984963,-0.5611258588928543,0.7114959920313667
CHAOS_0351,Ca-Cd-Sn-V,0.274390243902439,Q2,0.8922477264918209,-0.9498978328297705,-0.7258579975432194,0.9740888090190793,0.2621441123278672,0.8312211492244811,-0.6781742966191514,-0.2467302121767236,-0.2866535201570798,0.07077815028738743
CHAOS_0352,Cu-Mg-Mn-Zn,0.9044715447154471,Q4,-2.710533413761447,1.300868813912261,0.6640739601971343,0.01624735103135667,-0.445796406469404,0.4186712343394423,-0.7833072133340184,0.2270502991978451,0.008517806449715159,-0.3450875280103259
CHAOS_0353,Cd-Mg-Sr-Ti,0.1951219512195122,Q1,1.883242678359226,-0.0991714908094325,-0.6682092800812113,-0.3571148271547218,-0.4214498450368268,-0.5731611129787719,0.7381461983607567,-0.2055948992873397,0.7202259229147528,-0.3767087257427176
CHAOS_0354,Co-Mn-Ni-Zn,0.983739837398374,Q4,-5.328538991642106,1.605605443737843,0.5726198317320167,-2.847969558531724,0.5895746056546249,-0.1890068049856512,-1.305414107013549,-0.3620490025907506,-0.1825798118793758,-0.4526790613544176
CHAOS_0355,Mn-Nb-Sn-Tc,0.06097560975609756,Q1,-1.565930032751419,2.41325210113863,-2.547765969263209,0.1497995177091394,-0.4261720131044442,0.4212230495741384,-0.5259131477941267,-0.2268906860919817,0.4044543735612069,0.8263061664329179
CHAOS_0356,Cd-Co-Fe-Ni,0.6890243902439024,Q3,-5.63941952315495,0.8955075954881213,4.05615136342694,-0.3780131065123448,-1.2318471835832,1.624212274516069,3.181938215640325,-0.2596388127326186,0.03633812468191509,-0.7079431644703845
CHAOS_0357,Fe-Mg-Ni-Zn,0.8861788617886179,Q4,-3.43341594716169,3.224141864355586,0.9953057382494074,0.2793661153812731,-0.1549272269672052,0.9756974495271359,-0.3516504757928225,-0.4847369858727247,0.3049565910596523,-0.4889032798165891
CHAOS_0358,Mg-Mn-Sn-V,0.1930894308943089,Q1,-2.256089783548423,-1.460750306725283,-1.668400850951514,2.098271423359029,0.4941938513313424,0.1869514599696839,-0.3896127073947898,0.1763036819339948,1.429903030219802,-0.4105705374974629
CHAOS_0359,Cd-Nb-V-Zn,0.02642276422764228,Q1,-2.494985618897936,1.034949188097062,-1.400692911934064,-1.904948757938713,-1.426513659622447,-0.3790219880338752,0.3318321932784193,-0.2512028551553052,0.8664296802094847,-1.084479258383769
CHAOS_0360,Ca-Cd-Co-Sr,0.8760162601626016,Q4,3.516456078381526,1.853139176154234,0.5726374846712686,-0.4280545692861698,0.5487865863003627,0.1516942619305239,-0.3545481508820662,-0.03258777302625862,-0.03326800464681712,-0.0995833487622819
CHAOS_0361,Ca-Mg-Ni-Zn,0.9166666666666666,Q4,2.273996371734893,2.8052783819972,-0.08692354467003102,-0.5782247815247358,0.1738377241843641,0.4090644907105815,-0.6464843213752445,-0.1673601225093697,0.05700436962593064,-0.1204579239085876
CHAOS_0362,Ca-Fe-Sr-Zn,0.532520325203252,Q3,4.350979994245291,0.629745061022571,0.5630613448043559,-0.5016988350674573,0.4244247397091412,0.08464807318435874,0.2255179168035847,0.1419941466125619,0.1369395247218224,-0.1293478585824403
CHAOS_0363,Ca-Mn-Sr-V,0.6219512195121951,Q3,1.917647676469288,2.382481210355988,0.3656366658537846,1.0341678941688,0.2429211020808845,-1.47838615838309,0.4876614315818042,-0.1886825361894955,0.09008310793391178,0.6874321992915475
CHAOS_0364,Mn-Nb-Sr-Zn,0.282520325203252,Q2,3.682856495198786,-2.149378609473816,0.8954406838037922,-0.6597950751251078,-0.5645022461701835,-0.3574342843045905,1.272913273498288,0.8194585422871461,0.03478375895454862,-0.07808067096229282
CHAOS_0365,Mg-Nb-Sr-Ti,0.2967479674796748,Q2,1.294274841516943,0.2250903048837059,-0.2110369432144672,0.2128736037855577,-0.2503255701093377,-2.192751561239073,0.8145066236586486,-0.4306930603276664,0.5813622074691641,0.008918210668942194
CHAOS_0366,Cd-Ni-Sr-Zn,0.5609756097560976,Q3,4.188636786483685,1.250123964938807,1.018284508246037,-1.793042090152566,-0.1111865086676846,0.4424990416871384,0.1614606884836191,0.8639742529104059,-0.1082662687071392,-0.4899214827660792
CHAOS_0367,Cd-Cu-Mn-Ni,0.6605691056910569,Q3,-3.597923038743609,-0.009189042032409514,2.005263951540082,-0.4897262541394835,-1.110949890204433,-0.1984630834357442,0.2578607295596028,0.6523957039179201,-0.07304178142299304,-0.9679088229586649
CHAOS_0368,Ca-Mn-Sn-V,0.3353658536585366,Q2,1.879853384365833,-4.895108044201694,0.7244287605850164,2.239223417984569,0.8625207204278706,-0.4965012266613316,-0.7235180510689055,-0.6096276973524588,-0.259850936103348,-0.6487291700444998
CHAOS_0369,Co-Cu-Fe-Mn,0.8434959349593496,Q4,-6.307923628767715,0.1514390424808881,0.6123519108915182,-2.057854137119875,1.233696800445407,0.0470727478025839,0.287489643641802,0.9932758580762311,0.4937229485646539,-0.7146597306914992
CHAOS_0370,Ca-Cd-Ti-Zn,0.3028455284552846,Q2,1.168901987558161,-2.177942670654387,-0.08785063932422196,-0.8606253758252499,-1.547387434159157,1.019732638128815,1.438925739870886,1.138770688918437,-0.4418843601085044,0.5312709985269827
CHAOS_0371,Cd-Co-Ni-Sr,0.4715447154471545,Q2,4.272149673442366,1.168429466296288,1.401997000314551,-1.272052438925152,0.1929105986167858,0.01865645056866228,0.08117231145788449,0.6360525284924969,-0.06677969591945657,-0.5026495450529147
CHAOS_0372,Ca-Co-Fe-Ni,0.8516260162601627,Q4,2.348041741112432,1.453578857683901,1.418289194199696,-0.2652716143447069,0.1144619581582363,-0.1284384022940807,-0.4669141247791235,0.3217024493371041,-0.5998565559369635,0.151116464142862
CHAOS_0373,Cd-Mn-Sr-Zn,0.7947154471544715,Q4,3.426892662969895,1.476436106955048,0.847208670847961,-1.205154304557448,-0.06741738231688293,-0.10296667943194,-0.0919263428947624,0.5664351447518444,-0.02059628691275985,-0.5332880840472132
CHAOS_0374,Cd-Co-Mg-Sn,0.725609756097561,Q3,-2.774641595704653,-4.645731128823358,1.204255717458209,2.724327064897645,0.4987943503470479,-0.07398321204418155,-0.9511349636396687,0.2925650873146908,-1.305489903879754,0.5085539679132407
CHAOS_0375,Mg-Mn-Sn-Zn,0.5975609756097561,Q3,-2.023643845249084,-0.9515843024657742,-0.02589551064597359,0.8124875351869216,-0.04135266331969997,0.6877776830722464,-1.161362731938013,-0.2478646541158746,0.2137933677683338,-0.4943767864557739
CHAOS_0376,Ca-Ni-Sr-Zn,0.5223577235772358,Q3,5.077418247905483,0.9447749312945676,0.8331660903082558,-0.996490855972526,0.6312699292515526,0.4677886749359449,-0.08343431285545998,0.3149731974319853,-0.06246023833683356,-0.13560964786091
CHAOS_0377,Ca-Cd-Fe-Nb,0.25,Q2,0.2471094547184213,0.310522365440843,-0.3920378513759126,0.2703633913307179,-1.190328099222826,0.4450042055392308,1.149350481003357,0.9102342856941004,-0.8027974373869455,1.628407728868506
CHAOS_0378,Co-Mg-Mn-Zn,1.0,Q4,-2.719662713097814,2.89292473969635,0.3914336497922717,-0.1393339071713806,-0.4009977527055413,0.3076102643299271,-0.8496374309093193,-0.1959460303632612,0.2489522871890572,-0.4851374747614897
CHAOS_0379,Mn-Sn-Ti-Zn,0.1666666666666667,Q1,-1.616540162958571,-1.410235583251674,-0.5743725689610077,-0.7459987168736308,-0.5373316848713486,0.4192730222365169,-1.623734938408483,-0.3562478346861416,-0.7043756304526673,0.2809231674338629
CHAOS_0380,Ca-Nb-Ti-Zn,0.3516260162601626,Q2,0.8923032553688579,0.9462750037859737,-0.5866275022923695,-0.5205142515371747,-0.7986630336112178,0.1261376168421369,0.3889383767301828,0.1550614451218755,0.04056141089252924,0.3118686875791474
CHAOS_0381,Ca-Co-Sr-Zn,0.6016260162601627,Q3,4.902662287919681,0.5069431539559428,0.759348155348122,-0.9831141891929579,0.3643139854625896,0.4584677438050789,0.2812668887080534,0.4559106673722754,-0.0695242194463216,0.07431097746566087
CHAOS_0382,Co-Sn-Sr-Zn,0.5711382113821138,Q3,5.087903856089108,-0.7194054063994613,0.4766534419511468,-0.9567425507528744,0.5199878022970144,0.8426138117409103,-0.1003521477526956,0.3036217854379405,0.009579795484082946,-0.4261197948974915
CHAOS_0383,Ca-Cd-Nb-V,0.1361788617886179,Q1,-0.3520630274636942,-3.331863082825739,-0.1604173339897662,0.9360214407519063,-1.229432633004146,-0.1883762122943897,2.21937974749982,0.7412839260765957,0.3619262477745164,0.1133625688727829
CHAOS_0384,Ca-Sr-Ti-Zn,0.3333333333333333,Q2,3.293013301879384,-1.848553254657042,0.6071613946526773,-0.1410086582744105,0.1557221503489301,-0.6054889702258585,0.3930608591911746,-0.1506039997969043,0.3464961014021671,-0.7042303987762326
CHAOS_0385,Cd-Mn-Ti-V,0.1178861788617886,Q1,-4.295637155851175,-4.193223007427702,1.180960974793328,2.553644528459172,-0.1768530222579587,-1.552240377102079,1.359657890323239,0.03046372322612868,-0.2764132608528059,-0.8736701476295614
CHAOS_0386,Ca-Cd-Co-Ni,0.7439024390243902,Q3,2.009263957586896,1.400533372452348,1.303232110797974,-0.4809156887398728,0.007185379327278365,0.1663748405981268,-0.544397226257162,0.3373784416399327,-0.4913189392483773,-0.2617930913831533
CHAOS_0387,Cd-Cu-Mg-Zn,0.9939024390243902,Q4,-3.428790993686213,1.089910610746595,1.140228584862125,0.6834084976578352,-0.3113774484794249,0.1490368016840197,-0.4577391333605246,0.02690824631403011,-0.5929417318419656,-0.4151134424391808
CHAOS_0388,Mn-Ni-Sn-Zn,0.5772357723577236,Q3,-2.809981442893851,-1.172464296360851,0.8905090197811467,-0.4574821117639062,-0.6851267699909873,0.1464493868537274,-1.403576710367018,0.1172364801550712,-0.3225513630039644,-0.4591279452874433
CHAOS_0389,Mg-Mn-Sr-Ti,0.3495934959349594,Q2,2.446504323950557,-0.820380488309441,0.6169833559793646,0.5164459018199675,0.07780732631213548,-2.103600721363001,0.5529101008894787,-0.2754825249761355,0.2466195279979578,-0.006750674018692126
CHAOS_0390,Ca-Co-Mg-Ni,0.8821138211382114,Q4,2.399817630559753,2.859566876044481,0.2265450994249031,-0.144015730866452,0.3379132154006614,0.05542053253471405,-0.4303297361363094,-0.2431658066973519,0.08228371311472414,0.1095431421722419
CHAOS_0391,Co-Fe-Mg-Sr,0.4491869918699187,Q2,4.274258674295857,-0.237831241728453,0.8717540152697738,-0.374536026567585,0.2899966009900366,-0.6081067932073737,0.5162067912840649,0.2269550724878048,-0.01703960165689251,0.2155004679688519
CHAOS_0392,Co-Fe-Ni-Sn,0.6382113821138211,Q3,-4.755748880424754,0.5660789286470267,0.473373219301529,0.04198138562636392,-1.029498005179099,1.189224578195201,-0.03870167489490611,0.1319855690275685,0.7555715867466858,0.01596255435197401
CHAOS_0393,Cd-Nb-Ti-Zn,0.04674796747967479,Q1,-2.28475099147837,0.5920349808113736,-1.469868602613241,-2.139637228698096,-1.209600617745097,-0.1082902204436468,0.4338052440972555,-0.3243463988030815,0.8125798917862921,-0.6831520239924858
CHAOS_0394,Cd-Mg-Mn-Ti,0.290650406504065,Q2,-3.37423737487345,2.08477485010446,-1.467192315672659,0.5599452726528475,-0.9788376101011221,-0.1062761888689817,0.3433592824218391,0.6376203061914789,-0.2543246940458515,1.11623990448637
CHAOS_0395,Nb-Sr-Ti-Zn,0.1768292682926829,Q1,2.705713686377972,0.03547946711378579,0.3529444496795422,-0.63343981960321,-0.2071838669853337,-0.4587840996043175,0.2527480469437492,0.1919672719302975,0.02781796148755909,-0.1657555676032346
CHAOS_0396,Fe-Ni-V-Zn,0.3800813008130081,Q2,-3.588451972834813,-7.23426654143204,1.849087332368062,-3.035006617818203,0.4398650503059371,-1.236781069728723,-0.8591280433790957,-0.8758111373868048,-0.8815368723803034,1.258268788394802
CHAOS_0397,Ca-Nb-Sr-Zn,0.2845528455284553,Q2,2.969616450371399,0.6469911433550507,-0.06401536927246378,-0.5119380770958687,-0.05460653700902594,-0.05389280672413221,0.3780092924261272,0.03979017673866504,0.243292752135931,-0.03445076733008648
CHAOS_0398,Co-Fe-Mn-Sn,0.5934959349593496,Q3,-3.787487898832293,-2.672961513282706,-0.00260143395383107,-0.2527609346665913,-1.41187189360624,1.21417853770698,0.1274694196246557,1.470311947025126,0.2486001194054135,1.266573004795589
CHAOS_0399,Nb-Sn-Tc-Ti,0.004065040650406504,Q1,-1.835301355204285,2.290182442594877,-3.255935694007416,0.2052451608766261,-0.3915764639779371,0.9297027306556834,-0.0833828360603205,0.07761641763749806,0.07335037740475017,1.249943225869305
CHAOS_0400,Cd-Mg-Nb-Ti,0.1239837398373984,Q1,-3.703229688505751,1.730233819501388,-2.616514925397423,-0.7914453659270033,0.5910646942153918,-0.7520671062532952,0.1029120488444232,-0.1653935481618266,-0.4677916911843195,0.4423903733853818
CHAOS_0401,Ca-Cd-Ti-V,0.2398373983739837,Q1,-0.9318477435359511,-0.7268430699026693,0.5197840717890835,1.252129922261592,-0.3487676464491911,-0.4992776536923582,0.2705461136254246,0.2403166690947346,-0.5793243636418742,0.5614923785404984
CHAOS_0402,Ca-Mn-Ni-Sn,0.5853658536585366,Q3,2.653542575756313,-0.6116783433851498,0.3574884737013052,0.5426452223898393,0.431585929182453,0.7421142911300581,-0.8088953021908419,-0.01456167958060723,-0.5269628722352953,0.2583288693093953
CHAOS_0403,Cu-Mg-Mn-Ni,0.7987804878048781,Q4,-2.777442886524849,1.681097529373031,0.9299048902647788,0.329193890667925,-0.3172381203786877,0.5955900577541926,-0.4597096359974126,0.3510522344799209,0.1385009677371878,0.09794721676838052
CHAOS_0404,Fe-Sn-Sr-Zn,0.4695121951219512,Q2,4.659523599791473,0.0119573301191609,-0.3616870646912881,-0.8913596377118895,0.1027686179513641,1.176874983644121,0.5900458872128408,0.3449746707839024,0.4231070199126447,-0.1936993499544503
CHAOS_0405,Co-Fe-Mg-Zn,0.9004065040650406,Q4,-3.443531980206867,2.77605904661343,0.8796885923372736,0.3886914252322782,-0.1484193201703113,0.6816527840726513,-0.4605639984100828,-0.3646046081004848,0.3164434063106739,-0.4409324288559458
CHAOS_0406,Fe-Ni-Sr-Zn,0.4044715447154472,Q2,4.729338478796655,1.172840617915929,0.9547533109214327,-1.520472154399797,-0.06506875744112053,0.3128957616679283,0.6495710074556409,0.8365685256853953,0.1458212755021084,-0.2688642117265976
CHAOS_0407,Ca-Co-Mn-Sn,0.8902439024390244,Q4,2.499109829417159,-0.7995759827955723,0.4298126219044064,0.7077070323688491,0.4783813547802974,0.6002133287468308,-0.930850393504706,-0.06868166803799189,-0.6249764316015802,0.3267109580272005
CHAOS_0408,Ca-Mn-V-Zn,0.475609756097561,Q2,1.290062933707796,2.310613745603439,0.3335746206275414,-0.1702084117301937,-0.18297786140387,-0.2426367020442597,-0.4500250483722085,0.06970959695611627,-0.1770807445675618,0.0363445289142768
CHAOS_0409,Ca-Cd-Fe-Mn,0.7296747967479674,Q3,0.4278375941359933,1.850548483461426,0.7900012723975733,0.9045236028903985,-0.03723162493638573,-0.5010235418998097,-0.3082834193155696,0.1790664697144808,-0.6958551865022897,0.4554697422207475
CHAOS_0410,Mn-Nb-Sn-Sr,0.1524390243902439,Q1,4.33611930609529,-8.890737885345501,1.295258634398277,1.489306731403268,0.4573372165208444,-0.3733024317186381,0.8615048156096784,0.09968665629850072,-0.2353513273592041,-0.6824521750846229
CHAOS_0411,Co-Fe-V-Zn,0.6666666666666666,Q3,-4.443925507927209,0.6345054486200152,-0.2847712893951366,-3.647566383115421,0.4858714179044376,-0.5753845930024287,-0.9483663847137637,-1.507708333005297,0.4856699188880904,1.175830879425161
CHAOS_0412,Co-Fe-Mg-Ni,0.9573170731707317,Q4,-3.866243156612239,2.996359899105782,1.982345423883665,0.9906950502403706,0.2267912365389543,1.262570481931301,0.2636600956981817,-0.7546309112882327,0.4254744109552778,-0.22243853888421
CHAOS_0413,Ca-Cd-Co-Zn,0.8719512195121951,Q4,1.799270001147326,1.548113753033616,0.9402196159567017,-0.8823996873617216,-0.1964996411476067,0.3530603620442264,-0.6726089590318798,0.424400483385605,-0.5191408755797265,-0.3424374197999873
CHAOS_0414,Nb-Sn-Tc-V,0.002032520325203252,Q1,-1.624049330601751,-0.9612631674876663,-2.184504189370987,1.073779127339727,-0.01434512093675113,-0.1567354840970252,-0.1226759316664506,-0.08971815344070551,0.3457455596616241,-0.06041145351130214
CHAOS_0415,Ca-Cd-Mn-Zn,0.9796747967479674,Q4,1.206968187659196,2.353286578182612,0.5409530093850117,-0.5923622117778867,-0.2627133891937406,0.1210434421818524,-0.6974953184479258,0.2722315416611098,-0.2790100132989946,-0.3402036490651744
CHAOS_0416,Ca-Co-Mg-Zn,0.9349593495934959,Q4,2.11693933464461,2.72682146760557,-0.08967187272812312,-0.5088891268000809,0.1291595201426663,0.2569010227971121,-0.6052713080611248,-0.1873304782794744,0.05048994364429198,-0.06656332456110874
CHAOS_0417,Cu-Fe-Ni-Zn,0.9695121951219512,Q4,-7.258462279118341,1.255384836019001,0.8144974583136053,-3.52537213876351,2.877610052743363,-0.01443988086032267,0.07463293587541872,-0.00736862116243118,0.8550444086059706,0.1021828678525424
CHAOS_0418,Cd-Mg-Nb-Sr,0.1869918699186992,Q1,1.907538321841659,-0.4927705871195342,-0.5775580730251059,-0.3841395120672218,-0.4312314639119588,-0.5813787133017186,0.6929679221879619,-0.1211661894890908,0.576194686372631,-0.3291741167676439
CHAOS_0419,Ca-Nb-Sn-Zn,0.1483739837398374,Q1,2.7043962764344,-2.6737932094431,-0.5748813799460013,0.1327355371104634,0.2321362007221912,0.7401062486837112,-0.02848850878392725,-0.4707945787508909,0.564510238447845,-1.08629231973367
CHAOS_0420,Ca-Fe-Ni-Zn,0.8617886178861789,Q4,2.393330133405983,1.889494757827251,0.953364431536649,-0.6944889510412962,0.01237882886529116,0.2600803619978307,-0.5551624415646478,0.3370333935212428,-0.3744991931464902,-0.1882648216945244
CHAOS_0421,Co-Fe-Mg-Mn,0.8109756097560976,Q4,-3.438103530516664,2.852234529431205,0.878212423826207,0.6972837333161475,0.08299114025728267,0.09501321080810048,-0.4346117285085529,0.005950699662279283,0.7809923271277313,-0.09831017454210322
CHAOS_0422,Fe-Nb-Sr-Ti,0.2134146341463415,Q1,1.96672579534998,-0.3768304935167869,0.9984167312131013,0.8477830532629926,0.08884684862757536,-1.597781670357247,0.4847565896839039,-0.01978327476052735,-0.3253871187439069,0.4257460057947359
CHAOS_0423,Cd-Nb-Sn-Ti,0.01422764227642276,Q1,-2.792417308609588,0.6308912338946233,-3.331942878218448,-0.7613145848970658,1.181744734403609,0.4675969228302546,0.3422048060806206,-0.7802864176600735,0.6425595925425602,-0.6950877189593263
CHAOS_0424,Mn-Nb-Sr-Ti,0.1991869918699187,Q1,1.56007556969008,-0.4318140905210239,0.9168261572210743,1.216100112324063,0.003743190475243041,-2.087714407245608,0.986762901430084,-0.1028791887565754,0.1990767802529963,-0.03444868215833873
CHAOS_0425,Ca-Ti-V-Zn,0.4857723577235772,Q2,0.8669058258599124,0.4606215270973835,-0.3113505673679006,-0.4185049824310131,-1.009220813231703,0.3119156281520294,0.6244186916681929,0.492389006833342,-0.3178026807885585,0.7940806677445305
CHAOS_0426,Mn-Nb-V-Zn,0.3821138211382114,Q2,-2.127039449692542,-0.8239237047506839,-0.5977199205778462,-1.556723824593205,-1.456989992397532,-0.7424607249030092,-0.339475947130902,-0.1839614855503453,-0.03166802803893894,-0.1371381060209328
CHAOS_0427,Cd-Cu-Fe-Mn,0.6951219512195121,Q3,-4.623895863374411,0.2484277385009279,1.789360509098322,0.3334233037425579,-0.6091464218049744,0.03732328466990799,0.4265514110004113,1.529791871171398,0.5100436974296894,-0.3607842190787746
CHAOS_0428,Mg-Ni-V-Zn,0.9288617886178862,Q4,-1.692440349954873,-1.773855574616815,1.116295369499707,0.1863377892311736,-0.260090285301867,-0.5642738992600088,-1.694601774667065,-0.1570609451414476,-1.547043634274508,0.2195996761256249
CHAOS_0429,Ca-Co-Fe-Sr,0.4654471544715447,Q2,4.395882262176551,0.6634543577180397,0.9835125922730076,-0.04764712195265018,0.4822953000781757,-0.2168393174976044,0.5309024899220863,0.2321802335960818,-0.07633170951726884,0.4402593802461236
CHAOS_0430,Ca-Fe-Ni-Sn,0.6808943089430894,Q3,2.704538947794238,-1.694220994923441,0.4913928132333026,0.4535985099462389,0.2250709314378097,0.8442023051791752,-0.522528202782948,0.1595721414451096,-0.7341810748459985,0.4298024244649519
CHAOS_0431,Fe-Mg-Mn-Zn,0.7560975609756098,Q4,-2.987394172069777,2.646913420144664,0.1000061288296142,-0.02044119680406423,-0.3448421409832476,0.1000561870355788,-0.878855561298513,-0.08907157304461513,0.3778733184141218,-0.4175120723344694
CHAOS_0432,Ca-Fe-Mg-Nb,0.5040650406504065,Q3,0.9631174196074753,-0.2032486603835467,-0.01875231033245399,1.049897056467257,0.1423003512524193,-1.47988470050915,0.04672913675068437,-0.5067593565102081,-0.08146359736731734,0.3273209021906177
CHAOS_0433,Ca-Cd-Ni-Zn,0.8252032520325203,Q4,1.921224122837381,1.877500089856883,0.749935038650216,-1.068788947744615,-0.3157743055546777,0.6085440783520097,-0.4743083744277233,0.5341547253693016,-0.4257949467762183,-0.2791155850025117
CHAOS_0434,Cu-Fe-Mg-Mn,0.9817073170731707,Q4,-3.667789008429517,1.253428727711321,0.7553957514090551,1.321576766977163,0.7373286880264094,0.09518755359999427,-0.9093344098672862,1.768875633017404,1.73984615361736,0.05020785588195131
CHAOS_0435,Mn-Ti-V-Zn,0.4471544715447154,Q2,-3.281626914875265,-0.2917322750484206,-1.501467329338097,-2.55288218254744,-2.011313398687003,0.4140943961598782,0.5360538538794889,0.1086121845573135,-0.1184048699652764,1.456437730312559
CHAOS_0436,Cd-Cu-Ni-Zn,0.7865853658536586,Q4,-4.437054440893242,-0.1740854287239715,2.509568097357368,-0.196770847651004,-0.9828133371093098,-1.012316446510566,0.2815357759473055,0.379575638889957,-0.6886680979015565,-1.0308601423371
CHAOS_0437,Cd-Sn-Sr-Ti,0.2032520325203252,Q1,2.697377120079689,-0.04548244425233462,-0.8847756943683249,-0.1896330357959368,0.03607645073461194,1.387433616072174,-0.4192071133721879,0.2245799215855577,-0.7108247717771206,1.046432824781116
CHAOS_0438,Cd-Nb-Sn-V,0.01016260162601626,Q1,-2.465719589403133,-1.100639549956118,-3.191071416060743,0.1932657451856473,-0.1610514952405692,0.332629743984293,1.298550330468738,-0.170560971187502,1.240897467978693,-1.6744590092323
CHAOS_0439,Cd-Fe-Mg-Mn,0.9247967479674797,Q4,-4.393607822311248,1.925236257004759,0.6141946200880047,2.081644803505344,0.6656031050314283,-0.1981266796333325,-0.3642124459315016,1.531661827058209,1.127848381405632,0.3214301467624103
CHAOS_0440,Cd-Mg-Mn-Sr,0.8089430894308943,Q4,2.5643445106755,1.915087168071681,-0.1716443336460754,-0.3447414162543422,-0.002616436763505305,-0.5449672790959672,0.05818176532502489,-0.04224519525197169,0.285270014063196,-0.008589191030577401
CHAOS_0441,Co-Mn-Ni-V,0.5101626016260162,Q3,-3.634485619945151,-4.999334971888081,2.428079031774933,-1.971137341490759,-0.05910850752251009,-1.342558042062257,-1.845440497039144,-0.8327680647901601,-1.48231913870799,0.925192898376534
CHAOS_0442,Ca-Co-Sn-Zn,0.8475609756097561,Q4,2.830711823850304,-0.961525094297495,0.4543714533759091,-0.1631373098748041,0.2353108316868611,0.9602734149557131,-0.7809206461253986,0.1766381607926887,-0.6809850052964824,0.08388766138637542
CHAOS_0443,Co-Cu-Sn-Zn,0.6524390243902439,Q3,-5.068177215219951,-2.754598771256073,1.51380118439531,1.316451903680834,-1.144250107266397,1.129362578728271,1.361108200147701,0.6155330555576519,-0.6666219485508683,0.9680299453799259
CHAOS_0444,Mg-Sr-Ti-V,0.3902439024390244,Q2,1.561140943944427,1.121942010387736,-0.07112087322819588,0.1109664383717818,-0.2036340158337862,-2.066896449708392,0.6350291866646837,-0.2693897977206235,0.2943399311546535,0.4332335840570827
CHAOS_0445,Ca-Cd-Sn-Ti,0.1808943089430894,Q1,0.7337009014321944,-0.4919078975613578,-1.111104120198713,0.8334827385920929,0.263285959996563,1.055425181536694,-0.7328749962821761,-0.3949525139074608,-0.2179090857170636,0.170582884645131
CHAOS_0446,Ca-Fe-Mg-Mn,0.9186991869918699,Q4,0.8715239323421977,3.112721341919926,-0.2470729566431447,0.9698367504052965,0.1064929598729135,-0.9596686800028523,-0.01704249274459288,-0.3443826344154748,0.05676792731229099,0.6628004947981969
CHAOS_0447,Cd-Fe-Sn-Sr,0.733739837398374,Q3,3.618005848927284,-0.5033696130777267,-0.009141163802196452,-0.1882192404844279,0.3355370775051645,0.8368314404133165,-0.3093818286135079,0.1777233821235389,-0.3690148382945806,0.1889940895568067
CHAOS_0448,Ca-Fe-Mn-Ni,0.9451219512195121,Q4,1.877895006882565,1.456641298427214,1.284445623359001,0.200925282198272,0.07422325595716256,-0.4260527107037287,-0.3508392103624613,0.2297393999220153,-0.5380085635281958,0.27877327953316
CHAOS_0449,Mg-Ti-V-Zn,0.7357723577235772,Q3,-2.176552164753264,0.3898906614327111,-1.876390986011637,-0.985654097331339,-1.515699782027985,0.2350382388718849,0.6181148703561462,0.02664780536488425,0.02604836163253347,0.525048477461807
CHAOS_0450,Nb-Ti-V-Zn,0.3658536585365854,Q2,-2.408143229393964,-2.546723575087373,-0.5259397862242058,-1.814429999692378,-1.023878360371572,-0.6687110610687653,-0.2974961505071244,-0.2289384711917228,-0.6536998791964028,0.8378975906050264
CHAOS_0451,Ca-Mg-Sn-Sr,0.7276422764227642,Q3,3.567938088939439,-1.260278859120797,-1.233387961730232,0.7013256068948658,1.294508319176253,0.6939936803954585,-1.091726108205288,-1.154545225993162,-0.05011455056586218,0.2041585548813795
CHAOS_0452,Cd-Co-Fe-Mn,0.8780487804878049,Q4,-6.245191227097548,2.089718127867437,5.807946220849401,0.5432595853955245,0.2340076366787046,2.300497160283638,3.140345553512412,-1.387999478432114,0.3559871394039252,-1.542933400494248
CHAOS_0453,Ca-Sn-V-Zn,0.2703252032520325,Q2,2.586202747969554,-4.923132596388895,0.5527762067853836,0.6113100254403186,0.2330772125207507,0.4324342907151456,-0.3944995310579734,-0.1209922342730095,-0.4099754448065198,-0.5725523764228749
CHAOS_0454,Mg-Mn-Ni-Sr,0.5203252032520326,Q3,4.274401356143543,-0.3087746987480058,1.139414852558201,-0.2309365211651722,0.5070358542479074,-0.8692920697416736,0.05351841734557494,0.1314928592087197,-0.1217058611464811,0.03856975726956781
CHAOS_0455,Ca-Cd-Fe-Zn,0.7012195121951219,Q3,1.391861730282039,1.60327573613422,0.5955658910724537,-0.6424739946921342,-0.3412769496726817,0.3243255798232035,-0.4332439788414858,0.3711830735493857,-0.3810851445661053,-0.2468864610537141
CHAOS_0456,Co-Fe-Ni-Zn,0.9146341463414634,Q4,-7.495420057593942,1.813785178239091,0.9441081858548936,-3.131506508745863,3.110817125409122,0.1671130829672814,-0.3402067466041034,0.6331153555828376,1.693765610847272,0.2280333907455484
CHAOS_0457,Ca-Cd-Ni-Sr,0.8313008130081301,Q4,3.739423437778855,1.870302605072033,0.5666087919456464,-0.5301977337543676,0.5990691345396313,0.3318810928410392,-0.4243535337200866,0.01168121282017999,-0.07755651462008856,-0.09774889144916077
CHAOS_0458,Cd-Fe-Mn-Zn,0.926829268292683,Q4,-3.885266213988382,1.816244938230287,1.062033478780443,-0.7949337378898393,-1.05703532622259,-0.2445438379012611,-0.3647505628533896,0.4061944796186264,-0.2020194836595289,-0.9585242782040091
CHAOS_0459,Mg-Mn-Nb-V,0.3739837398373984,Q2,-2.431348526921191,-1.460847368234611,-0.501795477852721,1.236451450850314,-0.4049131293980313,-2.487361698307921,0.05946828334143087,-0.3742425073948788,0.1164473757631176,-0.007765083906604753
CHAOS_0460,Fe-Nb-Sn-Ti,0.006097560975609756,Q1,-2.231278720441504,-1.45760086552927,-2.654204778669726,-0.6692081625203239,-0.6112306571765517,0.5495779137464274,-0.1610190865783818,-0.8912936078897049,0.3252295997866511,1.48784058086761
CHAOS_0461,Mn-Ni-Sn-Sr,0.5121951219512195,Q3,4.803834177462952,-0.748652141691886,0.3628858506156549,-0.2430620419900323,0.4915590587771572,0.777443088378017,0.01972798007772,0.3320947681621212,-0.1671552811319661,0.220283843128416
CHAOS_0462,Co-Cu-Fe-Sn,0.3638211382113821,Q2,-4.851875884947862,-1.920444414781905,0.2930170383248531,0.3883022111982802,-1.085138323356051,0.7860050455324354,0.5625689308837121,1.381915674473957,1.581099515730002,-0.1284074461283281
CHAOS_0463,Mg-Sn-Sr-Zn,0.5345528455284553,Q3,4.474005152567184,-0.4568931993026692,-0.7794613895181779,-0.535341047429666,0.7135005793764984,0.9762710042014534,-0.3398915900713302,-0.435619973106471,0.4433131937765885,-0.5000160472307579
CHAOS_0464,Fe-Mg-Sn-Zn,0.6199186991869918,Q3,-2.798002000931359,-0.7191101191638378,-0.1415295651981608,0.9844108071977071,-0.4842287690001727,1.564203133651221,-0.04356653787337347,-0.07375095727845861,0.1025709300585212,0.3257844048464266
CHAOS_0465,Ca-Mn-Sn-Sr,0.2804878048780488,Q2,3.944142697809557,-0.6581347205586481,-0.2739581883828146,1.179089212299833,1.240693629952293,0.5360684195991728,-0.8614153301466538,-0.6057919048067627,-0.2717895035436754,0.3893459900610431
CHAOS_0466,Cu-Ni-Ti-Zn,0.3861788617886179,Q2,-1.974029448514084,-7.486234704442617,1.44541372992356,-2.107102478933994,-0.301561505657277,-1.176588849682671,-0.6876286658312162,-1.004926696107216,0.2598782631927305,-1.271169335675906
CHAOS_0467,Ca-Fe-Ti-Zn,0.6686991869918699,Q3,1.709707751128796,0.05490438105800702,0.6456812808529664,-0.05590258022057779,-0.1154810824880844,-0.1845036776118428,-0.2924765834062553,0.03954815372833571,-0.343139547335076,-0.1050907271556029
CHAOS_0468,Mg-Nb-Sn-V,0.1077235772357724,Q1,-1.51903900286638,-1.835284702174822,-3.308178618698796,0.959886508293118,0.9608269206359943,-0.01632992039654362,0.4298220452316914,-1.055976342303415,1.132527864115412,-1.842145566196845
CHAOS_0469,Ca-Nb-V-Zn,0.3373983739837398,Q2,1.162735916196414,0.4433542019601882,-0.07443787865953494,-0.3150787525512695,-0.5033243306101527,-0.1931945711930075,0.08723276783053405,0.1011852582028374,-0.07601621785410732,0.02854323175344339
CHAOS_0470,Cd-Co-Mg-Mn,0.9308943089430894,Q4,-3.034659742942023,1.508990268528969,1.215803314517556,0.7107484017224378,-0.1736680383820715,0.03034259993420467,-0.5018343401567404,0.1728402466021119,0.1724811224927925,-0.3549783910264614
CHAOS_0471,Cd-Sn-V-Zn,0.2560975609756098,Q2,-2.515933515604825,-0.6027091458167235,-0.9239363707227732,-0.212526117990342,-0.7768918570693959,0.02082106894468478,-0.3286605141276919,-0.2632069635520142,0.3440613161424957,-1.316689788609621
CHAOS_0472,Cd-Sn-Ti-Zn,0.09349593495934959,Q1,-2.210621526478346,1.331504782154925,-1.766698467400589,-1.151172105477214,-1.014828120796796,1.091805612173018,-0.266313394313581,-0.0128397137002269,-0.1081743381056037,0.05302709966690081
CHAOS_0473,Sr-Ti-V-Zn,0.2621951219512195,Q2,2.963248858402163,0.1121865053328409,0.312957642184379,-0.5591396376193869,-0.1335799720830805,-0.5879621598863786,0.4994588952163733,0.004133282637811568,0.6085310187092706,-0.7173498248851338
CHAOS_0474,Mg-Mn-Ti-Zn,0.6138211382113821,Q3,-1.882204403698206,1.07392688648568,-0.9312401633994827,-0.6741907974956763,-1.061419722029847,-0.1318728926700407,-0.433805567070574,-0.1790636138478185,-0.06588786058125702,0.08200197357002444
CHAOS_0475,Cd-Fe-Ni-Zn,0.7926829268292683,Q4,-3.928004211082144,-1.734027188470846,2.383614216583461,-0.850383668091472,-1.59478407267594,-0.1458427701375605,0.3457696726237719,0.985986579492908,-1.259793242918722,-0.08592150961798282
CHAOS_0476,Ca-Cd-Mn-Ti,0.3617886178861789,Q2,-0.3590927400205227,1.083341518068767,0.4613548042266609,1.166977081482158,-0.2359450866379345,-0.5074498512227357,-0.089912405591365,0.2006964877366604,-0.7821233624238022,0.7876192728331441
CHAOS_0477,Ca-Sr-V-Zn,0.3719512195121951,Q2,3.443509901770374,0.01391623957104823,0.4978966898994176,-0.3730368894690603,0.1907507720123153,-0.2538409938803698,0.09590715046032416,0.1383457453890844,-0.1155990385854833,0.06627580344082144
CHAOS_0478,Co-Cu-Mn-V,0.6300813008130082,Q3,-3.903690666075566,-1.247288574634676,0.4741089111789241,-2.17522176552773,-0.229823259638693,-0.88299610097771,-1.12202066253664,-1.060883975428478,0.2891211771212006,0.1118631158012204
CHAOS_0479,Ca-Cd-Ni-Sn,0.9410569105691057,Q4,2.088541027083206,-0.5774791440450343,0.4844653795550674,0.1907536750679606,0.4376985024714251,0.8444452914231626,-1.305165447808575,-0.02785117324091437,-0.8827317786006083,0.08107846697453938
CHAOS_0480,Co-Fe-Mn-Sr,0.4898373983739837,Q2,4.077119006841137,0.4075077993769019,1.472465705687397,-0.3598672435185879,0.1257166367929252,-0.8242163358683837,0.6552126043645135,0.5501623488976961,-0.02929546454351858,0.01742445049545465
CHAOS_0481,Cd-Mn-Sn-Zn,0.6077235772357723,Q3,-2.636421526302395,-1.379042588224423,0.7529596655874304,-0.09482007898692627,-0.8266269378465819,-0.04580100519650965,-1.109730877386099,0.5469582327662743,-0.5933214993726927,-0.6102409649699786
CHAOS_0482,Cd-Fe-Mg-Ti,0.306910569105691,Q2,-3.089193215686432,-0.5385288571949947,-0.5746109771728451,1.392019103745294,-0.4254265318617693,-0.8017487811622048,0.04540301649053015,0.09923856855389672,-0.9267453055448807,0.8708359639874
CHAOS_0483,Ca-Co-Fe-Mg,0.7479674796747967,Q3,1.839420660047446,2.178555304491355,0.303597204929997,0.2720710909701399,0.2207552096448185,-0.3812527264047477,-0.3465214009453015,-0.2292520839889154,-0.1703559832128457,0.4545051484446725
CHAOS_0484,Cd-Nb-Sn-Sr,0.09146341463414634,Q1,2.828647842056792,0.1690308623008884,-0.9384476262833941,-0.03962339888295666,0.4064596822647246,0.9349028685369937,-0.3312043722261731,-0.2939101379847665,0.207580373115832,-0.2757213990980709
CHAOS_0485,Mn-Nb-Sr-V,0.3292682926829268,Q2,1.798647366359373,-0.4960045115436984,1.329699071878701,0.9943752026552596,0.04094154816811143,-2.060071102345204,0.4888113823982947,0.133134958795157,-0.4049108537038849,0.4474893135671827
CHAOS_0486,Ca-Cd-Mn-Nb,0.2642276422764228,Q2,-0.2001858304966164,1.450844010551423,-0.1870161862659973,0.7372822964034742,-0.6657629719680885,-0.2198076251822008,0.380729221658437,0.5160301466978227,-0.6524362274152007,1.159492850861145
CHAOS_0487,Ca-Ni-Sn-Zn,0.8658536585365854,Q4,2.893043566459506,-0.3877961068653113,0.3891567994713741,-0.3053866805198288,0.2503495964366392,1.056279989505054,-0.8163820680840325,0.187245967419549,-0.6323277595204011,0.06124749360609362
CHAOS_0488,Fe-Ni-Sn-Sr,0.4552845528455284,Q2,4.991236914330369,-2.404737468067232,0.2474437958149018,-0.4935379226715634,-0.05979528383727958,1.116287627682418,1.029770824458113,0.6867541453938599,-0.01341454519246159,0.3173415715423382
CHAOS_0489,Ca-Cd-Fe-Ti,0.3963414634146342,Q2,0.1922994623603632,-0.3655419567875201,0.5691304152449065,1.037305765476958,-0.2470770549329303,-0.421765846411139,0.1930020862700414,0.07086221447304462,-0.5533706715438689,0.3250326817897731
CHAOS_0490,Ca-Cd-Sr-Zn,0.9329268292682927,Q4,3.290265959469432,1.901768793576852,0.07655910241318672,-1.055592824521771,0.2675236537796126,0.4356119996749124,-0.5119083739047454,0.04785038470076211,0.02656130140759948,-0.3800257817564235
CHAOS_0491,Co-Cu-Fe-Zn,0.967479674796748,Q4,-7.310082858844229,0.555116564870718,0.560497480679999,-3.385913762263786,3.33217502974836,-0.2429837994724896,0.06500435484059615,0.440258006947068,0.8420348818396916,-0.1826187628624072
CHAOS_0492,Cd-Fe-Mn-Sn,0.4735772357723577,Q2,-4.051785995973919,-1.39771427192193,0.2879833562732321,1.805500523021977,0.2190087926090198,0.2193940046519222,-0.7402205015462726,2.096660112445878,1.076740847143164,0.1905823131507253
CHAOS_0493,Cu-Mn-Ni-Zn,0.9491869918699187,Q4,-5.183876929497105,0.5498355065953763,0.5747305559415261,-2.856157130252059,0.5278308054750911,-0.2730809173275931,-1.145998224544954,-0.1133937583730683,-0.3190267373465789,-0.6653165986790727
