feature_group,curve_type,x,y,threshold
DFT only,ROC,0.0,0.0,inf
DFT only,ROC,0.0,0.008064516129032258,0.9821059416309031
DFT only,ROC,0.0,0.03225806451612903,0.941063288819019
DFT only,ROC,0.002710027100271003,0.03225806451612903,0.9342106553946968
DFT only,ROC,0.002710027100271003,0.08064516129032258,0.9217353293090012
DFT only,ROC,0.005420054200542005,0.08064516129032258,0.9209801257452248
DFT only,ROC,0.005420054200542005,0.1532258064516129,0.9042903466192364
DFT only,ROC,0.008130081300813009,0.1532258064516129,0.9022533168228959
DFT only,ROC,0.008130081300813009,0.217741935483871,0.8931296884601112
DFT only,ROC,0.01084010840108401,0.217741935483871,0.8916940442107067
DFT only,ROC,0.01084010840108401,0.2338709677419355,0.8904282669119872
DFT only,ROC,0.01626016260162602,0.2338709677419355,0.888798343502573
DFT only,ROC,0.01626016260162602,0.2661290322580645,0.8799147019053947
DFT only,ROC,0.01897018970189702,0.2661290322580645,0.8777396222369794
DFT only,ROC,0.01897018970189702,0.2741935483870968,0.8773716257864179
DFT only,ROC,0.02168021680216802,0.2741935483870968,0.8757080543370012
DFT only,ROC,0.02168021680216802,0.2903225806451613,0.8722833991709921
DFT only,ROC,0.02439024390243903,0.2903225806451613,0.8694149298402983
DFT only,ROC,0.02439024390243903,0.3064516129032258,0.8686174215130958
DFT only,ROC,0.02981029810298103,0.3064516129032258,0.8669569128299651
DFT only,ROC,0.02981029810298103,0.3225806451612903,0.8649479890129982
DFT only,ROC,0.03252032520325204,0.3225806451612903,0.8640577224602379
DFT only,ROC,0.03252032520325204,0.3548387096774194,0.8586913305720192
DFT only,ROC,0.03523035230352303,0.3548387096774194,0.8579228537330966
DFT only,ROC,0.03523035230352303,0.3709677419354839,0.8549080922633867
DFT only,ROC,0.04065040650406504,0.3709677419354839,0.8510073965468729
DFT only,ROC,0.04065040650406504,0.3790322580645161,0.8427944706688221
DFT only,ROC,0.04336043360433604,0.3790322580645161,0.8418171298160985
DFT only,ROC,0.04336043360433604,0.4112903225806452,0.8362946891234774
DFT only,ROC,0.04607046070460705,0.4112903225806452,0.8329545619729275
DFT only,ROC,0.04607046070460705,0.4274193548387097,0.8292748024483216
DFT only,ROC,0.04878048780487805,0.4274193548387097,0.8287384507482056
DFT only,ROC,0.04878048780487805,0.4516129032258064,0.8240527468357439
DFT only,ROC,0.05149051490514905,0.4516129032258064,0.8208479137172104
DFT only,ROC,0.05149051490514905,0.4596774193548387,0.8175963603182408
DFT only,ROC,0.05420054200542006,0.4596774193548387,0.8172359574634236
DFT only,ROC,0.05420054200542006,0.4838709677419355,0.8103378645760977
DFT only,ROC,0.05691056910569105,0.4838709677419355,0.801513582773863
DFT only,ROC,0.05691056910569105,0.5,0.7996728903608582
DFT only,ROC,0.06233062330623306,0.5,0.7986958623649182
DFT only,ROC,0.06233062330623306,0.5241935483870968,0.792018002235492
DFT only,ROC,0.06504065040650407,0.5241935483870968,0.7914731975314938
DFT only,ROC,0.06504065040650407,0.5403225806451613,0.7873636290944402
DFT only,ROC,0.06775067750677506,0.5403225806451613,0.7816688462384312
DFT only,ROC,0.06775067750677506,0.6048387096774194,0.7575960884484938
DFT only,ROC,0.07046070460704607,0.6048387096774194,0.7545501164587156
DFT only,ROC,0.07046070460704607,0.6129032258064516,0.7544611310204195
DFT only,ROC,0.07588075880758807,0.6129032258064516,0.7481462892120965
DFT only,ROC,0.07588075880758807,0.6209677419354839,0.7445623132604234
DFT only,ROC,0.07859078590785908,0.6209677419354839,0.7436948094718939
DFT only,ROC,0.07859078590785908,0.6290322580645161,0.7409175220460081
DFT only,ROC,0.08130081300813008,0.6290322580645161,0.7404993643833271
DFT only,ROC,0.08130081300813008,0.6370967741935484,0.7395458821705718
DFT only,ROC,0.08401084010840108,0.6370967741935484,0.7386513171090993
DFT only,ROC,0.08401084010840108,0.6532258064516129,0.7305525563462735
DFT only,ROC,0.0921409214092141,0.6532258064516129,0.7099442023184978
DFT only,ROC,0.0921409214092141,0.6612903225806451,0.6907273586265928
DFT only,ROC,0.1002710027100271,0.6612903225806451,0.6826322304384674
DFT only,ROC,0.1002710027100271,0.6774193548387096,0.6809288011979436
DFT only,ROC,0.1029810298102981,0.6774193548387096,0.6796455704665074
DFT only,ROC,0.1029810298102981,0.6854838709677419,0.677688280556584
DFT only,ROC,0.1056910569105691,0.6854838709677419,0.677199979491225
DFT only,ROC,0.1056910569105691,0.7016129032258065,0.6761031685682796
DFT only,ROC,0.1165311653116531,0.7016129032258065,0.6653491858498428
DFT only,ROC,0.1165311653116531,0.717741935483871,0.6576213030314256
DFT only,ROC,0.1192411924119241,0.717741935483871,0.6573256839189903
DFT only,ROC,0.1192411924119241,0.7258064516129032,0.6523672104884477
DFT only,ROC,0.1246612466124661,0.7258064516129032,0.6409485491005038
DFT only,ROC,0.1246612466124661,0.7338709677419355,0.640739314974309
DFT only,ROC,0.1273712737127371,0.7338709677419355,0.6387487397720106
DFT only,ROC,0.1273712737127371,0.7419354838709677,0.6373589480071633
DFT only,ROC,0.1300813008130081,0.7419354838709677,0.6333333268424002
DFT only,ROC,0.1300813008130081,0.75,0.6319785220962713
DFT only,ROC,0.1327913279132791,0.75,0.6245868226919515
DFT only,ROC,0.1327913279132791,0.7580645161290323,0.6217104087174077
DFT only,ROC,0.1653116531165312,0.7580645161290323,0.5887767029707913
DFT only,ROC,0.1653116531165312,0.7661290322580645,0.5880931424329365
DFT only,ROC,0.1680216802168022,0.7661290322580645,0.5848792389737187
DFT only,ROC,0.1680216802168022,0.7741935483870968,0.5824647704196444
DFT only,ROC,0.1707317073170732,0.7741935483870968,0.5801815646470878
DFT only,ROC,0.1707317073170732,0.782258064516129,0.5725495330032402
DFT only,ROC,0.1788617886178862,0.782258064516129,0.5712703763606509
DFT only,ROC,0.1788617886178862,0.7983870967741935,0.5581061805266782
DFT only,ROC,0.1869918699186992,0.7983870967741935,0.5439694867872884
DFT only,ROC,0.1869918699186992,0.8064516129032258,0.5432829309778159
DFT only,ROC,0.1924119241192412,0.8064516129032258,0.5402348102388849
DFT only,ROC,0.1924119241192412,0.8145161290322581,0.5383672342960816
DFT only,ROC,0.1951219512195122,0.8145161290322581,0.5378513725130772
DFT only,ROC,0.1951219512195122,0.8225806451612904,0.5314534181176943
DFT only,ROC,0.2140921409214092,0.8225806451612904,0.5087636896420463
DFT only,ROC,0.2140921409214092,0.8306451612903226,0.5073765280493152
DFT only,ROC,0.2168021680216802,0.8306451612903226,0.5061223873959781
DFT only,ROC,0.2168021680216802,0.8387096774193549,0.5059141966079074
DFT only,ROC,0.2276422764227642,0.8387096774193549,0.5016587441012346
DFT only,ROC,0.2276422764227642,0.8467741935483871,0.4987529647944434
DFT only,ROC,0.2493224932249322,0.8467741935483871,0.4780891203225479
DFT only,ROC,0.2493224932249322,0.8629032258064516,0.4701885897060464
DFT only,ROC,0.3062330623306233,0.8629032258064516,0.4088373746883988
DFT only,ROC,0.3062330623306233,0.8709677419354839,0.4041252145196074
DFT only,ROC,0.3360433604336043,0.8709677419354839,0.3706763926063308
DFT only,ROC,0.3360433604336043,0.8790322580645161,0.367037583562506
DFT only,ROC,0.3468834688346883,0.8790322580645161,0.3614060028982868
DFT only,ROC,0.3468834688346883,0.8870967741935484,0.3605470216915516
DFT only,ROC,0.3604336043360434,0.8870967741935484,0.3550899214823841
DFT only,ROC,0.3604336043360434,0.8951612903225806,0.3532526062827901
DFT only,ROC,0.3929539295392954,0.8951612903225806,0.2977038913429982
DFT only,ROC,0.3929539295392954,0.9032258064516129,0.2946128565945056
DFT only,ROC,0.4065040650406504,0.9032258064516129,0.2912499919289681
DFT only,ROC,0.4065040650406504,0.9112903225806451,0.2886785985433523
DFT only,ROC,0.4254742547425474,0.9112903225806451,0.2712423988774333
DFT only,ROC,0.4254742547425474,0.9193548387096774,0.2708481698084382
DFT only,ROC,0.4308943089430894,0.9193548387096774,0.2684454417403299
DFT only,ROC,0.4308943089430894,0.9274193548387096,0.2679675942765307
DFT only,ROC,0.4336043360433605,0.9274193548387096,0.26393131131647
DFT only,ROC,0.4336043360433605,0.9435483870967742,0.2609973893427558
DFT only,ROC,0.4444444444444444,0.9435483870967742,0.2582570094703751
DFT only,ROC,0.4444444444444444,0.9516129032258065,0.2495503640417148
DFT only,ROC,0.4661246612466124,0.9516129032258065,0.2311225780626126
DFT only,ROC,0.4661246612466124,0.9596774193548387,0.2301094666334185
DFT only,ROC,0.5121951219512195,0.9596774193548387,0.197702984949027
DFT only,ROC,0.5121951219512195,0.967741935483871,0.1960022276350236
DFT only,ROC,0.5257452574525745,0.967741935483871,0.1864902447369918
DFT only,ROC,0.5257452574525745,0.9758064516129032,0.1854518863807728
DFT only,ROC,0.5284552845528455,0.9758064516129032,0.1851526217554045
DFT only,ROC,0.5284552845528455,0.9838709677419355,0.1796166637946311
DFT only,ROC,0.7100271002710027,0.9838709677419355,0.07269349024255638
DFT only,ROC,0.7100271002710027,0.9919354838709677,0.07033978936531858
DFT only,ROC,0.7208672086720868,0.9919354838709677,0.0562827182869065
DFT only,ROC,0.7208672086720868,1.0,0.05021605653820996
DFT only,ROC,1.0,1.0,1.232019564209613e-07
DFT only,PR,1.0,0.2515212981744422,1.232019564209613e-07
DFT only,PR,1.0,0.2520325203252032,3.719961733255871e-06
DFT only,PR,1.0,0.2525458248472505,4.253827512968721e-06
DFT only,PR,1.0,0.2530612244897959,1.044278054771098e-05
DFT only,PR,1.0,0.2535787321063395,1.275779501741357e-05
DFT only,PR,1.0,0.2540983606557377,1.358272869236721e-05
DFT only,PR,1.0,0.2546201232032854,1.373475979160252e-05
DFT only,PR,1.0,0.2551440329218107,2.282374065655109e-05
DFT only,PR,1.0,0.2556701030927835,3.122208366141761e-05
DFT only,PR,1.0,0.256198347107438,9.774206578715971e-05
DFT only,PR,1.0,0.2567287784679089,0.000109745558308049
DFT only,PR,1.0,0.2572614107883817,0.0001171655111457313
DFT only,PR,1.0,0.2577962577962578,0.0001228070208848101
DFT only,PR,1.0,0.2583333333333334,0.0001269104095843183
DFT only,PR,1.0,0.2588726513569937,0.0001274637837064558
DFT only,PR,1.0,0.2594142259414226,0.0001458692079945761
DFT only,PR,1.0,0.259958071278826,0.0001680096618169311
DFT only,PR,1.0,0.2605042016806723,0.0002210160124344008
DFT only,PR,1.0,0.2610526315789474,0.0002261191364749676
DFT only,PR,1.0,0.2616033755274262,0.0002398457072531035
DFT only,PR,1.0,0.2621564482029599,0.0002548511751693999
DFT only,PR,1.0,0.2627118644067797,0.0003292211091894427
DFT only,PR,1.0,0.2632696390658174,0.0003524222729419093
DFT only,PR,1.0,0.2638297872340425,0.0003664416506635729
DFT only,PR,1.0,0.2643923240938166,0.0003722688443450276
DFT only,PR,1.0,0.264957264957265,0.00040847376364981
DFT only,PR,1.0,0.265524625267666,0.0004106263828253722
DFT only,PR,1.0,0.2660944206008584,0.0004373733229510089
DFT only,PR,1.0,0.2666666666666667,0.0004443751477407905
DFT only,PR,1.0,0.2672413793103448,0.0005141429053743828
DFT only,PR,1.0,0.2678185745140389,0.0005639834286855276
DFT only,PR,1.0,0.2683982683982684,0.0006009764932285486
DFT only,PR,1.0,0.2689804772234273,0.0006900821547912508
DFT only,PR,1.0,0.2695652173913043,0.0007533477810517789
DFT only,PR,1.0,0.2701525054466231,0.0008660038036653529
DFT only,PR,1.0,0.2707423580786026,0.0008704043882769884
DFT only,PR,1.0,0.2713347921225383,0.0008869560686142914
DFT only,PR,1.0,0.2719298245614035,0.001239713002737786
DFT only,PR,1.0,0.2725274725274725,0.001580454801145386
DFT only,PR,1.0,0.2731277533039648,0.001711333999249002
DFT only,PR,1.0,0.2737306843267108,0.002177506804460786
DFT only,PR,1.0,0.2743362831858407,0.002204032306692732
DFT only,PR,1.0,0.2749445676274945,0.00231080041662668
DFT only,PR,1.0,0.2755555555555556,0.002336482265246094
DFT only,PR,1.0,0.2761692650334076,0.002722372864019947
DFT only,PR,1.0,0.2767857142857143,0.002907311973068249
DFT only,PR,1.0,0.2774049217002237,0.003057568152999348
DFT only,PR,1.0,0.2780269058295964,0.003738733287297063
DFT only,PR,1.0,0.2786516853932584,0.003838948405532456
DFT only,PR,1.0,0.2792792792792793,0.004338542633237118
DFT only,PR,1.0,0.2799097065462754,0.004675707755490492
DFT only,PR,1.0,0.2805429864253394,0.005384093197663391
DFT only,PR,1.0,0.2811791383219955,0.0054434662958317
DFT only,PR,1.0,0.2818181818181818,0.005623399002790731
DFT only,PR,1.0,0.2824601366742597,0.005888219595233373
DFT only,PR,1.0,0.2831050228310502,0.006489857008323708
DFT only,PR,1.0,0.2837528604118993,0.00754535365236142
DFT only,PR,1.0,0.2844036697247707,0.007648720992793221
DFT only,PR,1.0,0.2850574712643678,0.007692546884755914
DFT only,PR,1.0,0.2857142857142857,0.007705146462444048
DFT only,PR,1.0,0.2863741339491917,0.008336144182300814
DFT only,PR,1.0,0.287037037037037,0.009179194772542757
DFT only,PR,1.0,0.2877030162412993,0.009458546089029556
DFT only,PR,1.0,0.2883720930232558,0.01086152341527146
DFT only,PR,1.0,0.289044289044289,0.0108834735816629
DFT only,PR,1.0,0.2897196261682243,0.01278295913295113
DFT only,PR,1.0,0.2903981264637002,0.01320004316961053
DFT only,PR,1.0,0.2910798122065728,0.01375400807332028
DFT only,PR,1.0,0.2917647058823529,0.01389915258082119
DFT only,PR,1.0,0.2924528301886792,0.01405922222289791
DFT only,PR,1.0,0.293144208037825,0.01436338376891182
DFT only,PR,1.0,0.2938388625592417,0.01627928863803569
DFT only,PR,1.0,0.2945368171021377,0.01763484184957719
DFT only,PR,1.0,0.2952380952380952,0.01789216898731189
DFT only,PR,1.0,0.2959427207637231,0.01804936482804438
DFT only,PR,1.0,0.2966507177033493,0.01843318675946739
DFT only,PR,1.0,0.2973621103117506,0.01968312849794113
DFT only,PR,1.0,0.2980769230769231,0.02196352830026253
DFT only,PR,1.0,0.2987951807228916,0.0237966397439121
DFT only,PR,1.0,0.2995169082125604,0.02393328928877452
DFT only,PR,1.0,0.3002421307506054,0.02520026756697569
DFT only,PR,1.0,0.3009708737864077,0.02576744040141299
DFT only,PR,1.0,0.3017031630170317,0.02661687650202595
DFT only,PR,1.0,0.3024390243902439,0.02663170621889175
DFT only,PR,1.0,0.3031784841075795,0.02691794399236563
DFT only,PR,1.0,0.303921568627451,0.02805644778064552
DFT only,PR,1.0,0.3046683046683047,0.028981413662405
DFT only,PR,1.0,0.3054187192118227,0.0299945619488114
DFT only,PR,1.0,0.3061728395061729,0.03045056210409498
DFT only,PR,1.0,0.3069306930693069,0.03197423783694948
DFT only,PR,1.0,0.3076923076923077,0.03221339925381365
DFT only,PR,1.0,0.3084577114427861,0.03419767538998507
DFT only,PR,1.0,0.3092269326683292,0.03507017943548763
DFT only,PR,1.0,0.31,0.03528160909000471
DFT only,PR,1.0,0.3107769423558897,0.03587862911143817
DFT only,PR,1.0,0.3115577889447236,0.03619153217514366
DFT only,PR,1.0,0.3123425692695214,0.03654480840520258
DFT only,PR,1.0,0.3131313131313131,0.04111897546249509
DFT only,PR,1.0,0.3139240506329114,0.04272698637161179
DFT only,PR,1.0,0.3147208121827411,0.04311336824579137
DFT only,PR,1.0,0.3155216284987277,0.04792621112235237
DFT only,PR,1.0,0.3163265306122449,0.04871110389413681
DFT only,PR,1.0,0.3171355498721228,0.05006463023227589
DFT only,PR,1.0,0.3179487179487179,0.05021605653820996
DFT only,PR,0.9919354838709677,0.3161953727506427,0.0562827182869065
DFT only,PR,0.9919354838709677,0.3170103092783505,0.05885464069943199
DFT only,PR,0.9919354838709677,0.3178294573643411,0.05997876001068567
DFT only,PR,0.9919354838709677,0.3186528497409327,0.0646620647973258
DFT only,PR,0.9919354838709677,0.3194805194805195,0.07033978936531858
DFT only,PR,0.9838709677419355,0.3177083333333333,0.07269349024255638
DFT only,PR,0.9838709677419355,0.3185378590078329,0.07277228743328008
DFT only,PR,0.9838709677419355,0.3193717277486911,0.07428819501147607
DFT only,PR,0.9838709677419355,0.3202099737532809,0.07552657859329555
DFT only,PR,0.9838709677419355,0.3210526315789474,0.0758800230784928
DFT only,PR,0.9838709677419355,0.3218997361477572,0.07696409629960467
DFT only,PR,0.9838709677419355,0.3227513227513227,0.07819462350887041
DFT only,PR,0.9838709677419355,0.3236074270557029,0.0812411519639992
DFT only,PR,0.9838709677419355,0.324468085106383,0.08264640344810784
DFT only,PR,0.9838709677419355,0.3253333333333333,0.08284857433674117
DFT only,PR,0.9838709677419355,0.3262032085561498,0.08357671322620394
DFT only,PR,0.9838709677419355,0.3270777479892761,0.08503779734139413
DFT only,PR,0.9838709677419355,0.3279569892473118,0.08562555751167852
DFT only,PR,0.9838709677419355,0.3288409703504043,0.08890669335624368
DFT only,PR,0.9838709677419355,0.3297297297297297,0.08949655015732723
DFT only,PR,0.9838709677419355,0.3306233062330624,0.09200661070408145
DFT only,PR,0.9838709677419355,0.3315217391304348,0.09227879569656817
DFT only,PR,0.9838709677419355,0.332425068119891,0.09657780313603015
DFT only,PR,0.9838709677419355,0.3333333333333333,0.09667028731595885
DFT only,PR,0.9838709677419355,0.3342465753424658,0.1002613739050472
DFT only,PR,0.9838709677419355,0.3351648351648351,0.1009525378403186
DFT only,PR,0.9838709677419355,0.3360881542699725,0.1060052402454832
DFT only,PR,0.9838709677419355,0.3370165745856354,0.1068105245683004
DFT only,PR,0.9838709677419355,0.3379501385041551,0.1087232583744841
DFT only,PR,0.9838709677419355,0.3388888888888889,0.1093693208473476
DFT only,PR,0.9838709677419355,0.3398328690807799,0.1098907524685553
DFT only,PR,0.9838709677419355,0.3407821229050279,0.1099122938810511
DFT only,PR,0.9838709677419355,0.3417366946778712,0.1126857809933043
DFT only,PR,0.9838709677419355,0.3426966292134832,0.113758219547356
DFT only,PR,0.9838709677419355,0.3436619718309859,0.1152901913673322
DFT only,PR,0.9838709677419355,0.3446327683615819,0.1154721680824847
DFT only,PR,0.9838709677419355,0.3456090651558074,0.1180426572148646
DFT only,PR,0.9838709677419355,0.3465909090909091,0.1200213576833277
DFT only,PR,0.9838709677419355,0.3475783475783476,0.1208837196062327
DFT only,PR,0.9838709677419355,0.3485714285714286,0.1225814528113114
DFT only,PR,0.9838709677419355,0.3495702005730659,0.1242698632518816
DFT only,PR,0.9838709677419355,0.3505747126436782,0.1254486964187758
DFT only,PR,0.9838709677419355,0.3515850144092219,0.1261740114707052
DFT only,PR,0.9838709677419355,0.3526011560693642,0.1266754490928842
DFT only,PR,0.9838709677419355,0.3536231884057971,0.1304017938420421
DFT only,PR,0.9838709677419355,0.3546511627906977,0.1326535085559432
DFT only,PR,0.9838709677419355,0.3556851311953353,0.1327090892068483
DFT only,PR,0.9838709677419355,0.3567251461988304,0.1360027866498397
DFT only,PR,0.9838709677419355,0.3577712609970675,0.1420465421745623
DFT only,PR,0.9838709677419355,0.3588235294117647,0.1425698946347476
DFT only,PR,0.9838709677419355,0.359882005899705,0.1426872438528157
DFT only,PR,0.9838709677419355,0.3609467455621302,0.1439843410412132
DFT only,PR,0.9838709677419355,0.3620178041543027,0.1447219555143039
DFT only,PR,0.9838709677419355,0.3630952380952381,0.1452175703584038
DFT only,PR,0.9838709677419355,0.3641791044776119,0.1465743677928059
DFT only,PR,0.9838709677419355,0.3652694610778443,0.1466105409941858
DFT only,PR,0.9838709677419355,0.3663663663663664,0.1473037260802289
DFT only,PR,0.9838709677419355,0.3674698795180723,0.1475870667577104
DFT only,PR,0.9838709677419355,0.3685800604229607,0.1486922217059245
DFT only,PR,0.9838709677419355,0.3696969696969697,0.1550341429763844
DFT only,PR,0.9838709677419355,0.3708206686930091,0.1570807245909343
DFT only,PR,0.9838709677419355,0.3719512195121951,0.1581995382310219
DFT only,PR,0.9838709677419355,0.3730886850152905,0.1596589666905603
DFT only,PR,0.9838709677419355,0.3742331288343558,0.1611072209037618
DFT only,PR,0.9838709677419355,0.3753846153846154,0.1636805909179822
DFT only,PR,0.9838709677419355,0.3765432098765432,0.1662354525171687
DFT only,PR,0.9838709677419355,0.3777089783281734,0.1668426131725206
DFT only,PR,0.9838709677419355,0.3788819875776397,0.1691549970120715
DFT only,PR,0.9838709677419355,0.3800623052959501,0.1740246582883255
DFT only,PR,0.9838709677419355,0.38125,0.1751109062987419
DFT only,PR,0.9838709677419355,0.3824451410658307,0.1764401186777144
DFT only,PR,0.9838709677419355,0.3836477987421384,0.1786389029340317
DFT only,PR,0.9838709677419355,0.3848580441640378,0.1796166637946311
DFT only,PR,0.9758064516129032,0.3829113924050633,0.1851526217554045
DFT only,PR,0.9758064516129032,0.3841269841269842,0.1854518863807728
DFT only,PR,0.967741935483871,0.3821656050955414,0.1864902447369918
DFT only,PR,0.967741935483871,0.3833865814696485,0.1865434005410971
DFT only,PR,0.967741935483871,0.3846153846153846,0.1894965649640163
DFT only,PR,0.967741935483871,0.3858520900321543,0.1903274324578201
DFT only,PR,0.967741935483871,0.3870967741935484,0.1910189959798557
DFT only,PR,0.967741935483871,0.3883495145631068,0.1960022276350236
DFT only,PR,0.9596774193548387,0.3863636363636364,0.197702984949027
DFT only,PR,0.9596774193548387,0.3876221498371336,0.2037022661904763
DFT only,PR,0.9596774193548387,0.3888888888888889,0.2039490604013009
DFT only,PR,0.9596774193548387,0.3901639344262295,0.2051229726908171
DFT only,PR,0.9596774193548387,0.3914473684210527,0.2061545804210218
DFT only,PR,0.9596774193548387,0.3927392739273927,0.2063138330702347
DFT only,PR,0.9596774193548387,0.3940397350993378,0.2111851398543227
DFT only,PR,0.9596774193548387,0.3953488372093023,0.2113027420854304
DFT only,PR,0.9596774193548387,0.3966666666666667,0.2125799044134214
DFT only,PR,0.9596774193548387,0.3979933110367893,0.2163840944985544
DFT only,PR,0.9596774193548387,0.3993288590604027,0.2171179569806342
DFT only,PR,0.9596774193548387,0.4006734006734007,0.2192114776503241
DFT only,PR,0.9596774193548387,0.402027027027027,0.2213719518961147
DFT only,PR,0.9596774193548387,0.4033898305084746,0.2233466813855557
DFT only,PR,0.9596774193548387,0.4047619047619048,0.2257815902019052
DFT only,PR,0.9596774193548387,0.4061433447098976,0.2269837813259128
DFT only,PR,0.9596774193548387,0.4075342465753425,0.2281113728983007
DFT only,PR,0.9596774193548387,0.4089347079037801,0.2301094666334185
DFT only,PR,0.9516129032258065,0.4068965517241379,0.2311225780626126
DFT only,PR,0.9516129032258065,0.4083044982698962,0.2345402709240965
DFT only,PR,0.9516129032258065,0.4097222222222222,0.2390528888538588
DFT only,PR,0.9516129032258065,0.4111498257839721,0.2407140122463114
DFT only,PR,0.9516129032258065,0.4125874125874126,0.2426593837102885
DFT only,PR,0.9516129032258065,0.4140350877192983,0.2460317976526671
DFT only,PR,0.9516129032258065,0.4154929577464789,0.2461932107444977
DFT only,PR,0.9516129032258065,0.4169611307420495,0.2482416972803437
DFT only,PR,0.9516129032258065,0.4184397163120567,0.2495503640417148
DFT only,PR,0.9435483870967742,0.4163701067615658,0.2582570094703751
DFT only,PR,0.9435483870967742,0.4178571428571429,0.2586727886154057
DFT only,PR,0.9435483870967742,0.4193548387096774,0.2594191066236042
DFT only,PR,0.9435483870967742,0.420863309352518,0.2607315686224698
DFT only,PR,0.9435483870967742,0.4223826714801444,0.2609973893427558
DFT only,PR,0.9354838709677419,0.4202898550724637,0.2616517856871382
DFT only,PR,0.9274193548387096,0.4181818181818182,0.26393131131647
DFT only,PR,0.9274193548387096,0.4197080291970803,0.2679675942765307
DFT only,PR,0.9193548387096774,0.4175824175824176,0.2684454417403299
DFT only,PR,0.9193548387096774,0.4191176470588235,0.2698612339493666
DFT only,PR,0.9193548387096774,0.4206642066420664,0.2708481698084382
DFT only,PR,0.9112903225806451,0.4185185185185185,0.2712423988774333
DFT only,PR,0.9112903225806451,0.4200743494423792,0.2737546572797529
DFT only,PR,0.9112903225806451,0.4216417910447761,0.2785539366553341
DFT only,PR,0.9112903225806451,0.4232209737827715,0.279083827407012
DFT only,PR,0.9112903225806451,0.424812030075188,0.2815887781713631
DFT only,PR,0.9112903225806451,0.4264150943396227,0.2860059289482403
DFT only,PR,0.9112903225806451,0.428030303030303,0.2881277975913228
DFT only,PR,0.9112903225806451,0.4296577946768061,0.2886785985433523
DFT only,PR,0.9032258064516129,0.4274809160305343,0.2912499919289681
DFT only,PR,0.9032258064516129,0.4291187739463602,0.2915466144214515
DFT only,PR,0.9032258064516129,0.4307692307692308,0.2915736826378293
DFT only,PR,0.9032258064516129,0.4324324324324325,0.2920349821064683
DFT only,PR,0.9032258064516129,0.4341085271317829,0.2930635701044327
DFT only,PR,0.9032258064516129,0.4357976653696498,0.2946128565945056
DFT only,PR,0.8951612903225806,0.43359375,0.2977038913429982
DFT only,PR,0.8951612903225806,0.4352941176470588,0.3096074785469809
DFT only,PR,0.8951612903225806,0.437007874015748,0.3102336922036806
DFT only,PR,0.8951612903225806,0.4387351778656127,0.3135508215345034
DFT only,PR,0.8951612903225806,0.4404761904761905,0.3147267914960987
DFT only,PR,0.8951612903225806,0.4422310756972112,0.3169158831298906
DFT only,PR,0.8951612903225806,0.444,0.3252482937990921
DFT only,PR,0.8951612903225806,0.4457831325301205,0.3265079936855268
DFT only,PR,0.8951612903225806,0.4475806451612903,0.3278336212699395
DFT only,PR,0.8951612903225806,0.4493927125506073,0.3311713331802624
DFT only,PR,0.8951612903225806,0.451219512195122,0.3313419032915774
DFT only,PR,0.8951612903225806,0.4530612244897959,0.335359875040627
DFT only,PR,0.8951612903225806,0.4549180327868853,0.3532526062827901
DFT only,PR,0.8870967741935484,0.4526748971193416,0.3550899214823841
DFT only,PR,0.8870967741935484,0.4545454545454545,0.3560463937517064
DFT only,PR,0.8870967741935484,0.4564315352697095,0.3600438968590249
DFT only,PR,0.8870967741935484,0.4583333333333333,0.3604633973987483
DFT only,PR,0.8870967741935484,0.4602510460251046,0.3604769230318476
DFT only,PR,0.8870967741935484,0.4621848739495799,0.3605470216915516
DFT only,PR,0.8790322580645161,0.459915611814346,0.3614060028982868
DFT only,PR,0.8790322580645161,0.461864406779661,0.3614993727087146
DFT only,PR,0.8790322580645161,0.4638297872340426,0.3625005821858536
DFT only,PR,0.8790322580645161,0.4658119658119658,0.3659588086283848
DFT only,PR,0.8790322580645161,0.4678111587982833,0.367037583562506
DFT only,PR,0.8709677419354839,0.4655172413793103,0.3706763926063308
DFT only,PR,0.8709677419354839,0.4675324675324675,0.3737489561713857
DFT only,PR,0.8709677419354839,0.4695652173913044,0.3749295620907051
DFT only,PR,0.8709677419354839,0.4716157205240175,0.3782862978851724
DFT only,PR,0.8709677419354839,0.4736842105263158,0.3807607835329249
DFT only,PR,0.8709677419354839,0.4757709251101321,0.3827252810020743
DFT only,PR,0.8709677419354839,0.4778761061946903,0.3876448757961748
DFT only,PR,0.8709677419354839,0.48,0.3894171892301801
DFT only,PR,0.8709677419354839,0.4821428571428572,0.3906420110588327
DFT only,PR,0.8709677419354839,0.484304932735426,0.3991948083434573
DFT only,PR,0.8709677419354839,0.4864864864864865,0.4030118771447368
DFT only,PR,0.8709677419354839,0.4886877828054298,0.4041252145196074
DFT only,PR,0.8629032258064516,0.4863636363636364,0.4088373746883988
DFT only,PR,0.8629032258064516,0.4885844748858447,0.413856333453883
DFT only,PR,0.8629032258064516,0.4908256880733945,0.4139448598125653
DFT only,PR,0.8629032258064516,0.4930875576036866,0.4169312165830924
DFT only,PR,0.8629032258064516,0.4953703703703703,0.4210926399581656
DFT only,PR,0.8629032258064516,0.4976744186046512,0.4216487569366642
DFT only,PR,0.8629032258064516,0.5,0.4259250332326727
DFT only,PR,0.8629032258064516,0.5023474178403756,0.4368529204938633
DFT only,PR,0.8629032258064516,0.5047169811320755,0.437489303608925
DFT only,PR,0.8629032258064516,0.5071090047393365,0.4405706925535373
DFT only,PR,0.8629032258064516,0.5095238095238095,0.4411382336733359
DFT only,PR,0.8629032258064516,0.5119617224880383,0.4421759759470369
DFT only,PR,0.8629032258064516,0.5144230769230769,0.4456073467229153
DFT only,PR,0.8629032258064516,0.5169082125603864,0.4504767077787724
DFT only,PR,0.8629032258064516,0.5194174757281553,0.4508431261801913
DFT only,PR,0.8629032258064516,0.5219512195121951,0.4511949882398567
DFT only,PR,0.8629032258064516,0.5245098039215687,0.4522853784943236
DFT only,PR,0.8629032258064516,0.5270935960591133,0.4529125487508407
DFT only,PR,0.8629032258064516,0.5297029702970297,0.4607137206981189
DFT only,PR,0.8629032258064516,0.5323383084577115,0.462561942913155
DFT only,PR,0.8629032258064516,0.535,0.4695328196220495
DFT only,PR,0.8629032258064516,0.5376884422110553,0.4701885897060464
DFT only,PR,0.8548387096774194,0.5353535353535354,0.4714216623221336
DFT only,PR,0.8467741935483871,0.5329949238578681,0.4780891203225479
DFT only,PR,0.8467741935483871,0.5357142857142857,0.4801393657777962
DFT only,PR,0.8467741935483871,0.5384615384615384,0.4802702229027146
DFT only,PR,0.8467741935483871,0.5412371134020618,0.4853884259688785
DFT only,PR,0.8467741935483871,0.5440414507772021,0.4882397230334752
DFT only,PR,0.8467741935483871,0.546875,0.4884054205117404
DFT only,PR,0.8467741935483871,0.5497382198952879,0.4886127080130293
DFT only,PR,0.8467741935483871,0.5526315789473685,0.4983619569589961
DFT only,PR,0.8467741935483871,0.5555555555555556,0.4987529647944434
DFT only,PR,0.8387096774193549,0.5531914893617021,0.5016587441012346
DFT only,PR,0.8387096774193549,0.5561497326203209,0.5018815138648073
DFT only,PR,0.8387096774193549,0.5591397849462365,0.5021392440709394
DFT only,PR,0.8387096774193549,0.5621621621621622,0.5054571653066308
DFT only,PR,0.8387096774193549,0.5652173913043478,0.5059141966079074
DFT only,PR,0.8306451612903226,0.5628415300546448,0.5061223873959781
DFT only,PR,0.8306451612903226,0.5659340659340659,0.5073765280493152
DFT only,PR,0.8225806451612904,0.56353591160221,0.5087636896420463
DFT only,PR,0.8225806451612904,0.5666666666666667,0.5088278205049288
DFT only,PR,0.8225806451612904,0.5698324022346368,0.5216638586636168
DFT only,PR,0.8225806451612904,0.5730337078651685,0.5224141869261878
DFT only,PR,0.8225806451612904,0.576271186440678,0.5226969161405394
DFT only,PR,0.8225806451612904,0.5795454545454546,0.5227098865286208
DFT only,PR,0.8225806451612904,0.5828571428571429,0.5265184966123333
DFT only,PR,0.8225806451612904,0.5862068965517241,0.5314534181176943
DFT only,PR,0.8145161290322581,0.5838150289017341,0.5378513725130772
DFT only,PR,0.8145161290322581,0.5872093023255814,0.5383672342960816
DFT only,PR,0.8064516129032258,0.5847953216374269,0.5402348102388849
DFT only,PR,0.8064516129032258,0.5882352941176471,0.5421221797544974
DFT only,PR,0.8064516129032258,0.591715976331361,0.5432829309778159
DFT only,PR,0.7983870967741935,0.5892857142857143,0.5439694867872884
DFT only,PR,0.7983870967741935,0.592814371257485,0.5441093570887989
DFT only,PR,0.7983870967741935,0.5963855421686747,0.5446658413907822
DFT only,PR,0.7983870967741935,0.6,0.5581061805266782
DFT only,PR,0.7903225806451613,0.5975609756097561,0.5626970720656893
DFT only,PR,0.782258064516129,0.5950920245398773,0.5712703763606509
DFT only,PR,0.782258064516129,0.5987654320987654,0.5719417198105938
DFT only,PR,0.782258064516129,0.6024844720496895,0.5723383819989282
DFT only,PR,0.782258064516129,0.60625,0.5725495330032402
DFT only,PR,0.7741935483870968,0.6037735849056604,0.5801815646470878
DFT only,PR,0.7741935483870968,0.6075949367088608,0.5824647704196444
DFT only,PR,0.7661290322580645,0.6050955414012739,0.5848792389737187
DFT only,PR,0.7661290322580645,0.6089743589743589,0.5880931424329365
DFT only,PR,0.7580645161290323,0.6064516129032258,0.5887767029707913
DFT only,PR,0.7580645161290323,0.6103896103896104,0.5905598076249896
DFT only,PR,0.7580645161290323,0.6143790849673203,0.5930022617730062
DFT only,PR,0.7580645161290323,0.618421052631579,0.5943520005961345
DFT only,PR,0.7580645161290323,0.6225165562913907,0.6032533487079208
DFT only,PR,0.7580645161290323,0.6266666666666667,0.6056330646469591
DFT only,PR,0.7580645161290323,0.6308724832214765,0.6117502256899244
DFT only,PR,0.7580645161290323,0.6351351351351351,0.6119753946111263
DFT only,PR,0.7580645161290323,0.6394557823129252,0.6161582487144136
DFT only,PR,0.7580645161290323,0.6438356164383562,0.6189828912348266
DFT only,PR,0.7580645161290323,0.6482758620689655,0.6206208036611832
DFT only,PR,0.7580645161290323,0.6527777777777778,0.6206525754374578
DFT only,PR,0.7580645161290323,0.6573426573426573,0.6217104087174077
DFT only,PR,0.75,0.6549295774647887,0.6245868226919515
DFT only,PR,0.75,0.6595744680851063,0.6319785220962713
DFT only,PR,0.7419354838709677,0.6571428571428571,0.6333333268424002
DFT only,PR,0.7419354838709677,0.6618705035971223,0.6373589480071633
DFT only,PR,0.7338709677419355,0.6594202898550725,0.6387487397720106
DFT only,PR,0.7338709677419355,0.6642335766423357,0.640739314974309
DFT only,PR,0.7258064516129032,0.6617647058823529,0.6409485491005038
DFT only,PR,0.7258064516129032,0.6666666666666666,0.6490352373412324
DFT only,PR,0.7258064516129032,0.6716417910447762,0.6523672104884477
DFT only,PR,0.717741935483871,0.6691729323308271,0.6573256839189903
DFT only,PR,0.717741935483871,0.6742424242424242,0.6576213030314256
DFT only,PR,0.7096774193548387,0.6717557251908397,0.6650178475478069
DFT only,PR,0.7016129032258065,0.6692307692307692,0.6653491858498428
DFT only,PR,0.7016129032258065,0.6744186046511628,0.6666147403145092
DFT only,PR,0.7016129032258065,0.6796875,0.6692831616964465
DFT only,PR,0.7016129032258065,0.6850393700787402,0.6742302662448428
DFT only,PR,0.7016129032258065,0.6904761904761905,0.6761031685682796
DFT only,PR,0.6935483870967742,0.688,0.6763898409227309
DFT only,PR,0.6854838709677419,0.6854838709677419,0.677199979491225
DFT only,PR,0.6854838709677419,0.6910569105691057,0.677688280556584
DFT only,PR,0.6774193548387096,0.6885245901639344,0.6796455704665074
DFT only,PR,0.6774193548387096,0.6942148760330579,0.6809288011979436
DFT only,PR,0.6693548387096774,0.6916666666666667,0.6820932685890326
DFT only,PR,0.6612903225806451,0.6890756302521008,0.6826322304384674
DFT only,PR,0.6612903225806451,0.6949152542372882,0.6875255968913196
DFT only,PR,0.6612903225806451,0.7008547008547008,0.6881882024276026
DFT only,PR,0.6612903225806451,0.7068965517241379,0.6907273586265928
DFT only,PR,0.6532258064516129,0.7043478260869566,0.7099442023184978
DFT only,PR,0.6532258064516129,0.7105263157894737,0.7103367443834123
DFT only,PR,0.6532258064516129,0.7168141592920354,0.7279217468273199
DFT only,PR,0.6532258064516129,0.7232142857142857,0.7305525563462735
DFT only,PR,0.6451612903225806,0.7207207207207207,0.7340356473817564
DFT only,PR,0.6370967741935484,0.7181818181818181,0.7386513171090993
DFT only,PR,0.6370967741935484,0.7247706422018348,0.7395458821705718
DFT only,PR,0.6290322580645161,0.7222222222222222,0.7404993643833271
DFT only,PR,0.6290322580645161,0.7289719626168224,0.7409175220460081
DFT only,PR,0.6209677419354839,0.7264150943396226,0.7436948094718939
DFT only,PR,0.6209677419354839,0.7333333333333333,0.7445623132604234
DFT only,PR,0.6129032258064516,0.7307692307692307,0.7481462892120965
DFT only,PR,0.6129032258064516,0.7378640776699029,0.7538985040865624
DFT only,PR,0.6129032258064516,0.7450980392156863,0.7544611310204195
DFT only,PR,0.6048387096774194,0.7425742574257426,0.7545501164587156
DFT only,PR,0.6048387096774194,0.75,0.7575960884484938
DFT only,PR,0.5967741935483871,0.7474747474747475,0.7585227377402015
DFT only,PR,0.5887096774193549,0.7448979591836735,0.7620086321387989
DFT only,PR,0.5806451612903226,0.7422680412371134,0.765363213918928
DFT only,PR,0.5725806451612904,0.7395833333333334,0.7682127800395667
DFT only,PR,0.5645161290322581,0.7368421052631579,0.771278334438468
DFT only,PR,0.5564516129032258,0.7340425531914894,0.7789215378938223
DFT only,PR,0.5483870967741935,0.7311827956989247,0.7811226777586138
DFT only,PR,0.5403225806451613,0.7282608695652174,0.7816688462384312
DFT only,PR,0.5403225806451613,0.7362637362637363,0.7873636290944402
DFT only,PR,0.532258064516129,0.7333333333333333,0.789244695263961
DFT only,PR,0.5241935483870968,0.7303370786516854,0.7914731975314938
DFT only,PR,0.5241935483870968,0.7386363636363636,0.792018002235492
DFT only,PR,0.5161290322580645,0.735632183908046,0.7939796831711108
DFT only,PR,0.5080645161290323,0.7325581395348837,0.7955490532538098
DFT only,PR,0.5,0.7294117647058823,0.7986958623649182
DFT only,PR,0.5,0.7380952380952381,0.7987585567903065
DFT only,PR,0.5,0.7469879518072289,0.7996728903608582
DFT only,PR,0.4919354838709677,0.7439024390243902,0.8006443369678475
DFT only,PR,0.4838709677419355,0.7407407407407407,0.801513582773863
DFT only,PR,0.4838709677419355,0.75,0.8103378645760977
DFT only,PR,0.4758064516129032,0.7468354430379747,0.8111924943742651
DFT only,PR,0.4677419354838709,0.7435897435897436,0.8118695001985784
DFT only,PR,0.4596774193548387,0.7402597402597403,0.8172359574634236
DFT only,PR,0.4596774193548387,0.75,0.8175963603182408
DFT only,PR,0.4516129032258064,0.7466666666666667,0.8208479137172104
DFT only,PR,0.4516129032258064,0.7567567567567568,0.8240527468357439
DFT only,PR,0.4435483870967742,0.7534246575342466,0.8248225851114916
DFT only,PR,0.4354838709677419,0.75,0.826910822501604
DFT only,PR,0.4274193548387097,0.7464788732394366,0.8287384507482056
DFT only,PR,0.4274193548387097,0.7571428571428571,0.8292748024483216
DFT only,PR,0.4193548387096774,0.7536231884057971,0.8297030547344539
DFT only,PR,0.4112903225806452,0.75,0.8329545619729275
DFT only,PR,0.4112903225806452,0.7611940298507462,0.8362946891234774
DFT only,PR,0.4032258064516129,0.7575757575757576,0.8375835739164265
DFT only,PR,0.3951612903225806,0.7538461538461538,0.8386899592170042
DFT only,PR,0.3870967741935484,0.75,0.8400607897664458
DFT only,PR,0.3790322580645161,0.746031746031746,0.8418171298160985
DFT only,PR,0.3790322580645161,0.7580645161290323,0.8427944706688221
DFT only,PR,0.3709677419354839,0.7540983606557377,0.8510073965468729
DFT only,PR,0.3709677419354839,0.7666666666666667,0.8517136909723194
DFT only,PR,0.3709677419354839,0.7796610169491526,0.8549080922633867
DFT only,PR,0.3629032258064516,0.7758620689655172,0.8571799862442712
DFT only,PR,0.3548387096774194,0.7719298245614035,0.8579228537330966
DFT only,PR,0.3548387096774194,0.7857142857142857,0.8586913305720192
DFT only,PR,0.3467741935483871,0.7818181818181819,0.8590339128380535
DFT only,PR,0.3387096774193548,0.7777777777777778,0.8593566154715558
DFT only,PR,0.3306451612903226,0.7735849056603774,0.8606668292759612
DFT only,PR,0.3225806451612903,0.7692307692307693,0.8640577224602379
DFT only,PR,0.3225806451612903,0.7843137254901961,0.8649479890129982
DFT only,PR,0.3145161290322581,0.78,0.8657450448175492
DFT only,PR,0.3064516129032258,0.7755102040816326,0.8669569128299651
DFT only,PR,0.3064516129032258,0.7916666666666666,0.8671301074493294
DFT only,PR,0.3064516129032258,0.8085106382978723,0.8686174215130958
DFT only,PR,0.2983870967741936,0.8043478260869565,0.8687430539216394
DFT only,PR,0.2903225806451613,0.8,0.8694149298402983
DFT only,PR,0.2903225806451613,0.8181818181818182,0.8722833991709921
DFT only,PR,0.2822580645161291,0.813953488372093,0.8753701664765077
DFT only,PR,0.2741935483870968,0.8095238095238095,0.8757080543370012
DFT only,PR,0.2741935483870968,0.8292682926829268,0.8773716257864179
DFT only,PR,0.2661290322580645,0.825,0.8777396222369794
DFT only,PR,0.2661290322580645,0.8461538461538461,0.8799147019053947
DFT only,PR,0.2580645161290323,0.8421052631578947,0.8806341168834699
DFT only,PR,0.25,0.8378378378378378,0.8867235544830449
DFT only,PR,0.2419354838709677,0.8333333333333334,0.8885964164012699
DFT only,PR,0.2338709677419355,0.8285714285714286,0.888798343502573
DFT only,PR,0.2338709677419355,0.8529411764705882,0.8892651260194023
DFT only,PR,0.2338709677419355,0.8787878787878788,0.8904282669119872
DFT only,PR,0.2258064516129032,0.875,0.8916291140421451
DFT only,PR,0.217741935483871,0.8709677419354839,0.8916940442107067
DFT only,PR,0.217741935483871,0.9,0.8931296884601112
DFT only,PR,0.2096774193548387,0.896551724137931,0.8944451059631853
DFT only,PR,0.2016129032258064,0.8928571428571429,0.8944631162913
DFT only,PR,0.1935483870967742,0.8888888888888888,0.8960384612700641
DFT only,PR,0.1854838709677419,0.8846153846153846,0.8965918449947125
DFT only,PR,0.1774193548387097,0.88,0.896641796195223
DFT only,PR,0.1693548387096774,0.875,0.8994678128595146
DFT only,PR,0.1612903225806452,0.8695652173913043,0.9020107673273683
DFT only,PR,0.1532258064516129,0.8636363636363636,0.9022533168228959
DFT only,PR,0.1532258064516129,0.9047619047619048,0.9042903466192364
DFT only,PR,0.1451612903225807,0.9,0.9064475223327039
DFT only,PR,0.1370967741935484,0.8947368421052632,0.9075168467065979
DFT only,PR,0.1290322580645161,0.8888888888888888,0.9078347579975072
DFT only,PR,0.1209677419354839,0.8823529411764706,0.9088672206332309
DFT only,PR,0.1129032258064516,0.875,0.9124906954835147
DFT only,PR,0.1048387096774194,0.8666666666666667,0.9180431647466973
DFT only,PR,0.0967741935483871,0.8571428571428571,0.9198690979369852
DFT only,PR,0.08870967741935484,0.8461538461538461,0.9205963245044922
DFT only,PR,0.08064516129032258,0.8333333333333334,0.9209801257452248
DFT only,PR,0.08064516129032258,0.9090909090909091,0.9217353293090012
DFT only,PR,0.07258064516129033,0.9,0.922497325740948
DFT only,PR,0.06451612903225806,0.8888888888888888,0.9241181449997263
DFT only,PR,0.0564516129032258,0.875,0.9304761956903902
DFT only,PR,0.04838709677419355,0.8571428571428571,0.9329159799802065
DFT only,PR,0.04032258064516129,0.8333333333333334,0.9338158203597334
DFT only,PR,0.03225806451612903,0.8,0.9342106553946968
DFT only,PR,0.03225806451612903,1.0,0.941063288819019
DFT only,PR,0.02419354838709677,1.0,0.9506085116144221
DFT only,PR,0.01612903225806452,1.0,0.9696417080642011
DFT only,PR,0.008064516129032258,1.0,0.9821059416309031
DFT only,PR,0.0,1.0,
Chemistry only,ROC,0.0,0.0,inf
Chemistry only,ROC,0.002710027100271003,0.0,0.999997753595785
Chemistry only,ROC,0.008130081300813009,0.0,0.9996808663901808
Chemistry only,ROC,0.008130081300813009,0.03225806451612903,0.9886946814522176
Chemistry only,ROC,0.01084010840108401,0.03225806451612903,0.987945202639511
Chemistry only,ROC,0.01084010840108401,0.08064516129032258,0.9779380813948199
Chemistry only,ROC,0.01355013550135501,0.08064516129032258,0.9766150777927134
Chemistry only,ROC,0.01355013550135501,0.1451612903225807,0.9634979525897821
Chemistry only,ROC,0.01626016260162602,0.1451612903225807,0.9629247838188615
Chemistry only,ROC,0.01626016260162602,0.1612903225806452,0.9601411722140281
Chemistry only,ROC,0.01897018970189702,0.1612903225806452,0.9601070689485285
Chemistry only,ROC,0.01897018970189702,0.1854838709677419,0.954644248084254
Chemistry only,ROC,0.02168021680216802,0.1854838709677419,0.940798663826992
Chemistry only,ROC,0.02168021680216802,0.4193548387096774,0.8752972615621051
Chemistry only,ROC,0.02439024390243903,0.4193548387096774,0.8715106890434369
Chemistry only,ROC,0.02439024390243903,0.4354838709677419,0.8628528454159785
Chemistry only,ROC,0.02710027100271003,0.4354838709677419,0.8620681651930115
Chemistry only,ROC,0.02710027100271003,0.4435483870967742,0.8613416937872497
Chemistry only,ROC,0.02981029810298103,0.4435483870967742,0.8584950589206164
Chemistry only,ROC,0.02981029810298103,0.5645161290322581,0.8153835820156385
Chemistry only,ROC,0.03252032520325204,0.5645161290322581,0.8138140020066936
Chemistry only,ROC,0.03252032520325204,0.5887096774193549,0.7988171987334108
Chemistry only,ROC,0.03523035230352303,0.5887096774193549,0.7922124082967466
Chemistry only,ROC,0.03523035230352303,0.5967741935483871,0.7857336196793171
Chemistry only,ROC,0.04878048780487805,0.5967741935483871,0.7716437898494239
Chemistry only,ROC,0.04878048780487805,0.6048387096774194,0.7681019519508133
Chemistry only,ROC,0.05149051490514905,0.6048387096774194,0.7630167515872326
Chemistry only,ROC,0.05149051490514905,0.6290322580645161,0.7609434890686022
Chemistry only,ROC,0.05420054200542006,0.6290322580645161,0.7551459964304084
Chemistry only,ROC,0.05420054200542006,0.6451612903225806,0.7513481886403306
Chemistry only,ROC,0.06233062330623306,0.6451612903225806,0.7331602789972367
Chemistry only,ROC,0.06233062330623306,0.6532258064516129,0.7273108547780491
Chemistry only,ROC,0.07588075880758807,0.6532258064516129,0.7059943823372512
Chemistry only,ROC,0.07588075880758807,0.6774193548387096,0.6908189432812134
Chemistry only,ROC,0.08672086720867209,0.6774193548387096,0.6804042548626449
Chemistry only,ROC,0.08672086720867209,0.6935483870967742,0.676496637518989
Chemistry only,ROC,0.08943089430894309,0.6935483870967742,0.6746167938585809
Chemistry only,ROC,0.08943089430894309,0.7016129032258065,0.6741837485912138
Chemistry only,ROC,0.1029810298102981,0.7016129032258065,0.6692843808756317
Chemistry only,ROC,0.1029810298102981,0.717741935483871,0.6672520693080671
Chemistry only,ROC,0.1111111111111111,0.717741935483871,0.6535923691917445
Chemistry only,ROC,0.1111111111111111,0.7258064516129032,0.6530111227711481
Chemistry only,ROC,0.1138211382113821,0.7258064516129032,0.6505365019543182
Chemistry only,ROC,0.1138211382113821,0.7338709677419355,0.6491360862870269
Chemistry only,ROC,0.1246612466124661,0.7338709677419355,0.6223972101153384
Chemistry only,ROC,0.1246612466124661,0.7419354838709677,0.6203446068734417
Chemistry only,ROC,0.1355013550135501,0.7419354838709677,0.6010841673774608
Chemistry only,ROC,0.1355013550135501,0.75,0.5962383052345485
Chemistry only,ROC,0.1382113821138211,0.75,0.5940667755485975
Chemistry only,ROC,0.1382113821138211,0.7661290322580645,0.5901143371357102
Chemistry only,ROC,0.1544715447154472,0.7661290322580645,0.5604623331433177
Chemistry only,ROC,0.1544715447154472,0.7741935483870968,0.5570196744002167
Chemistry only,ROC,0.1598915989159892,0.7741935483870968,0.5532370265348818
Chemistry only,ROC,0.1598915989159892,0.782258064516129,0.5491545229145312
Chemistry only,ROC,0.1653116531165312,0.782258064516129,0.5393710411937118
Chemistry only,ROC,0.1653116531165312,0.7903225806451613,0.5377884548563873
Chemistry only,ROC,0.1680216802168022,0.7903225806451613,0.5362952638939756
Chemistry only,ROC,0.1680216802168022,0.7983870967741935,0.5349483388210273
Chemistry only,ROC,0.1734417344173442,0.7983870967741935,0.5311589032735284
Chemistry only,ROC,0.1734417344173442,0.8225806451612904,0.5239495603638255
Chemistry only,ROC,0.1761517615176152,0.8225806451612904,0.5149636488667425
Chemistry only,ROC,0.1761517615176152,0.8306451612903226,0.5114096523991379
Chemistry only,ROC,0.1897018970189702,0.8306451612903226,0.4814512091449648
Chemistry only,ROC,0.1897018970189702,0.8387096774193549,0.4786248999772601
Chemistry only,ROC,0.1951219512195122,0.8387096774193549,0.4749881042044025
Chemistry only,ROC,0.1951219512195122,0.8467741935483871,0.4723803254790017
Chemistry only,ROC,0.2032520325203252,0.8467741935483871,0.4548789458836456
Chemistry only,ROC,0.2032520325203252,0.8548387096774194,0.4521723399640392
Chemistry only,ROC,0.2113821138211382,0.8548387096774194,0.4447081081265507
Chemistry only,ROC,0.2113821138211382,0.8709677419354839,0.4422806702900158
Chemistry only,ROC,0.2276422764227642,0.8709677419354839,0.4245311693928662
Chemistry only,ROC,0.2276422764227642,0.8790322580645161,0.4213669203517933
Chemistry only,ROC,0.3143631436314363,0.8790322580645161,0.3236512898825136
Chemistry only,ROC,0.3143631436314363,0.8870967741935484,0.3230399476738733
Chemistry only,ROC,0.3360433604336043,0.8870967741935484,0.3068710063793975
Chemistry only,ROC,0.3360433604336043,0.8951612903225806,0.3030254222195021
Chemistry only,ROC,0.3414634146341464,0.8951612903225806,0.2954756345377956
Chemistry only,ROC,0.3414634146341464,0.9032258064516129,0.2903645141033305
Chemistry only,ROC,0.4336043360433605,0.9032258064516129,0.2086731552558969
Chemistry only,ROC,0.4336043360433605,0.9112903225806451,0.2081711993717981
Chemistry only,ROC,0.5013550135501355,0.9112903225806451,0.1660424209863796
Chemistry only,ROC,0.5013550135501355,0.9193548387096774,0.164723763102721
Chemistry only,ROC,0.5420054200542005,0.9193548387096774,0.1440959463573258
Chemistry only,ROC,0.5420054200542005,0.9274193548387096,0.1438418032571107
Chemistry only,ROC,0.5447154471544715,0.9274193548387096,0.1423725345560997
Chemistry only,ROC,0.5447154471544715,0.9354838709677419,0.141493987362044
Chemistry only,ROC,0.5772357723577236,0.9354838709677419,0.1247982555503517
Chemistry only,ROC,0.5772357723577236,0.9435483870967742,0.1244961660341382
Chemistry only,ROC,0.6341463414634146,0.9435483870967742,0.1008903988196237
Chemistry only,ROC,0.6341463414634146,0.9516129032258065,0.1005925506475867
Chemistry only,ROC,0.6449864498644986,0.9516129032258065,0.09679628864308495
Chemistry only,ROC,0.6449864498644986,0.9596774193548387,0.09548821975440033
Chemistry only,ROC,0.7046070460704607,0.9596774193548387,0.07812831968113788
Chemistry only,ROC,0.7046070460704607,0.967741935483871,0.07772478209881889
Chemistry only,ROC,0.7831978319783198,0.967741935483871,0.05270221230139602
Chemistry only,ROC,0.7831978319783198,0.9758064516129032,0.0511481520023707
Chemistry only,ROC,0.9159891598915989,0.9758064516129032,0.02237388419298376
Chemistry only,ROC,0.9159891598915989,0.9838709677419355,0.02211494173232385
Chemistry only,ROC,0.9186991869918699,0.9838709677419355,0.02143195702201521
Chemistry only,ROC,0.9186991869918699,0.9919354838709677,0.02096409007054258
Chemistry only,ROC,0.962059620596206,0.9919354838709677,0.01330112855347526
Chemistry only,ROC,0.962059620596206,1.0,0.01212378059247949
Chemistry only,ROC,1.0,1.0,1.772027280629557e-06
Chemistry only,PR,1.0,0.2515212981744422,1.772027280629557e-06
Chemistry only,PR,1.0,0.2520325203252032,0.0008217571575882093
Chemistry only,PR,1.0,0.2525458248472505,0.002376283265237738
Chemistry only,PR,1.0,0.2530612244897959,0.003091154111707735
Chemistry only,PR,1.0,0.2535787321063395,0.003629127055796243
Chemistry only,PR,1.0,0.2540983606557377,0.005940363801826749
Chemistry only,PR,1.0,0.2546201232032854,0.006745852038949383
Chemistry only,PR,1.0,0.2551440329218107,0.006949485298323448
Chemistry only,PR,1.0,0.2556701030927835,0.007060677823964784
Chemistry only,PR,1.0,0.256198347107438,0.00841941223967824
Chemistry only,PR,1.0,0.2567287784679089,0.008833749102887643
Chemistry only,PR,1.0,0.2572614107883817,0.01105055254573254
Chemistry only,PR,1.0,0.2577962577962578,0.01111416547679681
Chemistry only,PR,1.0,0.2583333333333334,0.01190829158959788
Chemistry only,PR,1.0,0.2588726513569937,0.01212378059247949
Chemistry only,PR,0.9919354838709677,0.2573221757322176,0.01330112855347526
Chemistry only,PR,0.9919354838709677,0.2578616352201258,0.01461648449305181
Chemistry only,PR,0.9919354838709677,0.2584033613445378,0.01572082290802518
Chemistry only,PR,0.9919354838709677,0.2589473684210526,0.01586577491998087
Chemistry only,PR,0.9919354838709677,0.2594936708860759,0.01616772375965108
Chemistry only,PR,0.9919354838709677,0.2600422832980973,0.01632687857976833
Chemistry only,PR,0.9919354838709677,0.2605932203389831,0.01680462545734514
Chemistry only,PR,0.9919354838709677,0.2611464968152866,0.01721439676457811
Chemistry only,PR,0.9919354838709677,0.2617021276595745,0.01826212247873277
Chemistry only,PR,0.9919354838709677,0.2622601279317697,0.0187158930525782
Chemistry only,PR,0.9919354838709677,0.2628205128205128,0.01922727559103633
Chemistry only,PR,0.9919354838709677,0.2633832976445396,0.01925836087334952
Chemistry only,PR,0.9919354838709677,0.2639484978540773,0.01929360415332169
Chemistry only,PR,0.9919354838709677,0.2645161290322581,0.02008356827985122
Chemistry only,PR,0.9919354838709677,0.2650862068965517,0.020522101157906
Chemistry only,PR,0.9919354838709677,0.265658747300216,0.02085994386063417
Chemistry only,PR,0.9919354838709677,0.2662337662337662,0.02096409007054258
Chemistry only,PR,0.9838709677419355,0.2646420824295011,0.02143195702201521
Chemistry only,PR,0.9838709677419355,0.2652173913043478,0.02211494173232385
Chemistry only,PR,0.9758064516129032,0.2636165577342048,0.02237388419298376
Chemistry only,PR,0.9758064516129032,0.2641921397379913,0.0224703446525421
Chemistry only,PR,0.9758064516129032,0.2647702407002188,0.02313580778448932
Chemistry only,PR,0.9758064516129032,0.2653508771929824,0.02377404207602083
Chemistry only,PR,0.9758064516129032,0.2659340659340659,0.0237917656807744
Chemistry only,PR,0.9758064516129032,0.2665198237885463,0.02530403697922494
Chemistry only,PR,0.9758064516129032,0.2671081677704194,0.0253785470676135
Chemistry only,PR,0.9758064516129032,0.2676991150442478,0.02549250986930691
Chemistry only,PR,0.9758064516129032,0.2682926829268293,0.02550484433715732
Chemistry only,PR,0.9758064516129032,0.2688888888888889,0.02626143687409648
Chemistry only,PR,0.9758064516129032,0.2694877505567929,0.02771291024442436
Chemistry only,PR,0.9758064516129032,0.2700892857142857,0.02849707448070521
Chemistry only,PR,0.9758064516129032,0.2706935123042505,0.02860995784766418
Chemistry only,PR,0.9758064516129032,0.2713004484304933,0.02923184415926124
Chemistry only,PR,0.9758064516129032,0.2719101123595505,0.02977400854086968
Chemistry only,PR,0.9758064516129032,0.2725225225225225,0.02980077890986343
Chemistry only,PR,0.9758064516129032,0.27313769751693,0.03117675885540196
Chemistry only,PR,0.9758064516129032,0.2737556561085973,0.03511766904497552
Chemistry only,PR,0.9758064516129032,0.2743764172335601,0.03528302542599131
Chemistry only,PR,0.9758064516129032,0.275,0.03547328384562964
Chemistry only,PR,0.9758064516129032,0.275626423690205,0.03575811711959825
Chemistry only,PR,0.9758064516129032,0.2762557077625571,0.03592605516450934
Chemistry only,PR,0.9758064516129032,0.2768878718535469,0.03617647727785248
Chemistry only,PR,0.9758064516129032,0.2775229357798165,0.03652391528723419
Chemistry only,PR,0.9758064516129032,0.2781609195402299,0.03707871144301504
Chemistry only,PR,0.9758064516129032,0.2788018433179724,0.03709335892943918
Chemistry only,PR,0.9758064516129032,0.279445727482679,0.03733706245503277
Chemistry only,PR,0.9758064516129032,0.2800925925925926,0.0382780778566422
Chemistry only,PR,0.9758064516129032,0.2807424593967517,0.03850533181051151
Chemistry only,PR,0.9758064516129032,0.2813953488372093,0.03925514333269037
Chemistry only,PR,0.9758064516129032,0.282051282051282,0.03949306623951147
Chemistry only,PR,0.9758064516129032,0.2827102803738318,0.04065550592938429
Chemistry only,PR,0.9758064516129032,0.2833723653395784,0.04139552422897353
Chemistry only,PR,0.9758064516129032,0.284037558685446,0.04167492305022905
Chemistry only,PR,0.9758064516129032,0.2847058823529412,0.04211821240097962
Chemistry only,PR,0.9758064516129032,0.2853773584905661,0.04296271897308928
Chemistry only,PR,0.9758064516129032,0.2860520094562648,0.04296468345811456
Chemistry only,PR,0.9758064516129032,0.2867298578199052,0.04315234776531294
Chemistry only,PR,0.9758064516129032,0.2874109263657957,0.04405733453349725
Chemistry only,PR,0.9758064516129032,0.2880952380952381,0.04451513761790712
Chemistry only,PR,0.9758064516129032,0.2887828162291169,0.04481474781999838
Chemistry only,PR,0.9758064516129032,0.2894736842105263,0.04573353865363899
Chemistry only,PR,0.9758064516129032,0.290167865707434,0.04599312137873891
Chemistry only,PR,0.9758064516129032,0.2908653846153846,0.04698716216994673
Chemistry only,PR,0.9758064516129032,0.291566265060241,0.04740669572347872
Chemistry only,PR,0.9758064516129032,0.2922705314009662,0.04958454503117342
Chemistry only,PR,0.9758064516129032,0.2929782082324455,0.05070464973022897
Chemistry only,PR,0.9758064516129032,0.2936893203883495,0.05083101874573797
Chemistry only,PR,0.9758064516129032,0.2944038929440389,0.05111309131658313
Chemistry only,PR,0.9758064516129032,0.2951219512195122,0.0511481520023707
Chemistry only,PR,0.967741935483871,0.293398533007335,0.05270221230139602
Chemistry only,PR,0.967741935483871,0.2941176470588235,0.05270341636912348
Chemistry only,PR,0.967741935483871,0.2948402948402948,0.05313524014902068
Chemistry only,PR,0.967741935483871,0.2955665024630542,0.05345430990057878
Chemistry only,PR,0.967741935483871,0.2962962962962963,0.05487353973225378
Chemistry only,PR,0.967741935483871,0.297029702970297,0.05618234386600666
Chemistry only,PR,0.967741935483871,0.2977667493796526,0.0561951776318863
Chemistry only,PR,0.967741935483871,0.2985074626865671,0.0594061069439026
Chemistry only,PR,0.967741935483871,0.2992518703241895,0.05960517875889244
Chemistry only,PR,0.967741935483871,0.3,0.06085785397391904
Chemistry only,PR,0.967741935483871,0.3007518796992481,0.06135533026393192
Chemistry only,PR,0.967741935483871,0.3015075376884422,0.06151585256543882
Chemistry only,PR,0.967741935483871,0.3022670025188917,0.06159190391185775
Chemistry only,PR,0.967741935483871,0.303030303030303,0.06229570250320381
Chemistry only,PR,0.967741935483871,0.3037974683544304,0.06297788964057381
Chemistry only,PR,0.967741935483871,0.3045685279187818,0.06536859879811648
Chemistry only,PR,0.967741935483871,0.3053435114503817,0.06705431030048851
Chemistry only,PR,0.967741935483871,0.3061224489795918,0.06787525810569502
Chemistry only,PR,0.967741935483871,0.3069053708439898,0.06801916036201625
Chemistry only,PR,0.967741935483871,0.3076923076923077,0.06850503427764217
Chemistry only,PR,0.967741935483871,0.3084832904884319,0.07098939040585371
Chemistry only,PR,0.967741935483871,0.3092783505154639,0.07109608480087727
Chemistry only,PR,0.967741935483871,0.310077519379845,0.07165265103667719
Chemistry only,PR,0.967741935483871,0.310880829015544,0.07316339106390536
Chemistry only,PR,0.967741935483871,0.3116883116883117,0.07474260968072677
Chemistry only,PR,0.967741935483871,0.3125,0.07477728818684512
Chemistry only,PR,0.967741935483871,0.3133159268929504,0.0751227574816328
Chemistry only,PR,0.967741935483871,0.3141361256544503,0.07588658482444599
Chemistry only,PR,0.967741935483871,0.3149606299212598,0.07638380852867312
Chemistry only,PR,0.967741935483871,0.3157894736842105,0.07772478209881889
Chemistry only,PR,0.9596774193548387,0.3139841688654353,0.07812831968113788
Chemistry only,PR,0.9596774193548387,0.3148148148148148,0.07917620623280018
Chemistry only,PR,0.9596774193548387,0.3156498673740053,0.07978542109938229
Chemistry only,PR,0.9596774193548387,0.3164893617021277,0.08009178637842003
Chemistry only,PR,0.9596774193548387,0.3173333333333334,0.08054181212728108
Chemistry only,PR,0.9596774193548387,0.3181818181818182,0.08067221639890766
Chemistry only,PR,0.9596774193548387,0.3190348525469169,0.08073687402029028
Chemistry only,PR,0.9596774193548387,0.3198924731182796,0.0824815730636312
Chemistry only,PR,0.9596774193548387,0.3207547169811321,0.0850383998133432
Chemistry only,PR,0.9596774193548387,0.3216216216216216,0.08619430911588527
Chemistry only,PR,0.9596774193548387,0.3224932249322493,0.08643141669645765
Chemistry only,PR,0.9596774193548387,0.3233695652173913,0.08651933326822912
Chemistry only,PR,0.9596774193548387,0.3242506811989101,0.08868803147079483
Chemistry only,PR,0.9596774193548387,0.3251366120218579,0.08908054984447301
Chemistry only,PR,0.9596774193548387,0.326027397260274,0.09015938609949739
Chemistry only,PR,0.9596774193548387,0.3269230769230769,0.09021631891486044
Chemistry only,PR,0.9596774193548387,0.3278236914600551,0.09076777759376196
Chemistry only,PR,0.9596774193548387,0.3287292817679558,0.09261697023997115
Chemistry only,PR,0.9596774193548387,0.3296398891966759,0.09298201564304359
Chemistry only,PR,0.9596774193548387,0.3305555555555555,0.09309000383108942
Chemistry only,PR,0.9596774193548387,0.3314763231197771,0.09345403167228751
Chemistry only,PR,0.9596774193548387,0.3324022346368715,0.09426691159271121
Chemistry only,PR,0.9596774193548387,0.3333333333333333,0.09548821975440033
Chemistry only,PR,0.9516129032258065,0.3314606741573033,0.09679628864308495
Chemistry only,PR,0.9516129032258065,0.3323943661971831,0.09708047279652908
Chemistry only,PR,0.9516129032258065,0.3333333333333333,0.09778763899472562
Chemistry only,PR,0.9516129032258065,0.3342776203966006,0.09801961116115646
Chemistry only,PR,0.9516129032258065,0.3352272727272727,0.1005925506475867
Chemistry only,PR,0.9435483870967742,0.3333333333333333,0.1008903988196237
Chemistry only,PR,0.9435483870967742,0.3342857142857143,0.1017303951013839
Chemistry only,PR,0.9435483870967742,0.335243553008596,0.1037124238868466
Chemistry only,PR,0.9435483870967742,0.3362068965517241,0.1054210222804867
Chemistry only,PR,0.9435483870967742,0.3371757925072046,0.1062600236489789
Chemistry only,PR,0.9435483870967742,0.3381502890173411,0.1064893387622836
Chemistry only,PR,0.9435483870967742,0.3391304347826087,0.1094263195300999
Chemistry only,PR,0.9435483870967742,0.3401162790697674,0.1115956927377051
Chemistry only,PR,0.9435483870967742,0.3411078717201166,0.1117205629764223
Chemistry only,PR,0.9435483870967742,0.3421052631578947,0.1124762741119188
Chemistry only,PR,0.9435483870967742,0.343108504398827,0.1128542156925262
Chemistry only,PR,0.9435483870967742,0.3441176470588235,0.1137398220682086
Chemistry only,PR,0.9435483870967742,0.3451327433628318,0.1148941402431886
Chemistry only,PR,0.9435483870967742,0.3461538461538461,0.1162160369472629
Chemistry only,PR,0.9435483870967742,0.3471810089020771,0.116816456722925
Chemistry only,PR,0.9435483870967742,0.3482142857142857,0.1193210796139776
Chemistry only,PR,0.9435483870967742,0.3492537313432836,0.1210281948136724
Chemistry only,PR,0.9435483870967742,0.3502994011976048,0.1212687434279945
Chemistry only,PR,0.9435483870967742,0.3513513513513514,0.1216338536787665
Chemistry only,PR,0.9435483870967742,0.3524096385542169,0.12301739513839
Chemistry only,PR,0.9435483870967742,0.3534743202416918,0.1240553235365921
Chemistry only,PR,0.9435483870967742,0.3545454545454546,0.1244961660341382
Chemistry only,PR,0.9354838709677419,0.3525835866261398,0.1247982555503517
Chemistry only,PR,0.9354838709677419,0.3536585365853658,0.1248873615059975
Chemistry only,PR,0.9354838709677419,0.3547400611620795,0.125967988367122
Chemistry only,PR,0.9354838709677419,0.3558282208588957,0.127174718355416
Chemistry only,PR,0.9354838709677419,0.3569230769230769,0.1304108905845247
Chemistry only,PR,0.9354838709677419,0.3580246913580247,0.1309008306260685
Chemistry only,PR,0.9354838709677419,0.3591331269349845,0.1312028876647286
Chemistry only,PR,0.9354838709677419,0.360248447204969,0.1354818889402693
Chemistry only,PR,0.9354838709677419,0.3613707165109034,0.1358074459478591
Chemistry only,PR,0.9354838709677419,0.3625,0.1369973084606225
Chemistry only,PR,0.9354838709677419,0.3636363636363636,0.1381177328610624
Chemistry only,PR,0.9354838709677419,0.3647798742138365,0.1409473175689379
Chemistry only,PR,0.9354838709677419,0.3659305993690852,0.141493987362044
Chemistry only,PR,0.9274193548387096,0.3639240506329114,0.1423725345560997
Chemistry only,PR,0.9274193548387096,0.3650793650793651,0.1438418032571107
Chemistry only,PR,0.9193548387096774,0.3630573248407643,0.1440959463573258
Chemistry only,PR,0.9193548387096774,0.3642172523961661,0.1455413152925343
Chemistry only,PR,0.9193548387096774,0.3653846153846154,0.146222148628935
Chemistry only,PR,0.9193548387096774,0.3665594855305466,0.1471342148203097
Chemistry only,PR,0.9193548387096774,0.367741935483871,0.147420208677475
Chemistry only,PR,0.9193548387096774,0.3689320388349515,0.1487180707420047
Chemistry only,PR,0.9193548387096774,0.3701298701298701,0.1521352100472735
Chemistry only,PR,0.9193548387096774,0.3713355048859935,0.1548448523076069
Chemistry only,PR,0.9193548387096774,0.3725490196078431,0.1574855313072955
Chemistry only,PR,0.9193548387096774,0.3737704918032787,0.159333591602262
Chemistry only,PR,0.9193548387096774,0.375,0.159865945589077
Chemistry only,PR,0.9193548387096774,0.3762376237623762,0.161044847583262
Chemistry only,PR,0.9193548387096774,0.3774834437086093,0.1611419126910334
Chemistry only,PR,0.9193548387096774,0.3787375415282392,0.1626504367086551
Chemistry only,PR,0.9193548387096774,0.38,0.1640526673022965
Chemistry only,PR,0.9193548387096774,0.3812709030100335,0.164723763102721
Chemistry only,PR,0.9112903225806451,0.3791946308724832,0.1660424209863796
Chemistry only,PR,0.9112903225806451,0.3804713804713805,0.1660716025038851
Chemistry only,PR,0.9112903225806451,0.3817567567567567,0.1691776820596466
Chemistry only,PR,0.9112903225806451,0.3830508474576271,0.1694178931810363
Chemistry only,PR,0.9112903225806451,0.3843537414965986,0.1714189075732105
Chemistry only,PR,0.9112903225806451,0.3856655290102389,0.1722587493960339
Chemistry only,PR,0.9112903225806451,0.386986301369863,0.1728294355820881
Chemistry only,PR,0.9112903225806451,0.3883161512027491,0.1760648926250616
Chemistry only,PR,0.9112903225806451,0.3896551724137931,0.1770520584615538
Chemistry only,PR,0.9112903225806451,0.3910034602076125,0.1774576869190142
Chemistry only,PR,0.9112903225806451,0.3923611111111111,0.1779239724860036
Chemistry only,PR,0.9112903225806451,0.3937282229965157,0.1782951056224281
Chemistry only,PR,0.9112903225806451,0.3951048951048951,0.180764570706296
Chemistry only,PR,0.9112903225806451,0.3964912280701754,0.1810525499545459
Chemistry only,PR,0.9112903225806451,0.397887323943662,0.1826112615204555
Chemistry only,PR,0.9112903225806451,0.3992932862190813,0.1869871817409297
Chemistry only,PR,0.9112903225806451,0.4007092198581561,0.1883559002562311
Chemistry only,PR,0.9112903225806451,0.402135231316726,0.1888486782227863
Chemistry only,PR,0.9112903225806451,0.4035714285714286,0.1922018968917513
Chemistry only,PR,0.9112903225806451,0.4050179211469534,0.1973267845753357
Chemistry only,PR,0.9112903225806451,0.4064748201438849,0.2011309452983553
Chemistry only,PR,0.9112903225806451,0.407942238267148,0.2013074892989359
Chemistry only,PR,0.9112903225806451,0.4094202898550725,0.2021963141883679
Chemistry only,PR,0.9112903225806451,0.4109090909090909,0.2045908808685626
Chemistry only,PR,0.9112903225806451,0.4124087591240876,0.2063656702629415
Chemistry only,PR,0.9112903225806451,0.4139194139194139,0.2081711993717981
Chemistry only,PR,0.9032258064516129,0.4117647058823529,0.2086731552558969
Chemistry only,PR,0.9032258064516129,0.4132841328413284,0.2104313245845632
Chemistry only,PR,0.9032258064516129,0.4148148148148148,0.2126703496267451
Chemistry only,PR,0.9032258064516129,0.4163568773234201,0.2131429005200436
Chemistry only,PR,0.9032258064516129,0.417910447761194,0.2146913079746071
Chemistry only,PR,0.9032258064516129,0.4194756554307116,0.2148990544421092
Chemistry only,PR,0.9032258064516129,0.4210526315789473,0.216912234179602
Chemistry only,PR,0.9032258064516129,0.4226415094339623,0.2171244471952385
Chemistry only,PR,0.9032258064516129,0.4242424242424243,0.2215002966087073
Chemistry only,PR,0.9032258064516129,0.4258555133079848,0.2219396193186794
Chemistry only,PR,0.9032258064516129,0.4274809160305343,0.2222292113562753
Chemistry only,PR,0.9032258064516129,0.4291187739463602,0.2275082626167524
Chemistry only,PR,0.9032258064516129,0.4307692307692308,0.2313429599657172
Chemistry only,PR,0.9032258064516129,0.4324324324324325,0.2319754806986332
Chemistry only,PR,0.9032258064516129,0.4341085271317829,0.2319818495418816
Chemistry only,PR,0.9032258064516129,0.4357976653696498,0.2331905727930697
Chemistry only,PR,0.9032258064516129,0.4375,0.2430328887480231
Chemistry only,PR,0.9032258064516129,0.4392156862745098,0.2503174391629301
Chemistry only,PR,0.9032258064516129,0.4409448818897638,0.2524837935503245
Chemistry only,PR,0.9032258064516129,0.4426877470355731,0.254954213730367
Chemistry only,PR,0.9032258064516129,0.4444444444444444,0.2597548023618337
Chemistry only,PR,0.9032258064516129,0.4462151394422311,0.2597799669137509
Chemistry only,PR,0.9032258064516129,0.448,0.2614318785734364
Chemistry only,PR,0.9032258064516129,0.4497991967871486,0.2676451175668724
Chemistry only,PR,0.9032258064516129,0.4516129032258064,0.2678901190815794
Chemistry only,PR,0.9032258064516129,0.4534412955465587,0.2717294806291989
Chemistry only,PR,0.9032258064516129,0.4552845528455284,0.2775007128473307
Chemistry only,PR,0.9032258064516129,0.4571428571428571,0.2793387903396409
Chemistry only,PR,0.9032258064516129,0.459016393442623,0.2798299705630009
Chemistry only,PR,0.9032258064516129,0.4609053497942387,0.2802970493484061
Chemistry only,PR,0.9032258064516129,0.4628099173553719,0.2834380379764272
Chemistry only,PR,0.9032258064516129,0.4647302904564315,0.2870183845093447
Chemistry only,PR,0.9032258064516129,0.4666666666666667,0.2871790682588682
Chemistry only,PR,0.9032258064516129,0.4686192468619247,0.2877520453654741
Chemistry only,PR,0.9032258064516129,0.4705882352941176,0.2903645141033305
Chemistry only,PR,0.8951612903225806,0.4683544303797468,0.2954756345377956
Chemistry only,PR,0.8951612903225806,0.4703389830508475,0.297069685470963
Chemistry only,PR,0.8951612903225806,0.4723404255319149,0.3030254222195021
Chemistry only,PR,0.8870967741935484,0.4700854700854701,0.3068710063793975
Chemistry only,PR,0.8870967741935484,0.4721030042918455,0.3104647725852208
Chemistry only,PR,0.8870967741935484,0.4741379310344828,0.3109340341540918
Chemistry only,PR,0.8870967741935484,0.4761904761904762,0.3138192777075372
Chemistry only,PR,0.8870967741935484,0.4782608695652174,0.3180441231920402
Chemistry only,PR,0.8870967741935484,0.4803493449781659,0.3196728571810465
Chemistry only,PR,0.8870967741935484,0.4824561403508772,0.3212306588692433
Chemistry only,PR,0.8870967741935484,0.4845814977973568,0.3225334466602533
Chemistry only,PR,0.8870967741935484,0.4867256637168141,0.3230399476738733
Chemistry only,PR,0.8790322580645161,0.4844444444444445,0.3236512898825136
Chemistry only,PR,0.8790322580645161,0.4866071428571428,0.3259401781765808
Chemistry only,PR,0.8790322580645161,0.4887892376681615,0.3314949326115878
Chemistry only,PR,0.8790322580645161,0.490990990990991,0.333220000989484
Chemistry only,PR,0.8790322580645161,0.4932126696832579,0.3344934451188653
Chemistry only,PR,0.8790322580645161,0.4954545454545455,0.3381593322741286
Chemistry only,PR,0.8790322580645161,0.4977168949771689,0.3389021508849845
Chemistry only,PR,0.8790322580645161,0.5,0.341061787011343
Chemistry only,PR,0.8790322580645161,0.5023041474654378,0.3411618705161468
Chemistry only,PR,0.8790322580645161,0.5046296296296297,0.3430833239588847
Chemistry only,PR,0.8790322580645161,0.5069767441860465,0.3455956413218839
Chemistry only,PR,0.8790322580645161,0.5093457943925234,0.3469091218488833
Chemistry only,PR,0.8790322580645161,0.5117370892018779,0.3555532598661937
Chemistry only,PR,0.8790322580645161,0.5141509433962265,0.3608669421334125
Chemistry only,PR,0.8790322580645161,0.5165876777251185,0.3624629767348095
Chemistry only,PR,0.8790322580645161,0.5190476190476191,0.3632189966088527
Chemistry only,PR,0.8790322580645161,0.5215311004784688,0.3645876183720621
Chemistry only,PR,0.8790322580645161,0.5240384615384616,0.3688995798645668
Chemistry only,PR,0.8790322580645161,0.5265700483091788,0.3731463331274213
Chemistry only,PR,0.8790322580645161,0.529126213592233,0.3749813550767686
Chemistry only,PR,0.8790322580645161,0.5317073170731708,0.378571822662461
Chemistry only,PR,0.8790322580645161,0.5343137254901961,0.381090781099147
Chemistry only,PR,0.8790322580645161,0.5369458128078818,0.3833700245615375
Chemistry only,PR,0.8790322580645161,0.5396039603960396,0.3879042877793707
Chemistry only,PR,0.8790322580645161,0.5422885572139303,0.3934758507689702
Chemistry only,PR,0.8790322580645161,0.545,0.3959237437508528
Chemistry only,PR,0.8790322580645161,0.5477386934673367,0.3985770705931275
Chemistry only,PR,0.8790322580645161,0.5505050505050505,0.4006163251572152
Chemistry only,PR,0.8790322580645161,0.5532994923857868,0.4092458162912962
Chemistry only,PR,0.8790322580645161,0.5561224489795918,0.4118316116534808
Chemistry only,PR,0.8790322580645161,0.558974358974359,0.4143147525079016
Chemistry only,PR,0.8790322580645161,0.5618556701030928,0.4149022431803563
Chemistry only,PR,0.8790322580645161,0.5647668393782384,0.4213669203517933
Chemistry only,PR,0.8709677419354839,0.5625,0.4245311693928662
Chemistry only,PR,0.8709677419354839,0.5654450261780105,0.4285197884409636
Chemistry only,PR,0.8709677419354839,0.5684210526315789,0.4292802019389442
Chemistry only,PR,0.8709677419354839,0.5714285714285714,0.4353942190619118
Chemistry only,PR,0.8709677419354839,0.574468085106383,0.4412799549584609
Chemistry only,PR,0.8709677419354839,0.5775401069518716,0.4419336944379115
Chemistry only,PR,0.8709677419354839,0.5806451612903226,0.4422806702900158
Chemistry only,PR,0.8629032258064516,0.5783783783783784,0.444677202502722
Chemistry only,PR,0.8548387096774194,0.5760869565217391,0.4447081081265507
Chemistry only,PR,0.8548387096774194,0.5792349726775956,0.4474088305346356
Chemistry only,PR,0.8548387096774194,0.5824175824175825,0.4506805684131124
Chemistry only,PR,0.8548387096774194,0.585635359116022,0.4521723399640392
Chemistry only,PR,0.8467741935483871,0.5833333333333334,0.4548789458836456
Chemistry only,PR,0.8467741935483871,0.5865921787709497,0.4552317820541041
Chemistry only,PR,0.8467741935483871,0.5898876404494382,0.4557017503760734
Chemistry only,PR,0.8467741935483871,0.5932203389830508,0.4723803254790017
Chemistry only,PR,0.8387096774193549,0.5909090909090909,0.4749881042044025
Chemistry only,PR,0.8387096774193549,0.5942857142857143,0.4785224203411371
Chemistry only,PR,0.8387096774193549,0.5977011494252874,0.4786248999772601
Chemistry only,PR,0.8306451612903226,0.5953757225433526,0.4814512091449648
Chemistry only,PR,0.8306451612903226,0.5988372093023255,0.486016505918225
Chemistry only,PR,0.8306451612903226,0.6023391812865497,0.4867423358491116
Chemistry only,PR,0.8306451612903226,0.6058823529411764,0.5053693693815344
Chemistry only,PR,0.8306451612903226,0.6094674556213018,0.5109576210090105
Chemistry only,PR,0.8306451612903226,0.6130952380952381,0.5114096523991379
Chemistry only,PR,0.8225806451612904,0.6107784431137725,0.5149636488667425
Chemistry only,PR,0.8225806451612904,0.6144578313253012,0.5239495603638255
Chemistry only,PR,0.8145161290322581,0.6121212121212121,0.5241431064910334
Chemistry only,PR,0.8064516129032258,0.6097560975609756,0.524375022322731
Chemistry only,PR,0.7983870967741935,0.6073619631901841,0.5311589032735284
Chemistry only,PR,0.7983870967741935,0.6111111111111112,0.531624526790567
Chemistry only,PR,0.7983870967741935,0.6149068322981367,0.5349483388210273
Chemistry only,PR,0.7903225806451613,0.6125,0.5362952638939756
Chemistry only,PR,0.7903225806451613,0.6163522012578616,0.5377884548563873
Chemistry only,PR,0.782258064516129,0.6139240506329114,0.5393710411937118
Chemistry only,PR,0.782258064516129,0.6178343949044586,0.5466161956734145
Chemistry only,PR,0.782258064516129,0.6217948717948718,0.5491545229145312
Chemistry only,PR,0.7741935483870968,0.6193548387096774,0.5532370265348818
Chemistry only,PR,0.7741935483870968,0.6233766233766234,0.5535526589308479
Chemistry only,PR,0.7741935483870968,0.6274509803921569,0.5570196744002167
Chemistry only,PR,0.7661290322580645,0.625,0.5604623331433177
Chemistry only,PR,0.7661290322580645,0.6291390728476821,0.5615301501993865
Chemistry only,PR,0.7661290322580645,0.6333333333333333,0.5615627530582988
Chemistry only,PR,0.7661290322580645,0.6375838926174496,0.5704603418272876
Chemistry only,PR,0.7661290322580645,0.6418918918918919,0.5729065097888707
Chemistry only,PR,0.7661290322580645,0.6462585034013606,0.5828598766517387
Chemistry only,PR,0.7661290322580645,0.6506849315068494,0.5901143371357102
Chemistry only,PR,0.7580645161290323,0.6482758620689655,0.5928910714592206
Chemistry only,PR,0.75,0.6458333333333334,0.5940667755485975
Chemistry only,PR,0.75,0.6503496503496503,0.5962383052345485
Chemistry only,PR,0.7419354838709677,0.647887323943662,0.6010841673774608
Chemistry only,PR,0.7419354838709677,0.6524822695035462,0.6012620127970864
Chemistry only,PR,0.7419354838709677,0.6571428571428571,0.6039044603832749
Chemistry only,PR,0.7419354838709677,0.6618705035971223,0.610070045881188
Chemistry only,PR,0.7419354838709677,0.6666666666666666,0.6203446068734417
Chemistry only,PR,0.7338709677419355,0.6642335766423357,0.6223972101153384
Chemistry only,PR,0.7338709677419355,0.6691176470588235,0.630370769433882
Chemistry only,PR,0.7338709677419355,0.674074074074074,0.6350667604770152
Chemistry only,PR,0.7338709677419355,0.6791044776119403,0.6378034320400401
Chemistry only,PR,0.7338709677419355,0.6842105263157895,0.6491360862870269
Chemistry only,PR,0.7258064516129032,0.6818181818181818,0.6505365019543182
Chemistry only,PR,0.7258064516129032,0.6870229007633588,0.6530111227711481
Chemistry only,PR,0.717741935483871,0.6846153846153846,0.6535923691917445
Chemistry only,PR,0.717741935483871,0.689922480620155,0.6586864159260679
Chemistry only,PR,0.717741935483871,0.6953125,0.6600249309237217
Chemistry only,PR,0.717741935483871,0.7007874015748031,0.6672520693080671
Chemistry only,PR,0.7096774193548387,0.6984126984126984,0.6674613960503806
Chemistry only,PR,0.7016129032258065,0.696,0.6692843808756317
Chemistry only,PR,0.7016129032258065,0.7016129032258065,0.671351834551907
Chemistry only,PR,0.7016129032258065,0.7073170731707317,0.6715353335542377
Chemistry only,PR,0.7016129032258065,0.7131147540983607,0.6724384331869955
Chemistry only,PR,0.7016129032258065,0.71900826446281,0.673103525644468
Chemistry only,PR,0.7016129032258065,0.725,0.6741837485912138
Chemistry only,PR,0.6935483870967742,0.7226890756302521,0.6746167938585809
Chemistry only,PR,0.6935483870967742,0.7288135593220338,0.676496637518989
Chemistry only,PR,0.6854838709677419,0.7264957264957265,0.6783491923054235
Chemistry only,PR,0.6774193548387096,0.7241379310344828,0.6804042548626449
Chemistry only,PR,0.6774193548387096,0.7304347826086957,0.6813515712183795
Chemistry only,PR,0.6774193548387096,0.7368421052631579,0.6891266798711951
Chemistry only,PR,0.6774193548387096,0.7433628318584071,0.6905667752393204
Chemistry only,PR,0.6774193548387096,0.75,0.6908189432812134
Chemistry only,PR,0.6693548387096774,0.7477477477477478,0.6914786442133022
Chemistry only,PR,0.6612903225806451,0.7454545454545455,0.6929038664799725
Chemistry only,PR,0.6532258064516129,0.7431192660550459,0.7059943823372512
Chemistry only,PR,0.6532258064516129,0.75,0.7107941459405013
Chemistry only,PR,0.6532258064516129,0.7570093457943925,0.7122399793964515
Chemistry only,PR,0.6532258064516129,0.7641509433962265,0.7230620010007853
Chemistry only,PR,0.6532258064516129,0.7714285714285715,0.7254653598228631
Chemistry only,PR,0.6532258064516129,0.7788461538461539,0.7273108547780491
Chemistry only,PR,0.6451612903225806,0.7766990291262136,0.7331602789972367
Chemistry only,PR,0.6451612903225806,0.7843137254901961,0.7410102559453674
Chemistry only,PR,0.6451612903225806,0.7920792079207921,0.7484069118497894
Chemistry only,PR,0.6451612903225806,0.8,0.7513481886403306
Chemistry only,PR,0.6370967741935484,0.797979797979798,0.7528642021797223
Chemistry only,PR,0.6290322580645161,0.7959183673469388,0.7551459964304084
Chemistry only,PR,0.6290322580645161,0.8041237113402062,0.7609434890686022
Chemistry only,PR,0.6209677419354839,0.8020833333333334,0.761792335243769
Chemistry only,PR,0.6129032258064516,0.8,0.7623328805284547
Chemistry only,PR,0.6048387096774194,0.7978723404255319,0.7630167515872326
Chemistry only,PR,0.6048387096774194,0.8064516129032258,0.7681019519508133
Chemistry only,PR,0.5967741935483871,0.8043478260869565,0.7716437898494239
Chemistry only,PR,0.5967741935483871,0.8131868131868132,0.7772063725719919
Chemistry only,PR,0.5967741935483871,0.8222222222222222,0.7793626310147236
Chemistry only,PR,0.5967741935483871,0.8314606741573034,0.7797515360287286
Chemistry only,PR,0.5967741935483871,0.8409090909090909,0.7832675548705974
Chemistry only,PR,0.5967741935483871,0.8505747126436781,0.7857336196793171
Chemistry only,PR,0.5887096774193549,0.8488372093023255,0.7922124082967466
Chemistry only,PR,0.5887096774193549,0.8588235294117647,0.7988171987334108
Chemistry only,PR,0.5806451612903226,0.8571428571428571,0.8029215350569965
Chemistry only,PR,0.5725806451612904,0.8554216867469879,0.8069051834605144
Chemistry only,PR,0.5645161290322581,0.8536585365853658,0.8138140020066936
Chemistry only,PR,0.5645161290322581,0.8641975308641975,0.8153835820156385
Chemistry only,PR,0.5564516129032258,0.8625,0.8185376329446473
Chemistry only,PR,0.5483870967741935,0.8607594936708861,0.826236178236286
Chemistry only,PR,0.5403225806451613,0.8589743589743589,0.8268549964720469
Chemistry only,PR,0.532258064516129,0.8571428571428571,0.8277204962988063
Chemistry only,PR,0.5241935483870968,0.8552631578947368,0.8319950267463594
Chemistry only,PR,0.5161290322580645,0.8533333333333334,0.8327713566709233
Chemistry only,PR,0.5080645161290323,0.8513513513513513,0.8330265226199992
Chemistry only,PR,0.5,0.8493150684931506,0.8407903626177731
Chemistry only,PR,0.4919354838709677,0.8472222222222222,0.8408810765791541
Chemistry only,PR,0.4838709677419355,0.8450704225352113,0.8411233130602526
Chemistry only,PR,0.4758064516129032,0.8428571428571429,0.8460206649733468
Chemistry only,PR,0.4677419354838709,0.8405797101449275,0.8505872227623541
Chemistry only,PR,0.4596774193548387,0.8382352941176471,0.8561049084494052
Chemistry only,PR,0.4516129032258064,0.835820895522388,0.8568336264503168
Chemistry only,PR,0.4435483870967742,0.8333333333333334,0.8584950589206164
Chemistry only,PR,0.4435483870967742,0.8461538461538461,0.8613416937872497
Chemistry only,PR,0.4354838709677419,0.84375,0.8620681651930115
Chemistry only,PR,0.4354838709677419,0.8571428571428571,0.8628528454159785
Chemistry only,PR,0.4274193548387097,0.8548387096774194,0.8706099170908653
Chemistry only,PR,0.4193548387096774,0.8524590163934426,0.8715106890434369
Chemistry only,PR,0.4193548387096774,0.8666666666666667,0.8752972615621051
Chemistry only,PR,0.4112903225806452,0.864406779661017,0.8759365304632365
Chemistry only,PR,0.4032258064516129,0.8620689655172413,0.8791923384636352
Chemistry only,PR,0.3951612903225806,0.8596491228070176,0.8810766063636022
Chemistry only,PR,0.3870967741935484,0.8571428571428571,0.8841634939890465
Chemistry only,PR,0.3790322580645161,0.8545454545454545,0.8887494919654376
Chemistry only,PR,0.3709677419354839,0.8518518518518519,0.894828556431907
Chemistry only,PR,0.3629032258064516,0.8490566037735849,0.8953020971302821
Chemistry only,PR,0.3548387096774194,0.8461538461538461,0.8961995292030798
Chemistry only,PR,0.3467741935483871,0.8431372549019608,0.8989650738572439
Chemistry only,PR,0.3387096774193548,0.84,0.8998157023799994
Chemistry only,PR,0.3306451612903226,0.8367346938775511,0.9009534280834958
Chemistry only,PR,0.3225806451612903,0.8333333333333334,0.904349422633556
Chemistry only,PR,0.3145161290322581,0.8297872340425532,0.9077455432160997
Chemistry only,PR,0.3064516129032258,0.8260869565217391,0.9086906501503029
Chemistry only,PR,0.2983870967741936,0.8222222222222222,0.9099651529365198
Chemistry only,PR,0.2903225806451613,0.8181818181818182,0.9102472043601285
Chemistry only,PR,0.2822580645161291,0.813953488372093,0.9145464509507665
Chemistry only,PR,0.2741935483870968,0.8095238095238095,0.9163603570846596
Chemistry only,PR,0.2661290322580645,0.8048780487804879,0.9186284096993514
Chemistry only,PR,0.2580645161290323,0.8,0.9205434076100734
Chemistry only,PR,0.25,0.7948717948717948,0.9220279044871934
Chemistry only,PR,0.2419354838709677,0.7894736842105263,0.9255321230297607
Chemistry only,PR,0.2338709677419355,0.7837837837837838,0.9267325201829102
Chemistry only,PR,0.2258064516129032,0.7777777777777778,0.926861475084094
Chemistry only,PR,0.217741935483871,0.7714285714285715,0.9272611133132029
Chemistry only,PR,0.2096774193548387,0.7647058823529411,0.9333123231844745
Chemistry only,PR,0.2016129032258064,0.7575757575757576,0.9392343290048116
Chemistry only,PR,0.1935483870967742,0.75,0.9403607408543683
Chemistry only,PR,0.1854838709677419,0.7419354838709677,0.940798663826992
Chemistry only,PR,0.1854838709677419,0.7666666666666667,0.954644248084254
Chemistry only,PR,0.1774193548387097,0.7586206896551724,0.9550836832677438
Chemistry only,PR,0.1693548387096774,0.75,0.9555440186726522
Chemistry only,PR,0.1612903225806452,0.7407407407407407,0.9601070689485285
Chemistry only,PR,0.1612903225806452,0.7692307692307693,0.9601411722140281
Chemistry only,PR,0.1532258064516129,0.76,0.9609666912878363
Chemistry only,PR,0.1451612903225807,0.75,0.9629247838188615
Chemistry only,PR,0.1451612903225807,0.782608695652174,0.9634979525897821
Chemistry only,PR,0.1370967741935484,0.7727272727272727,0.9658642499240367
Chemistry only,PR,0.1290322580645161,0.7619047619047619,0.9676488765154316
Chemistry only,PR,0.1209677419354839,0.75,0.9685469715388445
Chemistry only,PR,0.1129032258064516,0.7368421052631579,0.9745173710665275
Chemistry only,PR,0.1048387096774194,0.7222222222222222,0.9745268113811983
Chemistry only,PR,0.0967741935483871,0.7058823529411765,0.9754480780986535
Chemistry only,PR,0.08870967741935484,0.6875,0.9765088105406148
Chemistry only,PR,0.08064516129032258,0.6666666666666666,0.9766150777927134
Chemistry only,PR,0.08064516129032258,0.7142857142857143,0.9779380813948199
Chemistry only,PR,0.07258064516129033,0.6923076923076923,0.9780926820493824
Chemistry only,PR,0.06451612903225806,0.6666666666666666,0.9798016174803407
Chemistry only,PR,0.0564516129032258,0.6363636363636364,0.9815283094000851
Chemistry only,PR,0.04838709677419355,0.6,0.9853110273143267
Chemistry only,PR,0.04032258064516129,0.5555555555555556,0.9855328631088566
Chemistry only,PR,0.03225806451612903,0.5,0.987945202639511
Chemistry only,PR,0.03225806451612903,0.5714285714285714,0.9886946814522176
Chemistry only,PR,0.02419354838709677,0.5,0.9917656774167013
Chemistry only,PR,0.01612903225806452,0.4,0.998046635969255
Chemistry only,PR,0.008064516129032258,0.25,0.9987487056977857
Chemistry only,PR,0.0,0.0,0.9996808663901808
Chemistry only,PR,0.0,0.0,0.9999977316990183
Chemistry only,PR,0.0,0.0,0.999997753595785
Chemistry only,PR,0.0,1.0,
Combined,ROC,0.0,0.0,inf
Combined,ROC,0.002710027100271003,0.0,0.9999994719835622
Combined,ROC,0.005420054200542005,0.0,0.9997990507284752
Combined,ROC,0.005420054200542005,0.01612903225806452,0.9995099035941015
Combined,ROC,0.01084010840108401,0.01612903225806452,0.9987289197151163
Combined,ROC,0.01084010840108401,0.1935483870967742,0.9790904300910802
Combined,ROC,0.01355013550135501,0.1935483870967742,0.9789030480439367
Combined,ROC,0.01355013550135501,0.2741935483870968,0.970138517462388
Combined,ROC,0.01897018970189702,0.2741935483870968,0.9658342689244507
Combined,ROC,0.01897018970189702,0.2822580645161291,0.9627473729504247
Combined,ROC,0.02168021680216802,0.2822580645161291,0.962354208459264
Combined,ROC,0.02168021680216802,0.3790322580645161,0.9443754631427201
Combined,ROC,0.02439024390243903,0.3790322580645161,0.9436809014548524
Combined,ROC,0.02439024390243903,0.4193548387096774,0.9324434518093676
Combined,ROC,0.02710027100271003,0.4193548387096774,0.9321374049049523
Combined,ROC,0.02710027100271003,0.4354838709677419,0.9291516361447199
Combined,ROC,0.02981029810298103,0.4354838709677419,0.9281910475031618
Combined,ROC,0.02981029810298103,0.4596774193548387,0.9248631953688793
Combined,ROC,0.03252032520325204,0.4596774193548387,0.9232745592997278
Combined,ROC,0.03252032520325204,0.5403225806451613,0.9073666173281001
Combined,ROC,0.03523035230352303,0.5403225806451613,0.9061106395542251
Combined,ROC,0.03523035230352303,0.5806451612903226,0.8816662965518612
Combined,ROC,0.03794037940379404,0.5806451612903226,0.8809034441463536
Combined,ROC,0.03794037940379404,0.5967741935483871,0.8789700694227792
Combined,ROC,0.04065040650406504,0.5967741935483871,0.8769118078661252
Combined,ROC,0.04065040650406504,0.6048387096774194,0.8763730977256455
Combined,ROC,0.04607046070460705,0.6048387096774194,0.8737336224383103
Combined,ROC,0.04607046070460705,0.6451612903225806,0.828645146749284
Combined,ROC,0.05149051490514905,0.6451612903225806,0.8160343566250485
Combined,ROC,0.05149051490514905,0.6935483870967742,0.7809240087074395
Combined,ROC,0.05420054200542006,0.6935483870967742,0.7807332404700862
Combined,ROC,0.05420054200542006,0.7419354838709677,0.7422689891807298
Combined,ROC,0.06233062330623306,0.7419354838709677,0.725301419226001
Combined,ROC,0.06233062330623306,0.75,0.722166699400336
Combined,ROC,0.06775067750677506,0.75,0.716154413703065
Combined,ROC,0.06775067750677506,0.7741935483870968,0.7036753752066113
Combined,ROC,0.07859078590785908,0.7741935483870968,0.6765445198703895
Combined,ROC,0.07859078590785908,0.782258064516129,0.6754387092671941
Combined,ROC,0.08943089430894309,0.782258064516129,0.6597605899433846
Combined,ROC,0.08943089430894309,0.7903225806451613,0.6549952357931362
Combined,ROC,0.0975609756097561,0.7903225806451613,0.6475421136583356
Combined,ROC,0.0975609756097561,0.8064516129032258,0.6444612867950283
Combined,ROC,0.1002710027100271,0.8064516129032258,0.6297721507694782
Combined,ROC,0.1002710027100271,0.8306451612903226,0.6197095646632576
Combined,ROC,0.1084010840108401,0.8306451612903226,0.6072044345034783
Combined,ROC,0.1084010840108401,0.8387096774193549,0.6054594022333871
Combined,ROC,0.1165311653116531,0.8387096774193549,0.6020609997266795
Combined,ROC,0.1165311653116531,0.8467741935483871,0.5992614281146318
Combined,ROC,0.1327913279132791,0.8467741935483871,0.532868608106779
Combined,ROC,0.1327913279132791,0.8548387096774194,0.5173464166241215
Combined,ROC,0.1436314363143631,0.8548387096774194,0.4900957975446551
Combined,ROC,0.1436314363143631,0.8629032258064516,0.4883454268578781
Combined,ROC,0.1490514905149052,0.8629032258064516,0.4682203380999171
Combined,ROC,0.1490514905149052,0.8709677419354839,0.4577377566807129
Combined,ROC,0.1598915989159892,0.8709677419354839,0.4480459666212387
Combined,ROC,0.1598915989159892,0.8790322580645161,0.4444529721804006
Combined,ROC,0.1626016260162602,0.8790322580645161,0.4433568550404725
Combined,ROC,0.1626016260162602,0.8951612903225806,0.4338971879475989
Combined,ROC,0.1653116531165312,0.8951612903225806,0.429283434022976
Combined,ROC,0.1653116531165312,0.9032258064516129,0.424429956532429
Combined,ROC,0.1734417344173442,0.9032258064516129,0.4139563820869754
Combined,ROC,0.1734417344173442,0.9112903225806451,0.4080616609710681
Combined,ROC,0.2547425474254743,0.9112903225806451,0.2681187923798835
Combined,ROC,0.2547425474254743,0.9193548387096774,0.2655420506769365
Combined,ROC,0.2655826558265583,0.9193548387096774,0.2597280081581796
Combined,ROC,0.2655826558265583,0.9274193548387096,0.2591303518735077
Combined,ROC,0.2791327913279133,0.9274193548387096,0.2402208783022735
Combined,ROC,0.2791327913279133,0.9354838709677419,0.2401898748904706
Combined,ROC,0.4010840108401084,0.9354838709677419,0.1367720772606333
Combined,ROC,0.4010840108401084,0.9435483870967742,0.1333395931805468
Combined,ROC,0.4119241192411924,0.9435483870967742,0.1109456412436269
Combined,ROC,0.4119241192411924,0.9516129032258065,0.107087448969139
Combined,ROC,0.4254742547425474,0.9516129032258065,0.100090262957742
Combined,ROC,0.4254742547425474,0.9596774193548387,0.09839413260555212
Combined,ROC,0.4417344173441735,0.9596774193548387,0.09422724055726732
Combined,ROC,0.4417344173441735,0.967741935483871,0.09311571200124918
Combined,ROC,0.4471544715447154,0.967741935483871,0.09031665813379715
Combined,ROC,0.4471544715447154,0.9838709677419355,0.08660842550717786
Combined,ROC,0.4959349593495935,0.9838709677419355,0.06619820352573554
Combined,ROC,0.4959349593495935,0.9919354838709677,0.06434850002227326
Combined,ROC,0.994579945799458,0.9919354838709677,1.06215955768267e-05
Combined,ROC,0.994579945799458,1.0,5.513032086795133e-06
Combined,ROC,1.0,1.0,2.933805324616608e-07
Combined,PR,1.0,0.2515212981744422,2.933805324616608e-07
Combined,PR,1.0,0.2520325203252032,1.55087351096989e-06
Combined,PR,1.0,0.2525458248472505,5.513032086795133e-06
Combined,PR,0.9919354838709677,0.2510204081632653,1.06215955768267e-05
Combined,PR,0.9919354838709677,0.2515337423312883,1.672395362366325e-05
Combined,PR,0.9919354838709677,0.2520491803278688,1.78784563363161e-05
Combined,PR,0.9919354838709677,0.2525667351129364,1.968222350929461e-05
Combined,PR,0.9919354838709677,0.2530864197530864,2.497913337827727e-05
Combined,PR,0.9919354838709677,0.2536082474226804,3.943373245888252e-05
Combined,PR,0.9919354838709677,0.2541322314049587,5.224187647961568e-05
Combined,PR,0.9919354838709677,0.2546583850931677,5.738151035786964e-05
Combined,PR,0.9919354838709677,0.2551867219917012,6.62004655756435e-05
Combined,PR,0.9919354838709677,0.2557172557172557,8.8532062449884e-05
Combined,PR,0.9919354838709677,0.25625,9.695407345951841e-05
Combined,PR,0.9919354838709677,0.2567849686847599,0.0001065598274313775
Combined,PR,0.9919354838709677,0.2573221757322176,0.0001181142633979066
Combined,PR,0.9919354838709677,0.2578616352201258,0.0001247282128328058
Combined,PR,0.9919354838709677,0.2584033613445378,0.0001487099004605159
Combined,PR,0.9919354838709677,0.2589473684210526,0.000180968395607269
Combined,PR,0.9919354838709677,0.2594936708860759,0.0001846998576995607
Combined,PR,0.9919354838709677,0.2600422832980973,0.0001918909965789049
Combined,PR,0.9919354838709677,0.2605932203389831,0.0001941996218785343
Combined,PR,0.9919354838709677,0.2611464968152866,0.0001945558388894152
Combined,PR,0.9919354838709677,0.2617021276595745,0.0002949300830197305
Combined,PR,0.9919354838709677,0.2622601279317697,0.0003660383646822004
Combined,PR,0.9919354838709677,0.2628205128205128,0.000448053851491985
Combined,PR,0.9919354838709677,0.2633832976445396,0.0004831577415029432
Combined,PR,0.9919354838709677,0.2639484978540773,0.0004923171962235783
Combined,PR,0.9919354838709677,0.2645161290322581,0.0005685785672557551
Combined,PR,0.9919354838709677,0.2650862068965517,0.0006089376664575594
Combined,PR,0.9919354838709677,0.265658747300216,0.000680524539199611
Combined,PR,0.9919354838709677,0.2662337662337662,0.0007043660764202975
Combined,PR,0.9919354838709677,0.2668112798264642,0.0007243785520643864
Combined,PR,0.9919354838709677,0.2673913043478261,0.0007444536242316429
Combined,PR,0.9919354838709677,0.2679738562091503,0.0007478800416420894
Combined,PR,0.9919354838709677,0.2685589519650655,0.0007767922923125767
Combined,PR,0.9919354838709677,0.2691466083150985,0.000820050347127285
Combined,PR,0.9919354838709677,0.2697368421052632,0.0008336168596402502
Combined,PR,0.9919354838709677,0.2703296703296703,0.0008374016343450562
Combined,PR,0.9919354838709677,0.2709251101321586,0.0009930399426551842
Combined,PR,0.9919354838709677,0.271523178807947,0.001204240809827154
Combined,PR,0.9919354838709677,0.2721238938053097,0.00124620224856609
Combined,PR,0.9919354838709677,0.2727272727272727,0.001249503628389065
Combined,PR,0.9919354838709677,0.2733333333333333,0.001309868332134508
Combined,PR,0.9919354838709677,0.2739420935412027,0.001313680207275856
Combined,PR,0.9919354838709677,0.2745535714285715,0.001334436930004341
Combined,PR,0.9919354838709677,0.2751677852348993,0.001467616365665378
Combined,PR,0.9919354838709677,0.2757847533632287,0.001483023792200332
Combined,PR,0.9919354838709677,0.2764044943820225,0.001522021421369691
Combined,PR,0.9919354838709677,0.277027027027027,0.001541330326045876
Combined,PR,0.9919354838709677,0.2776523702031602,0.001542206827874136
Combined,PR,0.9919354838709677,0.2782805429864253,0.001574640789432789
Combined,PR,0.9919354838709677,0.2789115646258503,0.001691483562250119
Combined,PR,0.9919354838709677,0.2795454545454545,0.001712432871103286
Combined,PR,0.9919354838709677,0.2801822323462415,0.00179091447548237
Combined,PR,0.9919354838709677,0.2808219178082192,0.001895548785983101
Combined,PR,0.9919354838709677,0.2814645308924485,0.001936958088330559
Combined,PR,0.9919354838709677,0.2821100917431192,0.001945063874178006
Combined,PR,0.9919354838709677,0.2827586206896552,0.00208820015400185
Combined,PR,0.9919354838709677,0.2834101382488479,0.002259833729426894
Combined,PR,0.9919354838709677,0.2840646651270208,0.002373524694840295
Combined,PR,0.9919354838709677,0.2847222222222222,0.002525657708214749
Combined,PR,0.9919354838709677,0.2853828306264501,0.002542198626113605
Combined,PR,0.9919354838709677,0.286046511627907,0.00257953339093912
Combined,PR,0.9919354838709677,0.2867132867132867,0.002893258477933705
Combined,PR,0.9919354838709677,0.2873831775700935,0.002968739589765139
Combined,PR,0.9919354838709677,0.288056206088993,0.003191374478760821
Combined,PR,0.9919354838709677,0.2887323943661972,0.003293935617991422
Combined,PR,0.9919354838709677,0.2894117647058824,0.003337698926687183
Combined,PR,0.9919354838709677,0.2900943396226415,0.003355730005919961
Combined,PR,0.9919354838709677,0.2907801418439716,0.003506309008744596
Combined,PR,0.9919354838709677,0.2914691943127962,0.00359278818308613
Combined,PR,0.9919354838709677,0.2921615201900237,0.003603339274459654
Combined,PR,0.9919354838709677,0.2928571428571429,0.003610300511995376
Combined,PR,0.9919354838709677,0.2935560859188544,0.003745426474076098
Combined,PR,0.9919354838709677,0.2942583732057416,0.003961445391904624
Combined,PR,0.9919354838709677,0.2949640287769784,0.003988954944915373
Combined,PR,0.9919354838709677,0.2956730769230769,0.004380919169213717
Combined,PR,0.9919354838709677,0.2963855421686747,0.004445468152359758
Combined,PR,0.9919354838709677,0.2971014492753623,0.004508329992832122
Combined,PR,0.9919354838709677,0.2978208232445521,0.004630477897926457
Combined,PR,0.9919354838709677,0.2985436893203883,0.005012471494152515
Combined,PR,0.9919354838709677,0.2992700729927008,0.005315846852715383
Combined,PR,0.9919354838709677,0.3,0.00539978933149632
Combined,PR,0.9919354838709677,0.3007334963325183,0.005604090424875742
Combined,PR,0.9919354838709677,0.3014705882352941,0.005841524938606101
Combined,PR,0.9919354838709677,0.3022113022113022,0.005922324241694974
Combined,PR,0.9919354838709677,0.3029556650246306,0.006084162232631192
Combined,PR,0.9919354838709677,0.3037037037037037,0.006444061201418483
Combined,PR,0.9919354838709677,0.3044554455445544,0.006935250037723001
Combined,PR,0.9919354838709677,0.3052109181141439,0.007027774246614742
Combined,PR,0.9919354838709677,0.3059701492537313,0.007028352824419578
Combined,PR,0.9919354838709677,0.3067331670822943,0.007126041158507112
Combined,PR,0.9919354838709677,0.3075,0.007354421131975805
Combined,PR,0.9919354838709677,0.3082706766917293,0.007413019012557654
Combined,PR,0.9919354838709677,0.3090452261306533,0.008012666415787474
Combined,PR,0.9919354838709677,0.309823677581864,0.008058628937578985
Combined,PR,0.9919354838709677,0.3106060606060606,0.008673023647121894
Combined,PR,0.9919354838709677,0.3113924050632911,0.008811375466341113
Combined,PR,0.9919354838709677,0.3121827411167513,0.01001071876038559
Combined,PR,0.9919354838709677,0.3129770992366412,0.01076092769998064
Combined,PR,0.9919354838709677,0.3137755102040816,0.01085987383068665
Combined,PR,0.9919354838709677,0.3145780051150895,0.010885754868353
Combined,PR,0.9919354838709677,0.3153846153846154,0.01091663240440875
Combined,PR,0.9919354838709677,0.3161953727506427,0.0113357535109964
Combined,PR,0.9919354838709677,0.3170103092783505,0.01251544794032974
Combined,PR,0.9919354838709677,0.3178294573643411,0.01309421698528204
Combined,PR,0.9919354838709677,0.3186528497409327,0.01312078795673478
Combined,PR,0.9919354838709677,0.3194805194805195,0.01389458885326235
Combined,PR,0.9919354838709677,0.3203125,0.01438903848844369
Combined,PR,0.9919354838709677,0.3211488250652741,0.01494457463275448
Combined,PR,0.9919354838709677,0.3219895287958115,0.01524177651074292
Combined,PR,0.9919354838709677,0.3228346456692913,0.01560884962936182
Combined,PR,0.9919354838709677,0.3236842105263158,0.0167126776618518
Combined,PR,0.9919354838709677,0.3245382585751979,0.01725816017454853
Combined,PR,0.9919354838709677,0.3253968253968254,0.01788109426678535
Combined,PR,0.9919354838709677,0.3262599469496021,0.01805042252940781
Combined,PR,0.9919354838709677,0.3271276595744681,0.01874408783628479
Combined,PR,0.9919354838709677,0.328,0.01888619205568914
Combined,PR,0.9919354838709677,0.3288770053475936,0.02021296612648411
Combined,PR,0.9919354838709677,0.3297587131367292,0.0204850880720911
Combined,PR,0.9919354838709677,0.3306451612903226,0.02054473223062304
Combined,PR,0.9919354838709677,0.3315363881401617,0.02117365332307379
Combined,PR,0.9919354838709677,0.3324324324324324,0.02123299118759895
Combined,PR,0.9919354838709677,0.3333333333333333,0.0212439369298858
Combined,PR,0.9919354838709677,0.3342391304347826,0.02133639054557341
Combined,PR,0.9919354838709677,0.335149863760218,0.02151405548391747
Combined,PR,0.9919354838709677,0.3360655737704918,0.02451716451030236
Combined,PR,0.9919354838709677,0.336986301369863,0.02659058206339248
Combined,PR,0.9919354838709677,0.3379120879120879,0.02750103253937011
Combined,PR,0.9919354838709677,0.3388429752066116,0.02786885538201039
Combined,PR,0.9919354838709677,0.3397790055248619,0.02824711703505771
Combined,PR,0.9919354838709677,0.3407202216066482,0.02889650297453849
Combined,PR,0.9919354838709677,0.3416666666666667,0.02918943980431939
Combined,PR,0.9919354838709677,0.3426183844011142,0.02995044704286626
Combined,PR,0.9919354838709677,0.3435754189944134,0.03008398251025565
Combined,PR,0.9919354838709677,0.3445378151260504,0.03072463988735143
Combined,PR,0.9919354838709677,0.3455056179775281,0.03198502850887869
Combined,PR,0.9919354838709677,0.3464788732394366,0.03215481504204591
Combined,PR,0.9919354838709677,0.3474576271186441,0.03247111471441582
Combined,PR,0.9919354838709677,0.3484419263456091,0.03285782025081061
Combined,PR,0.9919354838709677,0.3494318181818182,0.03298979694889317
Combined,PR,0.9919354838709677,0.3504273504273504,0.03310320218656486
Combined,PR,0.9919354838709677,0.3514285714285714,0.03343686247267042
Combined,PR,0.9919354838709677,0.3524355300859599,0.03410695101690368
Combined,PR,0.9919354838709677,0.353448275862069,0.03424285925069011
Combined,PR,0.9919354838709677,0.3544668587896254,0.03430696264861152
Combined,PR,0.9919354838709677,0.3554913294797688,0.03482559348541054
Combined,PR,0.9919354838709677,0.3565217391304348,0.03581227835965069
Combined,PR,0.9919354838709677,0.3575581395348837,0.03650317879695922
Combined,PR,0.9919354838709677,0.358600583090379,0.03682138636727115
Combined,PR,0.9919354838709677,0.3596491228070176,0.0371281185960643
Combined,PR,0.9919354838709677,0.3607038123167156,0.03736088532352208
Combined,PR,0.9919354838709677,0.3617647058823529,0.03941161829820041
Combined,PR,0.9919354838709677,0.3628318584070797,0.03994676790719313
Combined,PR,0.9919354838709677,0.363905325443787,0.04092630953087091
Combined,PR,0.9919354838709677,0.3649851632047478,0.04127732278111501
Combined,PR,0.9919354838709677,0.3660714285714285,0.04184090303849528
Combined,PR,0.9919354838709677,0.3671641791044776,0.04286304199428181
Combined,PR,0.9919354838709677,0.3682634730538922,0.04338344754948628
Combined,PR,0.9919354838709677,0.3693693693693694,0.04551243607932278
Combined,PR,0.9919354838709677,0.3704819277108434,0.04556377084751408
Combined,PR,0.9919354838709677,0.3716012084592145,0.04662674343871296
Combined,PR,0.9919354838709677,0.3727272727272727,0.04679695543125256
Combined,PR,0.9919354838709677,0.3738601823708207,0.04681999232464306
Combined,PR,0.9919354838709677,0.375,0.04780828070432637
Combined,PR,0.9919354838709677,0.3761467889908257,0.04833043054867307
Combined,PR,0.9919354838709677,0.3773006134969325,0.05036675778254418
Combined,PR,0.9919354838709677,0.3784615384615385,0.05197111864905472
Combined,PR,0.9919354838709677,0.3796296296296297,0.05201695015984358
Combined,PR,0.9919354838709677,0.3808049535603715,0.05390398039746586
Combined,PR,0.9919354838709677,0.3819875776397516,0.05433936137383331
Combined,PR,0.9919354838709677,0.3831775700934579,0.05457683374708585
Combined,PR,0.9919354838709677,0.384375,0.05485310785912307
Combined,PR,0.9919354838709677,0.3855799373040752,0.0551063463834603
Combined,PR,0.9919354838709677,0.3867924528301887,0.05520899849035533
Combined,PR,0.9919354838709677,0.3880126182965299,0.0561880740410796
Combined,PR,0.9919354838709677,0.3892405063291139,0.05663566402649294
Combined,PR,0.9919354838709677,0.3904761904761905,0.05701598939637312
Combined,PR,0.9919354838709677,0.39171974522293,0.05706968385978672
Combined,PR,0.9919354838709677,0.3929712460063898,0.05823422047356975
Combined,PR,0.9919354838709677,0.3942307692307692,0.0582710360217162
Combined,PR,0.9919354838709677,0.3954983922829582,0.05840392926597013
Combined,PR,0.9919354838709677,0.3967741935483871,0.05853647660510307
Combined,PR,0.9919354838709677,0.3980582524271845,0.06211641869343867
Combined,PR,0.9919354838709677,0.3993506493506493,0.0625920368711227
Combined,PR,0.9919354838709677,0.4006514657980456,0.06363811902673304
Combined,PR,0.9919354838709677,0.4019607843137255,0.06434850002227326
Combined,PR,0.9838709677419355,0.4,0.06619820352573554
Combined,PR,0.9838709677419355,0.4013157894736842,0.06905080281815361
Combined,PR,0.9838709677419355,0.4026402640264026,0.06970462205687729
Combined,PR,0.9838709677419355,0.4039735099337748,0.07075210329111628
Combined,PR,0.9838709677419355,0.4053156146179402,0.07105418884129606
Combined,PR,0.9838709677419355,0.4066666666666667,0.07116613685858192
Combined,PR,0.9838709677419355,0.4080267558528428,0.07126817791667979
Combined,PR,0.9838709677419355,0.4093959731543624,0.07470494075969374
Combined,PR,0.9838709677419355,0.4107744107744108,0.07703646062225714
Combined,PR,0.9838709677419355,0.4121621621621622,0.07721824398414412
Combined,PR,0.9838709677419355,0.4135593220338983,0.07795303544495294
Combined,PR,0.9838709677419355,0.4149659863945578,0.07849884510598028
Combined,PR,0.9838709677419355,0.4163822525597269,0.07896760719047813
Combined,PR,0.9838709677419355,0.4178082191780822,0.07903163781298594
Combined,PR,0.9838709677419355,0.4192439862542955,0.07998697953131556
Combined,PR,0.9838709677419355,0.4206896551724138,0.08140450921644699
Combined,PR,0.9838709677419355,0.4221453287197232,0.08218571357043292
Combined,PR,0.9838709677419355,0.4236111111111111,0.08315509318677215
Combined,PR,0.9838709677419355,0.4250871080139373,0.08660842550717786
Combined,PR,0.9758064516129032,0.4230769230769231,0.08736740156951062
Combined,PR,0.967741935483871,0.4210526315789473,0.09031665813379715
Combined,PR,0.967741935483871,0.4225352112676056,0.09289451727719543
Combined,PR,0.967741935483871,0.4240282685512368,0.09311571200124918
Combined,PR,0.9596774193548387,0.4219858156028369,0.09422724055726732
Combined,PR,0.9596774193548387,0.4234875444839858,0.09432741271831832
Combined,PR,0.9596774193548387,0.425,0.09493111196688392
Combined,PR,0.9596774193548387,0.4265232974910394,0.0950071790360627
Combined,PR,0.9596774193548387,0.4280575539568345,0.09530491407904344
Combined,PR,0.9596774193548387,0.4296028880866426,0.09535339425101698
Combined,PR,0.9596774193548387,0.4311594202898551,0.09839413260555212
Combined,PR,0.9516129032258065,0.4290909090909091,0.100090262957742
Combined,PR,0.9516129032258065,0.4306569343065693,0.1003020883626103
Combined,PR,0.9516129032258065,0.4322344322344323,0.1004104247429506
Combined,PR,0.9516129032258065,0.4338235294117647,0.1025219778001973
Combined,PR,0.9516129032258065,0.4354243542435424,0.1067752812803994
Combined,PR,0.9516129032258065,0.4370370370370371,0.107087448969139
Combined,PR,0.9435483870967742,0.4349442379182156,0.1109456412436269
Combined,PR,0.9435483870967742,0.4365671641791045,0.1246373801307347
Combined,PR,0.9435483870967742,0.4382022471910113,0.1303773078584771
Combined,PR,0.9435483870967742,0.4398496240601504,0.1306222118022246
Combined,PR,0.9435483870967742,0.4415094339622642,0.1333395931805468
Combined,PR,0.9354838709677419,0.4393939393939394,0.1367720772606333
Combined,PR,0.9354838709677419,0.44106463878327,0.1400416529773104
Combined,PR,0.9354838709677419,0.4427480916030535,0.1483140102596559
Combined,PR,0.9354838709677419,0.4444444444444444,0.1504001644088613
Combined,PR,0.9354838709677419,0.4461538461538462,0.1504349671195553
Combined,PR,0.9354838709677419,0.4478764478764479,0.1509811135805963
Combined,PR,0.9354838709677419,0.4496124031007752,0.1530695365782871
Combined,PR,0.9354838709677419,0.4513618677042802,0.1589681014155347
Combined,PR,0.9354838709677419,0.453125,0.159672435773102
Combined,PR,0.9354838709677419,0.4549019607843137,0.1600675999601652
Combined,PR,0.9354838709677419,0.4566929133858268,0.1629706633282829
Combined,PR,0.9354838709677419,0.458498023715415,0.1633798971884852
Combined,PR,0.9354838709677419,0.4603174603174603,0.1650926730736026
Combined,PR,0.9354838709677419,0.4621513944223107,0.165132858378582
Combined,PR,0.9354838709677419,0.464,0.167030890462972
Combined,PR,0.9354838709677419,0.4658634538152611,0.1681621328001067
Combined,PR,0.9354838709677419,0.4677419354838709,0.1694082840085877
Combined,PR,0.9354838709677419,0.4696356275303644,0.1743348362935506
Combined,PR,0.9354838709677419,0.4715447154471545,0.174924745368435
Combined,PR,0.9354838709677419,0.4734693877551021,0.1751186993961456
Combined,PR,0.9354838709677419,0.4754098360655737,0.1755378415437762
Combined,PR,0.9354838709677419,0.4773662551440329,0.1787403776250547
Combined,PR,0.9354838709677419,0.4793388429752066,0.180783732293746
Combined,PR,0.9354838709677419,0.4813278008298755,0.1814330246319428
Combined,PR,0.9354838709677419,0.4833333333333333,0.1830393492269759
Combined,PR,0.9354838709677419,0.4853556485355648,0.1847180412573282
Combined,PR,0.9354838709677419,0.4873949579831933,0.1913252836872956
Combined,PR,0.9354838709677419,0.489451476793249,0.1927863236731399
Combined,PR,0.9354838709677419,0.4915254237288136,0.1954194511219833
Combined,PR,0.9354838709677419,0.4936170212765957,0.2009554386628977
Combined,PR,0.9354838709677419,0.4957264957264957,0.2014505517737363
Combined,PR,0.9354838709677419,0.4978540772532189,0.2056380526931514
Combined,PR,0.9354838709677419,0.5,0.2061951227149064
Combined,PR,0.9354838709677419,0.5021645021645021,0.2090344069504276
Combined,PR,0.9354838709677419,0.5043478260869565,0.2095288764211004
Combined,PR,0.9354838709677419,0.5065502183406113,0.2129147972437822
Combined,PR,0.9354838709677419,0.5087719298245614,0.2181967621276858
Combined,PR,0.9354838709677419,0.5110132158590308,0.2186140179350581
Combined,PR,0.9354838709677419,0.5132743362831859,0.2205282665506179
Combined,PR,0.9354838709677419,0.5155555555555555,0.2248666066800445
Combined,PR,0.9354838709677419,0.5178571428571429,0.2252153639924852
Combined,PR,0.9354838709677419,0.5201793721973094,0.2254282366881523
Combined,PR,0.9354838709677419,0.5225225225225225,0.2337271629242298
Combined,PR,0.9354838709677419,0.5248868778280543,0.2346657453240865
Combined,PR,0.9354838709677419,0.5272727272727272,0.2396062976210244
Combined,PR,0.9354838709677419,0.5296803652968036,0.2401898748904706
Combined,PR,0.9274193548387096,0.5275229357798165,0.2402208783022735
Combined,PR,0.9274193548387096,0.5299539170506913,0.2405252269842458
Combined,PR,0.9274193548387096,0.5324074074074074,0.24896008617193
Combined,PR,0.9274193548387096,0.5348837209302325,0.250403463695022
Combined,PR,0.9274193548387096,0.5373831775700935,0.2545991186920381
Combined,PR,0.9274193548387096,0.539906103286385,0.2591303518735077
Combined,PR,0.9193548387096774,0.5377358490566038,0.2597280081581796
Combined,PR,0.9193548387096774,0.5402843601895735,0.2630153339822031
Combined,PR,0.9193548387096774,0.5428571428571428,0.2637924927328205
Combined,PR,0.9193548387096774,0.5454545454545454,0.2653611858682267
Combined,PR,0.9193548387096774,0.5480769230769231,0.2655420506769365
Combined,PR,0.9112903225806451,0.5458937198067633,0.2681187923798835
Combined,PR,0.9112903225806451,0.5485436893203883,0.2709970261434612
Combined,PR,0.9112903225806451,0.551219512195122,0.2719998043661889
Combined,PR,0.9112903225806451,0.553921568627451,0.2730233650658513
Combined,PR,0.9112903225806451,0.5566502463054187,0.2745349411846635
Combined,PR,0.9112903225806451,0.5594059405940595,0.2765784715311751
Combined,PR,0.9112903225806451,0.5621890547263682,0.2790395191518769
Combined,PR,0.9112903225806451,0.565,0.2840486374357585
Combined,PR,0.9112903225806451,0.5678391959798995,0.2850374367163712
Combined,PR,0.9112903225806451,0.5707070707070707,0.2940192363687806
Combined,PR,0.9112903225806451,0.5736040609137056,0.2973164994811279
Combined,PR,0.9112903225806451,0.576530612244898,0.3001600202113975
Combined,PR,0.9112903225806451,0.5794871794871795,0.3137269599302949
Combined,PR,0.9112903225806451,0.5824742268041238,0.3189843014474782
Combined,PR,0.9112903225806451,0.5854922279792746,0.3260424541246429
Combined,PR,0.9112903225806451,0.5885416666666666,0.3274473712526934
Combined,PR,0.9112903225806451,0.5916230366492147,0.3328320827747088
Combined,PR,0.9112903225806451,0.5947368421052631,0.3346186160173934
Combined,PR,0.9112903225806451,0.5978835978835979,0.3465571785545764
Combined,PR,0.9112903225806451,0.601063829787234,0.3476515307683422
Combined,PR,0.9112903225806451,0.6042780748663101,0.3543926800813125
Combined,PR,0.9112903225806451,0.6075268817204301,0.3562985404807165
Combined,PR,0.9112903225806451,0.6108108108108108,0.3644267851368634
Combined,PR,0.9112903225806451,0.6141304347826086,0.3757930098138823
Combined,PR,0.9112903225806451,0.6174863387978142,0.3919675238640776
Combined,PR,0.9112903225806451,0.6208791208791209,0.3932582817350456
Combined,PR,0.9112903225806451,0.6243093922651933,0.3974371179508215
Combined,PR,0.9112903225806451,0.6277777777777778,0.3990088700434111
Combined,PR,0.9112903225806451,0.6312849162011173,0.4019074364239554
Combined,PR,0.9112903225806451,0.6348314606741573,0.4042962189619637
Combined,PR,0.9112903225806451,0.6384180790960452,0.4080616609710681
Combined,PR,0.9032258064516129,0.6363636363636364,0.4139563820869754
Combined,PR,0.9032258064516129,0.64,0.420994108802128
Combined,PR,0.9032258064516129,0.6436781609195402,0.4228391610090835
Combined,PR,0.9032258064516129,0.6473988439306358,0.424429956532429
Combined,PR,0.8951612903225806,0.6453488372093024,0.429283434022976
Combined,PR,0.8951612903225806,0.6491228070175439,0.4338971879475989
Combined,PR,0.8870967741935484,0.6470588235294118,0.4395942167813712
Combined,PR,0.8790322580645161,0.6449704142011834,0.4433568550404725
Combined,PR,0.8790322580645161,0.6488095238095238,0.4444529721804006
Combined,PR,0.8709677419354839,0.6467065868263473,0.4480459666212387
Combined,PR,0.8709677419354839,0.6506024096385542,0.4504382649987688
Combined,PR,0.8709677419354839,0.6545454545454545,0.4530724494161885
Combined,PR,0.8709677419354839,0.6585365853658537,0.4537671668944098
Combined,PR,0.8709677419354839,0.6625766871165644,0.4577377566807129
Combined,PR,0.8629032258064516,0.6604938271604939,0.4682203380999171
Combined,PR,0.8629032258064516,0.6645962732919255,0.4780135781322101
Combined,PR,0.8629032258064516,0.66875,0.4883454268578781
Combined,PR,0.8548387096774194,0.6666666666666666,0.4900957975446551
Combined,PR,0.8548387096774194,0.6708860759493671,0.4939635185638307
Combined,PR,0.8548387096774194,0.6751592356687898,0.5016550814639458
Combined,PR,0.8548387096774194,0.6794871794871795,0.5099161622266922
Combined,PR,0.8548387096774194,0.6838709677419355,0.5173464166241215
Combined,PR,0.8467741935483871,0.6818181818181818,0.532868608106779
Combined,PR,0.8467741935483871,0.6862745098039216,0.5516150130325603
Combined,PR,0.8467741935483871,0.6907894736842105,0.5538915121799239
Combined,PR,0.8467741935483871,0.695364238410596,0.5616161140253595
Combined,PR,0.8467741935483871,0.7,0.5724814666947592
Combined,PR,0.8467741935483871,0.7046979865771812,0.5963233341673381
Combined,PR,0.8467741935483871,0.7094594594594594,0.5992614281146318
Combined,PR,0.8387096774193549,0.7074829931972789,0.6020609997266795
Combined,PR,0.8387096774193549,0.7123287671232876,0.6037678233525752
Combined,PR,0.8387096774193549,0.7172413793103448,0.6050520213126711
Combined,PR,0.8387096774193549,0.7222222222222222,0.6054594022333871
Combined,PR,0.8306451612903226,0.7202797202797203,0.6072044345034783
Combined,PR,0.8306451612903226,0.7253521126760564,0.6109612584736346
Combined,PR,0.8306451612903226,0.7304964539007093,0.6126897184192494
Combined,PR,0.8306451612903226,0.7357142857142858,0.6197095646632576
Combined,PR,0.8225806451612904,0.7338129496402878,0.6203790884327378
Combined,PR,0.8145161290322581,0.7318840579710145,0.6205345970829805
Combined,PR,0.8064516129032258,0.7299270072992701,0.6297721507694782
Combined,PR,0.8064516129032258,0.7352941176470589,0.6444612867950283
Combined,PR,0.7983870967741935,0.7333333333333333,0.6450373702459151
Combined,PR,0.7903225806451613,0.7313432835820896,0.6475421136583356
Combined,PR,0.7903225806451613,0.7368421052631579,0.6481081546057104
Combined,PR,0.7903225806451613,0.7424242424242424,0.6492809879008157
Combined,PR,0.7903225806451613,0.7480916030534351,0.6549952357931362
Combined,PR,0.782258064516129,0.7461538461538462,0.6597605899433846
Combined,PR,0.782258064516129,0.751937984496124,0.6699671766968304
Combined,PR,0.782258064516129,0.7578125,0.6722418792893062
Combined,PR,0.782258064516129,0.7637795275590551,0.6725405983146405
Combined,PR,0.782258064516129,0.7698412698412699,0.6754387092671941
Combined,PR,0.7741935483870968,0.768,0.6765445198703895
Combined,PR,0.7741935483870968,0.7741935483870968,0.6773574245921054
Combined,PR,0.7741935483870968,0.7804878048780488,0.6784647007125055
Combined,PR,0.7741935483870968,0.7868852459016393,0.6943645230092652
Combined,PR,0.7741935483870968,0.7933884297520661,0.7036753752066113
Combined,PR,0.7661290322580645,0.7916666666666666,0.7143808706871326
Combined,PR,0.7580645161290323,0.7899159663865546,0.7154319770249823
Combined,PR,0.75,0.788135593220339,0.716154413703065
Combined,PR,0.75,0.7948717948717948,0.7185074459051126
Combined,PR,0.75,0.8017241379310345,0.722166699400336
Combined,PR,0.7419354838709677,0.8,0.725301419226001
Combined,PR,0.7419354838709677,0.8070175438596491,0.7261194496938881
Combined,PR,0.7419354838709677,0.8141592920353983,0.737797184157627
Combined,PR,0.7419354838709677,0.8214285714285714,0.7422689891807298
Combined,PR,0.7338709677419355,0.8198198198198198,0.7423965570847003
Combined,PR,0.7258064516129032,0.8181818181818182,0.7690973194335501
Combined,PR,0.717741935483871,0.8165137614678899,0.771564006162717
Combined,PR,0.7096774193548387,0.8148148148148148,0.7752550004383826
Combined,PR,0.7016129032258065,0.8130841121495327,0.7763340600262071
Combined,PR,0.6935483870967742,0.8113207547169812,0.7807332404700862
Combined,PR,0.6935483870967742,0.819047619047619,0.7809240087074395
Combined,PR,0.6854838709677419,0.8173076923076923,0.7877944013373901
Combined,PR,0.6774193548387096,0.8155339805825242,0.7913549195240455
Combined,PR,0.6693548387096774,0.8137254901960784,0.7917792353221942
Combined,PR,0.6612903225806451,0.8118811881188119,0.8133817967531679
Combined,PR,0.6532258064516129,0.81,0.8154353982205297
Combined,PR,0.6451612903225806,0.8080808080808081,0.8160343566250485
Combined,PR,0.6451612903225806,0.8163265306122449,0.8231591950085343
Combined,PR,0.6451612903225806,0.8247422680412371,0.828645146749284
Combined,PR,0.6370967741935484,0.8229166666666666,0.8565679649997371
Combined,PR,0.6290322580645161,0.8210526315789474,0.8585092864346042
Combined,PR,0.6209677419354839,0.8191489361702128,0.8696648789420359
Combined,PR,0.6129032258064516,0.8172043010752689,0.8703487907460229
Combined,PR,0.6048387096774194,0.8152173913043478,0.8737336224383103
Combined,PR,0.6048387096774194,0.8241758241758241,0.8756566476690214
Combined,PR,0.6048387096774194,0.8333333333333334,0.8763730977256455
Combined,PR,0.5967741935483871,0.8314606741573034,0.8769118078661252
Combined,PR,0.5967741935483871,0.8409090909090909,0.8789700694227792
Combined,PR,0.5887096774193549,0.8390804597701149,0.8808277345469973
Combined,PR,0.5806451612903226,0.8372093023255814,0.8809034441463536
Combined,PR,0.5806451612903226,0.8470588235294118,0.8816662965518612
Combined,PR,0.5725806451612904,0.8452380952380952,0.8935834633607479
Combined,PR,0.5645161290322581,0.8433734939759037,0.8969346253754014
Combined,PR,0.5564516129032258,0.8414634146341463,0.8998807608950294
Combined,PR,0.5483870967741935,0.8395061728395061,0.9056267817285897
Combined,PR,0.5403225806451613,0.8375,0.9061106395542251
Combined,PR,0.5403225806451613,0.8481012658227848,0.9073666173281001
Combined,PR,0.532258064516129,0.8461538461538461,0.9094699387543771
Combined,PR,0.5241935483870968,0.8441558441558441,0.9115762189155052
Combined,PR,0.5161290322580645,0.8421052631578947,0.9117067379138213
Combined,PR,0.5080645161290323,0.84,0.9134633230649107
Combined,PR,0.5,0.8378378378378378,0.9144223680180033
Combined,PR,0.4919354838709677,0.8356164383561644,0.9182684385687858
Combined,PR,0.4838709677419355,0.8333333333333334,0.919818818269811
Combined,PR,0.4758064516129032,0.8309859154929577,0.9202326147212624
Combined,PR,0.4677419354838709,0.8285714285714286,0.9204975090281415
Combined,PR,0.4596774193548387,0.8260869565217391,0.9232745592997278
Combined,PR,0.4596774193548387,0.8382352941176471,0.9248631953688793
Combined,PR,0.4516129032258064,0.835820895522388,0.926622543438473
Combined,PR,0.4435483870967742,0.8333333333333334,0.9275101951336491
Combined,PR,0.4354838709677419,0.8307692307692308,0.9281910475031618
Combined,PR,0.4354838709677419,0.84375,0.9291516361447199
Combined,PR,0.4274193548387097,0.8412698412698413,0.9320358525467435
Combined,PR,0.4193548387096774,0.8387096774193549,0.9321374049049523
Combined,PR,0.4193548387096774,0.8524590163934426,0.9324434518093676
Combined,PR,0.4112903225806452,0.85,0.9365336761316273
Combined,PR,0.4032258064516129,0.847457627118644,0.9365444931975841
Combined,PR,0.3951612903225806,0.8448275862068966,0.9385643787931136
Combined,PR,0.3870967741935484,0.8421052631578947,0.9390050849062964
Combined,PR,0.3790322580645161,0.8392857142857143,0.9436809014548524
Combined,PR,0.3790322580645161,0.8545454545454545,0.9443754631427201
Combined,PR,0.3709677419354839,0.8518518518518519,0.9483745688864996
Combined,PR,0.3629032258064516,0.8490566037735849,0.9492911104125443
Combined,PR,0.3548387096774194,0.8461538461538461,0.9518163768080533
Combined,PR,0.3467741935483871,0.8431372549019608,0.9522396836750331
Combined,PR,0.3387096774193548,0.84,0.9533272992826993
Combined,PR,0.3306451612903226,0.8367346938775511,0.954602859580402
Combined,PR,0.3225806451612903,0.8333333333333334,0.9568768694770962
Combined,PR,0.3145161290322581,0.8297872340425532,0.9574157956933588
Combined,PR,0.3064516129032258,0.8260869565217391,0.9578193873736344
Combined,PR,0.2983870967741936,0.8222222222222222,0.9582366331600112
Combined,PR,0.2903225806451613,0.8181818181818182,0.9611501175797162
Combined,PR,0.2822580645161291,0.813953488372093,0.962354208459264
Combined,PR,0.2822580645161291,0.8333333333333334,0.9627473729504247
Combined,PR,0.2741935483870968,0.8292682926829268,0.9658342689244507
Combined,PR,0.2741935483870968,0.85,0.9658515512017977
Combined,PR,0.2741935483870968,0.8717948717948718,0.970138517462388
Combined,PR,0.2661290322580645,0.868421052631579,0.9706870934404885
Combined,PR,0.2580645161290323,0.8648648648648649,0.9707694845478938
Combined,PR,0.25,0.8611111111111112,0.9715408460671775
Combined,PR,0.2419354838709677,0.8571428571428571,0.9732817494948144
Combined,PR,0.2338709677419355,0.8529411764705882,0.9743522711653235
Combined,PR,0.2258064516129032,0.8484848484848485,0.9744610195388551
Combined,PR,0.217741935483871,0.84375,0.97643428545084
Combined,PR,0.2096774193548387,0.8387096774193549,0.9767150844117944
Combined,PR,0.2016129032258064,0.8333333333333334,0.9779900583486626
Combined,PR,0.1935483870967742,0.8275862068965517,0.9789030480439367
Combined,PR,0.1935483870967742,0.8571428571428571,0.9790904300910802
Combined,PR,0.1854838709677419,0.8518518518518519,0.980363417679723
Combined,PR,0.1774193548387097,0.8461538461538461,0.9807624538067221
Combined,PR,0.1693548387096774,0.84,0.9834718732636468
Combined,PR,0.1612903225806452,0.8333333333333334,0.9838602292484846
Combined,PR,0.1532258064516129,0.8260869565217391,0.9839098285288345
Combined,PR,0.1451612903225807,0.8181818181818182,0.9847117584336822
Combined,PR,0.1370967741935484,0.8095238095238095,0.9890211298277998
Combined,PR,0.1290322580645161,0.8,0.989234774603621
Combined,PR,0.1209677419354839,0.7894736842105263,0.9900117184162833
Combined,PR,0.1129032258064516,0.7777777777777778,0.991253675047808
Combined,PR,0.1048387096774194,0.7647058823529411,0.9923543057535436
Combined,PR,0.0967741935483871,0.75,0.9930199471231707
Combined,PR,0.08870967741935484,0.7333333333333333,0.9933981578243446
Combined,PR,0.08064516129032258,0.7142857142857143,0.993935607973509
Combined,PR,0.07258064516129033,0.6923076923076923,0.9946032997080487
Combined,PR,0.06451612903225806,0.6666666666666666,0.9946393260229865
Combined,PR,0.0564516129032258,0.6363636363636364,0.9949717341220262
Combined,PR,0.04838709677419355,0.6,0.9957748443575439
Combined,PR,0.04032258064516129,0.5555555555555556,0.9958501359005952
Combined,PR,0.03225806451612903,0.5,0.997442451258701
Combined,PR,0.02419354838709677,0.4285714285714285,0.9974466677708769
Combined,PR,0.01612903225806452,0.3333333333333333,0.9987289197151163
Combined,PR,0.01612903225806452,0.4,0.9993965325924515
Combined,PR,0.01612903225806452,0.5,0.9995099035941015
Combined,PR,0.008064516129032258,0.3333333333333333,0.9997620559516895
Combined,PR,0.0,0.0,0.9997990507284752
Combined,PR,0.0,0.0,0.9999994719835622
Combined,PR,0.0,1.0,
