anonymous_id,compositional_family,feature_group,fold,observed_high_EFA,predicted_probability_high_EFA_oof,EFA_percentile
CHAOS_0001,Ca-Cd-Co-Fe,DFT only,1,1,0.7585227377402015,0.774390243902439
CHAOS_0002,Ca-Fe-Mn-Zn,DFT only,3,0,0.9022533168228959,0.6321138211382114
CHAOS_0003,Co-Mg-Mn-Sr,DFT only,4,0,0.3706763926063308,0.4369918699186992
CHAOS_0004,Co-Mg-Mn-Ni,DFT only,2,1,0.9304761956903902,0.8048780487804879
CHAOS_0005,Fe-Mg-Mn-Sr,DFT only,2,0,0.1452175703584038,0.6646341463414634
CHAOS_0006,Mg-Sn-Sr-Ti,DFT only,1,0,0.007692546884755914,0.209349593495935
CHAOS_0007,Ca-Ni-Sn-Sr,DFT only,5,0,0.3906420110588327,0.6971544715447154
CHAOS_0008,Cu-Fe-Mn-V,DFT only,2,0,0.1864902447369918,0.3434959349593496
CHAOS_0009,Co-Mg-Sn-Zn,DFT only,2,1,0.5581061805266782,0.7804878048780488
CHAOS_0010,Cd-Fe-Ti-Zn,DFT only,5,0,0.1326535085559432,0.2723577235772358
CHAOS_0011,Ca-Nb-Ti-V,DFT only,2,0,0.5402348102388849,0.4878048780487805
CHAOS_0012,Mg-Nb-Sr-V,DFT only,4,0,0.1154721680824847,0.225609756097561
CHAOS_0013,Ca-Mn-Sn-Zn,DFT only,4,1,0.4714216623221336,0.8028455284552846
CHAOS_0014,Ca-Fe-Mg-Sn,DFT only,3,1,0.1854518863807728,0.7540650406504065
CHAOS_0015,Cd-Mg-Sr-V,DFT only,1,0,0.2815887781713631,0.4004065040650406
CHAOS_0016,Ca-Mg-Mn-Nb,DFT only,3,0,0.4695328196220495,0.3109756097560976
CHAOS_0017,Ca-Cd-Mg-Nb,DFT only,1,0,0.3311713331802624,0.2682926829268293
CHAOS_0018,Ca-Mg-Ni-Sr,DFT only,3,0,0.4504767077787724,0.6626016260162602
CHAOS_0019,Ca-Co-Fe-Zn,DFT only,4,1,0.765363213918928,0.806910569105691
CHAOS_0020,Cd-Cu-Mg-Mn,DFT only,3,1,0.8248225851114916,0.782520325203252
CHAOS_0021,Nb-Sn-Sr-V,DFT only,2,0,0.2037022661904763,0.05691056910569105
CHAOS_0022,Cd-Sr-Ti-V,DFT only,5,0,0.002336482265246094,0.1443089430894309
CHAOS_0023,Ca-Cd-Mn-Sr,DFT only,5,1,0.8362946891234774,0.975609756097561
CHAOS_0024,Co-Cu-Mg-Mn,DFT only,5,1,0.8175963603182408,0.9735772357723578
CHAOS_0025,Cd-Cu-Fe-Zn,DFT only,1,1,0.1960022276350236,0.9105691056910569
CHAOS_0026,Ca-Co-Mn-Sr,DFT only,5,0,0.3604769230318476,0.4776422764227642
CHAOS_0027,Cd-Co-Fe-Sr,DFT only,2,0,0.1596589666905603,0.5060975609756098
CHAOS_0028,Cd-Co-Sr-Zn,DFT only,5,0,0.3737489561713857,0.6463414634146342
CHAOS_0029,Ca-Mg-Nb-Sn,DFT only,3,0,0.01320004316961053,0.233739837398374
CHAOS_0030,Cd-Mn-Sn-V,DFT only,3,0,0.1668426131725206,0.2459349593495935
CHAOS_0031,Mg-Ni-Sr-Zn,DFT only,4,0,0.1126857809933043,0.459349593495935
CHAOS_0032,Cd-Mn-Ni-Zn,DFT only,2,1,0.8885964164012699,0.9126016260162602
CHAOS_0033,Cd-Mn-Sr-V,DFT only,4,0,0.2407140122463114,0.4247967479674797
CHAOS_0034,Cu-Fe-Sn-Zn,DFT only,5,1,0.05021605653820996,0.7764227642276422
CHAOS_0035,Ca-Mg-Mn-Ni,DFT only,2,1,0.8549080922633867,0.9390243902439024
CHAOS_0036,Ca-Cd-Fe-Ni,DFT only,1,0,0.6490352373412324,0.7317073170731707
CHAOS_0037,Ca-Mg-Nb-Zn,DFT only,2,0,0.01086152341527146,0.5
CHAOS_0038,Nb-Tc-Ti-V,DFT only,2,0,0.4139448598125653,0.1565040650406504
CHAOS_0039,Ca-Cu-Mg-Mn,DFT only,4,1,0.6217104087174077,0.766260162601626
CHAOS_0040,Co-Mg-Mn-Sn,DFT only,2,0,0.5061223873959781,0.5752032520325203
CHAOS_0041,Co-Mg-Ni-Sn,DFT only,1,1,0.6576213030314256,0.8536585365853658
CHAOS_0042,Cd-Co-Mg-Sr,DFT only,2,0,0.4411382336733359,0.6910569105691057
CHAOS_0043,Cd-Mg-Nb-Sn,DFT only,5,0,0.5719417198105938,0.03048780487804878
CHAOS_0044,Ca-Mn-Nb-Sr,DFT only,3,0,0.2930635701044327,0.4126016260162602
CHAOS_0045,Mg-Sn-Ti-V,DFT only,2,0,0.0001458692079945761,0.08943089430894309
CHAOS_0046,Cd-Fe-Sr-Ti,DFT only,3,0,0.002204032306692732,0.1219512195121951
CHAOS_0047,Ca-Cd-Sn-Zn,DFT only,4,1,0.677688280556584,0.8292682926829268
CHAOS_0048,Cd-Co-Sn-Zn,DFT only,5,0,0.2586727886154057,0.7215447154471545
CHAOS_0049,Cu-Mn-V-Zn,DFT only,1,0,0.1662354525171687,0.7459349593495935
CHAOS_0050,Cd-Ni-Sn-Zn,DFT only,5,0,0.3827252810020743,0.6849593495934959
CHAOS_0051,Ca-Mg-Mn-Sn,DFT only,1,0,0.5021392440709394,0.5548780487804879
CHAOS_0052,Co-Cu-Mg-Ni,DFT only,1,1,0.640739314974309,0.8394308943089431
CHAOS_0053,Fe-Mn-Sn-Zn,DFT only,3,0,0.1465743677928059,0.540650406504065
CHAOS_0054,Ca-Mn-Nb-Zn,DFT only,1,0,0.2111851398543227,0.4166666666666667
CHAOS_0055,Ca-Mg-Ti-V,DFT only,5,1,0.8722833991709921,0.8353658536585366
CHAOS_0056,Mn-Nb-Ti-Zn,DFT only,5,0,1.373475979160252e-05,0.1321138211382114
CHAOS_0057,Cd-Fe-Nb-Ti,DFT only,3,0,0.1327090892068483,0.08130081300813008
CHAOS_0058,Nb-Sn-Sr-Ti,DFT only,1,0,0.003057568152999348,0.0508130081300813
CHAOS_0059,Cu-Nb-Sn-Tc,DFT only,2,0,0.0004106263828253722,0.04471544715447155
CHAOS_0060,Mg-Mn-Nb-Sr,DFT only,5,0,0.1636805909179822,0.3556910569105691
CHAOS_0061,Cu-Mn-Sn-Zn,DFT only,3,0,0.437489303608925,0.5833333333333334
CHAOS_0062,Ca-Mn-Sr-Ti,DFT only,1,0,0.1910189959798557,0.201219512195122
CHAOS_0063,Cd-Co-Mg-Zn,DFT only,1,1,0.8931296884601112,0.8963414634146342
CHAOS_0064,Co-Mg-Mn-V,DFT only,5,1,0.8916291140421451,0.9776422764227642
CHAOS_0065,Co-Fe-Mn-Zn,DFT only,2,1,0.8799147019053947,0.9979674796747967
CHAOS_0066,Cd-Mg-Sn-Sr,DFT only,4,1,0.5059141966079074,0.7845528455284553
CHAOS_0067,Cu-Mg-Ni-Zn,DFT only,1,1,0.9180431647466973,0.943089430894309
CHAOS_0068,Ca-Cd-Mg-Zn,DFT only,2,1,0.8386899592170042,0.9024390243902439
CHAOS_0069,Co-Mg-Sn-Sr,DFT only,2,0,0.1851526217554045,0.5589430894308943
CHAOS_0070,Cd-Mg-Ti-V,DFT only,5,0,0.4259250332326727,0.2317073170731707
CHAOS_0071,Mg-Nb-V-Zn,DFT only,1,0,0.02691794399236563,0.3313008130081301
CHAOS_0072,Cu-Nb-Sn-Ti,DFT only,1,0,1.275779501741357e-05,0.05894308943089431
CHAOS_0073,Cd-Mn-V-Zn,DFT only,4,0,0.6653491858498428,0.4349593495934959
CHAOS_0074,Co-Mn-Sn-Sr,DFT only,1,0,0.1060052402454832,0.5304878048780488
CHAOS_0075,Ca-Cd-V-Zn,DFT only,2,1,0.5725495330032402,0.790650406504065
CHAOS_0076,Mg-Mn-Nb-Sn,DFT only,1,0,0.6206208036611832,0.02845528455284553
CHAOS_0077,Ca-Fe-Sn-Sr,DFT only,4,0,0.1486922217059245,0.5447154471544715
CHAOS_0078,Cd-Co-Mn-Zn,DFT only,3,1,0.8593566154715558,0.9471544715447154
CHAOS_0079,Co-Mn-Sn-Zn,DFT only,1,1,0.5880931424329365,0.7520325203252033
CHAOS_0080,Ca-Fe-Nb-Sn,DFT only,1,0,0.0003292211091894427,0.1829268292682927
CHAOS_0081,Mn-Sn-Sr-Zn,DFT only,2,0,0.0758800230784928,0.6158536585365854
CHAOS_0082,Cd-Co-Fe-Zn,DFT only,1,1,0.2679675942765307,0.823170731707317
CHAOS_0083,Cd-Mg-Ni-Zn,DFT only,2,1,0.8427944706688221,0.8800813008130082
CHAOS_0084,Mn-Nb-Sn-Ti,DFT only,4,0,0.09667028731595885,0.0
CHAOS_0085,Ca-Cd-Mg-Sr,DFT only,5,1,0.8375835739164265,0.9207317073170732
CHAOS_0086,Ca-Cd-Mn-Sn,DFT only,3,0,0.8510073965468729,0.5284552845528455
CHAOS_0087,Cd-Sn-Sr-Zn,DFT only,4,0,0.2311225780626126,0.7113821138211383
CHAOS_0088,Cd-Mn-Ni-Sn,DFT only,4,0,0.4421759759470369,0.5894308943089431
CHAOS_0089,Nb-Sn-Ti-V,DFT only,2,0,0.004675707755490492,0.03455284552845529
CHAOS_0090,Ca-Fe-Nb-Sr,DFT only,4,0,0.02663170621889175,0.2947154471544716
CHAOS_0091,Cd-Ti-V-Zn,DFT only,1,0,0.2712423988774333,0.08739837398373984
CHAOS_0092,Sn-Sr-Ti-V,DFT only,1,0,0.0006900821547912508,0.1463414634146341
CHAOS_0093,Ca-Cd-Mg-V,DFT only,4,0,0.6881882024276026,0.7052845528455285
CHAOS_0094,Mg-Mn-V-Zn,DFT only,1,0,0.8892651260194023,0.4207317073170732
CHAOS_0095,Cd-Co-Mg-Ni,DFT only,4,1,0.8586913305720192,0.8333333333333334
CHAOS_0096,Fe-Mg-Sr-Zn,DFT only,5,0,0.0299945619488114,0.6239837398373984
CHAOS_0097,Co-Fe-Sn-Sr,DFT only,3,0,0.003738733287297063,0.3922764227642276
CHAOS_0098,Cd-Fe-Mg-Sr,DFT only,3,0,0.4456073467229153,0.6361788617886179
CHAOS_0099,Sn-Ti-V-Zn,DFT only,2,0,0.9209801257452248,0.05487804878048781
CHAOS_0100,Cd-Fe-Mg-Ni,DFT only,3,1,0.4987529647944434,0.8191056910569106
CHAOS_0101,Ca-Fe-Mg-Ni,DFT only,3,1,0.7939796831711108,0.8211382113821138
CHAOS_0102,Mg-Mn-Sn-Ti,DFT only,1,0,0.0008660038036653529,0.1097560975609756
CHAOS_0103,Ca-Mg-Sn-Zn,DFT only,1,1,0.5073765280493152,0.7703252032520326
CHAOS_0104,Ca-Fe-Mg-Ti,DFT only,1,0,0.5088278205049288,0.3597560975609756
CHAOS_0105,Sn-Tc-Ti-V,DFT only,1,0,0.5216638586636168,0.008130081300813009
CHAOS_0106,Cd-Mn-Nb-Zn,DFT only,3,0,0.4780891203225479,0.1747967479674797
CHAOS_0107,Cd-Sn-Ti-V,DFT only,5,0,0.2390528888538588,0.02235772357723577
CHAOS_0108,Cd-Mg-Sn-Ti,DFT only,5,0,0.8579228537330966,0.06300813008130081
CHAOS_0109,Mg-Mn-Sr-V,DFT only,2,0,0.5378513725130772,0.3150406504065041
CHAOS_0110,Cd-Fe-Nb-Zn,DFT only,4,0,1.044278054771098e-05,0.1707317073170732
CHAOS_0111,Ca-Co-Ni-Sr,DFT only,2,0,0.2113027420854304,0.4288617886178862
CHAOS_0112,Ca-Cd-Nb-Ti,DFT only,3,0,0.4801393657777962,0.1544715447154472
CHAOS_0113,Cd-Mg-Ni-Sn,DFT only,5,1,0.7340356473817564,0.8597560975609756
CHAOS_0114,Cu-Fe-Mg-Ni,DFT only,1,1,0.8649479890129982,0.8678861788617886
CHAOS_0115,Ca-Cu-Mg-Zn,DFT only,2,1,0.8753701664765077,0.9898373983739838
CHAOS_0116,Cd-Mg-Ti-Zn,DFT only,2,0,0.0812411519639992,0.2601626016260163
CHAOS_0117,Cd-Fe-Mg-Nb,DFT only,2,0,0.03654480840520258,0.1036585365853658
CHAOS_0118,Cu-Fe-V-Zn,DFT only,1,0,0.01763484184957719,0.3130081300813008
CHAOS_0119,Ca-Mn-Nb-Ti,DFT only,3,0,0.3614993727087146,0.2357723577235772
CHAOS_0120,Co-Fe-Ni-Sr,DFT only,4,0,0.03587862911143817,0.3699186991869919
CHAOS_0121,Ca-Fe-Mn-Sn,DFT only,4,1,0.2301094666334185,0.7967479674796748
CHAOS_0122,Ca-Cd-Nb-Zn,DFT only,3,0,0.002722372864019947,0.2195121951219512
CHAOS_0123,Ni-Sn-Sr-Zn,DFT only,5,0,0.07277228743328008,0.4939024390243902
CHAOS_0124,Ca-Co-Mg-Sn,DFT only,4,1,0.7620086321387989,0.8638211382113821
CHAOS_0125,Ca-Mg-Mn-Sr,DFT only,4,0,0.6117502256899244,0.5650406504065041
CHAOS_0126,Co-Fe-Mn-Ni,DFT only,2,1,0.8590339128380535,0.9512195121951219
CHAOS_0127,Cd-Mn-Nb-Ti,DFT only,3,0,0.7545501164587156,0.01219512195121951
CHAOS_0128,Nb-Sn-Tc-Zn,DFT only,5,0,0.1751109062987419,0.0426829268292683
CHAOS_0129,Fe-Nb-Sn-V,DFT only,2,0,0.1208837196062327,0.04065040650406504
CHAOS_0130,Ca-Fe-Sr-Ti,DFT only,2,0,0.08503779734139413,0.4186991869918699
CHAOS_0131,Mg-Sn-Ti-Zn,DFT only,3,0,0.02576744040141299,0.0975609756097561
CHAOS_0132,Ca-Fe-Ni-Sr,DFT only,5,0,0.2213719518961147,0.4085365853658536
CHAOS_0133,Cd-Nb-Sr-Ti,DFT only,2,0,0.6742302662448428,0.08333333333333333
CHAOS_0134,Fe-Mg-Sn-Sr,DFT only,5,0,0.07552657859329555,0.483739837398374
CHAOS_0135,Cd-Co-Ni-Sn,DFT only,5,0,0.5224141869261878,0.5467479674796748
CHAOS_0136,Mg-Nb-Sr-Zn,DFT only,2,0,0.07696409629960467,0.258130081300813
CHAOS_0137,Cd-Fe-Sn-Zn,DFT only,5,0,0.0004443751477407905,0.6178861788617886
CHAOS_0138,Cd-Mg-Sn-V,DFT only,4,0,0.8694149298402983,0.1788617886178862
CHAOS_0139,Mn-Ni-V-Zn,DFT only,2,0,0.8208479137172104,0.5873983739837398
CHAOS_0140,Cd-Mg-Sr-Zn,DFT only,5,0,0.4368529204938633,0.7195121951219512
CHAOS_0141,Nb-Ni-Sn-Ti,DFT only,2,0,0.0002548511751693999,0.01829268292682927
CHAOS_0142,Cd-Co-Ni-Zn,DFT only,4,1,0.8944631162913,0.8373983739837398
CHAOS_0143,Mg-Sn-V-Zn,DFT only,2,0,0.01436338376891182,0.2378048780487805
CHAOS_0144,Ca-Fe-Mg-Zn,DFT only,1,0,0.8287384507482056,0.741869918699187
CHAOS_0145,Ca-Cd-Fe-Sn,DFT only,3,1,0.2708481698084382,0.7723577235772358
CHAOS_0146,Ca-Mn-Nb-V,DFT only,1,0,0.3147267914960987,0.3272357723577236
CHAOS_0147,Cd-Fe-Ni-Sr,DFT only,5,0,0.1099122938810511,0.4410569105691057
CHAOS_0148,Ca-Mg-Nb-Ti,DFT only,1,0,0.3614060028982868,0.4268292682926829
CHAOS_0149,Ca-Co-Mg-Sr,DFT only,1,0,0.5905598076249896,0.7073170731707317
CHAOS_0150,Mg-Sr-Ti-Zn,DFT only,5,0,0.05885464069943199,0.298780487804878
CHAOS_0151,Cd-Mg-Mn-Nb,DFT only,5,0,0.1764401186777144,0.1280487804878049
CHAOS_0152,Fe-Mn-Sr-Zn,DFT only,1,0,0.09657780313603015,0.6707317073170732
CHAOS_0153,Cd-Fe-Mg-Zn,DFT only,1,1,0.9205963245044922,0.8943089430894309
CHAOS_0154,Ca-Mn-Ni-Sr,DFT only,5,0,0.3604633973987483,0.4329268292682927
CHAOS_0155,Cd-Mn-Nb-Sr,DFT only,4,0,0.04111897546249509,0.1910569105691057
CHAOS_0156,Cd-Cu-Fe-Mg,DFT only,2,1,0.5314534181176943,0.7642276422764228
CHAOS_0157,Ca-Sn-Ti-V,DFT only,5,0,0.001239713002737786,0.1849593495934959
CHAOS_0158,Fe-Mg-Mn-Ni,DFT only,3,1,0.9198690979369852,0.9878048780487805
CHAOS_0159,Cd-Fe-Ni-Sn,DFT only,3,0,0.2912499919289681,0.5813008130081301
CHAOS_0160,Cd-Mg-V-Zn,DFT only,4,0,0.4853884259688785,0.5365853658536586
CHAOS_0161,Ca-Mg-Mn-Ti,DFT only,1,0,0.7816688462384312,0.3536585365853658
CHAOS_0162,Co-Cu-Fe-Ni,DFT only,2,1,0.9020107673273683,0.8983739837398373
CHAOS_0163,Ca-Cd-Nb-Sn,DFT only,3,0,0.6161582487144136,0.07317073170731707
CHAOS_0164,Fe-Mg-Nb-Sn,DFT only,1,0,0.2582570094703751,0.1300813008130081
CHAOS_0165,Cu-Mg-V-Zn,DFT only,5,1,0.2495503640417148,0.8414634146341463
CHAOS_0166,Fe-Mg-Nb-Sr,DFT only,5,0,0.01375400807332028,0.2865853658536585
CHAOS_0167,Ca-Sn-Sr-Ti,DFT only,4,0,0.028981413662405,0.3089430894308943
CHAOS_0168,Cd-Mg-Sn-Zn,DFT only,2,1,0.3605470216915516,0.75
CHAOS_0169,Ca-Cd-Nb-Sr,DFT only,4,0,0.04311336824579137,0.2520325203252032
CHAOS_0170,Cd-Fe-Sn-Ti,DFT only,4,0,0.4886127080130293,0.1727642276422764
CHAOS_0171,Fe-Nb-Sn-Zn,DFT only,3,0,3.719961733255871e-06,0.1341463414634146
CHAOS_0172,Cu-Nb-Sn-V,DFT only,2,0,0.0003664416506635729,0.03861788617886179
CHAOS_0173,Cd-Nb-Ti-V,DFT only,1,0,0.1475870667577104,0.09552845528455285
CHAOS_0174,Cd-Fe-Mn-Ni,DFT only,3,1,0.8400607897664458,0.7601626016260162
CHAOS_0175,Ca-Fe-Sn-Ti,DFT only,5,0,0.006489857008323708,0.2235772357723577
CHAOS_0176,Ca-Cd-Mg-Ni,DFT only,4,1,0.7955490532538098,0.7886178861788617
CHAOS_0177,Ca-Mg-Nb-Sr,DFT only,5,0,0.5887767029707913,0.5914634146341463
CHAOS_0178,Mg-Ni-Sn-Zn,DFT only,1,1,0.2946128565945056,0.8170731707317073
CHAOS_0179,Mg-Mn-Sn-Sr,DFT only,3,0,0.1740246582883255,0.508130081300813
CHAOS_0180,Fe-Mg-Ni-Sr,DFT only,3,0,0.2063138330702347,0.4105691056910569
CHAOS_0181,Ca-Mg-Mn-V,DFT only,4,0,0.888798343502573,0.4817073170731707
CHAOS_0182,Co-Cu-Fe-V,DFT only,2,0,0.1068105245683004,0.4634146341463415
CHAOS_0183,Ca-Co-Sn-Sr,DFT only,5,0,0.4884054205117404,0.6788617886178862
CHAOS_0184,Fe-Mn-Ni-Zn,DFT only,3,1,0.9696417080642011,0.9959349593495935
CHAOS_0185,Ca-Co-Mg-Mn,DFT only,3,1,0.8960384612700641,0.9654471544715447
CHAOS_0186,Ca-Nb-Sn-Ti,DFT only,1,0,0.0001680096618169311,0.1504065040650407
CHAOS_0187,Ca-Cd-Sr-V,DFT only,2,0,0.4508431261801913,0.6422764227642277
CHAOS_0188,Ca-Mg-Sn-Ti,DFT only,3,0,0.02520026756697569,0.2439024390243902
CHAOS_0189,Mn-Nb-Ti-V,DFT only,3,0,0.6119753946111263,0.4959349593495935
CHAOS_0190,Ca-Mg-Ni-Sn,DFT only,2,1,0.7575960884484938,0.8556910569105691
CHAOS_0191,Cd-Cu-V-Zn,DFT only,5,0,0.2163840944985544,0.5792682926829268
CHAOS_0192,Cd-Mg-Nb-Zn,DFT only,1,0,0.5265184966123333,0.1585365853658537
CHAOS_0193,Cd-Co-Fe-Sn,DFT only,3,0,0.4983619569589961,0.6036585365853658
CHAOS_0194,Nb-Sr-Tc-Ti,DFT only,1,0,0.0008704043882769884,0.1646341463414634
CHAOS_0195,Cu-Nb-Sn-Sr,DFT only,1,0,1.232019564209613e-07,0.1056910569105691
CHAOS_0196,Ca-Cd-Mg-Ti,DFT only,5,0,0.4088373746883988,0.3394308943089431
CHAOS_0197,Ca-Nb-Sr-V,DFT only,1,0,0.3252482937990921,0.3008130081300813
CHAOS_0198,Cd-Fe-Nb-Sn,DFT only,3,0,0.03197423783694948,0.06910569105691057
CHAOS_0199,Co-Mg-Ni-Sr,DFT only,3,0,0.1304017938420421,0.3943089430894309
CHAOS_0200,Co-Mn-Sr-Zn,DFT only,2,0,0.5227098865286208,0.6483739837398373
CHAOS_0201,Ca-Mn-Ti-V,DFT only,3,0,0.7538985040865624,0.4024390243902439
CHAOS_0202,Ca-Cd-Co-Mg,DFT only,2,1,0.7996728903608582,0.8495934959349594
CHAOS_0203,Mn-Sr-Ti-V,DFT only,4,0,0.2192114776503241,0.3211382113821138
CHAOS_0204,Cd-Sr-Ti-Zn,DFT only,1,0,0.0002398457072531035,0.241869918699187
CHAOS_0205,Fe-Ni-Sn-Zn,DFT only,4,0,0.1180426572148646,0.5386178861788617
CHAOS_0206,Ca-Nb-Sn-Sr,DFT only,4,0,0.2460317976526671,0.1686991869918699
CHAOS_0207,Cd-Mg-Nb-V,DFT only,4,0,0.05006463023227589,0.1260162601626016
CHAOS_0208,Fe-Nb-Sn-Sr,DFT only,1,0,9.774206578715971e-05,0.1422764227642276
CHAOS_0209,Ca-Cu-Mg-V,DFT only,2,0,0.4210926399581656,0.573170731707317
CHAOS_0210,Ca-Fe-Mg-Sr,DFT only,1,0,0.3278336212699395,0.6565040650406504
CHAOS_0211,Ca-Sn-Sr-Zn,DFT only,1,0,0.2684454417403299,0.6747967479674797
CHAOS_0212,Cd-Mn-Sr-Ti,DFT only,1,0,0.7481462892120965,0.266260162601626
CHAOS_0213,Mn-Ni-Sr-Zn,DFT only,5,0,0.279083827407012,0.5264227642276422
CHAOS_0214,Cd-Sr-V-Zn,DFT only,1,0,0.1242698632518816,0.491869918699187
CHAOS_0215,Co-Fe-Mg-Sn,DFT only,5,0,0.09227879569656817,0.709349593495935
CHAOS_0216,Cu-Sn-Ti-V,DFT only,3,0,0.2482416972803437,0.06504065040650407
CHAOS_0217,Ca-Mn-Sr-Zn,DFT only,1,0,0.6206525754374578,0.6991869918699187
CHAOS_0218,Mg-Nb-Ti-V,DFT only,2,0,0.2607315686224698,0.4451219512195122
CHAOS_0219,Ca-Cd-Mn-Ni,DFT only,2,1,0.8297030547344539,0.8922764227642277
CHAOS_0220,Co-Fe-Sn-Zn,DFT only,5,0,0.005384093197663391,0.6402439024390244
CHAOS_0221,Mg-Nb-Sn-Sr,DFT only,4,0,0.3749295620907051,0.1626016260162602
CHAOS_0222,Cd-Fe-Sr-Zn,DFT only,1,0,0.2039490604013009,0.6280487804878049
CHAOS_0223,Ca-Fe-Sn-Zn,DFT only,4,0,0.05997876001068567,0.7398373983739838
CHAOS_0224,Mg-Nb-Ti-Zn,DFT only,3,0,0.01804936482804438,0.3414634146341464
CHAOS_0225,Ca-Cd-Mg-Mn,DFT only,1,1,0.9075168467065979,0.8008130081300813
CHAOS_0226,Nb-Sn-Sr-Zn,DFT only,1,0,0.007705146462444048,0.1382113821138211
CHAOS_0227,Ca-Mg-Sn-V,DFT only,1,0,0.09200661070408145,0.3841463414634146
CHAOS_0228,Ca-Cd-Fe-Mg,DFT only,1,0,0.7914731975314938,0.676829268292683
CHAOS_0229,Ca-Cu-Mn-V,DFT only,2,0,0.1894965649640163,0.4390243902439024
CHAOS_0230,Ca-Mg-Sr-Zn,DFT only,3,1,0.6319785220962713,0.7682926829268293
CHAOS_0231,Cd-Co-Sn-Sr,DFT only,1,0,0.2426593837102885,0.693089430894309
CHAOS_0232,Mg-Nb-Sn-Ti,DFT only,3,0,0.0006009764932285486,0.05284552845528456
CHAOS_0233,Cd-Mg-Mn-Ni,DFT only,2,1,0.8965918449947125,0.8841463414634146
CHAOS_0234,Mg-Mn-Ni-Sn,DFT only,1,0,0.4882397230334752,0.4796747967479675
CHAOS_0235,Cd-Nb-Sn-Zn,DFT only,2,0,0.0001274637837064558,0.07113821138211382
CHAOS_0236,Cd-Co-Mn-Ni,DFT only,2,0,0.7099442023184978,0.7154471544715447
CHAOS_0237,Ca-Fe-Mn-Sr,DFT only,3,0,0.3096074785469809,0.3678861788617886
CHAOS_0238,Ca-Sn-Ti-Zn,DFT only,3,0,0.1098907524685553,0.2215447154471545
CHAOS_0239,Ca-Nb-Sr-Ti,DFT only,4,0,0.3894171892301801,0.3252032520325203
CHAOS_0240,Co-Fe-Ni-V,DFT only,2,0,0.1254486964187758,0.451219512195122
CHAOS_0241,Cd-Mg-Mn-Sn,DFT only,2,0,0.5848792389737187,0.6056910569105691
CHAOS_0242,Co-Mg-Sr-Zn,DFT only,2,0,0.08284857433674117,0.5426829268292683
CHAOS_0243,Ca-Sn-Sr-V,DFT only,5,0,0.2860059289482403,0.5630081300813008
CHAOS_0244,Cu-Fe-Mg-Ti,DFT only,4,0,0.03619153217514366,0.5528455284552846
CHAOS_0245,Cd-Mn-Nb-Sn,DFT only,3,0,0.9342106553946968,0.01626016260162602
CHAOS_0246,Mg-Nb-Sn-Zn,DFT only,1,0,0.2881277975913228,0.06707317073170732
CHAOS_0247,Ca-Cd-Co-Mn,DFT only,5,1,0.7873636290944402,0.9085365853658537
CHAOS_0248,Cu-Fe-Mg-Zn,DFT only,1,1,0.7409175220460081,0.8272357723577236
CHAOS_0249,Fe-Mn-Sn-Sr,DFT only,2,0,0.1152901913673322,0.4613821138211382
CHAOS_0250,Mg-Mn-Ti-V,DFT only,1,0,0.8329545619729275,0.6117886178861789
CHAOS_0251,Ca-Mg-Mn-Zn,DFT only,1,0,0.8916940442107067,0.4979674796747968
CHAOS_0252,Cd-Sn-Sr-V,DFT only,5,0,0.03221339925381365,0.2784552845528455
CHAOS_0253,Ca-Co-Ni-Sn,DFT only,5,1,0.4041252145196074,0.7784552845528455
CHAOS_0254,Fe-Mn-Ni-Sr,DFT only,3,0,0.3659588086283848,0.3983739837398374
CHAOS_0255,Ca-Cd-Mg-Sn,DFT only,2,1,0.8006443369678475,0.9065040650406504
CHAOS_0256,Ca-Mn-Ti-Zn,DFT only,3,0,0.2785539366553341,0.4227642276422764
CHAOS_0257,Mg-Mn-Sr-Zn,DFT only,3,0,0.3550899214823841,0.7235772357723578
CHAOS_0258,Mn-Nb-Sn-V,DFT only,5,0,0.6692831616964465,0.09959349593495935
CHAOS_0259,Mn-Sn-Sr-V,DFT only,3,0,0.7103367443834123,0.2764227642276423
CHAOS_0260,Co-Nb-Sn-Sr,DFT only,4,0,0.0004373733229510089,0.1199186991869919
CHAOS_0261,Cd-Mn-Ti-Zn,DFT only,2,0,0.6409485491005038,0.2886178861788618
CHAOS_0262,Ca-Mg-Ti-Zn,DFT only,4,0,0.5439694867872884,0.7032520325203252
CHAOS_0263,Cd-Co-Mn-Sr,DFT only,2,0,0.4522853784943236,0.6504065040650406
CHAOS_0264,Mg-Mn-Nb-Zn,DFT only,2,0,0.00040847376364981,0.524390243902439
CHAOS_0265,Ca-Co-Mn-Zn,DFT only,4,1,0.8606668292759612,0.9857723577235772
CHAOS_0266,Cd-Fe-Nb-Sr,DFT only,3,0,0.01789216898731189,0.1605691056910569
CHAOS_0267,Co-Ni-Sn-Zn,DFT only,3,1,0.2886785985433523,0.8699186991869918
CHAOS_0268,Ca-Co-Fe-Mn,DFT only,5,1,0.826910822501604,0.9227642276422764
CHAOS_0269,Ca-Fe-Nb-Zn,DFT only,4,0,0.1903274324578201,0.4532520325203252
CHAOS_0270,Fe-Nb-Ti-Zn,DFT only,5,0,0.0002261191364749676,0.2926829268292683
CHAOS_0271,Fe-Mg-Nb-Ti,DFT only,2,0,0.26393131131647,0.3760162601626016
CHAOS_0272,Fe-Mn-Ni-Sn,DFT only,4,0,0.4405706925535373,0.5487804878048781
CHAOS_0273,Cu-Fe-Mn-Zn,DFT only,5,1,0.07033978936531858,0.8739837398373984
CHAOS_0274,Mn-Sr-Ti-Zn,DFT only,3,0,0.008336144182300814,0.07723577235772358
CHAOS_0275,Cd-Mg-Ni-Sr,DFT only,3,0,0.3782862978851724,0.6341463414634146
CHAOS_0276,Mn-Sn-Ti-V,DFT only,3,0,0.6387487397720106,0.07520325203252033
CHAOS_0277,Ca-Co-Mn-Ni,DFT only,1,1,0.6763898409227309,0.7621951219512195
CHAOS_0278,Co-Ni-Sn-Sr,DFT only,4,0,0.1581995382310219,0.3780487804878049
CHAOS_0279,Nb-Sr-Ti-V,DFT only,2,0,0.1093693208473476,0.2296747967479675
CHAOS_0280,Cd-Co-Mn-Sn,DFT only,5,0,0.4169312165830924,0.5182926829268293
CHAOS_0281,Ca-Cd-Fe-Sr,DFT only,4,0,0.4529125487508407,0.5691056910569106
CHAOS_0282,Co-Mg-Ni-Zn,DFT only,1,1,0.9338158203597334,0.991869918699187
CHAOS_0283,Nb-Sn-Ti-Zn,DFT only,4,0,0.113758219547356,0.02439024390243903
CHAOS_0284,Cd-Fe-Mg-Sn,DFT only,2,0,0.1865434005410971,0.6260162601626016
CHAOS_0285,Co-Ni-Sr-Zn,DFT only,4,0,0.08890669335624368,0.4146341463414634
CHAOS_0286,Ca-Mn-Ni-Zn,DFT only,5,0,0.8640577224602379,0.7378048780487805
CHAOS_0287,Fe-Sn-Ti-V,DFT only,4,0,0.0001228070208848101,0.03658536585365853
CHAOS_0288,Cd-Mn-Sn-Sr,DFT only,5,0,0.5930022617730062,0.5142276422764228
CHAOS_0289,Cd-Co-Cu-Fe,DFT only,5,1,0.1796166637946311,0.8150406504065041
CHAOS_0290,Co-Cu-Mn-Zn,DFT only,1,1,0.5824647704196444,0.9634146341463414
CHAOS_0291,Co-Nb-Sn-Ti,DFT only,3,0,0.0003722688443450276,0.03252032520325204
CHAOS_0292,Cu-Mg-Ni-Sn,DFT only,4,0,0.6189828912348266,0.717479674796748
CHAOS_0293,Fe-Sn-Sr-Ti,DFT only,4,0,3.122208366141761e-05,0.2073170731707317
CHAOS_0294,Co-Fe-Sr-Zn,DFT only,4,0,0.02393328928877452,0.467479674796748
CHAOS_0295,Mg-Mn-Ni-Zn,DFT only,1,1,0.9241181449997263,0.9369918699186992
CHAOS_0296,Sn-Sr-V-Zn,DFT only,1,0,0.1087232583744841,0.3191056910569106
CHAOS_0297,Cd-Mg-Mn-Zn,DFT only,2,1,0.8687430539216394,0.9715447154471545
CHAOS_0298,Fe-Mn-Ni-V,DFT only,4,0,0.6666147403145092,0.5020325203252033
CHAOS_0299,Ca-Co-Ni-Zn,DFT only,3,1,0.8240527468357439,0.8882113821138211
CHAOS_0300,Cd-Ni-Sn-Sr,DFT only,4,1,0.2616517856871382,0.758130081300813
CHAOS_0301,Cd-Nb-Sr-Zn,DFT only,1,0,4.253827512968721e-06,0.2154471544715447
CHAOS_0302,Fe-Mg-Sn-Ti,DFT only,3,0,0.6056330646469591,0.08536585365853659
CHAOS_0303,Ca-Cd-Mn-V,DFT only,2,0,0.7436948094718939,0.6585365853658537
CHAOS_0304,Fe-Mg-Ti-Zn,DFT only,5,0,0.2920349821064683,0.6829268292682927
CHAOS_0305,Mg-Nb-Sn-Tc,DFT only,4,0,0.4216487569366642,0.04878048780487805
CHAOS_0306,Ca-Mg-V-Zn,DFT only,1,1,0.8944451059631853,0.9613821138211383
CHAOS_0307,Cd-Fe-Mn-Sr,DFT only,4,0,0.462561942913155,0.6869918699186992
CHAOS_0308,Co-Mn-V-Zn,DFT only,4,1,0.941063288819019,0.8130081300813008
CHAOS_0309,Nb-Sr-V-Zn,DFT only,4,0,0.01968312849794113,0.1402439024390244
CHAOS_0310,Co-Mg-V-Zn,DFT only,5,1,0.9124906954835147,0.9532520325203252
CHAOS_0311,Mg-Mn-Nb-Ti,DFT only,1,0,0.2171179569806342,0.3048780487804878
CHAOS_0312,Ca-Fe-Nb-Ti,DFT only,2,0,0.3600438968590249,0.556910569105691
CHAOS_0313,Ca-Mg-Sr-Ti,DFT only,2,0,0.5943520005961345,0.5508130081300813
CHAOS_0314,Cd-Nb-Sr-V,DFT only,4,0,0.3135508215345034,0.1016260162601626
CHAOS_0315,Mn-Nb-Sn-Zn,DFT only,1,0,0.2233466813855557,0.1158536585365854
CHAOS_0316,Ca-Cd-Sn-Sr,DFT only,4,1,0.9329159799802065,0.9552845528455285
CHAOS_0317,Cd-Mn-Sn-Ti,DFT only,5,0,0.801513582773863,0.1117886178861789
CHAOS_0318,Fe-Sn-Ti-Zn,DFT only,5,0,0.004338542633237118,0.1971544715447154
CHAOS_0319,Fe-Mg-Sr-Ti,DFT only,5,0,0.08357671322620394,0.2479674796747967
CHAOS_0320,Mg-Sn-Sr-V,DFT only,3,0,0.03528160909000471,0.3577235772357724
CHAOS_0321,Ca-Co-Fe-Sn,DFT only,3,0,0.005623399002790731,0.6727642276422764
CHAOS_0322,Ca-Mg-Sr-V,DFT only,3,0,0.7386513171090993,0.6443089430894309
CHAOS_0323,Mn-Sn-Sr-Ti,DFT only,3,0,0.7987585567903065,0.2113821138211382
CHAOS_0324,Ca-Mn-Nb-Sn,DFT only,3,0,0.001580454801145386,0.2276422764227642
CHAOS_0325,Mg-Ni-Sn-Sr,DFT only,5,0,0.1200213576833277,0.5670731707317073
CHAOS_0326,Ca-Mn-Sn-Ti,DFT only,1,0,0.0003524222729419093,0.07926829268292683
CHAOS_0327,Ca-Sr-Ti-V,DFT only,2,0,0.677199979491225,0.3475609756097561
CHAOS_0328,Cu-Mn-Ni-Sn,DFT only,2,0,0.0054434662958317,0.4308943089430894
CHAOS_0329,Fe-Nb-Sr-Zn,DFT only,2,0,0.0002210160124344008,0.2540650406504065
CHAOS_0330,Ca-Mg-Nb-V,DFT only,1,0,0.3876448757961748,0.3882113821138211
CHAOS_0331,Ca-Cd-Sr-Ti,DFT only,5,0,0.04272698637161179,0.3231707317073171
CHAOS_0332,Cd-Mg-Mn-V,DFT only,3,0,0.6796455704665074,0.3170731707317073
CHAOS_0333,Nb-Sn-V-Zn,DFT only,3,0,0.0005639834286855276,0.02032520325203252
CHAOS_0334,Co-Mn-Ni-Sr,DFT only,5,0,0.2698612339493666,0.4065040650406504
CHAOS_0335,Fe-Sr-Ti-Zn,DFT only,5,0,0.003838948405532456,0.3455284552845528
CHAOS_0336,Cu-Mg-Mn-V,DFT only,3,0,0.5016587441012346,0.7134146341463414
CHAOS_0337,Mn-Sr-V-Zn,DFT only,4,0,0.1473037260802289,0.516260162601626
CHAOS_0338,Co-Cu-Fe-Mg,DFT only,3,1,0.8904282669119872,0.959349593495935
CHAOS_0339,Fe-Mg-Ni-Sn,DFT only,2,0,0.8671301074493294,0.5995934959349594
CHAOS_0340,Co-Cu-Mn-Ni,DFT only,4,0,0.7986958623649182,0.6544715447154471
CHAOS_0341,Fe-Mg-Nb-Zn,DFT only,2,0,0.0001171655111457313,0.443089430894309
CHAOS_0342,Mg-Sr-V-Zn,DFT only,5,0,0.5054571653066308,0.5955284552845529
CHAOS_0343,Ca-Cd-Co-Sn,DFT only,3,1,0.7305525563462735,0.8577235772357723
CHAOS_0344,Cd-Mn-Ni-Sr,DFT only,4,0,0.3313419032915774,0.6097560975609756
CHAOS_0345,Ca-Nb-Sn-V,DFT only,2,0,0.1550341429763844,0.1138211382113821
CHAOS_0346,Co-Mn-Ni-Sn,DFT only,3,0,0.5801815646470878,0.4573170731707317
CHAOS_0347,Mn-Sn-V-Zn,DFT only,2,0,0.1786389029340317,0.2052845528455285
CHAOS_0348,Cd-Mn-Nb-V,DFT only,2,0,0.5723383819989282,0.1890243902439024
CHAOS_0349,Cd-Co-Fe-Mg,DFT only,4,1,0.6809288011979436,0.8455284552845529
CHAOS_0350,Sn-Sr-Ti-Zn,DFT only,4,0,0.08264640344810784,0.217479674796748
CHAOS_0351,Ca-Cd-Sn-V,DFT only,4,0,0.1447219555143039,0.274390243902439
CHAOS_0352,Cu-Mg-Mn-Zn,DFT only,2,1,0.7544611310204195,0.9044715447154471
CHAOS_0353,Cd-Mg-Sr-Ti,DFT only,2,0,0.01843318675946739,0.1951219512195122
CHAOS_0354,Co-Mn-Ni-Zn,DFT only,4,1,0.9506085116144221,0.983739837398374
CHAOS_0355,Mn-Nb-Sn-Tc,DFT only,5,0,0.4802702229027146,0.06097560975609756
CHAOS_0356,Cd-Co-Fe-Ni,DFT only,2,0,0.08562555751167852,0.6890243902439024
CHAOS_0357,Fe-Mg-Ni-Zn,DFT only,3,1,0.922497325740948,0.8861788617886179
CHAOS_0358,Mg-Mn-Sn-V,DFT only,3,0,0.007648720992793221,0.1930894308943089
CHAOS_0359,Cd-Nb-V-Zn,DFT only,3,0,0.0562827182869065,0.02642276422764228
CHAOS_0360,Ca-Cd-Co-Sr,DFT only,5,1,0.6650178475478069,0.8760162601626016
CHAOS_0361,Ca-Mg-Ni-Zn,DFT only,4,1,0.8292748024483216,0.9166666666666666
CHAOS_0362,Ca-Fe-Sr-Zn,DFT only,4,0,0.1266754490928842,0.532520325203252
CHAOS_0363,Ca-Mn-Sr-V,DFT only,5,0,0.7404993643833271,0.6219512195121951
CHAOS_0364,Mn-Nb-Sr-Zn,DFT only,5,0,0.001711333999249002,0.282520325203252
CHAOS_0365,Mg-Nb-Sr-Ti,DFT only,5,0,0.1426872438528157,0.2967479674796748
CHAOS_0366,Cd-Ni-Sr-Zn,DFT only,5,0,0.2737546572797529,0.5609756097560976
CHAOS_0367,Cd-Cu-Mn-Ni,DFT only,1,0,0.2345402709240965,0.6605691056910569
CHAOS_0368,Ca-Mn-Sn-V,DFT only,4,0,0.01278295913295113,0.3353658536585366
CHAOS_0369,Co-Cu-Fe-Mn,DFT only,4,1,0.2609973893427558,0.8434959349593496
CHAOS_0370,Ca-Cd-Ti-Zn,DFT only,2,0,0.0008869560686142914,0.3028455284552846
CHAOS_0371,Cd-Co-Ni-Sr,DFT only,5,0,0.3265079936855268,0.4715447154471545
CHAOS_0372,Ca-Co-Fe-Ni,DFT only,2,1,0.8118695001985784,0.8516260162601627
CHAOS_0373,Cd-Mn-Sr-Zn,DFT only,3,1,0.5626970720656893,0.7947154471544715
CHAOS_0374,Cd-Co-Mg-Sn,DFT only,4,0,0.5018815138648073,0.725609756097561
CHAOS_0375,Mg-Mn-Sn-Zn,DFT only,1,0,0.2257815902019052,0.5975609756097561
CHAOS_0376,Ca-Ni-Sr-Zn,DFT only,3,0,0.4030118771447368,0.5223577235772358
CHAOS_0377,Ca-Cd-Fe-Nb,DFT only,2,0,0.04871110389413681,0.25
CHAOS_0378,Co-Mg-Mn-Zn,DFT only,2,1,0.9088672206332309,1.0
CHAOS_0379,Mn-Sn-Ti-Zn,DFT only,1,0,0.6573256839189903,0.1666666666666667
CHAOS_0380,Ca-Nb-Ti-Zn,DFT only,4,0,0.1261740114707052,0.3516260162601626
CHAOS_0381,Ca-Co-Sr-Zn,DFT only,5,0,0.1425698946347476,0.6016260162601627
CHAOS_0382,Co-Sn-Sr-Zn,DFT only,2,0,0.1002613739050472,0.5711382113821138
CHAOS_0383,Ca-Cd-Nb-V,DFT only,4,0,1.358272869236721e-05,0.1361788617886179
CHAOS_0384,Ca-Sr-Ti-Zn,DFT only,5,0,0.01405922222289791,0.3333333333333333
CHAOS_0385,Cd-Mn-Ti-V,DFT only,5,0,0.002177506804460786,0.1178861788617886
CHAOS_0386,Ca-Cd-Co-Ni,DFT only,4,0,0.6826322304384674,0.7439024390243902
CHAOS_0387,Cd-Cu-Mg-Zn,DFT only,4,1,0.9042903466192364,0.9939024390243902
CHAOS_0388,Mn-Ni-Sn-Zn,DFT only,4,0,0.6875255968913196,0.5772357723577236
CHAOS_0389,Mg-Mn-Sr-Ti,DFT only,5,0,0.2061545804210218,0.3495934959349594
CHAOS_0390,Ca-Co-Mg-Ni,DFT only,5,1,0.8103378645760977,0.8821138211382114
CHAOS_0391,Co-Fe-Mg-Sr,DFT only,2,0,0.1466105409941858,0.4491869918699187
CHAOS_0392,Co-Fe-Ni-Sn,DFT only,3,0,0.335359875040627,0.6382113821138211
CHAOS_0393,Cd-Nb-Ti-Zn,DFT only,5,0,0.02196352830026253,0.04674796747967479
CHAOS_0394,Cd-Mg-Mn-Ti,DFT only,5,0,0.5087636896420463,0.290650406504065
CHAOS_0395,Nb-Sr-Ti-Zn,DFT only,5,0,0.197702984949027,0.1768292682926829
CHAOS_0396,Fe-Ni-V-Zn,DFT only,3,0,0.0237966397439121,0.3800813008130081
CHAOS_0397,Ca-Nb-Sr-Zn,DFT only,5,0,0.08949655015732723,0.2845528455284553
CHAOS_0398,Co-Fe-Mn-Sn,DFT only,4,0,0.01389915258082119,0.5934959349593496
CHAOS_0399,Nb-Sn-Tc-Ti,DFT only,5,0,0.2281113728983007,0.004065040650406504
CHAOS_0400,Cd-Mg-Nb-Ti,DFT only,3,0,0.8669569128299651,0.1239837398373984
CHAOS_0401,Ca-Cd-Ti-V,DFT only,2,0,0.2594191066236042,0.2398373983739837
CHAOS_0402,Ca-Mn-Ni-Sn,DFT only,3,0,0.413856333453883,0.5853658536585366
CHAOS_0403,Cu-Mg-Mn-Ni,DFT only,3,1,0.7445623132604234,0.7987804878048781
CHAOS_0404,Fe-Sn-Sr-Zn,DFT only,4,0,0.009179194772542757,0.4695121951219512
CHAOS_0405,Co-Fe-Mg-Zn,DFT only,4,1,0.896641796195223,0.9004065040650406
CHAOS_0406,Fe-Ni-Sr-Zn,DFT only,4,0,0.07269349024255638,0.4044715447154472
CHAOS_0407,Ca-Co-Mn-Sn,DFT only,2,1,0.5432829309778159,0.8902439024390244
CHAOS_0408,Ca-Mn-V-Zn,DFT only,2,0,0.8517136909723194,0.475609756097561
CHAOS_0409,Ca-Cd-Fe-Mn,DFT only,2,0,0.8777396222369794,0.7296747967479674
CHAOS_0410,Mn-Nb-Sn-Sr,DFT only,5,0,2.282374065655109e-05,0.1524390243902439
CHAOS_0411,Co-Fe-V-Zn,DFT only,4,0,0.7279217468273199,0.6666666666666666
CHAOS_0412,Co-Fe-Mg-Ni,DFT only,5,1,0.9217353293090012,0.9573170731707317
CHAOS_0413,Ca-Cd-Co-Zn,DFT only,3,1,0.792018002235492,0.8719512195121951
CHAOS_0414,Nb-Sn-Tc-V,DFT only,3,0,0.03419767538998507,0.002032520325203252
CHAOS_0415,Ca-Cd-Mn-Zn,DFT only,3,1,0.8773716257864179,0.9796747967479674
CHAOS_0416,Ca-Co-Mg-Zn,DFT only,5,1,0.8571799862442712,0.9349593495934959
CHAOS_0417,Cu-Fe-Ni-Zn,DFT only,2,1,0.7811226777586138,0.9695121951219512
CHAOS_0418,Cd-Mg-Nb-Sr,DFT only,5,0,0.009458546089029556,0.1869918699186992
CHAOS_0419,Ca-Nb-Sn-Zn,DFT only,2,0,0.00231080041662668,0.1483739837398374
CHAOS_0420,Ca-Fe-Ni-Zn,DFT only,2,1,0.7682127800395667,0.8617886178861789
CHAOS_0421,Co-Fe-Mg-Mn,DFT only,5,1,0.9064475223327039,0.8109756097560976
CHAOS_0422,Fe-Nb-Sr-Ti,DFT only,4,0,0.2977038913429982,0.2134146341463415
CHAOS_0423,Cd-Nb-Sn-Ti,DFT only,1,0,0.02805644778064552,0.01422764227642276
CHAOS_0424,Mn-Nb-Sr-Ti,DFT only,2,0,0.07428819501147607,0.1991869918699187
CHAOS_0425,Ca-Ti-V-Zn,DFT only,1,0,0.0646620647973258,0.4857723577235772
CHAOS_0426,Mn-Nb-V-Zn,DFT only,5,0,0.1611072209037618,0.3821138211382114
CHAOS_0427,Cd-Cu-Fe-Mn,DFT only,2,0,0.3560463937517064,0.6951219512195121
CHAOS_0428,Mg-Ni-V-Zn,DFT only,1,1,0.9821059416309031,0.9288617886178862
CHAOS_0429,Ca-Co-Fe-Sr,DFT only,5,0,0.1360027866498397,0.4654471544715447
CHAOS_0430,Ca-Fe-Ni-Sn,DFT only,1,0,0.1420465421745623,0.6808943089430894
CHAOS_0431,Fe-Mg-Mn-Zn,DFT only,3,1,0.9078347579975072,0.7560975609756098
CHAOS_0432,Ca-Fe-Mg-Nb,DFT only,3,0,0.3991948083434573,0.5040650406504065
CHAOS_0433,Ca-Cd-Ni-Zn,DFT only,1,1,0.6523672104884477,0.8252032520325203
CHAOS_0434,Cu-Fe-Mg-Mn,DFT only,1,1,0.6373589480071633,0.9817073170731707
CHAOS_0435,Mn-Ti-V-Zn,DFT only,1,0,0.00754535365236142,0.4471544715447154
CHAOS_0436,Cd-Cu-Ni-Zn,DFT only,1,1,0.7395458821705718,0.7865853658536586
CHAOS_0437,Cd-Sn-Sr-Ti,DFT only,4,0,0.5226969161405394,0.2032520325203252
CHAOS_0438,Cd-Nb-Sn-V,DFT only,2,0,0.000109745558308049,0.01016260162601626
CHAOS_0439,Cd-Fe-Mg-Mn,DFT only,5,1,0.8806341168834699,0.9247967479674797
CHAOS_0440,Cd-Mg-Mn-Sr,DFT only,4,1,0.5383672342960816,0.8089430894308943
CHAOS_0441,Co-Mn-Ni-V,DFT only,4,0,0.8757080543370012,0.5101626016260162
CHAOS_0442,Ca-Co-Sn-Zn,DFT only,4,1,0.3532526062827901,0.8475609756097561
CHAOS_0443,Co-Cu-Sn-Zn,DFT only,3,0,0.01627928863803569,0.6524390243902439
CHAOS_0444,Mg-Sr-Ti-V,DFT only,5,0,0.6032533487079208,0.3902439024390244
CHAOS_0445,Ca-Cd-Sn-Ti,DFT only,3,0,0.1691549970120715,0.1808943089430894
CHAOS_0446,Ca-Fe-Mg-Mn,DFT only,5,1,0.8867235544830449,0.9186991869918699
CHAOS_0447,Cd-Fe-Sn-Sr,DFT only,1,0,0.2269837813259128,0.733739837398374
CHAOS_0448,Ca-Fe-Mn-Ni,DFT only,3,1,0.8111924943742651,0.9451219512195121
CHAOS_0449,Mg-Ti-V-Zn,DFT only,1,0,0.02661687650202595,0.7357723577235772
CHAOS_0450,Nb-Ti-V-Zn,DFT only,1,0,0.3102336922036806,0.3658536585365854
CHAOS_0451,Ca-Mg-Sn-Sr,DFT only,3,0,0.5421221797544974,0.7276422764227642
CHAOS_0452,Cd-Co-Fe-Mn,DFT only,4,1,0.771278334438468,0.8780487804878049
CHAOS_0453,Ca-Sn-V-Zn,DFT only,2,0,0.005888219595233373,0.2703252032520325
CHAOS_0454,Mg-Mn-Ni-Sr,DFT only,4,0,0.3807607835329249,0.5203252032520326
CHAOS_0455,Ca-Cd-Fe-Zn,DFT only,5,0,0.6245868226919515,0.7012195121951219
CHAOS_0456,Co-Fe-Ni-Zn,DFT only,4,1,0.8994678128595146,0.9146341463414634
CHAOS_0457,Ca-Cd-Ni-Sr,DFT only,5,1,0.6820932685890326,0.8313008130081301
CHAOS_0458,Cd-Fe-Mn-Zn,DFT only,1,1,0.8657450448175492,0.926829268292683
CHAOS_0459,Mg-Mn-Nb-V,DFT only,3,0,0.3169158831298906,0.3739837398373984
CHAOS_0460,Fe-Nb-Sn-Ti,DFT only,2,0,0.0108834735816629,0.006097560975609756
CHAOS_0461,Mn-Ni-Sn-Sr,DFT only,1,0,0.1009525378403186,0.5121951219512195
CHAOS_0462,Co-Cu-Fe-Sn,DFT only,4,0,0.002907311973068249,0.3638211382113821
CHAOS_0463,Mg-Sn-Sr-Zn,DFT only,4,0,0.07819462350887041,0.5345528455284553
CHAOS_0464,Fe-Mg-Sn-Zn,DFT only,1,0,0.03507017943548763,0.6199186991869918
CHAOS_0465,Ca-Mn-Sn-Sr,DFT only,3,0,0.5712703763606509,0.2804878048780488
CHAOS_0466,Cu-Ni-Ti-Zn,DFT only,1,0,0.0001269104095843183,0.3861788617886179
CHAOS_0467,Ca-Fe-Ti-Zn,DFT only,5,0,0.3625005821858536,0.6686991869918699
CHAOS_0468,Mg-Nb-Sn-V,DFT only,1,0,0.0005141429053743828,0.1077235772357724
CHAOS_0469,Ca-Nb-V-Zn,DFT only,3,0,0.2125799044134214,0.3373983739837398
CHAOS_0470,Cd-Co-Mg-Mn,DFT only,3,1,0.8686174215130958,0.9308943089430894
CHAOS_0471,Cd-Sn-V-Zn,DFT only,4,0,0.04792621112235237,0.2560975609756098
CHAOS_0472,Cd-Sn-Ti-Zn,DFT only,4,0,0.2915466144214515,0.09349593495934959
CHAOS_0473,Sr-Ti-V-Zn,DFT only,3,0,0.03045056210409498,0.2621951219512195
CHAOS_0474,Mg-Mn-Ti-Zn,DFT only,1,0,0.4607137206981189,0.6138211382113821
CHAOS_0475,Cd-Fe-Ni-Zn,DFT only,3,1,0.367037583562506,0.7926829268292683
CHAOS_0476,Ca-Cd-Mn-Ti,DFT only,4,0,0.8172359574634236,0.3617886178861789
CHAOS_0477,Ca-Sr-V-Zn,DFT only,2,0,0.2915736826378293,0.3719512195121951
CHAOS_0478,Co-Cu-Mn-V,DFT only,2,0,0.2461932107444977,0.6300813008130082
CHAOS_0479,Ca-Cd-Ni-Sn,DFT only,5,1,0.789244695263961,0.9410569105691057
CHAOS_0480,Co-Fe-Mn-Sr,DFT only,4,0,0.1225814528113114,0.4898373983739837
CHAOS_0481,Cd-Mn-Sn-Zn,DFT only,1,0,0.6333333268424002,0.6077235772357723
CHAOS_0482,Cd-Fe-Mg-Ti,DFT only,3,0,0.5446658413907822,0.306910569105691
CHAOS_0483,Ca-Co-Fe-Mg,DFT only,5,0,0.8418171298160985,0.7479674796747967
CHAOS_0484,Cd-Nb-Sn-Sr,DFT only,3,0,0.1439843410412132,0.09146341463414634
CHAOS_0485,Mn-Nb-Sr-V,DFT only,2,0,0.4511949882398567,0.3292682926829268
CHAOS_0486,Ca-Cd-Mn-Nb,DFT only,4,0,0.5441093570887989,0.2642276422764228
CHAOS_0487,Ca-Ni-Sn-Zn,DFT only,1,1,0.4701885897060464,0.8658536585365854
CHAOS_0488,Fe-Ni-Sn-Sr,DFT only,3,0,0.0007533477810517789,0.4552845528455284
CHAOS_0489,Ca-Cd-Fe-Ti,DFT only,1,0,0.1570807245909343,0.3963414634146342
CHAOS_0490,Ca-Cd-Sr-Zn,DFT only,4,1,0.6761031685682796,0.9329268292682927
CHAOS_0491,Co-Cu-Fe-Zn,DFT only,3,1,0.6907273586265928,0.967479674796748
CHAOS_0492,Cd-Fe-Mn-Sn,DFT only,1,0,0.2051229726908171,0.4735772357723577
CHAOS_0493,Cu-Mn-Ni-Zn,DFT only,5,1,0.7789215378938223,0.9491869918699187
CHAOS_0001,Ca-Cd-Co-Fe,Chemistry only,1,1,0.9272611133132029,0.774390243902439
CHAOS_0002,Ca-Fe-Mn-Zn,Chemistry only,3,0,0.5466161956734145,0.6321138211382114
CHAOS_0003,Co-Mg-Mn-Sr,Chemistry only,4,0,0.06801916036201625,0.4369918699186992
CHAOS_0004,Co-Mg-Mn-Ni,Chemistry only,2,1,0.9917656774167013,0.8048780487804879
CHAOS_0005,Fe-Mg-Mn-Sr,Chemistry only,2,0,0.06151585256543882,0.6646341463414634
CHAOS_0006,Mg-Sn-Sr-Ti,Chemistry only,1,0,0.03617647727785248,0.209349593495935
CHAOS_0007,Ca-Ni-Sn-Sr,Chemistry only,5,0,0.7254653598228631,0.6971544715447154
CHAOS_0008,Cu-Fe-Mn-V,Chemistry only,2,0,0.4506805684131124,0.3434959349593496
CHAOS_0009,Co-Mg-Sn-Zn,Chemistry only,2,1,0.7609434890686022,0.7804878048780488
CHAOS_0010,Cd-Fe-Ti-Zn,Chemistry only,5,0,0.6223972101153384,0.2723577235772358
CHAOS_0011,Ca-Nb-Ti-V,Chemistry only,2,0,0.5615627530582988,0.4878048780487805
CHAOS_0012,Mg-Nb-Sr-V,Chemistry only,4,0,0.03575811711959825,0.225609756097561
CHAOS_0013,Ca-Mn-Sn-Zn,Chemistry only,4,1,0.3230399476738733,0.8028455284552846
CHAOS_0014,Ca-Fe-Mg-Sn,Chemistry only,3,1,0.5241431064910334,0.7540650406504065
CHAOS_0015,Cd-Mg-Sr-V,Chemistry only,1,0,0.06085785397391904,0.4004065040650406
CHAOS_0016,Ca-Mg-Mn-Nb,Chemistry only,3,0,0.08651933326822912,0.3109756097560976
CHAOS_0017,Ca-Cd-Mg-Nb,Chemistry only,1,0,0.3731463331274213,0.2682926829268293
CHAOS_0018,Ca-Mg-Ni-Sr,Chemistry only,3,0,0.3381593322741286,0.6626016260162602
CHAOS_0019,Ca-Co-Fe-Zn,Chemistry only,4,1,0.8277204962988063,0.806910569105691
CHAOS_0020,Cd-Cu-Mg-Mn,Chemistry only,3,1,0.9220279044871934,0.782520325203252
CHAOS_0021,Nb-Sn-Sr-V,Chemistry only,2,0,0.04573353865363899,0.05691056910569105
CHAOS_0022,Cd-Sr-Ti-V,Chemistry only,5,0,0.07109608480087727,0.1443089430894309
CHAOS_0023,Ca-Cd-Mn-Sr,Chemistry only,5,1,0.2903645141033305,0.975609756097561
CHAOS_0024,Co-Cu-Mg-Mn,Chemistry only,5,1,0.9609666912878363,0.9735772357723578
CHAOS_0025,Cd-Cu-Fe-Zn,Chemistry only,1,1,0.8752972615621051,0.9105691056910569
CHAOS_0026,Ca-Co-Mn-Sr,Chemistry only,5,0,0.3632189966088527,0.4776422764227642
CHAOS_0027,Cd-Co-Fe-Sr,Chemistry only,2,0,0.4749881042044025,0.5060975609756098
CHAOS_0028,Cd-Co-Sr-Zn,Chemistry only,5,0,0.5729065097888707,0.6463414634146342
CHAOS_0029,Ca-Mg-Nb-Sn,Chemistry only,3,0,0.3749813550767686,0.233739837398374
CHAOS_0030,Cd-Mn-Sn-V,Chemistry only,3,0,0.07098939040585371,0.2459349593495935
CHAOS_0031,Mg-Ni-Sr-Zn,Chemistry only,4,0,0.09021631891486044,0.459349593495935
CHAOS_0032,Cd-Mn-Ni-Zn,Chemistry only,2,1,0.954644248084254,0.9126016260162602
CHAOS_0033,Cd-Mn-Sr-V,Chemistry only,4,0,0.07588658482444599,0.4247967479674797
CHAOS_0034,Cu-Fe-Sn-Zn,Chemistry only,5,1,0.4213669203517933,0.7764227642276422
CHAOS_0035,Ca-Mg-Mn-Ni,Chemistry only,2,1,0.6783491923054235,0.9390243902439024
CHAOS_0036,Ca-Cd-Fe-Ni,Chemistry only,1,0,0.940798663826992,0.7317073170731707
CHAOS_0037,Ca-Mg-Nb-Zn,Chemistry only,2,0,0.1779239724860036,0.5
CHAOS_0038,Nb-Tc-Ti-V,Chemistry only,2,0,0.7797515360287286,0.1565040650406504
CHAOS_0039,Ca-Cu-Mg-Mn,Chemistry only,4,1,0.5570196744002167,0.766260162601626
CHAOS_0040,Co-Mg-Mn-Sn,Chemistry only,2,0,0.6804042548626449,0.5752032520325203
CHAOS_0041,Co-Mg-Ni-Sn,Chemistry only,1,1,0.5901143371357102,0.8536585365853658
CHAOS_0042,Cd-Co-Mg-Sr,Chemistry only,2,0,0.3555532598661937,0.6910569105691057
CHAOS_0043,Cd-Mg-Nb-Sn,Chemistry only,5,0,0.1037124238868466,0.03048780487804878
CHAOS_0044,Ca-Mn-Nb-Sr,Chemistry only,3,0,0.08067221639890766,0.4126016260162602
CHAOS_0045,Mg-Sn-Ti-V,Chemistry only,2,0,0.04211821240097962,0.08943089430894309
CHAOS_0046,Cd-Fe-Sr-Ti,Chemistry only,3,0,0.1869871817409297,0.1219512195121951
CHAOS_0047,Ca-Cd-Sn-Zn,Chemistry only,4,1,0.761792335243769,0.8292682926829268
CHAOS_0048,Cd-Co-Sn-Zn,Chemistry only,5,0,0.2775007128473307,0.7215447154471545
CHAOS_0049,Cu-Mn-V-Zn,Chemistry only,1,0,0.3236512898825136,0.7459349593495935
CHAOS_0050,Cd-Ni-Sn-Zn,Chemistry only,5,0,0.4118316116534808,0.6849593495934959
CHAOS_0051,Ca-Mg-Mn-Sn,Chemistry only,1,0,0.297069685470963,0.5548780487804879
CHAOS_0052,Co-Cu-Mg-Ni,Chemistry only,1,1,0.9754480780986535,0.8394308943089431
CHAOS_0053,Fe-Mn-Sn-Zn,Chemistry only,3,0,0.3469091218488833,0.540650406504065
CHAOS_0054,Ca-Mn-Nb-Zn,Chemistry only,1,0,0.2798299705630009,0.4166666666666667
CHAOS_0055,Ca-Mg-Ti-V,Chemistry only,5,1,0.01212378059247949,0.8353658536585366
CHAOS_0056,Mn-Nb-Ti-Zn,Chemistry only,5,0,0.05345430990057878,0.1321138211382114
CHAOS_0057,Cd-Fe-Nb-Ti,Chemistry only,3,0,0.03707871144301504,0.08130081300813008
CHAOS_0058,Nb-Sn-Sr-Ti,Chemistry only,1,0,0.07474260968072677,0.0508130081300813
CHAOS_0059,Cu-Nb-Sn-Tc,Chemistry only,2,0,0.2871790682588682,0.04471544715447155
CHAOS_0060,Mg-Mn-Nb-Sr,Chemistry only,5,0,0.005940363801826749,0.3556910569105691
CHAOS_0061,Cu-Mn-Sn-Zn,Chemistry only,3,0,0.6724384331869955,0.5833333333333334
CHAOS_0062,Ca-Mn-Sr-Ti,Chemistry only,1,0,0.04139552422897353,0.201219512195122
CHAOS_0063,Cd-Co-Mg-Zn,Chemistry only,1,1,0.8268549964720469,0.8963414634146342
CHAOS_0064,Co-Mg-Mn-V,Chemistry only,5,1,0.524375022322731,0.9776422764227642
CHAOS_0065,Co-Fe-Mn-Zn,Chemistry only,2,1,0.9145464509507665,0.9979674796747967
CHAOS_0066,Cd-Mg-Sn-Sr,Chemistry only,4,1,0.1244961660341382,0.7845528455284553
CHAOS_0067,Cu-Mg-Ni-Zn,Chemistry only,1,1,0.998046635969255,0.943089430894309
CHAOS_0068,Ca-Cd-Mg-Zn,Chemistry only,2,1,0.5349483388210273,0.9024390243902439
CHAOS_0069,Co-Mg-Sn-Sr,Chemistry only,2,0,0.1574855313072955,0.5589430894308943
CHAOS_0070,Cd-Mg-Ti-V,Chemistry only,5,0,0.7122399793964515,0.2317073170731707
CHAOS_0071,Mg-Nb-V-Zn,Chemistry only,1,0,0.05270221230139602,0.3313008130081301
CHAOS_0072,Cu-Nb-Sn-Ti,Chemistry only,1,0,0.159333591602262,0.05894308943089431
CHAOS_0073,Cd-Mn-V-Zn,Chemistry only,4,0,0.4143147525079016,0.4349593495934959
CHAOS_0074,Co-Mn-Sn-Sr,Chemistry only,1,0,0.09261697023997115,0.5304878048780488
CHAOS_0075,Ca-Cd-V-Zn,Chemistry only,2,1,0.5114096523991379,0.790650406504065
CHAOS_0076,Mg-Mn-Nb-Sn,Chemistry only,1,0,0.03117675885540196,0.02845528455284553
CHAOS_0077,Ca-Fe-Sn-Sr,Chemistry only,4,0,0.1973267845753357,0.5447154471544715
CHAOS_0078,Cd-Co-Mn-Zn,Chemistry only,3,1,0.9186284096993514,0.9471544715447154
CHAOS_0079,Co-Mn-Sn-Zn,Chemistry only,1,1,0.5491545229145312,0.7520325203252033
CHAOS_0080,Ca-Fe-Nb-Sn,Chemistry only,1,0,0.3212306588692433,0.1829268292682927
CHAOS_0081,Mn-Sn-Sr-Zn,Chemistry only,2,0,0.07165265103667719,0.6158536585365854
CHAOS_0082,Cd-Co-Fe-Zn,Chemistry only,1,1,0.8791923384636352,0.823170731707317
CHAOS_0083,Cd-Mg-Ni-Zn,Chemistry only,2,1,0.9601411722140281,0.8800813008130082
CHAOS_0084,Mn-Nb-Sn-Ti,Chemistry only,4,0,0.0008217571575882093,0.0
CHAOS_0085,Ca-Cd-Mg-Sr,Chemistry only,5,1,0.1005925506475867,0.9207317073170732
CHAOS_0086,Ca-Cd-Mn-Sn,Chemistry only,3,0,0.7059943823372512,0.5284552845528455
CHAOS_0087,Cd-Sn-Sr-Zn,Chemistry only,4,0,0.1714189075732105,0.7113821138211383
CHAOS_0088,Cd-Mn-Ni-Sn,Chemistry only,4,0,0.5940667755485975,0.5894308943089431
CHAOS_0089,Nb-Sn-Ti-V,Chemistry only,2,0,0.02377404207602083,0.03455284552845529
CHAOS_0090,Ca-Fe-Nb-Sr,Chemistry only,4,0,0.4447081081265507,0.2947154471544716
CHAOS_0091,Cd-Ti-V-Zn,Chemistry only,1,0,0.1640526673022965,0.08739837398373984
CHAOS_0092,Sn-Sr-Ti-V,Chemistry only,1,0,0.03709335892943918,0.1463414634146341
CHAOS_0093,Ca-Cd-Mg-V,Chemistry only,4,0,0.3959237437508528,0.7052845528455285
CHAOS_0094,Mg-Mn-V-Zn,Chemistry only,1,0,0.3985770705931275,0.4207317073170732
CHAOS_0095,Cd-Co-Mg-Ni,Chemistry only,4,1,0.9333123231844745,0.8333333333333334
CHAOS_0096,Fe-Mg-Sr-Zn,Chemistry only,5,0,0.06705431030048851,0.6239837398373984
CHAOS_0097,Co-Fe-Sn-Sr,Chemistry only,3,0,0.09801961116115646,0.3922764227642276
CHAOS_0098,Cd-Fe-Mg-Sr,Chemistry only,3,0,0.1722587493960339,0.6361788617886179
CHAOS_0099,Sn-Ti-V-Zn,Chemistry only,2,0,0.1548448523076069,0.05487804878048781
CHAOS_0100,Cd-Fe-Mg-Ni,Chemistry only,3,1,0.9550836832677438,0.8191056910569106
CHAOS_0101,Ca-Fe-Mg-Ni,Chemistry only,3,1,0.8330265226199992,0.8211382113821138
CHAOS_0102,Mg-Mn-Sn-Ti,Chemistry only,1,0,0.1247982555503517,0.1097560975609756
CHAOS_0103,Ca-Mg-Sn-Zn,Chemistry only,1,1,0.4786248999772601,0.7703252032520326
CHAOS_0104,Ca-Fe-Mg-Ti,Chemistry only,1,0,0.2597799669137509,0.3597560975609756
CHAOS_0105,Sn-Tc-Ti-V,Chemistry only,1,0,0.07477728818684512,0.008130081300813009
CHAOS_0106,Cd-Mn-Nb-Zn,Chemistry only,3,0,0.0850383998133432,0.1747967479674797
CHAOS_0107,Cd-Sn-Ti-V,Chemistry only,5,0,0.6692843808756317,0.02235772357723577
CHAOS_0108,Cd-Mg-Sn-Ti,Chemistry only,5,0,0.9766150777927134,0.06300813008130081
CHAOS_0109,Mg-Mn-Sr-V,Chemistry only,2,0,0.02008356827985122,0.3150406504065041
CHAOS_0110,Cd-Fe-Nb-Zn,Chemistry only,4,0,0.12301739513839,0.1707317073170732
CHAOS_0111,Ca-Co-Ni-Sr,Chemistry only,2,0,0.7793626310147236,0.4288617886178862
CHAOS_0112,Ca-Cd-Nb-Ti,Chemistry only,3,0,0.5532370265348818,0.1544715447154472
CHAOS_0113,Cd-Mg-Ni-Sn,Chemistry only,5,1,0.6491360862870269,0.8597560975609756
CHAOS_0114,Cu-Fe-Mg-Ni,Chemistry only,1,1,0.9853110273143267,0.8678861788617886
CHAOS_0115,Ca-Cu-Mg-Zn,Chemistry only,2,1,0.676496637518989,0.9898373983739838
CHAOS_0116,Cd-Mg-Ti-Zn,Chemistry only,2,0,0.2148990544421092,0.2601626016260163
CHAOS_0117,Cd-Fe-Mg-Nb,Chemistry only,2,0,0.06135533026393192,0.1036585365853658
CHAOS_0118,Cu-Fe-V-Zn,Chemistry only,1,0,0.381090781099147,0.3130081300813008
CHAOS_0119,Ca-Mn-Nb-Ti,Chemistry only,3,0,0.006745852038949383,0.2357723577235772
CHAOS_0120,Co-Fe-Ni-Sr,Chemistry only,4,0,0.3196728571810465,0.3699186991869919
CHAOS_0121,Ca-Fe-Mn-Sn,Chemistry only,4,1,0.164723763102721,0.7967479674796748
CHAOS_0122,Ca-Cd-Nb-Zn,Chemistry only,3,0,0.5615301501993865,0.2195121951219512
CHAOS_0123,Ni-Sn-Sr-Zn,Chemistry only,5,0,0.3411618705161468,0.4939024390243902
CHAOS_0124,Ca-Co-Mg-Sn,Chemistry only,4,1,0.5239495603638255,0.8638211382113821
CHAOS_0125,Ca-Mg-Mn-Sr,Chemistry only,4,0,0.0224703446525421,0.5650406504065041
CHAOS_0126,Co-Fe-Mn-Ni,Chemistry only,2,1,0.9987487056977857,0.9512195121951219
CHAOS_0127,Cd-Mn-Nb-Ti,Chemistry only,3,0,0.01616772375965108,0.01219512195121951
CHAOS_0128,Nb-Sn-Tc-Zn,Chemistry only,5,0,0.09345403167228751,0.0426829268292683
CHAOS_0129,Fe-Nb-Sn-V,Chemistry only,2,0,0.01190829158959788,0.04065040650406504
CHAOS_0130,Ca-Fe-Sr-Ti,Chemistry only,2,0,0.2131429005200436,0.4186991869918699
CHAOS_0131,Mg-Sn-Ti-Zn,Chemistry only,3,0,0.4285197884409636,0.0975609756097561
CHAOS_0132,Ca-Fe-Ni-Sr,Chemistry only,5,0,0.6891266798711951,0.4085365853658536
CHAOS_0133,Cd-Nb-Sr-Ti,Chemistry only,2,0,0.1774576869190142,0.08333333333333333
CHAOS_0134,Fe-Mg-Sn-Sr,Chemistry only,5,0,0.06297788964057381,0.483739837398374
CHAOS_0135,Cd-Co-Ni-Sn,Chemistry only,5,0,0.1660716025038851,0.5467479674796748
CHAOS_0136,Mg-Nb-Sr-Zn,Chemistry only,2,0,0.03528302542599131,0.258130081300813
CHAOS_0137,Cd-Fe-Sn-Zn,Chemistry only,5,0,0.3879042877793707,0.6178861788617886
CHAOS_0138,Cd-Mg-Sn-V,Chemistry only,4,0,0.01721439676457811,0.1788617886178862
CHAOS_0139,Mn-Ni-V-Zn,Chemistry only,2,0,0.4006163251572152,0.5873983739837398
CHAOS_0140,Cd-Mg-Sr-Zn,Chemistry only,5,0,0.1017303951013839,0.7195121951219512
CHAOS_0141,Nb-Ni-Sn-Ti,Chemistry only,2,0,0.2086731552558969,0.01829268292682927
CHAOS_0142,Cd-Co-Ni-Zn,Chemistry only,4,1,0.7988171987334108,0.8373983739837398
CHAOS_0143,Mg-Sn-V-Zn,Chemistry only,2,0,0.1883559002562311,0.2378048780487805
CHAOS_0144,Ca-Fe-Mg-Zn,Chemistry only,1,0,0.5109576210090105,0.741869918699187
CHAOS_0145,Ca-Cd-Fe-Sn,Chemistry only,3,1,0.8029215350569965,0.7723577235772358
CHAOS_0146,Ca-Mn-Nb-V,Chemistry only,1,0,0.07638380852867312,0.3272357723577236
CHAOS_0147,Cd-Fe-Ni-Sr,Chemistry only,5,0,0.630370769433882,0.4410569105691057
CHAOS_0148,Ca-Mg-Nb-Ti,Chemistry only,1,0,0.08643141669645765,0.4268292682926829
CHAOS_0149,Ca-Co-Mg-Sr,Chemistry only,1,0,0.3180441231920402,0.7073170731707317
CHAOS_0150,Mg-Sr-Ti-Zn,Chemistry only,5,0,0.01111416547679681,0.298780487804878
CHAOS_0151,Cd-Mg-Mn-Nb,Chemistry only,5,0,0.02626143687409648,0.1280487804878049
CHAOS_0152,Fe-Mn-Sr-Zn,Chemistry only,1,0,0.0751227574816328,0.6707317073170732
CHAOS_0153,Cd-Fe-Mg-Zn,Chemistry only,1,1,0.8327713566709233,0.8943089430894309
CHAOS_0154,Ca-Mn-Ni-Sr,Chemistry only,5,0,0.4552317820541041,0.4329268292682927
CHAOS_0155,Cd-Mn-Nb-Sr,Chemistry only,4,0,0.1354818889402693,0.1910569105691057
CHAOS_0156,Cd-Cu-Fe-Mg,Chemistry only,2,1,0.9077455432160997,0.7642276422764228
CHAOS_0157,Ca-Sn-Ti-V,Chemistry only,5,0,0.161044847583262,0.1849593495934959
CHAOS_0158,Fe-Mg-Mn-Ni,Chemistry only,3,1,0.9765088105406148,0.9878048780487805
CHAOS_0159,Cd-Fe-Ni-Sn,Chemistry only,3,0,0.2063656702629415,0.5813008130081301
CHAOS_0160,Cd-Mg-V-Zn,Chemistry only,4,0,0.2834380379764272,0.5365853658536586
CHAOS_0161,Ca-Mg-Mn-Ti,Chemistry only,1,0,0.08619430911588527,0.3536585365853658
CHAOS_0162,Co-Cu-Fe-Ni,Chemistry only,2,1,0.02096409007054258,0.8983739837398373
CHAOS_0163,Ca-Cd-Nb-Sn,Chemistry only,3,0,0.7922124082967466,0.07317073170731707
CHAOS_0164,Fe-Mg-Nb-Sn,Chemistry only,1,0,0.02923184415926124,0.1300813008130081
CHAOS_0165,Cu-Mg-V-Zn,Chemistry only,5,1,0.6530111227711481,0.8414634146341463
CHAOS_0166,Fe-Mg-Nb-Sr,Chemistry only,5,0,0.02085994386063417,0.2865853658536585
CHAOS_0167,Ca-Sn-Sr-Ti,Chemistry only,4,0,0.1423725345560997,0.3089430894308943
CHAOS_0168,Cd-Mg-Sn-Zn,Chemistry only,2,1,0.444677202502722,0.75
CHAOS_0169,Ca-Cd-Nb-Sr,Chemistry only,4,0,0.7630167515872326,0.2520325203252032
CHAOS_0170,Cd-Fe-Sn-Ti,Chemistry only,4,0,0.06787525810569502,0.1727642276422764
CHAOS_0171,Fe-Nb-Sn-Zn,Chemistry only,3,0,0.03652391528723419,0.1341463414634146
CHAOS_0172,Cu-Nb-Sn-V,Chemistry only,2,0,0.08908054984447301,0.03861788617886179
CHAOS_0173,Cd-Nb-Ti-V,Chemistry only,1,0,0.02849707448070521,0.09552845528455285
CHAOS_0174,Cd-Fe-Mn-Ni,Chemistry only,3,1,0.9779380813948199,0.7601626016260162
CHAOS_0175,Ca-Fe-Sn-Ti,Chemistry only,5,0,0.2954756345377956,0.2235772357723577
CHAOS_0176,Ca-Cd-Mg-Ni,Chemistry only,4,1,0.8989650738572439,0.7886178861788617
CHAOS_0177,Ca-Mg-Nb-Sr,Chemistry only,5,0,0.008833749102887643,0.5914634146341463
CHAOS_0178,Mg-Ni-Sn-Zn,Chemistry only,1,1,0.8153835820156385,0.8170731707317073
CHAOS_0179,Mg-Mn-Sn-Sr,Chemistry only,3,0,0.0253785470676135,0.508130081300813
CHAOS_0180,Fe-Mg-Ni-Sr,Chemistry only,3,0,0.1810525499545459,0.4105691056910569
CHAOS_0181,Ca-Mg-Mn-V,Chemistry only,4,0,0.1094263195300999,0.4817073170731707
CHAOS_0182,Co-Cu-Fe-V,Chemistry only,2,0,0.09015938609949739,0.4634146341463415
CHAOS_0183,Ca-Co-Sn-Sr,Chemistry only,5,0,0.6505365019543182,0.6788617886178862
CHAOS_0184,Fe-Mn-Ni-Zn,Chemistry only,3,1,0.9086906501503029,0.9959349593495935
CHAOS_0185,Ca-Co-Mg-Mn,Chemistry only,3,1,0.6203446068734417,0.9654471544715447
CHAOS_0186,Ca-Nb-Sn-Ti,Chemistry only,1,0,0.3068710063793975,0.1504065040650407
CHAOS_0187,Ca-Cd-Sr-V,Chemistry only,2,0,0.3608669421334125,0.6422764227642277
CHAOS_0188,Ca-Mg-Sn-Ti,Chemistry only,3,0,0.3389021508849845,0.2439024390243902
CHAOS_0189,Mn-Nb-Ti-V,Chemistry only,3,0,1.772027280629557e-06,0.4959349593495935
CHAOS_0190,Ca-Mg-Ni-Sn,Chemistry only,2,1,0.6929038664799725,0.8556910569105691
CHAOS_0191,Cd-Cu-V-Zn,Chemistry only,5,0,0.6350667604770152,0.5792682926829268
CHAOS_0192,Cd-Mg-Nb-Zn,Chemistry only,1,0,0.09076777759376196,0.1585365853658537
CHAOS_0193,Cd-Co-Fe-Sn,Chemistry only,3,0,0.1248873615059975,0.6036585365853658
CHAOS_0194,Nb-Sr-Tc-Ti,Chemistry only,1,0,0.2870183845093447,0.1646341463414634
CHAOS_0195,Cu-Nb-Sn-Sr,Chemistry only,1,0,0.1922018968917513,0.1056910569105691
CHAOS_0196,Ca-Cd-Mg-Ti,Chemistry only,5,0,0.1409473175689379,0.3394308943089431
CHAOS_0197,Ca-Nb-Sr-V,Chemistry only,1,0,0.2614318785734364,0.3008130081300813
CHAOS_0198,Cd-Fe-Nb-Sn,Chemistry only,3,0,0.01925836087334952,0.06910569105691057
CHAOS_0199,Co-Mg-Ni-Sr,Chemistry only,3,0,0.254954213730367,0.3943089430894309
CHAOS_0200,Co-Mn-Sr-Zn,Chemistry only,2,0,0.1521352100472735,0.6483739837398373
CHAOS_0201,Ca-Mn-Ti-V,Chemistry only,3,0,0.04599312137873891,0.4024390243902439
CHAOS_0202,Ca-Cd-Co-Mg,Chemistry only,2,1,0.8319950267463594,0.8495934959349594
CHAOS_0203,Mn-Sr-Ti-V,Chemistry only,4,0,0.01922727559103633,0.3211382113821138
CHAOS_0204,Cd-Sr-Ti-Zn,Chemistry only,1,0,0.1162160369472629,0.241869918699187
CHAOS_0205,Fe-Ni-Sn-Zn,Chemistry only,4,0,0.6010841673774608,0.5386178861788617
CHAOS_0206,Ca-Nb-Sn-Sr,Chemistry only,4,0,0.333220000989484,0.1686991869918699
CHAOS_0207,Cd-Mg-Nb-V,Chemistry only,4,0,0.03592605516450934,0.1260162601626016
CHAOS_0208,Fe-Nb-Sn-Sr,Chemistry only,1,0,0.07978542109938229,0.1422764227642276
CHAOS_0209,Ca-Cu-Mg-V,Chemistry only,2,0,0.5053693693815344,0.573170731707317
CHAOS_0210,Ca-Fe-Mg-Sr,Chemistry only,1,0,0.1440959463573258,0.6565040650406504
CHAOS_0211,Ca-Sn-Sr-Zn,Chemistry only,1,0,0.3225334466602533,0.6747967479674797
CHAOS_0212,Cd-Mn-Sr-Ti,Chemistry only,1,0,0.09679628864308495,0.266260162601626
CHAOS_0213,Mn-Ni-Sr-Zn,Chemistry only,5,0,0.2877520453654741,0.5264227642276422
CHAOS_0214,Cd-Sr-V-Zn,Chemistry only,1,0,0.1115956927377051,0.491869918699187
CHAOS_0215,Co-Fe-Mg-Sn,Chemistry only,5,0,0.5828598766517387,0.709349593495935
CHAOS_0216,Cu-Sn-Ti-V,Chemistry only,3,0,0.2011309452983553,0.06504065040650407
CHAOS_0217,Ca-Mn-Sr-Zn,Chemistry only,1,0,0.09708047279652908,0.6991869918699187
CHAOS_0218,Mg-Nb-Ti-V,Chemistry only,2,0,0.01572082290802518,0.4451219512195122
CHAOS_0219,Ca-Cd-Mn-Ni,Chemistry only,2,1,0.8841634939890465,0.8922764227642277
CHAOS_0220,Co-Fe-Sn-Zn,Chemistry only,5,0,0.3344934451188653,0.6402439024390244
CHAOS_0221,Mg-Nb-Sn-Sr,Chemistry only,4,0,0.02550484433715732,0.1626016260162602
CHAOS_0222,Cd-Fe-Sr-Zn,Chemistry only,1,0,0.2793387903396409,0.6280487804878049
CHAOS_0223,Ca-Fe-Sn-Zn,Chemistry only,4,0,0.4814512091449648,0.7398373983739838
CHAOS_0224,Mg-Nb-Ti-Zn,Chemistry only,3,0,0.05111309131658313,0.3414634146341464
CHAOS_0225,Ca-Cd-Mg-Mn,Chemistry only,1,1,0.4723803254790017,0.8008130081300813
CHAOS_0226,Nb-Sn-Sr-Zn,Chemistry only,1,0,0.08054181212728108,0.1382113821138211
CHAOS_0227,Ca-Mg-Sn-V,Chemistry only,1,0,0.2331905727930697,0.3841463414634146
CHAOS_0228,Ca-Cd-Fe-Mg,Chemistry only,1,0,0.7107941459405013,0.676829268292683
CHAOS_0229,Ca-Cu-Mn-V,Chemistry only,2,0,0.5604623331433177,0.4390243902439024
CHAOS_0230,Ca-Mg-Sr-Zn,Chemistry only,3,1,0.02211494173232385,0.7682926829268293
CHAOS_0231,Cd-Co-Sn-Sr,Chemistry only,1,0,0.4092458162912962,0.693089430894309
CHAOS_0232,Mg-Nb-Sn-Ti,Chemistry only,3,0,0.0594061069439026,0.05284552845528456
CHAOS_0233,Cd-Mg-Mn-Ni,Chemistry only,2,1,0.9676488765154316,0.8841463414634146
CHAOS_0234,Mg-Mn-Ni-Sn,Chemistry only,1,0,0.8138140020066936,0.4796747967479675
CHAOS_0235,Cd-Nb-Sn-Zn,Chemistry only,2,0,0.04740669572347872,0.07113821138211382
CHAOS_0236,Cd-Co-Mn-Ni,Chemistry only,2,0,0.9996808663901808,0.7154471544715447
CHAOS_0237,Ca-Fe-Mn-Sr,Chemistry only,3,0,0.09309000383108942,0.3678861788617886
CHAOS_0238,Ca-Sn-Ti-Zn,Chemistry only,3,0,0.4474088305346356,0.2215447154471545
CHAOS_0239,Ca-Nb-Sr-Ti,Chemistry only,4,0,0.3645876183720621,0.3252032520325203
CHAOS_0240,Co-Fe-Ni-V,Chemistry only,2,0,0.2219396193186794,0.451219512195122
CHAOS_0241,Cd-Mg-Mn-Sn,Chemistry only,2,0,0.8584950589206164,0.6056910569105691
CHAOS_0242,Co-Mg-Sr-Zn,Chemistry only,2,0,0.147420208677475,0.5426829268292683
CHAOS_0243,Ca-Sn-Sr-V,Chemistry only,5,0,0.1660424209863796,0.5630081300813008
CHAOS_0244,Cu-Fe-Mg-Ti,Chemistry only,4,0,0.6905667752393204,0.5528455284552846
CHAOS_0245,Cd-Mn-Nb-Sn,Chemistry only,3,0,0.04405733453349725,0.01626016260162602
CHAOS_0246,Mg-Nb-Sn-Zn,Chemistry only,1,0,0.1054210222804867,0.06707317073170732
CHAOS_0247,Ca-Cd-Co-Mn,Chemistry only,5,1,0.8998157023799994,0.9085365853658537
CHAOS_0248,Cu-Fe-Mg-Zn,Chemistry only,1,1,0.9745268113811983,0.8272357723577236
CHAOS_0249,Fe-Mn-Sn-Sr,Chemistry only,2,0,0.05270341636912348,0.4613821138211382
CHAOS_0250,Mg-Mn-Ti-V,Chemistry only,1,0,0.03511766904497552,0.6117886178861789
CHAOS_0251,Ca-Mg-Mn-Zn,Chemistry only,1,0,0.2597548023618337,0.4979674796747968
CHAOS_0252,Cd-Sn-Sr-V,Chemistry only,5,0,0.1826112615204555,0.2784552845528455
CHAOS_0253,Ca-Co-Ni-Sn,Chemistry only,5,1,0.8568336264503168,0.7784552845528455
CHAOS_0254,Fe-Mn-Ni-Sr,Chemistry only,3,0,0.1304108905845247,0.3983739837398374
CHAOS_0255,Ca-Cd-Mg-Sn,Chemistry only,2,1,0.6741837485912138,0.9065040650406504
CHAOS_0256,Ca-Mn-Ti-Zn,Chemistry only,3,0,0.2275082626167524,0.4227642276422764
CHAOS_0257,Mg-Mn-Sr-Zn,Chemistry only,3,0,0.01105055254573254,0.7235772357723578
CHAOS_0258,Mn-Nb-Sn-V,Chemistry only,5,0,0.006949485298323448,0.09959349593495935
CHAOS_0259,Mn-Sn-Sr-V,Chemistry only,3,0,0.0187158930525782,0.2764227642276423
CHAOS_0260,Co-Nb-Sn-Sr,Chemistry only,4,0,0.08073687402029028,0.1199186991869919
CHAOS_0261,Cd-Mn-Ti-Zn,Chemistry only,2,0,0.4149022431803563,0.2886178861788618
CHAOS_0262,Ca-Mg-Ti-Zn,Chemistry only,4,0,0.125967988367122,0.7032520325203252
CHAOS_0263,Cd-Co-Mn-Sr,Chemistry only,2,0,0.341061787011343,0.6504065040650406
CHAOS_0264,Mg-Mn-Nb-Zn,Chemistry only,2,0,0.1148941402431886,0.524390243902439
CHAOS_0265,Ca-Co-Mn-Zn,Chemistry only,4,1,0.7273108547780491,0.9857723577235772
CHAOS_0266,Cd-Fe-Nb-Sr,Chemistry only,3,0,0.2676451175668724,0.1605691056910569
CHAOS_0267,Co-Ni-Sn-Zn,Chemistry only,3,1,0.07772478209881889,0.8699186991869918
CHAOS_0268,Ca-Co-Fe-Mn,Chemistry only,5,1,0.7513481886403306,0.9227642276422764
CHAOS_0269,Ca-Fe-Nb-Zn,Chemistry only,4,0,0.4557017503760734,0.4532520325203252
CHAOS_0270,Fe-Nb-Ti-Zn,Chemistry only,5,0,0.1240553235365921,0.2926829268292683
CHAOS_0271,Fe-Mg-Nb-Ti,Chemistry only,2,0,0.04451513761790712,0.3760162601626016
CHAOS_0272,Fe-Mn-Ni-Sn,Chemistry only,4,0,0.2021963141883679,0.5487804878048781
CHAOS_0273,Cu-Fe-Mn-Zn,Chemistry only,5,1,0.9267325201829102,0.8739837398373984
CHAOS_0274,Mn-Sr-Ti-Zn,Chemistry only,3,0,0.01586577491998087,0.07723577235772358
CHAOS_0275,Cd-Mg-Ni-Sr,Chemistry only,3,0,0.3624629767348095,0.6341463414634146
CHAOS_0276,Mn-Sn-Ti-V,Chemistry only,3,0,0.020522101157906,0.07520325203252033
CHAOS_0277,Ca-Co-Mn-Ni,Chemistry only,1,1,0.8953020971302821,0.7621951219512195
CHAOS_0278,Co-Ni-Sn-Sr,Chemistry only,4,0,0.1062600236489789,0.3780487804878049
CHAOS_0279,Nb-Sr-Ti-V,Chemistry only,2,0,0.07812831968113788,0.2296747967479675
CHAOS_0280,Cd-Co-Mn-Sn,Chemistry only,5,0,0.4245311693928662,0.5182926829268293
CHAOS_0281,Ca-Cd-Fe-Sr,Chemistry only,4,0,0.6813515712183795,0.5691056910569106
CHAOS_0282,Co-Mg-Ni-Zn,Chemistry only,1,1,0.9658642499240367,0.991869918699187
CHAOS_0283,Nb-Sn-Ti-Zn,Chemistry only,4,0,0.04167492305022905,0.02439024390243903
CHAOS_0284,Cd-Fe-Mg-Sn,Chemistry only,2,0,0.02143195702201521,0.6260162601626016
CHAOS_0285,Co-Ni-Sr-Zn,Chemistry only,4,0,0.2524837935503245,0.4146341463414634
CHAOS_0286,Ca-Mn-Ni-Zn,Chemistry only,5,0,0.8620681651930115,0.7378048780487805
CHAOS_0287,Fe-Sn-Ti-V,Chemistry only,4,0,0.007060677823964784,0.03658536585365853
CHAOS_0288,Cd-Mn-Sn-Sr,Chemistry only,5,0,0.180764570706296,0.5142276422764228
CHAOS_0289,Cd-Co-Cu-Fe,Chemistry only,5,1,0.9099651529365198,0.8150406504065041
CHAOS_0290,Co-Cu-Mn-Zn,Chemistry only,1,1,0.8185376329446473,0.9634146341463414
CHAOS_0291,Co-Nb-Sn-Ti,Chemistry only,3,0,0.1216338536787665,0.03252032520325204
CHAOS_0292,Cu-Mg-Ni-Sn,Chemistry only,4,0,0.9999977316990183,0.717479674796748
CHAOS_0293,Fe-Sn-Sr-Ti,Chemistry only,4,0,0.02530403697922494,0.2073170731707317
CHAOS_0294,Co-Fe-Sr-Zn,Chemistry only,4,0,0.1611419126910334,0.467479674796748
CHAOS_0295,Mg-Mn-Ni-Zn,Chemistry only,1,1,0.9685469715388445,0.9369918699186992
CHAOS_0296,Sn-Sr-V-Zn,Chemistry only,1,0,0.05083101874573797,0.3191056910569106
CHAOS_0297,Cd-Mg-Mn-Zn,Chemistry only,2,1,0.7681019519508133,0.9715447154471545
CHAOS_0298,Fe-Mn-Ni-V,Chemistry only,4,0,0.5704603418272876,0.5020325203252033
CHAOS_0299,Ca-Co-Ni-Zn,Chemistry only,3,1,0.8759365304632365,0.8882113821138211
CHAOS_0300,Cd-Ni-Sn-Sr,Chemistry only,4,1,0.3030254222195021,0.758130081300813
CHAOS_0301,Cd-Nb-Sr-Zn,Chemistry only,1,0,0.1626504367086551,0.2154471544715447
CHAOS_0302,Fe-Mg-Sn-Ti,Chemistry only,3,0,0.1117205629764223,0.08536585365853659
CHAOS_0303,Ca-Cd-Mn-V,Chemistry only,2,0,0.4867423358491116,0.6585365853658537
CHAOS_0304,Fe-Mg-Ti-Zn,Chemistry only,5,0,0.4353942190619118,0.6829268292682927
CHAOS_0305,Mg-Nb-Sn-Tc,Chemistry only,4,0,0.06850503427764217,0.04878048780487805
CHAOS_0306,Ca-Mg-V-Zn,Chemistry only,1,1,0.1438418032571107,0.9613821138211383
CHAOS_0307,Cd-Fe-Mn-Sr,Chemistry only,4,0,0.1358074459478591,0.6869918699186992
CHAOS_0308,Co-Mn-V-Zn,Chemistry only,4,1,0.2081711993717981,0.8130081300813008
CHAOS_0309,Nb-Sr-V-Zn,Chemistry only,4,0,0.03850533181051151,0.1402439024390244
CHAOS_0310,Co-Mg-V-Zn,Chemistry only,5,1,0.5928910714592206,0.9532520325203252
CHAOS_0311,Mg-Mn-Nb-Ti,Chemistry only,1,0,0.01826212247873277,0.3048780487804878
CHAOS_0312,Ca-Fe-Nb-Ti,Chemistry only,2,0,0.2222292113562753,0.556910569105691
CHAOS_0313,Ca-Mg-Sr-Ti,Chemistry only,2,0,0.0382780778566422,0.5508130081300813
CHAOS_0314,Cd-Nb-Sr-V,Chemistry only,4,0,0.216912234179602,0.1016260162601626
CHAOS_0315,Mn-Nb-Sn-Zn,Chemistry only,1,0,0.06229570250320381,0.1158536585365854
CHAOS_0316,Ca-Cd-Sn-Sr,Chemistry only,4,1,0.6914786442133022,0.9552845528455285
CHAOS_0317,Cd-Mn-Sn-Ti,Chemistry only,5,0,0.1471342148203097,0.1117886178861789
CHAOS_0318,Fe-Sn-Ti-Zn,Chemistry only,5,0,0.2313429599657172,0.1971544715447154
CHAOS_0319,Fe-Mg-Sr-Ti,Chemistry only,5,0,0.01461648449305181,0.2479674796747967
CHAOS_0320,Mg-Sn-Sr-V,Chemistry only,3,0,0.02980077890986343,0.3577235772357724
CHAOS_0321,Ca-Co-Fe-Sn,Chemistry only,3,0,0.673103525644468,0.6727642276422764
CHAOS_0322,Ca-Mg-Sr-V,Chemistry only,3,0,0.02771291024442436,0.6443089430894309
CHAOS_0323,Mn-Sn-Sr-Ti,Chemistry only,3,0,0.02313580778448932,0.2113821138211382
CHAOS_0324,Ca-Mn-Nb-Sn,Chemistry only,3,0,0.2104313245845632,0.2276422764227642
CHAOS_0325,Mg-Ni-Sn-Sr,Chemistry only,5,0,0.2045908808685626,0.5670731707317073
CHAOS_0326,Ca-Mn-Sn-Ti,Chemistry only,1,0,0.2013074892989359,0.07926829268292683
CHAOS_0327,Ca-Sr-Ti-V,Chemistry only,2,0,0.09426691159271121,0.3475609756097561
CHAOS_0328,Cu-Mn-Ni-Sn,Chemistry only,2,0,0.4548789458836456,0.4308943089430894
CHAOS_0329,Fe-Nb-Sr-Zn,Chemistry only,2,0,0.1212687434279945,0.2540650406504065
CHAOS_0330,Ca-Mg-Nb-V,Chemistry only,1,0,0.1128542156925262,0.3882113821138211
CHAOS_0331,Ca-Cd-Sr-Ti,Chemistry only,5,0,0.2430328887480231,0.3231707317073171
CHAOS_0332,Cd-Mg-Mn-V,Chemistry only,3,0,0.1312028876647286,0.3170731707317073
CHAOS_0333,Nb-Sn-V-Zn,Chemistry only,3,0,0.05070464973022897,0.02032520325203252
CHAOS_0334,Co-Mn-Ni-Sr,Chemistry only,5,0,0.3833700245615375,0.4065040650406504
CHAOS_0335,Fe-Sr-Ti-Zn,Chemistry only,5,0,0.1008903988196237,0.3455284552845528
CHAOS_0336,Cu-Mg-Mn-V,Chemistry only,3,0,0.7410102559453674,0.7134146341463414
CHAOS_0337,Mn-Sr-V-Zn,Chemistry only,4,0,0.01929360415332169,0.516260162601626
CHAOS_0338,Co-Cu-Fe-Mg,Chemistry only,3,1,0.9798016174803407,0.959349593495935
CHAOS_0339,Fe-Mg-Ni-Sn,Chemistry only,2,0,0.7484069118497894,0.5995934959349594
CHAOS_0340,Co-Cu-Mn-Ni,Chemistry only,4,0,0.7832675548705974,0.6544715447154471
CHAOS_0341,Fe-Mg-Nb-Zn,Chemistry only,2,0,0.1691776820596466,0.443089430894309
CHAOS_0342,Mg-Sr-V-Zn,Chemistry only,5,0,0.01330112855347526,0.5955284552845529
CHAOS_0343,Ca-Cd-Co-Sn,Chemistry only,3,1,0.8961995292030798,0.8577235772357723
CHAOS_0344,Cd-Mn-Ni-Sr,Chemistry only,4,0,0.3430833239588847,0.6097560975609756
CHAOS_0345,Ca-Nb-Sn-V,Chemistry only,2,0,0.1728294355820881,0.1138211382113821
CHAOS_0346,Co-Mn-Ni-Sn,Chemistry only,3,0,0.3109340341540918,0.4573170731707317
CHAOS_0347,Mn-Sn-V-Zn,Chemistry only,2,0,0.1770520584615538,0.2052845528455285
CHAOS_0348,Cd-Mn-Nb-V,Chemistry only,2,0,0.02860995784766418,0.1890243902439024
CHAOS_0349,Cd-Co-Fe-Mg,Chemistry only,4,1,0.926861475084094,0.8455284552845529
CHAOS_0350,Sn-Sr-Ti-Zn,Chemistry only,4,0,0.02977400854086968,0.217479674796748
CHAOS_0351,Ca-Cd-Sn-V,Chemistry only,4,0,0.5362952638939756,0.274390243902439
CHAOS_0352,Cu-Mg-Mn-Zn,Chemistry only,2,1,0.9634979525897821,0.9044715447154471
CHAOS_0353,Cd-Mg-Sr-Ti,Chemistry only,2,0,0.07316339106390536,0.1951219512195122
CHAOS_0354,Co-Mn-Ni-Zn,Chemistry only,4,1,0.8407903626177731,0.983739837398374
CHAOS_0355,Mn-Nb-Sn-Tc,Chemistry only,5,0,0.04698716216994673,0.06097560975609756
CHAOS_0356,Cd-Co-Fe-Ni,Chemistry only,2,0,0.999997753595785,0.6890243902439024
CHAOS_0357,Fe-Mg-Ni-Zn,Chemistry only,3,1,0.9855328631088566,0.8861788617886179
CHAOS_0358,Mg-Mn-Sn-V,Chemistry only,3,0,0.1193210796139776,0.1930894308943089
CHAOS_0359,Cd-Nb-V-Zn,Chemistry only,3,0,0.03547328384562964,0.02642276422764228
CHAOS_0360,Ca-Cd-Co-Sr,Chemistry only,5,1,0.8613416937872497,0.8760162601626016
CHAOS_0361,Ca-Mg-Ni-Zn,Chemistry only,4,1,0.6908189432812134,0.9166666666666666
CHAOS_0362,Ca-Fe-Sr-Zn,Chemistry only,4,0,0.2319818495418816,0.532520325203252
CHAOS_0363,Ca-Mn-Sr-V,Chemistry only,5,0,0.0237917656807744,0.6219512195121951
CHAOS_0364,Mn-Nb-Sr-Zn,Chemistry only,5,0,0.05313524014902068,0.282520325203252
CHAOS_0365,Mg-Nb-Sr-Ti,Chemistry only,5,0,0.003091154111707735,0.2967479674796748
CHAOS_0366,Cd-Ni-Sr-Zn,Chemistry only,5,0,0.6535923691917445,0.5609756097560976
CHAOS_0367,Cd-Cu-Mn-Ni,Chemistry only,1,0,0.9601070689485285,0.6605691056910569
CHAOS_0368,Ca-Mn-Sn-V,Chemistry only,4,0,0.09298201564304359,0.3353658536585366
CHAOS_0369,Co-Cu-Fe-Mn,Chemistry only,4,1,0.8460206649733468,0.8434959349593496
CHAOS_0370,Ca-Cd-Ti-Zn,Chemistry only,2,0,0.5535526589308479,0.3028455284552846
CHAOS_0371,Cd-Co-Ni-Sr,Chemistry only,5,0,0.7716437898494239,0.4715447154471545
CHAOS_0372,Ca-Co-Fe-Ni,Chemistry only,2,1,0.894828556431907,0.8516260162601627
CHAOS_0373,Cd-Mn-Sr-Zn,Chemistry only,3,1,0.09548821975440033,0.7947154471544715
CHAOS_0374,Cd-Co-Mg-Sn,Chemistry only,4,0,0.3934758507689702,0.725609756097561
CHAOS_0375,Mg-Mn-Sn-Zn,Chemistry only,1,0,0.7331602789972367,0.5975609756097561
CHAOS_0376,Ca-Ni-Sr-Zn,Chemistry only,3,0,0.4292802019389442,0.5223577235772358
CHAOS_0377,Ca-Cd-Fe-Nb,Chemistry only,2,0,0.6378034320400401,0.25
CHAOS_0378,Co-Mg-Mn-Zn,Chemistry only,2,1,0.9555440186726522,1.0
CHAOS_0379,Mn-Sn-Ti-Zn,Chemistry only,1,0,0.2215002966087073,0.1666666666666667
CHAOS_0380,Ca-Nb-Ti-Zn,Chemistry only,4,0,0.2678901190815794,0.3516260162601626
CHAOS_0381,Ca-Co-Sr-Zn,Chemistry only,5,0,0.6039044603832749,0.6016260162601627
CHAOS_0382,Co-Sn-Sr-Zn,Chemistry only,2,0,0.1782951056224281,0.5711382113821138
CHAOS_0383,Ca-Cd-Nb-V,Chemistry only,4,0,0.6012620127970864,0.1361788617886179
CHAOS_0384,Ca-Sr-Ti-Zn,Chemistry only,5,0,0.0824815730636312,0.3333333333333333
CHAOS_0385,Cd-Mn-Ti-V,Chemistry only,5,0,0.0561951776318863,0.1178861788617886
CHAOS_0386,Ca-Cd-Co-Ni,Chemistry only,4,0,0.9629247838188615,0.7439024390243902
CHAOS_0387,Cd-Cu-Mg-Zn,Chemistry only,4,1,0.8408810765791541,0.9939024390243902
CHAOS_0388,Mn-Ni-Sn-Zn,Chemistry only,4,0,0.6715353335542377,0.5772357723577236
CHAOS_0389,Mg-Mn-Sr-Ti,Chemistry only,5,0,0.003629127055796243,0.3495934959349594
CHAOS_0390,Ca-Co-Mg-Ni,Chemistry only,5,1,0.8628528454159785,0.8821138211382114
CHAOS_0391,Co-Fe-Mg-Sr,Chemistry only,2,0,0.2319754806986332,0.4491869918699187
CHAOS_0392,Co-Fe-Ni-Sn,Chemistry only,3,0,0.04065550592938429,0.6382113821138211
CHAOS_0393,Cd-Nb-Ti-Zn,Chemistry only,5,0,0.1137398220682086,0.04674796747967479
CHAOS_0394,Cd-Mg-Mn-Ti,Chemistry only,5,0,0.09778763899472562,0.290650406504065
CHAOS_0395,Nb-Sr-Ti-Zn,Chemistry only,5,0,0.04296468345811456,0.1768292682926829
CHAOS_0396,Fe-Ni-V-Zn,Chemistry only,3,0,0.378571822662461,0.3800813008130081
CHAOS_0397,Ca-Nb-Sr-Zn,Chemistry only,5,0,0.1694178931810363,0.2845528455284553
CHAOS_0398,Co-Fe-Mn-Sn,Chemistry only,4,0,0.146222148628935,0.5934959349593496
CHAOS_0399,Nb-Sn-Tc-Ti,Chemistry only,5,0,0.04958454503117342,0.004065040650406504
CHAOS_0400,Cd-Mg-Nb-Ti,Chemistry only,3,0,0.06159190391185775,0.1239837398373984
CHAOS_0401,Ca-Cd-Ti-V,Chemistry only,2,0,0.5393710411937118,0.2398373983739837
CHAOS_0402,Ca-Mn-Ni-Sn,Chemistry only,3,0,0.6586864159260679,0.5853658536585366
CHAOS_0403,Cu-Mg-Mn-Ni,Chemistry only,3,1,0.9886946814522176,0.7987804878048781
CHAOS_0404,Fe-Sn-Sr-Zn,Chemistry only,4,0,0.04315234776531294,0.4695121951219512
CHAOS_0405,Co-Fe-Mg-Zn,Chemistry only,4,1,0.9780926820493824,0.9004065040650406
CHAOS_0406,Fe-Ni-Sr-Zn,Chemistry only,4,0,0.1888486782227863,0.4044715447154472
CHAOS_0407,Ca-Co-Mn-Sn,Chemistry only,2,1,0.5377884548563873,0.8902439024390244
CHAOS_0408,Ca-Mn-V-Zn,Chemistry only,2,0,0.3104647725852208,0.475609756097561
CHAOS_0409,Ca-Cd-Fe-Mn,Chemistry only,2,0,0.671351834551907,0.7296747967479674
CHAOS_0410,Mn-Nb-Sn-Sr,Chemistry only,5,0,0.03733706245503277,0.1524390243902439
CHAOS_0411,Co-Fe-V-Zn,Chemistry only,4,0,0.2503174391629301,0.6666666666666666
CHAOS_0412,Co-Fe-Mg-Ni,Chemistry only,5,1,0.9815283094000851,0.9573170731707317
CHAOS_0413,Ca-Cd-Co-Zn,Chemistry only,3,1,0.8810766063636022,0.8719512195121951
CHAOS_0414,Nb-Sn-Tc-V,Chemistry only,3,0,0.05487353973225378,0.002032520325203252
CHAOS_0415,Ca-Cd-Mn-Zn,Chemistry only,3,1,0.6672520693080671,0.9796747967479674
CHAOS_0416,Ca-Co-Mg-Zn,Chemistry only,5,1,0.6674613960503806,0.9349593495934959
CHAOS_0417,Cu-Fe-Ni-Zn,Chemistry only,2,1,0.8887494919654376,0.9695121951219512
CHAOS_0418,Cd-Mg-Nb-Sr,Chemistry only,5,0,0.03949306623951147,0.1869918699186992
CHAOS_0419,Ca-Nb-Sn-Zn,Chemistry only,2,0,0.3688995798645668,0.1483739837398374
CHAOS_0420,Ca-Fe-Ni-Zn,Chemistry only,2,1,0.826236178236286,0.8617886178861789
CHAOS_0421,Co-Fe-Mg-Mn,Chemistry only,5,1,0.904349422633556,0.8109756097560976
CHAOS_0422,Fe-Nb-Sr-Ti,Chemistry only,4,0,0.1124762741119188,0.2134146341463415
CHAOS_0423,Cd-Nb-Sn-Ti,Chemistry only,1,0,0.1455413152925343,0.01422764227642276
CHAOS_0424,Mn-Nb-Sr-Ti,Chemistry only,2,0,0.04481474781999838,0.1991869918699187
CHAOS_0425,Ca-Ti-V-Zn,Chemistry only,1,0,0.2126703496267451,0.4857723577235772
CHAOS_0426,Mn-Nb-V-Zn,Chemistry only,5,0,0.05618234386600666,0.3821138211382114
CHAOS_0427,Cd-Cu-Fe-Mn,Chemistry only,2,0,0.987945202639511,0.6951219512195121
CHAOS_0428,Mg-Ni-V-Zn,Chemistry only,1,1,0.7528642021797223,0.9288617886178862
CHAOS_0429,Ca-Co-Fe-Sr,Chemistry only,5,0,0.610070045881188,0.4654471544715447
CHAOS_0430,Ca-Fe-Ni-Sn,Chemistry only,1,0,0.7230620010007853,0.6808943089430894
CHAOS_0431,Fe-Mg-Mn-Zn,Chemistry only,3,1,0.9163603570846596,0.7560975609756098
CHAOS_0432,Ca-Fe-Mg-Nb,Chemistry only,3,0,0.2802970493484061,0.5040650406504065
CHAOS_0433,Ca-Cd-Ni-Zn,Chemistry only,1,1,0.9102472043601285,0.8252032520325203
CHAOS_0434,Cu-Fe-Mg-Mn,Chemistry only,1,1,0.9403607408543683,0.9817073170731707
CHAOS_0435,Mn-Ti-V-Zn,Chemistry only,1,0,0.06536859879811648,0.4471544715447154
CHAOS_0436,Cd-Cu-Ni-Zn,Chemistry only,1,1,0.8561049084494052,0.7865853658536586
CHAOS_0437,Cd-Sn-Sr-Ti,Chemistry only,4,0,0.1369973084606225,0.2032520325203252
CHAOS_0438,Cd-Nb-Sn-V,Chemistry only,2,0,0.02237388419298376,0.01016260162601626
CHAOS_0439,Cd-Fe-Mg-Mn,Chemistry only,5,1,0.4422806702900158,0.9247967479674797
CHAOS_0440,Cd-Mg-Mn-Sr,Chemistry only,4,1,0.0511481520023707,0.8089430894308943
CHAOS_0441,Co-Mn-Ni-V,Chemistry only,4,0,0.486016505918225,0.5101626016260162
CHAOS_0442,Ca-Co-Sn-Zn,Chemistry only,4,1,0.5962383052345485,0.8475609756097561
CHAOS_0443,Co-Cu-Sn-Zn,Chemistry only,3,0,0.07917620623280018,0.6524390243902439
CHAOS_0444,Mg-Sr-Ti-V,Chemistry only,5,0,0.002376283265237738,0.3902439024390244
CHAOS_0445,Ca-Cd-Sn-Ti,Chemistry only,3,0,0.7772063725719919,0.1808943089430894
CHAOS_0446,Ca-Fe-Mg-Mn,Chemistry only,5,1,0.141493987362044,0.9186991869918699
CHAOS_0447,Cd-Fe-Sn-Sr,Chemistry only,1,0,0.2717294806291989,0.733739837398374
CHAOS_0448,Ca-Fe-Mn-Ni,Chemistry only,3,1,0.8069051834605144,0.9451219512195121
CHAOS_0449,Mg-Ti-V-Zn,Chemistry only,1,0,0.1309008306260685,0.7357723577235772
CHAOS_0450,Nb-Ti-V-Zn,Chemistry only,1,0,0.05960517875889244,0.3658536585365854
CHAOS_0451,Ca-Mg-Sn-Sr,Chemistry only,3,0,0.2146913079746071,0.7276422764227642
CHAOS_0452,Cd-Co-Fe-Mn,Chemistry only,4,1,0.9745173710665275,0.8780487804878049
CHAOS_0453,Ca-Sn-V-Zn,Chemistry only,2,0,0.3259401781765808,0.2703252032520325
CHAOS_0454,Mg-Mn-Ni-Sr,Chemistry only,4,0,0.08009178637842003,0.5203252032520326
CHAOS_0455,Ca-Cd-Fe-Zn,Chemistry only,5,0,0.8715106890434369,0.7012195121951219
CHAOS_0456,Co-Fe-Ni-Zn,Chemistry only,4,1,0.8505872227623541,0.9146341463414634
CHAOS_0457,Ca-Cd-Ni-Sr,Chemistry only,5,1,0.9009534280834958,0.8313008130081301
CHAOS_0458,Cd-Fe-Mn-Zn,Chemistry only,1,1,0.8411233130602526,0.926829268292683
CHAOS_0459,Mg-Mn-Nb-V,Chemistry only,3,0,0.01680462545734514,0.3739837398373984
CHAOS_0460,Fe-Nb-Sn-Ti,Chemistry only,2,0,0.00841941223967824,0.006097560975609756
CHAOS_0461,Mn-Ni-Sn-Sr,Chemistry only,1,0,0.116816456722925,0.5121951219512195
CHAOS_0462,Co-Cu-Fe-Sn,Chemistry only,4,0,0.08868803147079483,0.3638211382113821
CHAOS_0463,Mg-Sn-Sr-Zn,Chemistry only,4,0,0.02549250986930691,0.5345528455284553
CHAOS_0464,Fe-Mg-Sn-Zn,Chemistry only,1,0,0.7551459964304084,0.6199186991869918
CHAOS_0465,Ca-Mn-Sn-Sr,Chemistry only,3,0,0.1487180707420047,0.2804878048780488
CHAOS_0466,Cu-Ni-Ti-Zn,Chemistry only,1,0,0.4785224203411371,0.3861788617886179
CHAOS_0467,Ca-Fe-Ti-Zn,Chemistry only,5,0,0.531624526790567,0.6686991869918699
CHAOS_0468,Mg-Nb-Sn-V,Chemistry only,1,0,0.03925514333269037,0.1077235772357724
CHAOS_0469,Ca-Nb-V-Zn,Chemistry only,3,0,0.2171244471952385,0.3373983739837398
CHAOS_0470,Cd-Co-Mg-Mn,Chemistry only,3,1,0.9392343290048116,0.9308943089430894
CHAOS_0471,Cd-Sn-V-Zn,Chemistry only,4,0,0.159865945589077,0.2560975609756098
CHAOS_0472,Cd-Sn-Ti-Zn,Chemistry only,4,0,0.3455956413218839,0.09349593495934959
CHAOS_0473,Sr-Ti-V-Zn,Chemistry only,3,0,0.01632687857976833,0.2621951219512195
CHAOS_0474,Mg-Mn-Ti-Zn,Chemistry only,1,0,0.3138192777075372,0.6138211382113821
CHAOS_0475,Cd-Fe-Ni-Zn,Chemistry only,3,1,0.9205434076100734,0.7926829268292683
CHAOS_0476,Ca-Cd-Mn-Ti,Chemistry only,4,0,0.4419336944379115,0.3617886178861789
CHAOS_0477,Ca-Sr-V-Zn,Chemistry only,2,0,0.1064893387622836,0.3719512195121951
CHAOS_0478,Co-Cu-Mn-V,Chemistry only,2,0,0.5311589032735284,0.6300813008130082
CHAOS_0479,Ca-Cd-Ni-Sn,Chemistry only,5,1,0.9255321230297607,0.9410569105691057
CHAOS_0480,Co-Fe-Mn-Sr,Chemistry only,4,0,0.127174718355416,0.4898373983739837
CHAOS_0481,Cd-Mn-Sn-Zn,Chemistry only,1,0,0.5149636488667425,0.6077235772357723
CHAOS_0482,Cd-Fe-Mg-Ti,Chemistry only,3,0,0.1760648926250616,0.306910569105691
CHAOS_0483,Ca-Co-Fe-Mg,Chemistry only,5,0,0.6746167938585809,0.7479674796747967
CHAOS_0484,Cd-Nb-Sn-Sr,Chemistry only,3,0,0.3314949326115878,0.09146341463414634
CHAOS_0485,Mn-Nb-Sr-V,Chemistry only,2,0,0.04296271897308928,0.3292682926829268
CHAOS_0486,Ca-Cd-Mn-Nb,Chemistry only,4,0,0.4412799549584609,0.2642276422764228
CHAOS_0487,Ca-Ni-Sn-Zn,Chemistry only,1,1,0.7623328805284547,0.8658536585365854
CHAOS_0488,Fe-Ni-Sn-Sr,Chemistry only,3,0,0.1210281948136724,0.4552845528455284
CHAOS_0489,Ca-Cd-Fe-Ti,Chemistry only,1,0,0.6600249309237217,0.3963414634146342
CHAOS_0490,Ca-Cd-Sr-Zn,Chemistry only,4,1,0.4521723399640392,0.9329268292682927
CHAOS_0491,Co-Cu-Fe-Zn,Chemistry only,3,1,0.7857336196793171,0.967479674796748
CHAOS_0492,Cd-Fe-Mn-Sn,Chemistry only,1,0,0.1381177328610624,0.4735772357723577
CHAOS_0493,Cu-Mn-Ni-Zn,Chemistry only,5,1,0.8706099170908653,0.9491869918699187
CHAOS_0001,Ca-Cd-Co-Fe,Combined,1,1,0.9483745688864996,0.774390243902439
CHAOS_0002,Ca-Fe-Mn-Zn,Combined,3,0,0.8769118078661252,0.6321138211382114
CHAOS_0003,Co-Mg-Mn-Sr,Combined,4,0,0.05701598939637312,0.4369918699186992
CHAOS_0004,Co-Mg-Mn-Ni,Combined,2,1,0.9957748443575439,0.8048780487804879
CHAOS_0005,Fe-Mg-Mn-Sr,Combined,2,0,0.02054473223062304,0.6646341463414634
CHAOS_0006,Mg-Sn-Sr-Ti,Combined,1,0,0.003988954944915373,0.209349593495935
CHAOS_0007,Ca-Ni-Sn-Sr,Combined,5,0,0.6597605899433846,0.6971544715447154
CHAOS_0008,Cu-Fe-Mn-V,Combined,2,0,0.2709970261434612,0.3434959349593496
CHAOS_0009,Co-Mg-Sn-Zn,Combined,2,1,0.828645146749284,0.7804878048780488
CHAOS_0010,Cd-Fe-Ti-Zn,Combined,5,0,0.250403463695022,0.2723577235772358
CHAOS_0011,Ca-Nb-Ti-V,Combined,2,0,0.3562985404807165,0.4878048780487805
CHAOS_0012,Mg-Nb-Sr-V,Combined,4,0,0.010885754868353,0.225609756097561
CHAOS_0013,Ca-Mn-Sn-Zn,Combined,4,1,0.424429956532429,0.8028455284552846
CHAOS_0014,Ca-Fe-Mg-Sn,Combined,3,1,0.2655420506769365,0.7540650406504065
CHAOS_0015,Cd-Mg-Sr-V,Combined,1,0,0.05706968385978672,0.4004065040650406
CHAOS_0016,Ca-Mg-Mn-Nb,Combined,3,0,0.04681999232464306,0.3109756097560976
CHAOS_0017,Ca-Cd-Mg-Nb,Combined,1,0,0.2248666066800445,0.2682926829268293
CHAOS_0018,Ca-Mg-Ni-Sr,Combined,3,0,0.2129147972437822,0.6626016260162602
CHAOS_0019,Ca-Co-Fe-Zn,Combined,4,1,0.9117067379138213,0.806910569105691
CHAOS_0020,Cd-Cu-Mg-Mn,Combined,3,1,0.9275101951336491,0.782520325203252
CHAOS_0021,Nb-Sn-Sr-V,Combined,2,0,0.02750103253937011,0.05691056910569105
CHAOS_0022,Cd-Sr-Ti-V,Combined,5,0,0.0007243785520643864,0.1443089430894309
CHAOS_0023,Ca-Cd-Mn-Sr,Combined,5,1,0.6205345970829805,0.975609756097561
CHAOS_0024,Co-Cu-Mg-Mn,Combined,5,1,0.9582366331600112,0.9735772357723578
CHAOS_0025,Cd-Cu-Fe-Zn,Combined,1,1,0.6203790884327378,0.9105691056910569
CHAOS_0026,Ca-Co-Mn-Sr,Combined,5,0,0.2061951227149064,0.4776422764227642
CHAOS_0027,Cd-Co-Fe-Sr,Combined,2,0,0.2252153639924852,0.5060975609756098
CHAOS_0028,Cd-Co-Sr-Zn,Combined,5,0,0.6020609997266795,0.6463414634146342
CHAOS_0029,Ca-Mg-Nb-Sn,Combined,3,0,0.03247111471441582,0.233739837398374
CHAOS_0030,Cd-Mn-Sn-V,Combined,3,0,0.02133639054557341,0.2459349593495935
CHAOS_0031,Mg-Ni-Sr-Zn,Combined,4,0,0.04780828070432637,0.459349593495935
CHAOS_0032,Cd-Mn-Ni-Zn,Combined,2,1,0.9743522711653235,0.9126016260162602
CHAOS_0033,Cd-Mn-Sr-V,Combined,4,0,0.03343686247267042,0.4247967479674797
CHAOS_0034,Cu-Fe-Sn-Zn,Combined,5,1,0.09311571200124918,0.7764227642276422
CHAOS_0035,Ca-Mg-Mn-Ni,Combined,2,1,0.7913549195240455,0.9390243902439024
CHAOS_0036,Ca-Cd-Fe-Ni,Combined,1,0,0.9321374049049523,0.7317073170731707
CHAOS_0037,Ca-Mg-Nb-Zn,Combined,2,0,0.003337698926687183,0.5
CHAOS_0038,Nb-Tc-Ti-V,Combined,2,0,0.09289451727719543,0.1565040650406504
CHAOS_0039,Ca-Cu-Mg-Mn,Combined,4,1,0.4338971879475989,0.766260162601626
CHAOS_0040,Co-Mg-Mn-Sn,Combined,2,0,0.6072044345034783,0.5752032520325203
CHAOS_0041,Co-Mg-Ni-Sn,Combined,1,1,0.7422689891807298,0.8536585365853658
CHAOS_0042,Cd-Co-Mg-Sr,Combined,2,0,0.4139563820869754,0.6910569105691057
CHAOS_0043,Cd-Mg-Nb-Sn,Combined,5,0,0.4780135781322101,0.03048780487804878
CHAOS_0044,Ca-Mn-Nb-Sr,Combined,3,0,0.02151405548391747,0.4126016260162602
CHAOS_0045,Mg-Sn-Ti-V,Combined,2,0,6.62004655756435e-05,0.08943089430894309
CHAOS_0046,Cd-Fe-Sr-Ti,Combined,3,0,0.000448053851491985,0.1219512195121951
CHAOS_0047,Ca-Cd-Sn-Zn,Combined,4,1,0.9182684385687858,0.8292682926829268
CHAOS_0048,Cd-Co-Sn-Zn,Combined,5,0,0.2840486374357585,0.7215447154471545
CHAOS_0049,Cu-Mn-V-Zn,Combined,1,0,0.2745349411846635,0.7459349593495935
CHAOS_0050,Cd-Ni-Sn-Zn,Combined,5,0,0.5616161140253595,0.6849593495934959
CHAOS_0051,Ca-Mg-Mn-Sn,Combined,1,0,0.3260424541246429,0.5548780487804879
CHAOS_0052,Co-Cu-Mg-Ni,Combined,1,1,0.970138517462388,0.8394308943089431
CHAOS_0053,Fe-Mn-Sn-Zn,Combined,3,0,0.1629706633282829,0.540650406504065
CHAOS_0054,Ca-Mn-Nb-Zn,Combined,1,0,0.07896760719047813,0.4166666666666667
CHAOS_0055,Ca-Mg-Ti-V,Combined,5,1,0.06434850002227326,0.8353658536585366
CHAOS_0056,Mn-Nb-Ti-Zn,Combined,5,0,1.55087351096989e-06,0.1321138211382114
CHAOS_0057,Cd-Fe-Nb-Ti,Combined,3,0,0.004508329992832122,0.08130081300813008
CHAOS_0058,Nb-Sn-Sr-Ti,Combined,1,0,0.00208820015400185,0.0508130081300813
CHAOS_0059,Cu-Nb-Sn-Tc,Combined,2,0,0.0007043660764202975,0.04471544715447155
CHAOS_0060,Mg-Mn-Nb-Sr,Combined,5,0,0.003293935617991422,0.3556910569105691
CHAOS_0061,Cu-Mn-Sn-Zn,Combined,3,0,0.6699671766968304,0.5833333333333334
CHAOS_0062,Ca-Mn-Sr-Ti,Combined,1,0,0.01725816017454853,0.201219512195122
CHAOS_0063,Cd-Co-Mg-Zn,Combined,1,1,0.9715408460671775,0.8963414634146342
CHAOS_0064,Co-Mg-Mn-V,Combined,5,1,0.7423965570847003,0.9776422764227642
CHAOS_0065,Co-Fe-Mn-Zn,Combined,2,1,0.9838602292484846,0.9979674796747967
CHAOS_0066,Cd-Mg-Sn-Sr,Combined,4,1,0.4080616609710681,0.7845528455284553
CHAOS_0067,Cu-Mg-Ni-Zn,Combined,1,1,0.9997620559516895,0.943089430894309
CHAOS_0068,Ca-Cd-Mg-Zn,Combined,2,1,0.8969346253754014,0.9024390243902439
CHAOS_0069,Co-Mg-Sn-Sr,Combined,2,0,0.1530695365782871,0.5589430894308943
CHAOS_0070,Cd-Mg-Ti-V,Combined,5,0,0.1509811135805963,0.2317073170731707
CHAOS_0071,Mg-Nb-V-Zn,Combined,1,0,0.005841524938606101,0.3313008130081301
CHAOS_0072,Cu-Nb-Sn-Ti,Combined,1,0,0.0001941996218785343,0.05894308943089431
CHAOS_0073,Cd-Mn-V-Zn,Combined,4,0,0.532868608106779,0.4349593495934959
CHAOS_0074,Co-Mn-Sn-Sr,Combined,1,0,0.06363811902673304,0.5304878048780488
CHAOS_0075,Ca-Cd-V-Zn,Combined,2,1,0.6444612867950283,0.790650406504065
CHAOS_0076,Mg-Mn-Nb-Sn,Combined,1,0,0.2095288764211004,0.02845528455284553
CHAOS_0077,Ca-Fe-Sn-Sr,Combined,4,0,0.1109456412436269,0.5447154471544715
CHAOS_0078,Cd-Co-Mn-Zn,Combined,3,1,0.9732817494948144,0.9471544715447154
CHAOS_0079,Co-Mn-Sn-Zn,Combined,1,1,0.6450373702459151,0.7520325203252033
CHAOS_0080,Ca-Fe-Nb-Sn,Combined,1,0,0.001541330326045876,0.1829268292682927
CHAOS_0081,Mn-Sn-Sr-Zn,Combined,2,0,0.04286304199428181,0.6158536585365854
CHAOS_0082,Cd-Co-Fe-Zn,Combined,1,1,0.7154319770249823,0.823170731707317
CHAOS_0083,Cd-Mg-Ni-Zn,Combined,2,1,0.9946393260229865,0.8800813008130082
CHAOS_0084,Mn-Nb-Sn-Ti,Combined,4,0,0.0001945558388894152,0.0
CHAOS_0085,Ca-Cd-Mg-Sr,Combined,5,1,0.4444529721804006,0.9207317073170732
CHAOS_0086,Ca-Cd-Mn-Sn,Combined,3,0,0.9232745592997278,0.5284552845528455
CHAOS_0087,Cd-Sn-Sr-Zn,Combined,4,0,0.2597280081581796,0.7113821138211383
CHAOS_0088,Cd-Mn-Ni-Sn,Combined,4,0,0.6126897184192494,0.5894308943089431
CHAOS_0089,Nb-Sn-Ti-V,Combined,2,0,0.0001918909965789049,0.03455284552845529
CHAOS_0090,Ca-Fe-Nb-Sr,Combined,4,0,0.03298979694889317,0.2947154471544716
CHAOS_0091,Cd-Ti-V-Zn,Combined,1,0,0.1600675999601652,0.08739837398373984
CHAOS_0092,Sn-Sr-Ti-V,Combined,1,0,0.0005685785672557551,0.1463414634146341
CHAOS_0093,Ca-Cd-Mg-V,Combined,4,0,0.6109612584736346,0.7052845528455285
CHAOS_0094,Mg-Mn-V-Zn,Combined,1,0,0.7185074459051126,0.4207317073170732
CHAOS_0095,Cd-Co-Mg-Ni,Combined,4,1,0.989234774603621,0.8333333333333334
CHAOS_0096,Fe-Mg-Sr-Zn,Combined,5,0,0.008058628937578985,0.6239837398373984
CHAOS_0097,Co-Fe-Sn-Sr,Combined,3,0,0.001334436930004341,0.3922764227642276
CHAOS_0098,Cd-Fe-Mg-Sr,Combined,3,0,0.2973164994811279,0.6361788617886179
CHAOS_0099,Sn-Ti-V-Zn,Combined,2,0,0.5016550814639458,0.05487804878048781
CHAOS_0100,Cd-Fe-Mg-Ni,Combined,3,1,0.919818818269811,0.8191056910569106
CHAOS_0101,Ca-Fe-Mg-Ni,Combined,3,1,0.8696648789420359,0.8211382113821138
CHAOS_0102,Mg-Mn-Sn-Ti,Combined,1,0,0.001204240809827154,0.1097560975609756
CHAOS_0103,Ca-Mg-Sn-Zn,Combined,1,1,0.6054594022333871,0.7703252032520326
CHAOS_0104,Ca-Fe-Mg-Ti,Combined,1,0,0.2181967621276858,0.3597560975609756
CHAOS_0105,Sn-Tc-Ti-V,Combined,1,0,0.05197111864905472,0.008130081300813009
CHAOS_0106,Cd-Mn-Nb-Zn,Combined,3,0,0.08315509318677215,0.1747967479674797
CHAOS_0107,Cd-Sn-Ti-V,Combined,5,0,0.1927863236731399,0.02235772357723577
CHAOS_0108,Cd-Mg-Sn-Ti,Combined,5,0,0.9789030480439367,0.06300813008130081
CHAOS_0109,Mg-Mn-Sr-V,Combined,2,0,0.03482559348541054,0.3150406504065041
CHAOS_0110,Cd-Fe-Nb-Zn,Combined,4,0,3.943373245888252e-05,0.1707317073170732
CHAOS_0111,Ca-Co-Ni-Sr,Combined,2,0,0.4433568550404725,0.4288617886178862
CHAOS_0112,Ca-Cd-Nb-Ti,Combined,3,0,0.5099161622266922,0.1544715447154472
CHAOS_0113,Cd-Mg-Ni-Sn,Combined,5,1,0.8998807608950294,0.8597560975609756
CHAOS_0114,Cu-Fe-Mg-Ni,Combined,1,1,0.9923543057535436,0.8678861788617886
CHAOS_0115,Ca-Cu-Mg-Zn,Combined,2,1,0.926622543438473,0.9898373983739838
CHAOS_0116,Cd-Mg-Ti-Zn,Combined,2,0,0.05201695015984358,0.2601626016260163
CHAOS_0117,Cd-Fe-Mg-Nb,Combined,2,0,0.003355730005919961,0.1036585365853658
CHAOS_0118,Cu-Fe-V-Zn,Combined,1,0,0.04662674343871296,0.3130081300813008
CHAOS_0119,Ca-Mn-Nb-Ti,Combined,3,0,0.001542206827874136,0.2357723577235772
CHAOS_0120,Co-Fe-Ni-Sr,Combined,4,0,0.03682138636727115,0.3699186991869919
CHAOS_0121,Ca-Fe-Mn-Sn,Combined,4,1,0.107087448969139,0.7967479674796748
CHAOS_0122,Ca-Cd-Nb-Zn,Combined,3,0,0.005012471494152515,0.2195121951219512
CHAOS_0123,Ni-Sn-Sr-Zn,Combined,5,0,0.180783732293746,0.4939024390243902
CHAOS_0124,Ca-Co-Mg-Sn,Combined,4,1,0.7763340600262071,0.8638211382113821
CHAOS_0125,Ca-Mg-Mn-Sr,Combined,4,0,0.03310320218656486,0.5650406504065041
CHAOS_0126,Co-Fe-Mn-Ni,Combined,2,1,0.9995099035941015,0.9512195121951219
CHAOS_0127,Cd-Mn-Nb-Ti,Combined,3,0,0.05457683374708585,0.01219512195121951
CHAOS_0128,Nb-Sn-Tc-Zn,Combined,5,0,0.0371281185960643,0.0426829268292683
CHAOS_0129,Fe-Nb-Sn-V,Combined,2,0,0.004630477897926457,0.04065040650406504
CHAOS_0130,Ca-Fe-Sr-Ti,Combined,2,0,0.04679695543125256,0.4186991869918699
CHAOS_0131,Mg-Sn-Ti-Zn,Combined,3,0,0.03994676790719313,0.0975609756097561
CHAOS_0132,Ca-Fe-Ni-Sr,Combined,5,0,0.420994108802128,0.4085365853658536
CHAOS_0133,Cd-Nb-Sr-Ti,Combined,2,0,0.4504382649987688,0.08333333333333333
CHAOS_0134,Fe-Mg-Sn-Sr,Combined,5,0,0.05823422047356975,0.483739837398374
CHAOS_0135,Cd-Co-Ni-Sn,Combined,5,0,0.4480459666212387,0.5467479674796748
CHAOS_0136,Mg-Nb-Sr-Zn,Combined,2,0,0.003961445391904624,0.258130081300813
CHAOS_0137,Cd-Fe-Sn-Zn,Combined,5,0,0.0007444536242316429,0.6178861788617886
CHAOS_0138,Cd-Mg-Sn-V,Combined,4,0,0.08218571357043292,0.1788617886178862
CHAOS_0139,Mn-Ni-V-Zn,Combined,2,0,0.7261194496938881,0.5873983739837398
CHAOS_0140,Cd-Mg-Sr-Zn,Combined,5,0,0.2545991186920381,0.7195121951219512
CHAOS_0141,Nb-Ni-Sn-Ti,Combined,2,0,0.0002949300830197305,0.01829268292682927
CHAOS_0142,Cd-Co-Ni-Zn,Combined,4,1,0.9790904300910802,0.8373983739837398
CHAOS_0143,Mg-Sn-V-Zn,Combined,2,0,0.01091663240440875,0.2378048780487805
CHAOS_0144,Ca-Fe-Mg-Zn,Combined,1,0,0.8231591950085343,0.741869918699187
CHAOS_0145,Ca-Cd-Fe-Sn,Combined,3,1,0.6754387092671941,0.7723577235772358
CHAOS_0146,Ca-Mn-Nb-V,Combined,1,0,0.02918943980431939,0.3272357723577236
CHAOS_0147,Cd-Fe-Ni-Sr,Combined,5,0,0.2765784715311751,0.4410569105691057
CHAOS_0148,Ca-Mg-Nb-Ti,Combined,1,0,0.06211641869343867,0.4268292682926829
CHAOS_0149,Ca-Co-Mg-Sr,Combined,1,0,0.3644267851368634,0.7073170731707317
CHAOS_0150,Mg-Sr-Ti-Zn,Combined,5,0,0.003191374478760821,0.298780487804878
CHAOS_0151,Cd-Mg-Mn-Nb,Combined,5,0,0.008673023647121894,0.1280487804878049
CHAOS_0152,Fe-Mn-Sr-Zn,Combined,1,0,0.03072463988735143,0.6707317073170732
CHAOS_0153,Cd-Fe-Mg-Zn,Combined,1,1,0.9707694845478938,0.8943089430894309
CHAOS_0154,Ca-Mn-Ni-Sr,Combined,5,0,0.2790395191518769,0.4329268292682927
CHAOS_0155,Cd-Mn-Nb-Sr,Combined,4,0,0.008012666415787474,0.1910569105691057
CHAOS_0156,Cd-Cu-Fe-Mg,Combined,2,1,0.9094699387543771,0.7642276422764228
CHAOS_0157,Ca-Sn-Ti-V,Combined,5,0,0.001712432871103286,0.1849593495934959
CHAOS_0158,Fe-Mg-Mn-Ni,Combined,3,1,0.991253675047808,0.9878048780487805
CHAOS_0159,Cd-Fe-Ni-Sn,Combined,3,0,0.2719998043661889,0.5813008130081301
CHAOS_0160,Cd-Mg-V-Zn,Combined,4,0,0.4019074364239554,0.5365853658536586
CHAOS_0161,Ca-Mg-Mn-Ti,Combined,1,0,0.1633798971884852,0.3536585365853658
CHAOS_0162,Co-Cu-Fe-Ni,Combined,2,1,5.513032086795133e-06,0.8983739837398373
CHAOS_0163,Ca-Cd-Nb-Sn,Combined,3,0,0.8756566476690214,0.07317073170731707
CHAOS_0164,Fe-Mg-Nb-Sn,Combined,1,0,0.07105418884129606,0.1300813008130081
CHAOS_0165,Cu-Mg-V-Zn,Combined,5,1,0.4395942167813712,0.8414634146341463
CHAOS_0166,Fe-Mg-Nb-Sr,Combined,5,0,0.001309868332134508,0.2865853658536585
CHAOS_0167,Ca-Sn-Sr-Ti,Combined,4,0,0.04092630953087091,0.3089430894308943
CHAOS_0168,Cd-Mg-Sn-Zn,Combined,2,1,0.4883454268578781,0.75
CHAOS_0169,Ca-Cd-Nb-Sr,Combined,4,0,0.1483140102596559,0.2520325203252032
CHAOS_0170,Cd-Fe-Sn-Ti,Combined,4,0,0.1650926730736026,0.1727642276422764
CHAOS_0171,Fe-Nb-Sn-Zn,Combined,3,0,1.06215955768267e-05,0.1341463414634146
CHAOS_0172,Cu-Nb-Sn-V,Combined,2,0,0.000820050347127285,0.03861788617886179
CHAOS_0173,Cd-Nb-Ti-V,Combined,1,0,0.01389458885326235,0.09552845528455285
CHAOS_0174,Cd-Fe-Mn-Ni,Combined,3,1,0.9834718732636468,0.7601626016260162
CHAOS_0175,Ca-Fe-Sn-Ti,Combined,5,0,0.00539978933149632,0.2235772357723577
CHAOS_0176,Ca-Cd-Mg-Ni,Combined,4,1,0.9611501175797162,0.7886178861788617
CHAOS_0177,Ca-Mg-Nb-Sr,Combined,5,0,0.01438903848844369,0.5914634146341463
CHAOS_0178,Mg-Ni-Sn-Zn,Combined,1,1,0.722166699400336,0.8170731707317073
CHAOS_0179,Mg-Mn-Sn-Sr,Combined,3,0,0.03941161829820041,0.508130081300813
CHAOS_0180,Fe-Mg-Ni-Sr,Combined,3,0,0.05520899849035533,0.4105691056910569
CHAOS_0181,Ca-Mg-Mn-V,Combined,4,0,0.2940192363687806,0.4817073170731707
CHAOS_0182,Co-Cu-Fe-V,Combined,2,0,0.001313680207275856,0.4634146341463415
CHAOS_0183,Ca-Co-Sn-Sr,Combined,5,0,0.6475421136583356,0.6788617886178862
CHAOS_0184,Fe-Mn-Ni-Zn,Combined,3,1,0.9930199471231707,0.9959349593495935
CHAOS_0185,Ca-Co-Mg-Mn,Combined,3,1,0.7877944013373901,0.9654471544715447
CHAOS_0186,Ca-Nb-Sn-Ti,Combined,1,0,0.001483023792200332,0.1504065040650407
CHAOS_0187,Ca-Cd-Sr-V,Combined,2,0,0.2850374367163712,0.6422764227642277
CHAOS_0188,Ca-Mg-Sn-Ti,Combined,3,0,0.04127732278111501,0.2439024390243902
CHAOS_0189,Mn-Nb-Ti-V,Combined,3,0,2.933805324616608e-07,0.4959349593495935
CHAOS_0190,Ca-Mg-Ni-Sn,Combined,2,1,0.8703487907460229,0.8556910569105691
CHAOS_0191,Cd-Cu-V-Zn,Combined,5,0,0.4530724494161885,0.5792682926829268
CHAOS_0192,Cd-Mg-Nb-Zn,Combined,1,0,0.1954194511219833,0.1585365853658537
CHAOS_0193,Cd-Co-Fe-Sn,Combined,3,0,0.3137269599302949,0.6036585365853658
CHAOS_0194,Nb-Sr-Tc-Ti,Combined,1,0,0.005604090424875742,0.1646341463414634
CHAOS_0195,Cu-Nb-Sn-Sr,Combined,1,0,1.672395362366325e-05,0.1056910569105691
CHAOS_0196,Ca-Cd-Mg-Ti,Combined,5,0,0.09031665813379715,0.3394308943089431
CHAOS_0197,Ca-Nb-Sr-V,Combined,1,0,0.07903163781298594,0.3008130081300813
CHAOS_0198,Cd-Fe-Nb-Sn,Combined,3,0,0.01001071876038559,0.06910569105691057
CHAOS_0199,Co-Mg-Ni-Sr,Combined,3,0,0.07075210329111628,0.3943089430894309
CHAOS_0200,Co-Mn-Sr-Zn,Combined,2,0,0.2630153339822031,0.6483739837398373
CHAOS_0201,Ca-Mn-Ti-V,Combined,3,0,0.06619820352573554,0.4024390243902439
CHAOS_0202,Ca-Cd-Co-Mg,Combined,2,1,0.9365336761316273,0.8495934959349594
CHAOS_0203,Mn-Sr-Ti-V,Combined,4,0,0.008811375466341113,0.3211382113821138
CHAOS_0204,Cd-Sr-Ti-Zn,Combined,1,0,0.0007478800416420894,0.241869918699187
CHAOS_0205,Fe-Ni-Sn-Zn,Combined,4,0,0.174924745368435,0.5386178861788617
CHAOS_0206,Ca-Nb-Sn-Sr,Combined,4,0,0.3919675238640776,0.1686991869918699
CHAOS_0207,Cd-Mg-Nb-V,Combined,4,0,0.001895548785983101,0.1260162601626016
CHAOS_0208,Fe-Nb-Sn-Sr,Combined,1,0,0.0007767922923125767,0.1422764227642276
CHAOS_0209,Ca-Cu-Mg-V,Combined,2,0,0.3757930098138823,0.573170731707317
CHAOS_0210,Ca-Fe-Mg-Sr,Combined,1,0,0.1246373801307347,0.6565040650406504
CHAOS_0211,Ca-Sn-Sr-Zn,Combined,1,0,0.3274473712526934,0.6747967479674797
CHAOS_0212,Cd-Mn-Sr-Ti,Combined,1,0,0.1681621328001067,0.266260162601626
CHAOS_0213,Mn-Ni-Sr-Zn,Combined,5,0,0.2254282366881523,0.5264227642276422
CHAOS_0214,Cd-Sr-V-Zn,Combined,1,0,0.04833043054867307,0.491869918699187
CHAOS_0215,Co-Fe-Mg-Sn,Combined,5,0,0.1504349671195553,0.709349593495935
CHAOS_0216,Cu-Sn-Ti-V,Combined,3,0,0.2396062976210244,0.06504065040650407
CHAOS_0217,Ca-Mn-Sr-Zn,Combined,1,0,0.2090344069504276,0.6991869918699187
CHAOS_0218,Mg-Nb-Ti-V,Combined,2,0,0.002968739589765139,0.4451219512195122
CHAOS_0219,Ca-Cd-Mn-Ni,Combined,2,1,0.9248631953688793,0.8922764227642277
CHAOS_0220,Co-Fe-Sn-Zn,Combined,5,0,0.004380919169213717,0.6402439024390244
CHAOS_0221,Mg-Nb-Sn-Sr,Combined,4,0,0.05853647660510307,0.1626016260162602
CHAOS_0222,Cd-Fe-Sr-Zn,Combined,1,0,0.2405252269842458,0.6280487804878049
CHAOS_0223,Ca-Fe-Sn-Zn,Combined,4,0,0.09432741271831832,0.7398373983739838
CHAOS_0224,Mg-Nb-Ti-Zn,Combined,3,0,0.002373524694840295,0.3414634146341464
CHAOS_0225,Ca-Cd-Mg-Mn,Combined,1,1,0.8133817967531679,0.8008130081300813
CHAOS_0226,Nb-Sn-Sr-Zn,Combined,1,0,0.003745426474076098,0.1382113821138211
CHAOS_0227,Ca-Mg-Sn-V,Combined,1,0,0.06970462205687729,0.3841463414634146
CHAOS_0228,Ca-Cd-Fe-Mg,Combined,1,0,0.8809034441463536,0.676829268292683
CHAOS_0229,Ca-Cu-Mn-V,Combined,2,0,0.2402208783022735,0.4390243902439024
CHAOS_0230,Ca-Mg-Sr-Zn,Combined,3,1,0.08660842550717786,0.7682926829268293
CHAOS_0231,Cd-Co-Sn-Sr,Combined,1,0,0.24896008617193,0.693089430894309
CHAOS_0232,Mg-Nb-Sn-Ti,Combined,3,0,0.0006089376664575594,0.05284552845528456
CHAOS_0233,Cd-Mg-Mn-Ni,Combined,2,1,0.9807624538067221,0.8841463414634146
CHAOS_0234,Mg-Mn-Ni-Sn,Combined,1,0,0.6943645230092652,0.4796747967479675
CHAOS_0235,Cd-Nb-Sn-Zn,Combined,2,0,0.0001247282128328058,0.07113821138211382
CHAOS_0236,Cd-Co-Mn-Ni,Combined,2,0,0.9987289197151163,0.7154471544715447
CHAOS_0237,Ca-Fe-Mn-Sr,Combined,3,0,0.05390398039746586,0.3678861788617886
CHAOS_0238,Ca-Sn-Ti-Zn,Combined,3,0,0.1004104247429506,0.2215447154471545
CHAOS_0239,Ca-Nb-Sr-Ti,Combined,4,0,0.2337271629242298,0.3252032520325203
CHAOS_0240,Co-Fe-Ni-V,Combined,2,0,0.001945063874178006,0.451219512195122
CHAOS_0241,Cd-Mg-Mn-Sn,Combined,2,0,0.9993965325924515,0.6056910569105691
CHAOS_0242,Co-Mg-Sr-Zn,Combined,2,0,0.04556377084751408,0.5426829268292683
CHAOS_0243,Ca-Sn-Sr-V,Combined,5,0,0.1913252836872956,0.5630081300813008
CHAOS_0244,Cu-Fe-Mg-Ti,Combined,4,0,0.03215481504204591,0.5528455284552846
CHAOS_0245,Cd-Mn-Nb-Sn,Combined,3,0,0.6492809879008157,0.01626016260162602
CHAOS_0246,Mg-Nb-Sn-Zn,Combined,1,0,0.1743348362935506,0.06707317073170732
CHAOS_0247,Ca-Cd-Co-Mn,Combined,5,1,0.9320358525467435,0.9085365853658537
CHAOS_0248,Cu-Fe-Mg-Zn,Combined,1,1,0.980363417679723,0.8272357723577236
CHAOS_0249,Fe-Mn-Sn-Sr,Combined,2,0,0.0582710360217162,0.4613821138211382
CHAOS_0250,Mg-Mn-Ti-V,Combined,1,0,0.07998697953131556,0.6117886178861789
CHAOS_0251,Ca-Mg-Mn-Zn,Combined,1,0,0.6722418792893062,0.4979674796747968
CHAOS_0252,Cd-Sn-Sr-V,Combined,5,0,0.02786885538201039,0.2784552845528455
CHAOS_0253,Ca-Co-Ni-Sn,Combined,5,1,0.7752550004383826,0.7784552845528455
CHAOS_0254,Fe-Mn-Ni-Sr,Combined,3,0,0.07116613685858192,0.3983739837398374
CHAOS_0255,Ca-Cd-Mg-Sn,Combined,2,1,0.8789700694227792,0.9065040650406504
CHAOS_0256,Ca-Mn-Ti-Zn,Combined,3,0,0.08140450921644699,0.4227642276422764
CHAOS_0257,Mg-Mn-Sr-Zn,Combined,3,0,0.01560884962936182,0.7235772357723578
CHAOS_0258,Mn-Nb-Sn-V,Combined,5,0,0.01805042252940781,0.09959349593495935
CHAOS_0259,Mn-Sn-Sr-V,Combined,3,0,0.1067752812803994,0.2764227642276423
CHAOS_0260,Co-Nb-Sn-Sr,Combined,4,0,0.001249503628389065,0.1199186991869919
CHAOS_0261,Cd-Mn-Ti-Zn,Combined,2,0,0.3990088700434111,0.2886178861788618
CHAOS_0262,Ca-Mg-Ti-Zn,Combined,4,0,0.1367720772606333,0.7032520325203252
CHAOS_0263,Cd-Co-Mn-Sr,Combined,2,0,0.3189843014474782,0.6504065040650406
CHAOS_0264,Mg-Mn-Nb-Zn,Combined,2,0,8.8532062449884e-05,0.524390243902439
CHAOS_0265,Ca-Co-Mn-Zn,Combined,4,1,0.8816662965518612,0.9857723577235772
CHAOS_0266,Cd-Fe-Nb-Sr,Combined,3,0,0.0212439369298858,0.1605691056910569
CHAOS_0267,Co-Ni-Sn-Zn,Combined,3,1,0.08736740156951062,0.8699186991869918
CHAOS_0268,Ca-Co-Fe-Mn,Combined,5,1,0.8565679649997371,0.9227642276422764
CHAOS_0269,Ca-Fe-Nb-Zn,Combined,4,0,0.2014505517737363,0.4532520325203252
CHAOS_0270,Fe-Nb-Ti-Zn,Combined,5,0,1.968222350929461e-05,0.2926829268292683
CHAOS_0271,Fe-Mg-Nb-Ti,Combined,2,0,0.01251544794032974,0.3760162601626016
CHAOS_0272,Fe-Mn-Ni-Sn,Combined,4,0,0.3001600202113975,0.5487804878048781
CHAOS_0273,Cu-Fe-Mn-Zn,Combined,5,1,0.1333395931805468,0.8739837398373984
CHAOS_0274,Mn-Sr-Ti-Zn,Combined,3,0,0.0004923171962235783,0.07723577235772358
CHAOS_0275,Cd-Mg-Ni-Sr,Combined,3,0,0.3476515307683422,0.6341463414634146
CHAOS_0276,Mn-Sn-Ti-V,Combined,3,0,0.03285782025081061,0.07520325203252033
CHAOS_0277,Ca-Co-Mn-Ni,Combined,1,1,0.8585092864346042,0.7621951219512195
CHAOS_0278,Co-Ni-Sn-Sr,Combined,4,0,0.1400416529773104,0.3780487804878049
CHAOS_0279,Nb-Sr-Ti-V,Combined,2,0,0.01888619205568914,0.2296747967479675
CHAOS_0280,Cd-Co-Mn-Sn,Combined,5,0,0.2681187923798835,0.5182926829268293
CHAOS_0281,Ca-Cd-Fe-Sr,Combined,4,0,0.6773574245921054,0.5691056910569106
CHAOS_0282,Co-Mg-Ni-Zn,Combined,1,1,0.9958501359005952,0.991869918699187
CHAOS_0283,Nb-Sn-Ti-Zn,Combined,4,0,0.03424285925069011,0.02439024390243903
CHAOS_0284,Cd-Fe-Mg-Sn,Combined,2,0,0.006935250037723001,0.6260162601626016
CHAOS_0285,Co-Ni-Sr-Zn,Combined,4,0,0.0950071790360627,0.4146341463414634
CHAOS_0286,Ca-Mn-Ni-Zn,Combined,5,0,0.9436809014548524,0.7378048780487805
CHAOS_0287,Fe-Sn-Ti-V,Combined,4,0,1.78784563363161e-05,0.03658536585365853
CHAOS_0288,Cd-Mn-Sn-Sr,Combined,5,0,0.4228391610090835,0.5142276422764228
CHAOS_0289,Cd-Co-Cu-Fe,Combined,5,1,0.7036753752066113,0.8150406504065041
CHAOS_0290,Co-Cu-Mn-Zn,Combined,1,1,0.8763730977256455,0.9634146341463414
CHAOS_0291,Co-Nb-Sn-Ti,Combined,3,0,0.0001181142633979066,0.03252032520325204
CHAOS_0292,Cu-Mg-Ni-Sn,Combined,4,0,0.9999994719835622,0.717479674796748
CHAOS_0293,Fe-Sn-Sr-Ti,Combined,4,0,9.695407345951841e-05,0.2073170731707317
CHAOS_0294,Co-Fe-Sr-Zn,Combined,4,0,0.01874408783628479,0.467479674796748
CHAOS_0295,Mg-Mn-Ni-Zn,Combined,1,1,0.9890211298277998,0.9369918699186992
CHAOS_0296,Sn-Sr-V-Zn,Combined,1,0,0.02451716451030236,0.3191056910569106
CHAOS_0297,Cd-Mg-Mn-Zn,Combined,2,1,0.9443754631427201,0.9715447154471545
CHAOS_0298,Fe-Mn-Ni-V,Combined,4,0,0.6050520213126711,0.5020325203252033
CHAOS_0299,Ca-Co-Ni-Zn,Combined,3,1,0.954602859580402,0.8882113821138211
CHAOS_0300,Cd-Ni-Sn-Sr,Combined,4,1,0.2401898748904706,0.758130081300813
CHAOS_0301,Cd-Nb-Sr-Zn,Combined,1,0,0.0001846998576995607,0.2154471544715447
CHAOS_0302,Fe-Mg-Sn-Ti,Combined,3,0,0.167030890462972,0.08536585365853659
CHAOS_0303,Ca-Cd-Mn-V,Combined,2,0,0.6297721507694782,0.6585365853658537
CHAOS_0304,Fe-Mg-Ti-Zn,Combined,5,0,0.2730233650658513,0.6829268292682927
CHAOS_0305,Mg-Nb-Sn-Tc,Combined,4,0,0.03581227835965069,0.04878048780487805
CHAOS_0306,Ca-Mg-V-Zn,Combined,1,1,0.6197095646632576,0.9613821138211383
CHAOS_0307,Cd-Fe-Mn-Sr,Combined,4,0,0.159672435773102,0.6869918699186992
CHAOS_0308,Co-Mn-V-Zn,Combined,4,1,0.7143808706871326,0.8130081300813008
CHAOS_0309,Nb-Sr-V-Zn,Combined,4,0,0.0008336168596402502,0.1402439024390244
CHAOS_0310,Co-Mg-V-Zn,Combined,5,1,0.9202326147212624,0.9532520325203252
CHAOS_0311,Mg-Mn-Nb-Ti,Combined,1,0,0.007413019012557654,0.3048780487804878
CHAOS_0312,Ca-Fe-Nb-Ti,Combined,2,0,0.07849884510598028,0.556910569105691
CHAOS_0313,Ca-Mg-Sr-Ti,Combined,2,0,0.09493111196688392,0.5508130081300813
CHAOS_0314,Cd-Nb-Sr-V,Combined,4,0,0.1504001644088613,0.1016260162601626
CHAOS_0315,Mn-Nb-Sn-Zn,Combined,1,0,0.03650317879695922,0.1158536585365854
CHAOS_0316,Ca-Cd-Sn-Sr,Combined,4,1,0.9627473729504247,0.9552845528455285
CHAOS_0317,Cd-Mn-Sn-Ti,Combined,5,0,0.4939635185638307,0.1117886178861789
CHAOS_0318,Fe-Sn-Ti-Zn,Combined,5,0,0.01494457463275448,0.1971544715447154
CHAOS_0319,Fe-Mg-Sr-Ti,Combined,5,0,0.006444061201418483,0.2479674796747967
CHAOS_0320,Mg-Sn-Sr-V,Combined,3,0,0.0113357535109964,0.3577235772357724
CHAOS_0321,Ca-Co-Fe-Sn,Combined,3,0,0.01309421698528204,0.6727642276422764
CHAOS_0322,Ca-Mg-Sr-V,Combined,3,0,0.09530491407904344,0.6443089430894309
CHAOS_0323,Mn-Sn-Sr-Ti,Combined,3,0,0.165132858378582,0.2113821138211382
CHAOS_0324,Ca-Mn-Nb-Sn,Combined,3,0,0.001936958088330559,0.2276422764227642
CHAOS_0325,Mg-Ni-Sn-Sr,Combined,5,0,0.1787403776250547,0.5670731707317073
CHAOS_0326,Ca-Mn-Sn-Ti,Combined,1,0,0.001467616365665378,0.07926829268292683
CHAOS_0327,Ca-Sr-Ti-V,Combined,2,0,0.1814330246319428,0.3475609756097561
CHAOS_0328,Cu-Mn-Ni-Sn,Combined,2,0,0.02995044704286626,0.4308943089430894
CHAOS_0329,Fe-Nb-Sr-Zn,Combined,2,0,0.000180968395607269,0.2540650406504065
CHAOS_0330,Ca-Mg-Nb-V,Combined,1,0,0.05840392926597013,0.3882113821138211
CHAOS_0331,Ca-Cd-Sr-Ti,Combined,5,0,0.03008398251025565,0.3231707317073171
CHAOS_0332,Cd-Mg-Mn-V,Combined,3,0,0.1694082840085877,0.3170731707317073
CHAOS_0333,Nb-Sn-V-Zn,Combined,3,0,0.0008374016343450562,0.02032520325203252
CHAOS_0334,Co-Mn-Ni-Sr,Combined,5,0,0.2056380526931514,0.4065040650406504
CHAOS_0335,Fe-Sr-Ti-Zn,Combined,5,0,0.003603339274459654,0.3455284552845528
CHAOS_0336,Cu-Mg-Mn-V,Combined,3,0,0.5538915121799239,0.7134146341463414
CHAOS_0337,Mn-Sr-V-Zn,Combined,4,0,0.01524177651074292,0.516260162601626
CHAOS_0338,Co-Cu-Fe-Mg,Combined,3,1,0.9900117184162833,0.959349593495935
CHAOS_0339,Fe-Mg-Ni-Sn,Combined,2,0,0.9281910475031618,0.5995934959349594
CHAOS_0340,Co-Cu-Mn-Ni,Combined,4,0,0.9658515512017977,0.6544715447154471
CHAOS_0341,Fe-Mg-Nb-Zn,Combined,2,0,5.738151035786964e-05,0.443089430894309
CHAOS_0342,Mg-Sr-V-Zn,Combined,5,0,0.05433936137383331,0.5955284552845529
CHAOS_0343,Ca-Cd-Co-Sn,Combined,3,1,0.9365444931975841,0.8577235772357723
CHAOS_0344,Cd-Mn-Ni-Sr,Combined,4,0,0.2346657453240865,0.6097560975609756
CHAOS_0345,Ca-Nb-Sn-V,Combined,2,0,0.09535339425101698,0.1138211382113821
CHAOS_0346,Co-Mn-Ni-Sn,Combined,3,0,0.5724814666947592,0.4573170731707317
CHAOS_0347,Mn-Sn-V-Zn,Combined,2,0,0.0625920368711227,0.2052845528455285
CHAOS_0348,Cd-Mn-Nb-V,Combined,2,0,0.01076092769998064,0.1890243902439024
CHAOS_0349,Cd-Co-Fe-Mg,Combined,4,1,0.9578193873736344,0.8455284552845529
CHAOS_0350,Sn-Sr-Ti-Zn,Combined,4,0,0.006084162232631192,0.217479674796748
CHAOS_0351,Ca-Cd-Sn-V,Combined,4,0,0.1830393492269759,0.274390243902439
CHAOS_0352,Cu-Mg-Mn-Zn,Combined,2,1,0.9568768694770962,0.9044715447154471
CHAOS_0353,Cd-Mg-Sr-Ti,Combined,2,0,0.004445468152359758,0.1951219512195122
CHAOS_0354,Co-Mn-Ni-Zn,Combined,4,1,0.993935607973509,0.983739837398374
CHAOS_0355,Mn-Nb-Sn-Tc,Combined,5,0,0.05036675778254418,0.06097560975609756
CHAOS_0356,Cd-Co-Fe-Ni,Combined,2,0,0.9997990507284752,0.6890243902439024
CHAOS_0357,Fe-Mg-Ni-Zn,Combined,3,1,0.997442451258701,0.8861788617886179
CHAOS_0358,Mg-Mn-Sn-V,Combined,3,0,0.003506309008744596,0.1930894308943089
CHAOS_0359,Cd-Nb-V-Zn,Combined,3,0,0.01788109426678535,0.02642276422764228
CHAOS_0360,Ca-Cd-Co-Sr,Combined,5,1,0.8808277345469973,0.8760162601626016
CHAOS_0361,Ca-Mg-Ni-Zn,Combined,4,1,0.9056267817285897,0.9166666666666666
CHAOS_0362,Ca-Fe-Sr-Zn,Combined,4,0,0.1025219778001973,0.532520325203252
CHAOS_0363,Ca-Mn-Sr-V,Combined,5,0,0.07470494075969374,0.6219512195121951
CHAOS_0364,Mn-Nb-Sr-Zn,Combined,5,0,0.0003660383646822004,0.282520325203252
CHAOS_0365,Mg-Nb-Sr-Ti,Combined,5,0,0.001522021421369691,0.2967479674796748
CHAOS_0366,Cd-Ni-Sr-Zn,Combined,5,0,0.6037678233525752,0.5609756097560976
CHAOS_0367,Cd-Cu-Mn-Ni,Combined,1,0,0.7807332404700862,0.6605691056910569
CHAOS_0368,Ca-Mn-Sn-V,Combined,4,0,0.002259833729426894,0.3353658536585366
CHAOS_0369,Co-Cu-Fe-Mn,Combined,4,1,0.7809240087074395,0.8434959349593496
CHAOS_0370,Ca-Cd-Ti-Zn,Combined,2,0,0.01312078795673478,0.3028455284552846
CHAOS_0371,Cd-Co-Ni-Sr,Combined,5,0,0.6784647007125055,0.4715447154471545
CHAOS_0372,Ca-Co-Fe-Ni,Combined,2,1,0.9204975090281415,0.8516260162601627
CHAOS_0373,Cd-Mn-Sr-Zn,Combined,3,1,0.2591303518735077,0.7947154471544715
CHAOS_0374,Cd-Co-Mg-Sn,Combined,4,0,0.5516150130325603,0.725609756097561
CHAOS_0375,Mg-Mn-Sn-Zn,Combined,1,0,0.4042962189619637,0.5975609756097561
CHAOS_0376,Ca-Ni-Sr-Zn,Combined,3,0,0.3543926800813125,0.5223577235772358
CHAOS_0377,Ca-Cd-Fe-Nb,Combined,2,0,0.04551243607932278,0.25
CHAOS_0378,Co-Mg-Mn-Zn,Combined,2,1,0.9839098285288345,1.0
CHAOS_0379,Mn-Sn-Ti-Zn,Combined,1,0,0.3346186160173934,0.1666666666666667
CHAOS_0380,Ca-Nb-Ti-Zn,Combined,4,0,0.05485310785912307,0.3516260162601626
CHAOS_0381,Ca-Co-Sr-Zn,Combined,5,0,0.2205282665506179,0.6016260162601627
CHAOS_0382,Co-Sn-Sr-Zn,Combined,2,0,0.1003020883626103,0.5711382113821138
CHAOS_0383,Ca-Cd-Nb-V,Combined,4,0,0.0001065598274313775,0.1361788617886179
CHAOS_0384,Ca-Sr-Ti-Zn,Combined,5,0,0.005922324241694974,0.3333333333333333
CHAOS_0385,Cd-Mn-Ti-V,Combined,5,0,0.0001487099004605159,0.1178861788617886
CHAOS_0386,Ca-Cd-Co-Ni,Combined,4,0,0.9658342689244507,0.7439024390243902
CHAOS_0387,Cd-Cu-Mg-Zn,Combined,4,1,0.9847117584336822,0.9939024390243902
CHAOS_0388,Mn-Ni-Sn-Zn,Combined,4,0,0.725301419226001,0.5772357723577236
CHAOS_0389,Mg-Mn-Sr-Ti,Combined,5,0,0.002525657708214749,0.3495934959349594
CHAOS_0390,Ca-Co-Mg-Ni,Combined,5,1,0.9291516361447199,0.8821138211382114
CHAOS_0391,Co-Fe-Mg-Sr,Combined,2,0,0.07126817791667979,0.4491869918699187
CHAOS_0392,Co-Fe-Ni-Sn,Combined,3,0,0.1303773078584771,0.6382113821138211
CHAOS_0393,Cd-Nb-Ti-Zn,Combined,5,0,0.0204850880720911,0.04674796747967479
CHAOS_0394,Cd-Mg-Mn-Ti,Combined,5,0,0.03410695101690368,0.290650406504065
CHAOS_0395,Nb-Sr-Ti-Zn,Combined,5,0,0.02889650297453849,0.1768292682926829
CHAOS_0396,Fe-Ni-V-Zn,Combined,3,0,0.02123299118759895,0.3800813008130081
CHAOS_0397,Ca-Nb-Sr-Zn,Combined,5,0,0.02659058206339248,0.2845528455284553
CHAOS_0398,Co-Fe-Mn-Sn,Combined,4,0,0.003610300511995376,0.5934959349593496
CHAOS_0399,Nb-Sn-Tc-Ti,Combined,5,0,0.007028352824419578,0.004065040650406504
CHAOS_0400,Cd-Mg-Nb-Ti,Combined,3,0,0.2637924927328205,0.1239837398373984
CHAOS_0401,Ca-Cd-Ti-V,Combined,2,0,0.2009554386628977,0.2398373983739837
CHAOS_0402,Ca-Mn-Ni-Sn,Combined,3,0,0.5963233341673381,0.5853658536585366
CHAOS_0403,Cu-Mg-Mn-Ni,Combined,3,1,0.9779900583486626,0.7987804878048781
CHAOS_0404,Fe-Sn-Sr-Zn,Combined,4,0,0.005315846852715383,0.4695121951219512
CHAOS_0405,Co-Fe-Mg-Zn,Combined,4,1,0.9949717341220262,0.9004065040650406
CHAOS_0406,Fe-Ni-Sr-Zn,Combined,4,0,0.03736088532352208,0.4044715447154472
CHAOS_0407,Ca-Co-Mn-Sn,Combined,2,1,0.5173464166241215,0.8902439024390244
CHAOS_0408,Ca-Mn-V-Zn,Combined,2,0,0.6481081546057104,0.475609756097561
CHAOS_0409,Ca-Cd-Fe-Mn,Combined,2,0,0.8737336224383103,0.7296747967479674
CHAOS_0410,Mn-Nb-Sn-Sr,Combined,5,0,2.497913337827727e-05,0.1524390243902439
CHAOS_0411,Co-Fe-V-Zn,Combined,4,0,0.716154413703065,0.6666666666666666
CHAOS_0412,Co-Fe-Mg-Ni,Combined,5,1,0.9946032997080487,0.9573170731707317
CHAOS_0413,Ca-Cd-Co-Zn,Combined,3,1,0.9518163768080533,0.8719512195121951
CHAOS_0414,Nb-Sn-Tc-V,Combined,3,0,0.001691483562250119,0.002032520325203252
CHAOS_0415,Ca-Cd-Mn-Zn,Combined,3,1,0.9115762189155052,0.9796747967479674
CHAOS_0416,Ca-Co-Mg-Zn,Combined,5,1,0.9134633230649107,0.9349593495934959
CHAOS_0417,Cu-Fe-Ni-Zn,Combined,2,1,0.9522396836750331,0.9695121951219512
CHAOS_0418,Cd-Mg-Nb-Sr,Combined,5,0,0.0009930399426551842,0.1869918699186992
CHAOS_0419,Ca-Nb-Sn-Zn,Combined,2,0,0.01085987383068665,0.1483739837398374
CHAOS_0420,Ca-Fe-Ni-Zn,Combined,2,1,0.9073666173281001,0.8617886178861789
CHAOS_0421,Co-Fe-Mg-Mn,Combined,5,1,0.9533272992826993,0.8109756097560976
CHAOS_0422,Fe-Nb-Sr-Ti,Combined,4,0,0.06905080281815361,0.2134146341463415
CHAOS_0423,Cd-Nb-Sn-Ti,Combined,1,0,0.04338344754948628,0.01422764227642276
CHAOS_0424,Mn-Nb-Sr-Ti,Combined,2,0,0.02117365332307379,0.1991869918699187
CHAOS_0425,Ca-Ti-V-Zn,Combined,1,0,0.02021296612648411,0.4857723577235772
CHAOS_0426,Mn-Nb-V-Zn,Combined,5,0,0.0167126776618518,0.3821138211382114
CHAOS_0427,Cd-Cu-Fe-Mn,Combined,2,0,0.962354208459264,0.6951219512195121
CHAOS_0428,Mg-Ni-V-Zn,Combined,1,1,0.97643428545084,0.9288617886178862
CHAOS_0429,Ca-Co-Fe-Sr,Combined,5,0,0.1751186993961456,0.4654471544715447
CHAOS_0430,Ca-Fe-Ni-Sn,Combined,1,0,0.3328320827747088,0.6808943089430894
CHAOS_0431,Fe-Mg-Mn-Zn,Combined,3,1,0.9744610195388551,0.7560975609756098
CHAOS_0432,Ca-Fe-Mg-Nb,Combined,3,0,0.100090262957742,0.5040650406504065
CHAOS_0433,Ca-Cd-Ni-Zn,Combined,1,1,0.9324434518093676,0.8252032520325203
CHAOS_0434,Cu-Fe-Mg-Mn,Combined,1,1,0.8935834633607479,0.9817073170731707
CHAOS_0435,Mn-Ti-V-Zn,Combined,1,0,0.001574640789432789,0.4471544715447154
CHAOS_0436,Cd-Cu-Ni-Zn,Combined,1,1,0.9492911104125443,0.7865853658536586
CHAOS_0437,Cd-Sn-Sr-Ti,Combined,4,0,0.1589681014155347,0.2032520325203252
CHAOS_0438,Cd-Nb-Sn-V,Combined,2,0,5.224187647961568e-05,0.01016260162601626
CHAOS_0439,Cd-Fe-Mg-Mn,Combined,5,1,0.7690973194335501,0.9247967479674797
CHAOS_0440,Cd-Mg-Mn-Sr,Combined,4,1,0.09839413260555212,0.8089430894308943
CHAOS_0441,Co-Mn-Ni-V,Combined,4,0,0.737797184157627,0.5101626016260162
CHAOS_0442,Ca-Co-Sn-Zn,Combined,4,1,0.5992614281146318,0.8475609756097561
CHAOS_0443,Co-Cu-Sn-Zn,Combined,3,0,0.002542198626113605,0.6524390243902439
CHAOS_0444,Mg-Sr-Ti-V,Combined,5,0,0.007126041158507112,0.3902439024390244
CHAOS_0445,Ca-Cd-Sn-Ti,Combined,3,0,0.4900957975446551,0.1808943089430894
CHAOS_0446,Ca-Fe-Mg-Mn,Combined,5,1,0.4577377566807129,0.9186991869918699
CHAOS_0447,Cd-Fe-Sn-Sr,Combined,1,0,0.2653611858682267,0.733739837398374
CHAOS_0448,Ca-Fe-Mn-Ni,Combined,3,1,0.8154353982205297,0.9451219512195121
CHAOS_0449,Mg-Ti-V-Zn,Combined,1,0,0.007354421131975805,0.7357723577235772
CHAOS_0450,Nb-Ti-V-Zn,Combined,1,0,0.05663566402649294,0.3658536585365854
CHAOS_0451,Ca-Mg-Sn-Sr,Combined,3,0,0.429283434022976,0.7276422764227642
CHAOS_0452,Cd-Co-Fe-Mn,Combined,4,1,0.9974466677708769,0.8780487804878049
CHAOS_0453,Ca-Sn-V-Zn,Combined,2,0,0.00359278818308613,0.2703252032520325
CHAOS_0454,Mg-Mn-Ni-Sr,Combined,4,0,0.0551063463834603,0.5203252032520326
CHAOS_0455,Ca-Cd-Fe-Zn,Combined,5,0,0.9061106395542251,0.7012195121951219
CHAOS_0456,Co-Fe-Ni-Zn,Combined,4,1,0.9933981578243446,0.9146341463414634
CHAOS_0457,Ca-Cd-Ni-Sr,Combined,5,1,0.9144223680180033,0.8313008130081301
CHAOS_0458,Cd-Fe-Mn-Zn,Combined,1,1,0.9390050849062964,0.926829268292683
CHAOS_0459,Mg-Mn-Nb-V,Combined,3,0,0.007027774246614742,0.3739837398373984
CHAOS_0460,Fe-Nb-Sn-Ti,Combined,2,0,0.00179091447548237,0.006097560975609756
CHAOS_0461,Mn-Ni-Sn-Sr,Combined,1,0,0.0561880740410796,0.5121951219512195
CHAOS_0462,Co-Cu-Fe-Sn,Combined,4,0,0.00257953339093912,0.3638211382113821
CHAOS_0463,Mg-Sn-Sr-Zn,Combined,4,0,0.02824711703505771,0.5345528455284553
CHAOS_0464,Fe-Mg-Sn-Zn,Combined,1,0,0.1306222118022246,0.6199186991869918
CHAOS_0465,Ca-Mn-Sn-Sr,Combined,3,0,0.3932582817350456,0.2804878048780488
CHAOS_0466,Cu-Ni-Ti-Zn,Combined,1,0,0.002893258477933705,0.3861788617886179
CHAOS_0467,Ca-Fe-Ti-Zn,Combined,5,0,0.3974371179508215,0.6686991869918699
CHAOS_0468,Mg-Nb-Sn-V,Combined,1,0,0.000680524539199611,0.1077235772357724
CHAOS_0469,Ca-Nb-V-Zn,Combined,3,0,0.07703646062225714,0.3373983739837398
CHAOS_0470,Cd-Co-Mg-Mn,Combined,3,1,0.9767150844117944,0.9308943089430894
CHAOS_0471,Cd-Sn-V-Zn,Combined,4,0,0.04184090303849528,0.2560975609756098
CHAOS_0472,Cd-Sn-Ti-Zn,Combined,4,0,0.3465571785545764,0.09349593495934959
CHAOS_0473,Sr-Ti-V-Zn,Combined,3,0,0.00124620224856609,0.2621951219512195
CHAOS_0474,Mg-Mn-Ti-Zn,Combined,1,0,0.1755378415437762,0.6138211382113821
CHAOS_0475,Cd-Fe-Ni-Zn,Combined,3,1,0.6549952357931362,0.7926829268292683
CHAOS_0476,Ca-Cd-Mn-Ti,Combined,4,0,0.6765445198703895,0.3617886178861789
CHAOS_0477,Ca-Sr-V-Zn,Combined,2,0,0.09422724055726732,0.3719512195121951
CHAOS_0478,Co-Cu-Mn-V,Combined,2,0,0.4682203380999171,0.6300813008130082
CHAOS_0479,Ca-Cd-Ni-Sn,Combined,5,1,0.9706870934404885,0.9410569105691057
CHAOS_0480,Co-Fe-Mn-Sr,Combined,4,0,0.03430696264861152,0.4898373983739837
CHAOS_0481,Cd-Mn-Sn-Zn,Combined,1,0,0.6725405983146405,0.6077235772357723
CHAOS_0482,Cd-Fe-Mg-Ti,Combined,3,0,0.07795303544495294,0.306910569105691
CHAOS_0483,Ca-Co-Fe-Mg,Combined,5,0,0.8160343566250485,0.7479674796747967
CHAOS_0484,Cd-Nb-Sn-Sr,Combined,3,0,0.4537671668944098,0.09146341463414634
CHAOS_0485,Mn-Nb-Sr-V,Combined,2,0,0.03198502850887869,0.3292682926829268
CHAOS_0486,Ca-Cd-Mn-Nb,Combined,4,0,0.1847180412573282,0.2642276422764228
CHAOS_0487,Ca-Ni-Sn-Zn,Combined,1,1,0.7917792353221942,0.8658536585365854
CHAOS_0488,Fe-Ni-Sn-Sr,Combined,3,0,0.0004831577415029432,0.4552845528455284
CHAOS_0489,Ca-Cd-Fe-Ti,Combined,1,0,0.2186140179350581,0.3963414634146342
CHAOS_0490,Ca-Cd-Sr-Zn,Combined,4,1,0.771564006162717,0.9329268292682927
CHAOS_0491,Co-Cu-Fe-Zn,Combined,3,1,0.9574157956933588,0.967479674796748
CHAOS_0492,Cd-Fe-Mn-Sn,Combined,1,0,0.07721824398414412,0.4735772357723577
CHAOS_0493,Cu-Mn-Ni-Zn,Combined,5,1,0.9385643787931136,0.9491869918699187
