anonymous_id,compositional_family,feature_group,fold,observed_log10_EFA,predicted_log10_EFA_oof,residual_observed_minus_predicted,EFA_percentile,high_EFA
CHAOS_0001,Ca-Cd-Co-Fe,DFT only,1,1.330868536895553,1.294167590808224,0.03670094608732888,0.774390243902439,1
CHAOS_0002,Ca-Fe-Mn-Zn,DFT only,5,1.205546347798089,1.303182241813109,-0.09763589401502015,0.6321138211382114,0
CHAOS_0003,Co-Mg-Mn-Sr,DFT only,1,1.069331415166951,1.210477689612596,-0.1411462744456458,0.4369918699186992,0
CHAOS_0004,Co-Mg-Mn-Ni,DFT only,2,1.380245376428268,1.33319416975623,0.04705120667203744,0.8048780487804879,1
CHAOS_0005,Fe-Mg-Mn-Sr,DFT only,4,1.236105221072092,1.114471919517171,0.1216333015549209,0.6646341463414634,0
CHAOS_0006,Mg-Sn-Sr-Ti,DFT only,2,0.8044883033404857,0.9287074908749745,-0.1242191875344888,0.209349593495935,0
CHAOS_0007,Ca-Ni-Sn-Sr,DFT only,3,1.265675748873167,1.189687449738486,0.07598829913468053,0.6971544715447154,0
CHAOS_0008,Cu-Fe-Mn-V,DFT only,2,0.9597366512106851,1.043476853142539,-0.08374020193185405,0.3434959349593496,0
CHAOS_0009,Co-Mg-Sn-Zn,DFT only,4,1.345720124546145,1.210486377599138,0.1352337469470068,0.7804878048780488,1
CHAOS_0010,Cd-Fe-Ti-Zn,DFT only,1,0.8814887226367113,1.108656155897402,-0.2271674332606909,0.2723577235772358,0
CHAOS_0011,Ca-Nb-Ti-V,DFT only,3,1.117948633474238,1.178535368367251,-0.06058673489301247,0.4878048780487805,0
CHAOS_0012,Mg-Nb-Sr-V,DFT only,1,0.820034804111342,1.102971141203668,-0.282936337092326,0.225609756097561,0
CHAOS_0013,Ca-Mn-Sn-Zn,DFT only,4,1.379049473621278,1.225167449373799,0.1538820242474785,0.8028455284552846,1
CHAOS_0014,Ca-Fe-Mg-Sn,DFT only,5,1.316713149050862,1.106116308783913,0.2105968402669489,0.7540650406504065,1
CHAOS_0015,Cd-Mg-Sr-V,DFT only,4,1.037527643995246,1.161380955930633,-0.1238533119353864,0.4004065040650406,0
CHAOS_0016,Ca-Mg-Mn-Nb,DFT only,1,0.9124613019679277,1.175469684512197,-0.2630083825442688,0.3109756097560976,0
CHAOS_0017,Ca-Cd-Mg-Nb,DFT only,2,0.869809372913117,1.136052074761025,-0.266242701847908,0.2682926829268293,0
CHAOS_0018,Ca-Mg-Ni-Sr,DFT only,2,1.234306933184503,1.201311475939764,0.03299545724473885,0.6626016260162602,0
CHAOS_0019,Ca-Co-Fe-Zn,DFT only,1,1.381041366752379,1.288710869484349,0.09233049726802989,0.806910569105691,1
CHAOS_0020,Cd-Cu-Mg-Mn,DFT only,1,1.347852618007481,1.275566712601159,0.07228590540632296,0.782520325203252,1
CHAOS_0021,Nb-Sn-Sr-V,DFT only,5,0.6292655334803368,1.066831670894196,-0.4375661374138591,0.05691056910569105,0
CHAOS_0022,Cd-Sr-Ti-V,DFT only,5,0.7275950552365444,0.7999101791784711,-0.07231512394192663,0.1443089430894309,0
CHAOS_0023,Ca-Cd-Mn-Sr,DFT only,2,1.718753023086492,1.283925179404126,0.4348278436823652,0.975609756097561,1
CHAOS_0024,Co-Cu-Mg-Mn,DFT only,2,1.714018084185283,1.263475283645071,0.4505428005402121,0.9735772357723578,1
CHAOS_0025,Cd-Cu-Fe-Zn,DFT only,2,1.547734257364569,1.097623071282674,0.4501111860818952,0.9105691056910569,1
CHAOS_0026,Ca-Co-Mn-Sr,DFT only,2,1.108803621990512,1.168762111845181,-0.05995848985466901,0.4776422764227642,0
CHAOS_0027,Cd-Co-Fe-Sr,DFT only,2,1.12518253368288,1.100778294555987,0.02440423912689371,0.5060975609756098,0
CHAOS_0028,Cd-Co-Sr-Zn,DFT only,4,1.213632867765051,1.192405492805613,0.02122737495943783,0.6463414634146342,0
CHAOS_0029,Ca-Mg-Nb-Sn,DFT only,4,0.8269431825144284,0.9019494568817391,-0.07500627436731067,0.233739837398374,0
CHAOS_0030,Cd-Mn-Sn-V,DFT only,2,0.8380255277011236,1.047453256034582,-0.2094277283334588,0.2459349593495935,0
CHAOS_0031,Mg-Ni-Sr-Zn,DFT only,1,1.087708797887424,1.118219523313093,-0.03051072542566913,0.459349593495935,0
CHAOS_0032,Cd-Mn-Ni-Zn,DFT only,2,1.553939599440648,1.337417970415106,0.2165216290255421,0.9126016260162602,1
CHAOS_0033,Cd-Mn-Sr-V,DFT only,4,1.061157252745739,1.145031970803172,-0.08387471805743218,0.4247967479674797,0
CHAOS_0034,Cu-Fe-Sn-Zn,DFT only,1,1.33213499839198,0.9855131377699589,0.346621860622021,0.7764227642276422,1
CHAOS_0035,Ca-Mg-Mn-Ni,DFT only,5,1.607622042516882,1.295804797966373,0.3118172445505094,0.9390243902439024,1
CHAOS_0036,Ca-Cd-Fe-Ni,DFT only,4,1.295855466488807,1.247144544784749,0.04871092170405822,0.7317073170731707,0
CHAOS_0037,Ca-Mg-Nb-Zn,DFT only,3,1.121978224525889,0.824039241290865,0.2979389832350241,0.5,0
CHAOS_0038,Nb-Tc-Ti-V,DFT only,2,0.7402569363522179,1.112900224516283,-0.3726432881640654,0.1565040650406504,0
CHAOS_0039,Ca-Cu-Mg-Mn,DFT only,3,1.325419489052944,1.215107261968536,0.1103122270844077,0.766260162601626,1
CHAOS_0040,Co-Mg-Mn-Sn,DFT only,1,1.166875025726359,1.128015694741158,0.03885933098520167,0.5752032520325203,0
CHAOS_0041,Co-Mg-Ni-Sn,DFT only,4,1.444778326214908,1.209454110142923,0.2353242160719848,0.8536585365853658,1
CHAOS_0042,Cd-Co-Mg-Sr,DFT only,4,1.259835565361272,1.217557663887983,0.0422779014732888,0.6910569105691057,0
CHAOS_0043,Cd-Mg-Nb-Sn,DFT only,2,0.6008639117140762,1.18625430142968,-0.5853903897156041,0.03048780487804878,0
CHAOS_0044,Ca-Mn-Nb-Sr,DFT only,5,1.048053860049666,1.180528708334111,-0.1324748482844449,0.4126016260162602,0
CHAOS_0045,Mg-Sn-Ti-V,DFT only,4,0.6780888634511649,0.6059635957438921,0.07212526770727279,0.08943089430894309,0
CHAOS_0046,Cd-Fe-Sr-Ti,DFT only,2,0.7117460284107648,0.7854836889749888,-0.07373766056422393,0.1219512195121951,0
CHAOS_0047,Ca-Cd-Sn-Zn,DFT only,2,1.407750371215619,1.271580282673601,0.1361700885420183,0.8292682926829268,1
CHAOS_0048,Cd-Co-Sn-Zn,DFT only,4,1.291677769970987,1.140660260680303,0.151017509290684,0.7215447154471545,0
CHAOS_0049,Cu-Mn-V-Zn,DFT only,5,1.305503043951992,1.074800562396313,0.2307024815556784,0.7459349593495935,0
CHAOS_0050,Cd-Ni-Sn-Zn,DFT only,5,1.258862243422577,1.198911099501675,0.05995114392090262,0.6849593495934959,0
CHAOS_0051,Ca-Mg-Mn-Sn,DFT only,5,1.156838652690091,1.230293853994323,-0.07345520130423266,0.5548780487804879,0
CHAOS_0052,Co-Cu-Mg-Ni,DFT only,4,1.415521307074694,1.234045747612568,0.1814755594621265,0.8394308943089431,1
CHAOS_0053,Fe-Mn-Sn-Zn,DFT only,5,1.147125560268714,1.045634457943873,0.1014911023248408,0.540650406504065,0
CHAOS_0054,Ca-Mn-Nb-Zn,DFT only,5,1.05044887852907,1.081388873817642,-0.03093999528857183,0.4166666666666667,0
CHAOS_0055,Ca-Mg-Ti-V,DFT only,5,1.413762357635907,1.301594705799278,0.1121676518366292,0.8353658536585366,1
CHAOS_0056,Mn-Nb-Ti-Zn,DFT only,1,0.7130287730327973,0.3824664160046325,0.3305623570281648,0.1321138211382114,0
CHAOS_0057,Cd-Fe-Nb-Ti,DFT only,2,0.6666011228920825,0.9458326995408497,-0.2792315766487672,0.08130081300813008,0
CHAOS_0058,Nb-Sn-Sr-Ti,DFT only,2,0.624278999378092,0.8128763226666027,-0.1885973232885108,0.0508130081300813,0
CHAOS_0059,Cu-Nb-Sn-Tc,DFT only,5,0.6184836088057772,0.7008996853324311,-0.08241607652665384,0.04471544715447155,0
CHAOS_0060,Mg-Mn-Nb-Sr,DFT only,3,0.9768160780825129,1.096303774251351,-0.1194876961688384,0.3556910569105691,0
CHAOS_0061,Cu-Mn-Sn-Zn,DFT only,2,1.169924866710909,1.155372732489704,0.01455213422120538,0.5833333333333334,0
CHAOS_0062,Ca-Mn-Sr-Ti,DFT only,4,0.7991642469152445,1.145939164184339,-0.3467749172690942,0.201219512195122,0
CHAOS_0063,Cd-Co-Mg-Zn,DFT only,4,1.523647236641474,1.342819904053729,0.180827332587745,0.8963414634146342,1
CHAOS_0064,Co-Mg-Mn-V,DFT only,1,1.725100978523957,1.334323507798039,0.3907774707259184,0.9776422764227642,1
CHAOS_0065,Co-Fe-Mn-Zn,DFT only,4,2.028672147938234,1.315154438113676,0.7135177098245584,0.9979674796747967,1
CHAOS_0066,Cd-Mg-Sn-Sr,DFT only,4,1.350259439309609,1.255307839669354,0.09495159964025479,0.7845528455284553,1
CHAOS_0067,Cu-Mg-Ni-Zn,DFT only,2,1.619187591715673,1.326713067706688,0.292474524008985,0.943089430894309,1
CHAOS_0068,Ca-Cd-Mg-Zn,DFT only,2,1.530675862332192,1.305717404197059,0.2249584581351338,0.9024390243902439,1
CHAOS_0069,Co-Mg-Sn-Sr,DFT only,1,1.157953002798327,1.15690928101708,0.001043721781247564,0.5589430894308943,0
CHAOS_0070,Cd-Mg-Ti-V,DFT only,1,0.8265298124915945,1.17536768595521,-0.3488378734636159,0.2317073170731707,0
CHAOS_0071,Mg-Nb-V-Zn,DFT only,1,0.9364781523209808,0.87637378452752,0.06010436779346073,0.3313008130081301,0
CHAOS_0072,Cu-Nb-Sn-Ti,DFT only,5,0.6330529262038597,0.5191282712711618,0.1139246549326979,0.05894308943089431,0
CHAOS_0073,Cd-Mn-V-Zn,DFT only,1,1.0682252117584,1.232593851201198,-0.1643686394427983,0.4349593495934959,0
CHAOS_0074,Co-Mn-Sn-Sr,DFT only,1,1.137909166464711,1.105943346056627,0.03196582040808349,0.5304878048780488,0
CHAOS_0075,Ca-Cd-V-Zn,DFT only,3,1.365649687906007,1.199710668519319,0.1659390193866883,0.790650406504065,1
CHAOS_0076,Mg-Mn-Nb-Sn,DFT only,1,0.6007601407089596,1.251153156470955,-0.6503930157619955,0.02845528455284553,0
CHAOS_0077,Ca-Fe-Sn-Sr,DFT only,1,1.15319319524418,1.158415586248857,-0.005222391004676252,0.5447154471544715,0
CHAOS_0078,Cd-Co-Mn-Zn,DFT only,1,1.645640719953041,1.327891047705686,0.3177496722473552,0.9471544715447154,1
CHAOS_0079,Co-Mn-Sn-Zn,DFT only,1,1.315561564628128,1.198267357799774,0.1172942068283531,0.7520325203252033,1
CHAOS_0080,Ca-Fe-Nb-Sn,DFT only,1,0.7683924406424669,0.6513196947202187,0.1170727459222483,0.1829268292682927,0
CHAOS_0081,Mn-Sn-Sr-Zn,DFT only,5,1.193665626978333,1.079815992062514,0.1138496349158187,0.6158536585365854,0
CHAOS_0082,Cd-Co-Fe-Zn,DFT only,3,1.396283750359815,1.089524616209331,0.3067591341504834,0.823170731707317,1
CHAOS_0083,Cd-Mg-Ni-Zn,DFT only,1,1.504325036476494,1.3537730975275,0.150551938948994,0.8800813008130082,1
CHAOS_0084,Mn-Nb-Sn-Ti,DFT only,2,0.4990183275281971,0.9937267091251388,-0.4947083815969417,0.0,0
CHAOS_0085,Ca-Cd-Mg-Sr,DFT only,1,1.5759485786793,1.35166802346647,0.2242805552128306,0.9207317073170732,1
CHAOS_0086,Ca-Cd-Mn-Sn,DFT only,4,1.137869419396993,1.328711717086322,-0.1908422976893289,0.5284552845528455,0
CHAOS_0087,Cd-Sn-Sr-Zn,DFT only,1,1.280230437635244,1.185368123793113,0.09486231384213051,0.7113821138211383,0
CHAOS_0088,Cd-Mn-Ni-Sn,DFT only,5,1.173898832304668,1.153708680865858,0.02019015143881076,0.5894308943089431,0
CHAOS_0089,Nb-Sn-Ti-V,DFT only,5,0.6091434208845197,0.7323031666890985,-0.1231597458045788,0.03455284552845529,0
CHAOS_0090,Ca-Fe-Nb-Sr,DFT only,3,0.9036126881003638,1.028205371216903,-0.1245926831165393,0.2947154471544716,0
CHAOS_0091,Cd-Ti-V-Zn,DFT only,1,0.6732193690291216,1.118512610650125,-0.4452932416210035,0.08739837398373984,0
CHAOS_0092,Sn-Sr-Ti-V,DFT only,5,0.7280398304317265,0.7560061670967448,-0.02796633666501835,0.1463414634146341,0
CHAOS_0093,Ca-Cd-Mg-V,DFT only,2,1.277440736914697,1.241388827513858,0.03605190940083891,0.7052845528455285,0
CHAOS_0094,Mg-Mn-V-Zn,DFT only,1,1.052371212386077,1.332795469735688,-0.2804242573496116,0.4207317073170732,0
CHAOS_0095,Cd-Co-Mg-Ni,DFT only,2,1.413441785830311,1.296080108493821,0.1173616773364892,0.8333333333333334,1
CHAOS_0096,Fe-Mg-Sr-Zn,DFT only,4,1.197508454737655,1.028118469231051,0.1693899855066037,0.6239837398373984,0
CHAOS_0097,Co-Fe-Sn-Sr,DFT only,3,1.034480890609468,0.8259589039896444,0.208521986619824,0.3922764227642276,0
CHAOS_0098,Cd-Fe-Mg-Sr,DFT only,3,1.207861755309722,1.193875218412646,0.01398653689707641,0.6361788617886179,0
CHAOS_0099,Sn-Ti-V-Zn,DFT only,4,0.6291027761972733,1.324978792052684,-0.6958760158554104,0.05487804878048781,0
CHAOS_0100,Cd-Fe-Mg-Ni,DFT only,5,1.394173823826004,1.198702228819823,0.1954715950061807,0.8191056910569106,1
CHAOS_0101,Ca-Fe-Mg-Ni,DFT only,4,1.394732855597484,1.284756977420486,0.1099758781769977,0.8211382113821138,1
CHAOS_0102,Mg-Mn-Sn-Ti,DFT only,1,0.6909395846370859,0.7094397237568884,-0.01850013911980242,0.1097560975609756,0
CHAOS_0103,Ca-Mg-Sn-Zn,DFT only,5,1.328519636900517,1.234131898322999,0.0943877385775187,0.7703252032520326,1
CHAOS_0104,Ca-Fe-Mg-Ti,DFT only,3,0.9821259250538538,1.195161167996664,-0.2130352429428107,0.3597560975609756,0
CHAOS_0105,Sn-Tc-Ti-V,DFT only,1,0.5490313368674898,1.203244595625238,-0.6542132587577486,0.008130081300813009,0
CHAOS_0106,Cd-Mn-Nb-Zn,DFT only,5,0.7608981987739023,1.16246947352823,-0.4015712747543274,0.1747967479674797,0
CHAOS_0107,Cd-Sn-Ti-V,DFT only,5,0.5811946905718262,1.087592792183177,-0.5063981016113503,0.02235772357723577,0
CHAOS_0108,Cd-Mg-Sn-Ti,DFT only,4,0.6408253225467833,1.3188631734825,-0.6780378509357168,0.06300813008130081,0
CHAOS_0109,Mg-Mn-Sr-V,DFT only,2,0.9160658322856876,1.241909757372308,-0.3258439250866207,0.3150406504065041,0
CHAOS_0110,Cd-Fe-Nb-Zn,DFT only,2,0.7587801206547211,0.5937696031613817,0.1650105174933394,0.1707317073170732,0
CHAOS_0111,Ca-Co-Ni-Sr,DFT only,2,1.065507597511909,1.124962801223613,-0.05945520371170354,0.4288617886178862,0
CHAOS_0112,Ca-Cd-Nb-Ti,DFT only,3,0.7400105212227808,1.114680480824789,-0.374669959602008,0.1544715447154472,0
CHAOS_0113,Cd-Mg-Ni-Sn,DFT only,3,1.473302774224817,1.252989656250885,0.2203131179739326,0.8597560975609756,1
CHAOS_0114,Cu-Fe-Mg-Ni,DFT only,2,1.48695221926894,1.293340631011303,0.193611588257637,0.8678861788617886,1
CHAOS_0115,Ca-Cu-Mg-Zn,DFT only,2,1.830772542333132,1.305268096128359,0.5255044462047733,0.9898373983739838,1
CHAOS_0116,Cd-Mg-Ti-Zn,DFT only,4,0.8468069386257572,1.002102814593721,-0.1552958759679642,0.2601626016260163,0
CHAOS_0117,Cd-Fe-Mg-Nb,DFT only,2,0.6876935800238281,0.921447163831446,-0.2337535838076179,0.1036585365853658,0
CHAOS_0118,Cu-Fe-V-Zn,DFT only,1,0.9147285775414622,0.8502702890230275,0.06445828851843471,0.3130081300813008,0
CHAOS_0119,Ca-Mn-Nb-Ti,DFT only,2,0.8274963669176486,1.127268064075569,-0.29977169715792,0.2357723577235772,0
CHAOS_0120,Co-Fe-Ni-Sr,DFT only,3,0.9989602515947664,1.023150333157988,-0.02419008156322189,0.3699186991869919,0
CHAOS_0121,Ca-Fe-Mn-Sn,DFT only,4,1.372493166327824,1.138311495926393,0.2341816704014308,0.7967479674796748,1
CHAOS_0122,Ca-Cd-Nb-Zn,DFT only,5,0.8171515195339096,0.8027560986570424,0.01439542087686718,0.2195121951219512,0
CHAOS_0123,Ni-Sn-Sr-Zn,DFT only,3,1.120482143255964,1.111349513203259,0.009132630052704815,0.4939024390243902,0
CHAOS_0124,Ca-Co-Mg-Sn,DFT only,3,1.474318019314445,1.264560858190626,0.2097571611238189,0.8638211382113821,1
CHAOS_0125,Ca-Mg-Mn-Sr,DFT only,1,1.162768904906689,1.294695523086294,-0.1319266181796053,0.5650406504065041,0
CHAOS_0126,Co-Fe-Mn-Ni,DFT only,3,1.658284602495181,1.25263015935336,0.4056544431418214,0.9512195121951219,1
CHAOS_0127,Cd-Mn-Nb-Ti,DFT only,1,0.5554793918210277,1.265010864764975,-0.7095314729439477,0.01219512195121951,0
CHAOS_0128,Nb-Sn-Tc-Zn,DFT only,4,0.6147439932930467,1.088756989924097,-0.4740129966310507,0.0426829268292683,0
CHAOS_0129,Fe-Nb-Sn-V,DFT only,4,0.6136104718600413,1.028153996354952,-0.4145435244949103,0.04065040650406504,0
CHAOS_0130,Ca-Fe-Sr-Ti,DFT only,3,1.052258398794067,1.092107657057822,-0.03984925826375463,0.4186991869918699,0
CHAOS_0131,Mg-Sn-Ti-Zn,DFT only,5,0.6826168402841123,0.885122108321125,-0.2025052680370127,0.0975609756097561,0
CHAOS_0132,Ca-Fe-Ni-Sr,DFT only,1,1.046830699325849,1.151803254339045,-0.1049725550131957,0.4085365853658536,0
CHAOS_0133,Cd-Nb-Sr-Ti,DFT only,1,0.6667406579226641,1.249620206997201,-0.5828795490745368,0.08333333333333333,0
CHAOS_0134,Fe-Mg-Sn-Sr,DFT only,4,1.116106243305177,1.068487719410342,0.04761852389483501,0.483739837398374,0
CHAOS_0135,Cd-Co-Ni-Sn,DFT only,5,1.15403200976987,1.206677820152566,-0.05264581038269567,0.5467479674796748,0
CHAOS_0136,Mg-Nb-Sr-Zn,DFT only,4,0.8456748360079142,0.9872267497097539,-0.1415519137018397,0.258130081300813,0
CHAOS_0137,Cd-Fe-Sn-Zn,DFT only,4,1.193716587938537,0.6979769313463084,0.4957396565922281,0.6178861788617886,0
CHAOS_0138,Cd-Mg-Sn-V,DFT only,1,0.767010936043699,1.323709627698597,-0.5566986916548977,0.1788617886178862,0
CHAOS_0139,Mn-Ni-V-Zn,DFT only,4,1.172128131496221,1.252281637841335,-0.08015350634511398,0.5873983739837398,0
CHAOS_0140,Cd-Mg-Sr-Zn,DFT only,3,1.290467778665032,1.190482560914842,0.09998521775019076,0.7195121951219512,0
CHAOS_0141,Nb-Ni-Sn-Ti,DFT only,1,0.5713724232703716,0.5459850330595788,0.02538739021079284,0.01829268292682927,0
CHAOS_0142,Cd-Co-Ni-Zn,DFT only,2,1.414026827111704,1.318176955363357,0.09584987174834692,0.8373983739837398,1
CHAOS_0143,Mg-Sn-V-Zn,DFT only,4,0.8275709059869274,0.8549918424818304,-0.02742093649490296,0.2378048780487805,0
CHAOS_0144,Ca-Fe-Mg-Zn,DFT only,3,1.304512694967367,1.256455420654981,0.04805727431238549,0.741869918699187,0
CHAOS_0145,Ca-Cd-Fe-Sn,DFT only,2,1.329880190970437,1.165271830471296,0.1646083604991411,0.7723577235772358,1
CHAOS_0146,Ca-Mn-Nb-V,DFT only,2,0.9300142158389397,1.116510242818863,-0.186496026979923,0.3272357723577236,0
CHAOS_0147,Cd-Fe-Ni-Sr,DFT only,3,1.076258570024818,1.070206567785409,0.006052002239408827,0.4410569105691057,0
CHAOS_0148,Ca-Mg-Nb-Ti,DFT only,3,1.064152307229331,1.117423040582497,-0.05327073335316634,0.4268292682926829,0
CHAOS_0149,Ca-Co-Mg-Sr,DFT only,2,1.277471682113984,1.240939597808647,0.03653208430533605,0.7073170731707317,0
CHAOS_0150,Mg-Sr-Ti-Zn,DFT only,5,0.9054169602408567,1.034317092234585,-0.1289001319937283,0.298780487804878,0
CHAOS_0151,Cd-Mg-Mn-Nb,DFT only,3,0.7124579691463374,1.018397778784698,-0.3059398096383602,0.1280487804878049,0
CHAOS_0152,Fe-Mn-Sr-Zn,DFT only,5,1.24380524803268,1.081414388384339,0.1623908596483412,0.6707317073170732,0
CHAOS_0153,Cd-Fe-Mg-Zn,DFT only,2,1.52015564047588,1.336153893704414,0.1840017467714667,0.8943089430894309,1
CHAOS_0154,Ca-Mn-Ni-Sr,DFT only,1,1.067401831002097,1.186178640365575,-0.1187768093634785,0.4329268292682927,0
CHAOS_0155,Cd-Mn-Nb-Sr,DFT only,2,0.7834328945182332,1.043249399733812,-0.2598165052155792,0.1910569105691057,0
CHAOS_0156,Cd-Cu-Fe-Mg,DFT only,1,1.323500480699332,1.182333646612054,0.1411668340872785,0.7642276422764228,1
CHAOS_0157,Ca-Sn-Ti-V,DFT only,4,0.7717461113423972,0.8035108840576239,-0.03176477271522671,0.1849593495934959,0
CHAOS_0158,Fe-Mg-Mn-Ni,DFT only,2,1.815993776483045,1.304114160353685,0.51187961612936,0.9878048780487805,1
CHAOS_0159,Cd-Fe-Ni-Sn,DFT only,3,1.169787115395648,1.099924502506675,0.06986261288897233,0.5813008130081301,0
CHAOS_0160,Cd-Mg-V-Zn,DFT only,4,1.14088933594672,1.188934444714481,-0.04804510876776003,0.5365853658536586,0
CHAOS_0161,Ca-Mg-Mn-Ti,DFT only,5,0.9750184529193288,1.27589296577268,-0.3008745128533509,0.3536585365853658,0
CHAOS_0162,Co-Cu-Fe-Ni,DFT only,5,1.524261505763879,1.301214591561456,0.2230469142024223,0.8983739837398373,1
CHAOS_0163,Ca-Cd-Nb-Sn,DFT only,4,0.6568251309378726,1.179652583212804,-0.5228274522749313,0.07317073170731707,0
CHAOS_0164,Fe-Mg-Nb-Sn,DFT only,3,0.7127788751283347,1.050174417590817,-0.337395542462482,0.1300813008130081,0
CHAOS_0165,Cu-Mg-V-Zn,DFT only,4,1.416842980651636,1.117176512416349,0.2996664682352872,0.8414634146341463,1
CHAOS_0166,Fe-Mg-Nb-Sr,DFT only,2,0.8938768631914926,0.9715860287552766,-0.07770916556378393,0.2865853658536585,0
CHAOS_0167,Ca-Sn-Sr-Ti,DFT only,5,0.9115683128771496,1.039942908824747,-0.1283745959475978,0.3089430894308943,0
CHAOS_0168,Cd-Mg-Sn-Zn,DFT only,3,1.308977498447093,1.173240651013797,0.1357368474332956,0.75,1
CHAOS_0169,Ca-Cd-Nb-Sr,DFT only,2,0.8403882042024966,1.091074434417558,-0.2506862302150616,0.2520325203252032,0
CHAOS_0170,Cd-Fe-Sn-Ti,DFT only,5,0.7602233573228964,1.149435112343531,-0.3892117550206343,0.1727642276422764,0
CHAOS_0171,Fe-Nb-Sn-Zn,DFT only,4,0.7158318938130234,0.3361082022419065,0.3797236915711169,0.1341463414634146,0
CHAOS_0172,Cu-Nb-Sn-V,DFT only,4,0.6100097817825287,0.6889452131918532,-0.07893543140932446,0.03861788617886179,0
CHAOS_0173,Cd-Nb-Ti-V,DFT only,2,0.6810866910035147,1.035530417417083,-0.3544437264135685,0.09552845528455285,0
CHAOS_0174,Cd-Fe-Mn-Ni,DFT only,1,1.322048596292074,1.305459605980334,0.01658899031173977,0.7601626016260162,1
CHAOS_0175,Ca-Fe-Sn-Ti,DFT only,5,0.8190325300604621,0.9487773071810841,-0.129744777120622,0.2235772357723577,0
CHAOS_0176,Ca-Cd-Mg-Ni,DFT only,1,1.363133812549069,1.333383984798461,0.02974982775060764,0.7886178861788617,1
CHAOS_0177,Ca-Mg-Nb-Sr,DFT only,2,1.175102564920492,1.219585304335941,-0.04448273941544922,0.5914634146341463,0
CHAOS_0178,Mg-Ni-Sn-Zn,DFT only,3,1.394000426214886,1.108449872753604,0.2855505534612817,0.8170731707317073,1
CHAOS_0179,Mg-Mn-Sn-Sr,DFT only,4,1.127090313239498,1.137347488128534,-0.01025717488903588,0.508130081300813,0
CHAOS_0180,Fe-Mg-Ni-Sr,DFT only,3,1.047181146503458,1.121594185620493,-0.07441303911703478,0.4105691056910569,0
CHAOS_0181,Ca-Mg-Mn-V,DFT only,2,1.112304498979679,1.315269257537172,-0.2029647585574925,0.4817073170731707,0
CHAOS_0182,Co-Cu-Fe-V,DFT only,2,1.095855814881983,1.024246448386819,0.07160936649516358,0.4634146341463415,0
CHAOS_0183,Ca-Co-Sn-Sr,DFT only,1,1.253050498160085,1.233163729096865,0.01988676906321984,0.6788617886178862,0
CHAOS_0184,Fe-Mn-Ni-Zn,DFT only,3,1.932555380044583,1.37578906215356,0.5567663178910238,0.9959349593495935,1
CHAOS_0185,Ca-Co-Mg-Mn,DFT only,3,1.70276200154121,1.290451245320298,0.4123107562209121,0.9654471544715447,1
CHAOS_0186,Ca-Nb-Sn-Ti,DFT only,2,0.7349650315836611,0.67696322661536,0.0580018049683011,0.1504065040650407,0
CHAOS_0187,Ca-Cd-Sr-V,DFT only,4,1.210578785951,1.207789650196663,0.002789135754336369,0.6422764227642277,0
CHAOS_0188,Ca-Mg-Sn-Ti,DFT only,5,0.8295089831376549,0.9490028238770686,-0.1194938407394137,0.2439024390243902,0
CHAOS_0189,Mn-Nb-Ti-V,DFT only,5,1.120672320961791,1.185216697961722,-0.06454437699993076,0.4959349593495935,0
CHAOS_0190,Ca-Mg-Ni-Sn,DFT only,5,1.457915953466463,1.287949747340265,0.1699662061261982,0.8556910569105691,1
CHAOS_0191,Cd-Cu-V-Zn,DFT only,5,1.169481878935146,1.118733725735991,0.05074815319915493,0.5792682926829268,0
CHAOS_0192,Cd-Mg-Nb-Zn,DFT only,5,0.7466673045024264,1.17943712232769,-0.4327698178252637,0.1585365853658537,0
CHAOS_0193,Cd-Co-Fe-Sn,DFT only,1,1.183674771899767,1.17011113420228,0.01356363769748725,0.6036585365853658,0
CHAOS_0194,Nb-Sr-Tc-Ti,DFT only,2,0.7499857808917014,0.7872488273475566,-0.03726304645585521,0.1646341463414634,0
CHAOS_0195,Cu-Nb-Sn-Sr,DFT only,3,0.6882360057188174,0.632114964678376,0.05612104104044136,0.1056910569105691,0
CHAOS_0196,Ca-Cd-Mg-Ti,DFT only,1,0.9515382328593889,1.177980333727756,-0.2264421008683668,0.3394308943089431,0
CHAOS_0197,Ca-Nb-Sr-V,DFT only,3,0.9071029035454891,1.190151236656573,-0.2830483331110843,0.3008130081300813,0
CHAOS_0198,Cd-Fe-Nb-Sn,DFT only,4,0.6487754047504579,0.9354808307180036,-0.2867054259675457,0.06910569105691057,0
CHAOS_0199,Co-Mg-Ni-Sr,DFT only,3,1.034566571963537,1.105561820827451,-0.07099524886391406,0.3943089430894309,0
CHAOS_0200,Co-Mn-Sr-Zn,DFT only,1,1.213774913288168,1.239744147671471,-0.02596923438330379,0.6483739837398373,0
CHAOS_0201,Ca-Mn-Ti-V,DFT only,4,1.039081227975387,1.252585158073342,-0.2135039300979549,0.4024390243902439,0
CHAOS_0202,Ca-Cd-Co-Mg,DFT only,5,1.429684635013337,1.284553915403802,0.1451307196095348,0.8495934959349594,1
CHAOS_0203,Mn-Sr-Ti-V,DFT only,3,0.9204707332223799,1.126515110916841,-0.206044377694461,0.3211382113821138,0
CHAOS_0204,Cd-Sr-Ti-Zn,DFT only,2,0.8287553475143438,0.64770886012202,0.1810464873923238,0.241869918699187,0
CHAOS_0205,Fe-Ni-Sn-Zn,DFT only,1,1.142601363873222,0.979677386637726,0.1629239772354965,0.5386178861788617,0
CHAOS_0206,Ca-Nb-Sn-Sr,DFT only,5,0.7536911047800994,1.117817994502218,-0.364126889722119,0.1686991869918699,0
CHAOS_0207,Cd-Mg-Nb-V,DFT only,4,0.7123452225074787,0.9716190734432497,-0.259273850935771,0.1260162601626016,0
CHAOS_0208,Fe-Nb-Sn-Sr,DFT only,4,0.7241535048245781,0.7248591748125681,-0.000705669987990043,0.1422764227642276,0
CHAOS_0209,Ca-Cu-Mg-V,DFT only,1,1.166128845328055,1.196966482523768,-0.03083763719571353,0.573170731707317,0
CHAOS_0210,Ca-Fe-Mg-Sr,DFT only,2,1.226976387558904,1.162174173908103,0.06480221365080152,0.6565040650406504,0
CHAOS_0211,Ca-Sn-Sr-Zn,DFT only,2,1.249023490439038,1.185933508627292,0.06308998181174652,0.6747967479674797,0
CHAOS_0212,Cd-Mn-Sr-Ti,DFT only,2,0.8605640075568479,1.244139252532396,-0.3835752449755481,0.266260162601626,0
CHAOS_0213,Mn-Ni-Sr-Zn,DFT only,5,1.137496861290746,1.154768743786888,-0.01727188249614242,0.5264227642276422,0
CHAOS_0214,Cd-Sr-V-Zn,DFT only,4,1.118478414480585,1.084094175534266,0.0343842389463187,0.491869918699187,0
CHAOS_0215,Co-Fe-Mg-Sn,DFT only,5,1.280065570444354,1.023836252784997,0.2562293176593566,0.709349593495935,0
CHAOS_0216,Cu-Sn-Ti-V,DFT only,4,0.6454688291595666,1.103293980184806,-0.4578251510252392,0.06504065040650407,0
CHAOS_0217,Ca-Mn-Sr-Zn,DFT only,4,1.265833008216096,1.23956120433966,0.02627180387643602,0.6991869918699187,0
CHAOS_0218,Mg-Nb-Ti-V,DFT only,5,1.081938513276828,1.081656126552665,0.0002823867241625866,0.4451219512195122,0
CHAOS_0219,Ca-Cd-Mn-Ni,DFT only,3,1.517274319255478,1.275666087831062,0.2416082314244163,0.8922764227642277,1
CHAOS_0220,Co-Fe-Sn-Zn,DFT only,3,1.210089406125433,0.8445874757414848,0.3655019303839486,0.6402439024390244,0
CHAOS_0221,Mg-Nb-Sn-Sr,DFT only,2,0.7486591400464391,1.161345654838769,-0.4126865147923298,0.1626016260162602,0
CHAOS_0222,Cd-Fe-Sr-Zn,DFT only,4,1.202453939916753,1.147429810062204,0.05502412985454908,0.6280487804878049,0
CHAOS_0223,Ca-Fe-Sn-Zn,DFT only,2,1.300747136495202,1.027167978384226,0.2735791581109754,0.7398373983739838,0
CHAOS_0224,Mg-Nb-Ti-Zn,DFT only,3,0.9567259789171756,0.8603146875621643,0.09641129135501125,0.3414634146341464,0
CHAOS_0225,Ca-Cd-Mg-Mn,DFT only,4,1.377572223462504,1.368625265307717,0.008946958154786522,0.8008130081300813,1
CHAOS_0226,Nb-Sn-Sr-Zn,DFT only,1,0.7177825571396627,0.6981864387737133,0.01959611836594932,0.1382113821138211,0
CHAOS_0227,Ca-Mg-Sn-V,DFT only,4,1.02321526723807,1.044384580275689,-0.02116931303761849,0.3841463414634146,0
CHAOS_0228,Ca-Cd-Fe-Mg,DFT only,3,1.25093673102565,1.257124080706023,-0.006187349680373488,0.676829268292683,0
CHAOS_0229,Ca-Cu-Mn-V,DFT only,2,1.072797425504091,1.089642798705667,-0.01684537320157609,0.4390243902439024,0
CHAOS_0230,Ca-Mg-Sr-Zn,DFT only,3,1.327902587270565,1.239063234939491,0.0888393523310742,0.7682926829268293,1
CHAOS_0231,Cd-Co-Sn-Sr,DFT only,4,1.263668498353639,1.149191191266089,0.1144773070875498,0.693089430894309,0
CHAOS_0232,Mg-Nb-Sn-Ti,DFT only,1,0.6248569778012288,0.5895288485823458,0.03532812921888306,0.05284552845528456,0
CHAOS_0233,Cd-Mg-Mn-Ni,DFT only,4,1.511159298237257,1.343647083464394,0.1675122147728627,0.8841463414634146,1
CHAOS_0234,Mg-Mn-Ni-Sn,DFT only,4,1.111710652108474,1.168820097266408,-0.05710944515793415,0.4796747967479675,0
CHAOS_0235,Cd-Nb-Sn-Zn,DFT only,1,0.6518707339580423,0.5317314582670505,0.1201392756909918,0.07113821138211382,0
CHAOS_0236,Cd-Co-Mn-Ni,DFT only,5,1.285073462873181,1.245506207027226,0.03956725584595522,0.7154471544715447,0
CHAOS_0237,Ca-Fe-Mn-Sr,DFT only,4,0.9956481107252744,1.170595184811205,-0.1749470740859307,0.3678861788617886,0
CHAOS_0238,Ca-Sn-Ti-Zn,DFT only,3,0.8174993023044045,1.047007727544235,-0.2295084252398308,0.2215447154471545,0
CHAOS_0239,Ca-Nb-Sr-Ti,DFT only,2,0.9277484639747994,1.193956743047398,-0.2662082790725985,0.3252032520325203,0
CHAOS_0240,Co-Fe-Ni-V,DFT only,3,1.083654927940081,1.017206907981094,0.0664480199589863,0.451219512195122,0
CHAOS_0241,Cd-Mg-Mn-Sn,DFT only,4,1.185264097653942,1.199385443875618,-0.01412134622167582,0.6056910569105691,0
CHAOS_0242,Co-Mg-Sr-Zn,DFT only,5,1.152182593008562,1.063970071632687,0.08821252137587554,0.5426829268292683,0
CHAOS_0243,Ca-Sn-Sr-V,DFT only,4,1.162059574293993,1.171709752643373,-0.009650178349380312,0.5630081300813008,0
CHAOS_0244,Cu-Fe-Mg-Ti,DFT only,5,1.15644964611013,0.9356123686314273,0.2208372774787031,0.5528455284552846,0
CHAOS_0245,Cd-Mn-Nb-Sn,DFT only,1,0.5648765924278331,1.377175590428151,-0.8122989980003178,0.01626016260162602,0
CHAOS_0246,Mg-Nb-Sn-Zn,DFT only,1,0.646351589409448,1.134279957332748,-0.4879283679233004,0.06707317073170732,0
CHAOS_0247,Ca-Cd-Co-Mn,DFT only,3,1.547698281714336,1.24281124387871,0.3048870378356263,0.9085365853658537,1
CHAOS_0248,Cu-Fe-Mg-Zn,DFT only,1,1.399042355104729,1.250121876340667,0.1489204787640619,0.8272357723577236,1
CHAOS_0249,Fe-Mn-Sn-Sr,DFT only,3,1.088147936744067,1.101451161986678,-0.01330322524261041,0.4613821138211382,0
CHAOS_0250,Mg-Mn-Ti-V,DFT only,3,1.188523349107798,1.2430122367464,-0.05448888763860205,0.6117886178861789,0
CHAOS_0251,Ca-Mg-Mn-Zn,DFT only,1,1.121524797606531,1.359755579978869,-0.2382307823723373,0.4979674796747968,0
CHAOS_0252,Cd-Sn-Sr-V,DFT only,5,0.8847660897452448,0.983355322823489,-0.09858923307824419,0.2784552845528455,0
CHAOS_0253,Ca-Co-Ni-Sn,DFT only,5,1.340719172378263,1.190896277854255,0.1498228945240081,0.7784552845528455,1
CHAOS_0254,Fe-Mn-Ni-Sr,DFT only,3,1.03731903760636,1.179679931197312,-0.1423608935909519,0.3983739837398374,0
CHAOS_0255,Ca-Cd-Mg-Sn,DFT only,4,1.538215935701309,1.310551180897403,0.2276647548039064,0.9065040650406504,1
CHAOS_0256,Ca-Mn-Ti-Zn,DFT only,3,1.060590892351621,1.117762376377968,-0.05717148402634664,0.4227642276422764,0
CHAOS_0257,Mg-Mn-Sr-Zn,DFT only,4,1.292378136628658,1.198872573989247,0.09350556263941079,0.7235772357723578,0
CHAOS_0258,Mn-Nb-Sn-V,DFT only,5,0.6828270977354906,1.247466848417875,-0.5646397506823845,0.09959349593495935,0
CHAOS_0259,Mn-Sn-Sr-V,DFT only,4,0.8817948253433441,1.222221520539043,-0.3404266951956989,0.2764227642276423,0
CHAOS_0260,Co-Nb-Sn-Sr,DFT only,5,0.7114189170248937,0.674767075917203,0.03665184110769071,0.1199186991869919,0
CHAOS_0261,Cd-Mn-Ti-Zn,DFT only,4,0.8955775258506214,1.228952304113377,-0.3333747782627551,0.2886178861788618,0
CHAOS_0262,Ca-Mg-Ti-Zn,DFT only,3,1.273165499856323,1.167244520124458,0.105920979731865,0.7032520325203252,0
CHAOS_0263,Cd-Co-Mn-Sr,DFT only,2,1.214110738314484,1.209614448703132,0.004496289611352511,0.6504065040650406,0
CHAOS_0264,Mg-Mn-Nb-Zn,DFT only,5,1.135672877054566,0.571123409976122,0.5645494670784437,0.524390243902439,0
CHAOS_0265,Ca-Co-Mn-Zn,DFT only,5,1.80356438164526,1.289526077109547,0.5140383045357126,0.9857723577235772,1
CHAOS_0266,Cd-Fe-Nb-Sr,DFT only,2,0.7486517012262515,0.8649652302105413,-0.1163135289842898,0.1605691056910569,0
CHAOS_0267,Co-Ni-Sn-Zn,DFT only,1,1.487980628304861,1.103160250005385,0.3848203782994757,0.8699186991869918,1
CHAOS_0268,Ca-Co-Fe-Mn,DFT only,4,1.579163403440085,1.299078579954203,0.2800848234858815,0.9227642276422764,1
CHAOS_0269,Ca-Fe-Nb-Zn,DFT only,1,1.083838384064015,1.060486040791259,0.02335234327275626,0.4532520325203252,0
CHAOS_0270,Fe-Nb-Ti-Zn,DFT only,5,0.9016900539737475,0.5855049572736655,0.316185096700082,0.2926829268292683,0
CHAOS_0271,Fe-Mg-Nb-Ti,DFT only,5,1.014086779637921,1.082164031694578,-0.0680772520566566,0.3760162601626016,0
CHAOS_0272,Fe-Mn-Ni-Sn,DFT only,3,1.155331019902028,1.103033901411725,0.05229711849030294,0.5487804878048781,0
CHAOS_0273,Cu-Fe-Mn-Zn,DFT only,1,1.494561793843518,0.9700849495160244,0.5244768443274939,0.8739837398373984,1
CHAOS_0274,Mn-Sr-Ti-Zn,DFT only,5,0.6651075305999091,0.9232863036801986,-0.2581787730802895,0.07723577235772358,0
CHAOS_0275,Cd-Mg-Ni-Sr,DFT only,1,1.205661971159563,1.216751165012589,-0.01108919385302598,0.6341463414634146,0
CHAOS_0276,Mn-Sn-Ti-V,DFT only,2,0.66465477254142,1.213398690568483,-0.5487439180270628,0.07520325203252033,0
CHAOS_0277,Ca-Co-Mn-Ni,DFT only,5,1.323322093368211,1.205321352373116,0.1180007409950956,0.7621951219512195,1
CHAOS_0278,Co-Ni-Sn-Sr,DFT only,2,1.016759127924876,1.125471162195562,-0.1087120342706858,0.3780487804878049,0
CHAOS_0279,Nb-Sr-Ti-V,DFT only,2,0.8227158358259954,1.067638817350826,-0.2449229815248308,0.2296747967479675,0
CHAOS_0280,Cd-Co-Mn-Sn,DFT only,4,1.130982316485968,1.127338539272483,0.003643777213484967,0.5182926829268293,0
CHAOS_0281,Ca-Cd-Fe-Sr,DFT only,3,1.165086657203948,1.200613717067508,-0.03552705986355997,0.5691056910569106,0
CHAOS_0282,Co-Mg-Ni-Zn,DFT only,3,1.868681015117301,1.297764606034203,0.5709164090830983,0.991869918699187,1
CHAOS_0283,Nb-Sn-Ti-Zn,DFT only,4,0.5826426317615272,1.057388755954804,-0.4747461241932764,0.02439024390243903,0
CHAOS_0284,Cd-Fe-Mg-Sn,DFT only,4,1.19872679388522,1.032670424124157,0.1660563697610629,0.6260162601626016,0
CHAOS_0285,Co-Ni-Sr-Zn,DFT only,3,1.050395066455944,1.093739584495803,-0.04334451803985884,0.4146341463414634,0
CHAOS_0286,Ca-Mn-Ni-Zn,DFT only,4,1.300381421867191,1.316002764861982,-0.01562134299479112,0.7378048780487805,0
CHAOS_0287,Fe-Sn-Ti-V,DFT only,3,0.6094939388941226,0.608768616653202,0.0007253222409205895,0.03658536585365853,0
CHAOS_0288,Cd-Mn-Sn-Sr,DFT only,1,1.129169937846337,1.268683548381948,-0.1395136105356107,0.5142276422764228,0
CHAOS_0289,Cd-Co-Cu-Fe,DFT only,4,1.392133702948275,1.090976145931029,0.301157557017246,0.8150406504065041,1
CHAOS_0290,Co-Cu-Mn-Zn,DFT only,1,1.696325867578881,1.195667253715709,0.5006586138631715,0.9634146341463414,1
CHAOS_0291,Co-Nb-Sn-Ti,DFT only,3,0.6032527143696905,0.595371602622681,0.007881111747009562,0.03252032520325204,0
CHAOS_0292,Cu-Mg-Ni-Sn,DFT only,3,1.286035417952333,1.218451382055198,0.06758403589713491,0.717479674796748,0
CHAOS_0293,Fe-Sn-Sr-Ti,DFT only,4,0.802754446463544,0.6547951955986688,0.1479592508648752,0.2073170731707317,0
CHAOS_0294,Co-Fe-Sr-Zn,DFT only,5,1.096426941753556,0.9834899316230593,0.1129370101304966,0.467479674796748,0
CHAOS_0295,Mg-Mn-Ni-Zn,DFT only,3,1.606779782660192,1.291722852987166,0.3150569296730252,0.9369918699186992,1
CHAOS_0296,Sn-Sr-V-Zn,DFT only,5,0.9180703406439581,1.062446734514698,-0.1443763938707399,0.3191056910569106,0
CHAOS_0297,Cd-Mg-Mn-Zn,DFT only,3,1.710859954081329,1.288628140981717,0.4222318130996114,0.9715447154471545,1
CHAOS_0298,Fe-Mn-Ni-V,DFT only,3,1.122542588756809,1.19335031867704,-0.07080772992023077,0.5020325203252033,0
CHAOS_0299,Ca-Co-Ni-Zn,DFT only,2,1.511239822825045,1.263826306388737,0.247413516436308,0.8882113821138211,1
CHAOS_0300,Cd-Ni-Sn-Sr,DFT only,3,1.321897875753649,1.17219642786726,0.1497014478863889,0.758130081300813,1
CHAOS_0301,Cd-Nb-Sr-Zn,DFT only,4,0.8157040566323138,0.7075109620540865,0.1081930945782273,0.2154471544715447,0
CHAOS_0302,Fe-Mg-Sn-Ti,DFT only,2,0.6687673944885411,1.204868791357889,-0.5361013968693478,0.08536585365853659,0
CHAOS_0303,Ca-Cd-Mn-V,DFT only,3,1.228468795563434,1.249524225751408,-0.02105543018797418,0.6585365853658537,0
CHAOS_0304,Fe-Mg-Ti-Zn,DFT only,5,1.258096245847293,1.092621855919728,0.1654743899275657,0.6829268292682927,0
CHAOS_0305,Mg-Nb-Sn-Tc,DFT only,3,0.6221542679673618,1.139931664292733,-0.5177773963253712,0.04878048780487805,0
CHAOS_0306,Ca-Mg-V-Zn,DFT only,3,1.69180460770443,1.294151149713438,0.3976534579909918,0.9613821138211383,1
CHAOS_0307,Cd-Fe-Mn-Sr,DFT only,5,1.259529238035873,1.219111197733569,0.04041804030230378,0.6869918699186992,0
CHAOS_0308,Co-Mn-V-Zn,DFT only,3,1.384689813556375,1.325620080946575,0.0590697326098002,0.8130081300813008,1
CHAOS_0309,Nb-Sr-V-Zn,DFT only,5,0.7199502359358344,0.9211256279109674,-0.201175391975133,0.1402439024390244,0
CHAOS_0310,Co-Mg-V-Zn,DFT only,5,1.671153362161451,1.30437643615371,0.3667769260077407,0.9532520325203252,1
CHAOS_0311,Mg-Mn-Nb-Ti,DFT only,1,0.9096609390384734,1.066822784570171,-0.1571618455316978,0.3048780487804878,0
CHAOS_0312,Ca-Fe-Nb-Ti,DFT only,3,1.157830920803343,1.125109765321866,0.03272115548147658,0.556910569105691,0
CHAOS_0313,Ca-Mg-Sr-Ti,DFT only,1,1.155941013206856,1.29161967981155,-0.1356786666046945,0.5508130081300813,0
CHAOS_0314,Cd-Nb-Sr-V,DFT only,5,0.6837553790209128,1.192148199880596,-0.5083928208596835,0.1016260162601626,0
CHAOS_0315,Mn-Nb-Sn-Zn,DFT only,1,0.705667002881712,1.076155734986411,-0.3704887321046988,0.1158536585365854,0
CHAOS_0316,Ca-Cd-Sn-Sr,DFT only,5,1.673205519314265,1.375400462369184,0.2978050569450807,0.9552845528455285,1
CHAOS_0317,Cd-Mn-Sn-Ti,DFT only,3,0.6961816733105757,1.269259980139742,-0.5730783068291667,0.1117886178861789,0
CHAOS_0318,Fe-Sn-Ti-Zn,DFT only,2,0.7921810509330253,0.7857333459454297,0.006447704987595615,0.1971544715447154,0
CHAOS_0319,Fe-Mg-Sr-Ti,DFT only,1,0.8384554386020648,1.081551459612324,-0.2430960210102595,0.2479674796747967,0
CHAOS_0320,Mg-Sn-Sr-V,DFT only,5,0.9807892135206024,0.9882507227932815,-0.007461509272679079,0.3577235772357724,0
CHAOS_0321,Ca-Co-Fe-Sn,DFT only,1,1.245801034152199,0.8719875097909944,0.3738135243612049,0.6727642276422764,0
CHAOS_0322,Ca-Mg-Sr-V,DFT only,2,1.211742834870557,1.2661310368043,-0.05438820193374294,0.6443089430894309,0
CHAOS_0323,Mn-Sn-Sr-Ti,DFT only,4,0.8052075090112812,1.227894578354787,-0.4226870693435058,0.2113821138211382,0
CHAOS_0324,Ca-Mn-Nb-Sn,DFT only,2,0.8205968934849959,0.7330737640126629,0.08752312947233298,0.2276422764227642,0
CHAOS_0325,Mg-Ni-Sn-Sr,DFT only,1,1.164249195115269,1.123188601197785,0.04106059391748329,0.5670731707317073,0
CHAOS_0326,Ca-Mn-Sn-Ti,DFT only,3,0.6663392800864486,0.7246600563483069,-0.05832077626185828,0.07926829268292683,0
CHAOS_0327,Ca-Sr-Ti-V,DFT only,4,0.9671206922382704,1.288426966525792,-0.3213062742875218,0.3475609756097561,0
CHAOS_0328,Cu-Mn-Ni-Sn,DFT only,4,1.066840301567491,0.8395947503052688,0.227245551262222,0.4308943089430894,0
CHAOS_0329,Fe-Nb-Sr-Zn,DFT only,5,0.8452820348375416,0.5746490348823463,0.2706329999551953,0.2540650406504065,0
CHAOS_0330,Ca-Mg-Nb-V,DFT only,1,1.026206532629957,1.150423865747453,-0.1242173331174963,0.3882113821138211,0
CHAOS_0331,Ca-Cd-Sr-Ti,DFT only,5,0.92373450368859,1.058244816078938,-0.1345103123903477,0.3231707317073171,0
CHAOS_0332,Cd-Mg-Mn-V,DFT only,2,0.9178243422226755,1.204244210731339,-0.2864198685086639,0.3170731707317073,0
CHAOS_0333,Nb-Sn-V-Zn,DFT only,1,0.5725499817725076,0.6290326752197566,-0.05648269344724899,0.02032520325203252,0
CHAOS_0334,Co-Mn-Ni-Sr,DFT only,4,1.046615986554889,1.139579794737593,-0.09296380818270489,0.4065040650406504,0
CHAOS_0335,Fe-Sr-Ti-Zn,DFT only,3,0.9648311303093078,0.8776384194781675,0.08719271083114033,0.3455284552845528,0
CHAOS_0336,Cu-Mg-Mn-V,DFT only,3,1.282965742770515,1.150394900337114,0.1325708424334004,0.7134146341463414,0
CHAOS_0337,Mn-Sr-V-Zn,DFT only,3,1.130470135190374,1.134001425622127,-0.003531290431752598,0.516260162601626,0
CHAOS_0338,Co-Cu-Fe-Mg,DFT only,4,1.689722952851579,1.309505401655544,0.3802175511960348,0.959349593495935,1
CHAOS_0339,Fe-Mg-Ni-Sn,DFT only,4,1.175653267256128,1.296038388202585,-0.120385120946457,0.5995934959349594,0
CHAOS_0340,Co-Cu-Mn-Ni,DFT only,5,1.216946630680961,1.251044981668741,-0.03409835098777969,0.6544715447154471,0
CHAOS_0341,Fe-Mg-Nb-Zn,DFT only,2,1.079677262619074,0.4678511812703791,0.6118260813486945,0.443089430894309,0
CHAOS_0342,Mg-Sr-V-Zn,DFT only,3,1.175334252049758,1.213504395178751,-0.03817014312899336,0.5955284552845529,0
CHAOS_0343,Ca-Cd-Co-Sn,DFT only,1,1.471828573543638,1.288023302525562,0.1838052710180766,0.8577235772357723,1
CHAOS_0344,Cd-Mn-Ni-Sr,DFT only,5,1.187682243559886,1.163652985839053,0.02402925772083342,0.6097560975609756,0
CHAOS_0345,Ca-Nb-Sn-V,DFT only,5,0.6989668505488014,0.982544633302743,-0.2835777827539416,0.1138211382113821,0
CHAOS_0346,Co-Mn-Ni-Sn,DFT only,5,1.084885201399062,1.186851589475626,-0.1019663880765642,0.4573170731707317,0
CHAOS_0347,Mn-Sn-V-Zn,DFT only,3,0.7999544531071077,1.055733858382488,-0.2557794052753803,0.2052845528455285,0
CHAOS_0348,Cd-Mn-Nb-V,DFT only,1,0.7741946754535253,1.132389295757591,-0.3581946203040661,0.1890243902439024,0
CHAOS_0349,Cd-Co-Fe-Mg,DFT only,5,1.426385200619306,1.219813602815075,0.2065715978042311,0.8455284552845529,1
CHAOS_0350,Sn-Sr-Ti-Zn,DFT only,3,0.8162910718898011,1.005976265283971,-0.1896851933941701,0.217479674796748,0
CHAOS_0351,Ca-Cd-Sn-V,DFT only,5,0.8815305143142428,1.081161313326858,-0.1996307990126157,0.274390243902439,0
CHAOS_0352,Cu-Mg-Mn-Zn,DFT only,2,1.533023201680603,1.240179303682017,0.2928438979985857,0.9044715447154471,1
CHAOS_0353,Cd-Mg-Sr-Ti,DFT only,2,0.7909162998937248,0.9419312990016878,-0.151014999107963,0.1951219512195122,0
CHAOS_0354,Co-Mn-Ni-Zn,DFT only,2,1.79685348339864,1.346026098696127,0.4508273847025135,0.983739837398374,1
CHAOS_0355,Mn-Nb-Sn-Tc,DFT only,4,0.6382273766214452,1.197021618236525,-0.5587942416150797,0.06097560975609756,0
CHAOS_0356,Cd-Co-Fe-Ni,DFT only,3,1.259765181564833,0.9759248233659249,0.2838403581989081,0.6890243902439024,0
CHAOS_0357,Fe-Mg-Ni-Zn,DFT only,2,1.511224567600213,1.300907849443059,0.2103167181571541,0.8861788617886179,1
CHAOS_0358,Mg-Mn-Sn-V,DFT only,2,0.7872722050802018,0.8425353709899007,-0.05526316590969893,0.1930894308943089,0
CHAOS_0359,Cd-Nb-V-Zn,DFT only,4,0.5915925160121891,1.00113153713416,-0.4095390211219707,0.02642276422764228,0
CHAOS_0360,Ca-Cd-Co-Sr,DFT only,5,1.495405590641398,1.238507079248883,0.2568985113925151,0.8760162601626016,1
CHAOS_0361,Ca-Mg-Ni-Zn,DFT only,2,1.559922369647764,1.280156954831067,0.279765414816697,0.9166666666666666,1
CHAOS_0362,Ca-Fe-Sr-Zn,DFT only,3,1.138847899320322,1.118569899085749,0.02027800023457349,0.532520325203252,0
CHAOS_0363,Ca-Mn-Sr-V,DFT only,2,1.195536391638487,1.24661252075821,-0.05107612911972303,0.6219512195121951,0
CHAOS_0364,Mn-Nb-Sr-Zn,DFT only,5,0.8909065404505099,0.8108097184265675,0.08009682202394242,0.282520325203252,0
CHAOS_0365,Mg-Nb-Sr-Ti,DFT only,2,0.9048622491013449,1.072810158022402,-0.1679479089210567,0.2967479674796748,0
CHAOS_0366,Cd-Ni-Sr-Zn,DFT only,4,1.159264285826293,1.164296575883897,-0.005032290057603417,0.5609756097560976,0
CHAOS_0367,Cd-Cu-Mn-Ni,DFT only,5,1.230308284277107,1.137643933609533,0.09266435066757328,0.6605691056910569,0
CHAOS_0368,Ca-Mn-Sn-V,DFT only,4,0.9411494156490435,0.8757511438665238,0.06539827178251978,0.3353658536585366,0
CHAOS_0369,Co-Cu-Fe-Mn,DFT only,2,1.422134524930218,1.076842770083077,0.3452917548471404,0.8434959349593496,1
CHAOS_0370,Ca-Cd-Ti-Zn,DFT only,3,0.9085486603125361,0.7813858744244186,0.1271627858881175,0.3028455284552846,0
CHAOS_0371,Cd-Co-Ni-Sr,DFT only,2,1.098212783214912,1.178897624616718,-0.0806848414018062,0.4715447154471545,0
CHAOS_0372,Ca-Co-Fe-Ni,DFT only,3,1.437350421381808,1.250019247902212,0.1873311734795957,0.8516260162601627,1
CHAOS_0373,Cd-Mn-Sr-Zn,DFT only,5,1.36808736645559,1.207845669652276,0.1602416968033136,0.7947154471544715,1
CHAOS_0374,Cd-Co-Mg-Sn,DFT only,4,1.293141099670322,1.172666058906711,0.1204750407636115,0.725609756097561,0
CHAOS_0375,Mg-Mn-Sn-Zn,DFT only,2,1.175588372071863,1.097362515227546,0.0782258568443166,0.5975609756097561,0
CHAOS_0376,Ca-Ni-Sr-Zn,DFT only,3,1.135426608103368,1.157620156261187,-0.0221935481578186,0.5223577235772358,0
CHAOS_0377,Ca-Cd-Fe-Nb,DFT only,3,0.8392327627481793,0.9244764602437021,-0.08524369749552285,0.25,0
CHAOS_0378,Co-Mg-Mn-Zn,DFT only,3,2.2496873840917,1.28413595495142,0.96555142914028,1.0,1
CHAOS_0379,Mn-Sn-Ti-Zn,DFT only,3,0.7507961110364794,1.213519575948446,-0.4627234649119665,0.1666666666666667,0
CHAOS_0380,Ca-Nb-Ti-Zn,DFT only,4,0.9746835972880724,1.057068214753604,-0.08238461746553172,0.3516260162601626,0
CHAOS_0381,Ca-Co-Sr-Zn,DFT only,1,1.176980501995007,1.113817208111772,0.06316329388323472,0.6016260162601627,0
CHAOS_0382,Co-Sn-Sr-Zn,DFT only,1,1.16527111664944,1.109148844730468,0.05612227191897179,0.5711382113821138,0
CHAOS_0383,Ca-Cd-Nb-V,DFT only,4,0.7174603825821938,0.5738751441171487,0.1435852384650451,0.1361788617886179,0
CHAOS_0384,Ca-Sr-Ti-Zn,DFT only,1,0.9366152320476433,0.9807209202995728,-0.04410568825192951,0.3333333333333333,0
CHAOS_0385,Cd-Mn-Ti-V,DFT only,4,0.7096801149953282,0.6857714511165605,0.02390866387876778,0.1178861788617886,0
CHAOS_0386,Ca-Cd-Co-Ni,DFT only,5,1.304900955457005,1.245505104443015,0.05939585101399047,0.7439024390243902,0
CHAOS_0387,Cd-Cu-Mg-Zn,DFT only,1,1.877859511289396,1.366133782449839,0.5117257288395576,0.9939024390243902,1
CHAOS_0388,Mn-Ni-Sn-Zn,DFT only,5,1.167459262079429,1.225958905386897,-0.05849964330746826,0.5772357723577236,0
CHAOS_0389,Mg-Mn-Sr-Ti,DFT only,3,0.9706292392380562,1.1668486823375,-0.1962194430994435,0.3495934959349594,0
CHAOS_0390,Ca-Co-Mg-Ni,DFT only,5,1.508495967129071,1.260279444895819,0.2482165222332522,0.8821138211382114,1
CHAOS_0391,Co-Fe-Mg-Sr,DFT only,3,1.083622728736088,1.104711535009304,-0.02108880627321641,0.4491869918699187,0
CHAOS_0392,Co-Fe-Ni-Sn,DFT only,1,1.208389292618053,1.102565693097356,0.1058235995206969,0.6382113821138211,0
CHAOS_0393,Cd-Nb-Ti-Zn,DFT only,2,0.6198783465910579,0.9404582822489891,-0.3205799356579312,0.04674796747967479,0
CHAOS_0394,Cd-Mg-Mn-Ti,DFT only,4,0.9007641700131711,1.209867541304858,-0.309103371291687,0.290650406504065,0
CHAOS_0395,Nb-Sr-Ti-Zn,DFT only,3,0.7638274276355895,1.14894671166428,-0.3851192840286902,0.1768292682926829,0
CHAOS_0396,Fe-Ni-V-Zn,DFT only,2,1.022322791045006,0.9655420858158583,0.05678070522914802,0.3800813008130081,0
CHAOS_0397,Ca-Nb-Sr-Zn,DFT only,3,0.8930722251055664,1.058627770890622,-0.1655555457850552,0.2845528455284553,0
CHAOS_0398,Co-Fe-Mn-Sn,DFT only,4,1.175159074631344,0.8470958255468954,0.3280632490844482,0.5934959349593496,0
CHAOS_0399,Nb-Sn-Tc-Ti,DFT only,4,0.5182647523290052,1.136777293435707,-0.6185125411067018,0.004065040650406504,0
CHAOS_0400,Cd-Mg-Nb-Ti,DFT only,1,0.711798106561307,1.31012008224746,-0.5983219756861529,0.1239837398373984,0
CHAOS_0401,Ca-Cd-Ti-V,DFT only,3,0.8285399345221582,1.025218005460779,-0.1966780709386207,0.2398373983739837,0
CHAOS_0402,Ca-Mn-Ni-Sn,DFT only,5,1.170852445385096,1.193782850660912,-0.02293040527581613,0.5853658536585366,0
CHAOS_0403,Cu-Mg-Mn-Ni,DFT only,3,1.377531623386038,1.217910569771373,0.1596210536146645,0.7987804878048781,1
CHAOS_0404,Fe-Sn-Sr-Zn,DFT only,1,1.097014057665949,0.9762549396236835,0.1207591180422658,0.4695121951219512,0
CHAOS_0405,Co-Fe-Mg-Zn,DFT only,2,1.527276112529854,1.298203055347011,0.2290730571828434,0.9004065040650406,1
CHAOS_0406,Fe-Ni-Sr-Zn,DFT only,2,1.039639417639637,1.080441124339721,-0.04080170670008343,0.4044715447154472,0
CHAOS_0407,Ca-Co-Mn-Sn,DFT only,4,1.513580605877796,1.204363272726809,0.3092173331509875,0.8902439024390244,1
CHAOS_0408,Ca-Mn-V-Zn,DFT only,4,1.105818290437871,1.324733737222624,-0.2189154467847536,0.475609756097561,0
CHAOS_0409,Ca-Cd-Fe-Mn,DFT only,2,1.295050106417776,1.321951558258644,-0.02690145184086812,0.7296747967479674,0
CHAOS_0410,Mn-Nb-Sn-Sr,DFT only,2,0.7397527170500307,0.7140003633531881,0.02575235369684259,0.1524390243902439,0
CHAOS_0411,Co-Fe-V-Zn,DFT only,2,1.236877961740309,1.203429719311601,0.03344824242870725,0.6666666666666666,0
CHAOS_0412,Co-Fe-Mg-Ni,DFT only,1,1.686749389617243,1.356871383795036,0.3298780058222071,0.9573170731707317,1
CHAOS_0413,Ca-Cd-Co-Zn,DFT only,2,1.492309925964593,1.272909575159341,0.2194003508052518,0.8719512195121951,1
CHAOS_0414,Nb-Sn-Tc-V,DFT only,5,0.502679208242676,0.8388576455578528,-0.3361784373151768,0.002032520325203252,0
CHAOS_0415,Ca-Cd-Mn-Zn,DFT only,3,1.740357852002945,1.283351669154331,0.4570061828486145,0.9796747967479674,1
CHAOS_0416,Ca-Co-Mg-Zn,DFT only,3,1.602243669844298,1.264327885754904,0.3379157840893938,0.9349593495934959,1
CHAOS_0417,Cu-Fe-Ni-Zn,DFT only,3,1.705652813974716,1.220533839365874,0.4851189746088416,0.9695121951219512,1
CHAOS_0418,Cd-Mg-Nb-Sr,DFT only,3,0.771796453445933,0.9026139860666216,-0.1308175326206886,0.1869918699186992,0
CHAOS_0419,Ca-Nb-Sn-Zn,DFT only,2,0.7319899604484513,0.8591646726673199,-0.1271747122188686,0.1483739837398374,0
CHAOS_0420,Ca-Fe-Ni-Zn,DFT only,4,1.474058026124194,1.281316895297942,0.1927411308262521,0.8617886178861789,1
CHAOS_0421,Co-Fe-Mg-Mn,DFT only,2,1.383431784518187,1.301062500940784,0.08236928357740303,0.8109756097560976,1
CHAOS_0422,Fe-Nb-Sr-Ti,DFT only,4,0.8095322244562917,1.104536021091804,-0.2950037966355119,0.2134146341463415,0
CHAOS_0423,Cd-Nb-Sn-Ti,DFT only,1,0.5568821474082442,0.996885605810896,-0.4400034584026519,0.01422764227642276,0
CHAOS_0424,Mn-Nb-Sr-Ti,DFT only,4,0.795855070698399,1.147160963689899,-0.3513058929915004,0.1991869918699187,0
CHAOS_0425,Ca-Ti-V-Zn,DFT only,1,1.116134599246144,1.012006359850241,0.1041282393959033,0.4857723577235772,0
CHAOS_0426,Mn-Nb-V-Zn,DFT only,1,1.023207153774091,1.056210620131905,-0.03300346635781337,0.3821138211382114,0
CHAOS_0427,Cd-Cu-Fe-Mn,DFT only,4,1.264693826799602,1.136750345444979,0.1279434813546221,0.6951219512195121,0
CHAOS_0428,Mg-Ni-V-Zn,DFT only,4,1.596211128659198,1.408820509077706,0.1873906195814914,0.9288617886178862,1
CHAOS_0429,Ca-Co-Fe-Sr,DFT only,3,1.096110727924628,1.087418716751414,0.008692011173213832,0.4654471544715447,0
CHAOS_0430,Ca-Fe-Ni-Sn,DFT only,1,1.253092734868682,1.084048710026499,0.1690440248421832,0.6808943089430894,0
CHAOS_0431,Fe-Mg-Mn-Zn,DFT only,2,1.320922818785079,1.290974874234802,0.02994794455027727,0.7560975609756098,1
CHAOS_0432,Ca-Fe-Mg-Nb,DFT only,1,1.123788410622507,1.143053796017395,-0.01926538539488831,0.5040650406504065,0
CHAOS_0433,Ca-Cd-Ni-Zn,DFT only,2,1.396947879598261,1.222132651323605,0.1748152282746562,0.8252032520325203,1
CHAOS_0434,Cu-Fe-Mg-Mn,DFT only,1,1.778381650714377,1.216032251546339,0.5623493991680373,0.9817073170731707,1
CHAOS_0435,Mn-Ti-V-Zn,DFT only,5,1.082937134208443,0.8396540611844956,0.243283073023947,0.4471544715447154,0
CHAOS_0436,Cd-Cu-Ni-Zn,DFT only,5,1.361766378274597,1.260422256332733,0.1013441219418636,0.7865853658536586,1
CHAOS_0437,Cd-Sn-Sr-Ti,DFT only,1,0.7998745728053109,1.16274153765804,-0.3628669648527294,0.2032520325203252,0
CHAOS_0438,Cd-Nb-Sn-V,DFT only,2,0.5501576689861641,0.6038240679483098,-0.05366639896214564,0.01016260162601626,0
CHAOS_0439,Cd-Fe-Mg-Mn,DFT only,2,1.586563945386,1.293393055267787,0.2931708901182133,0.9247967479674797,1
CHAOS_0440,Cd-Mg-Mn-Sr,DFT only,4,1.382543739842796,1.255996213979844,0.126547525862952,0.8089430894308943,1
CHAOS_0441,Co-Mn-Ni-V,DFT only,1,1.127320585877039,1.212858372839363,-0.08553778696232417,0.5101626016260162,0
CHAOS_0442,Ca-Co-Sn-Zn,DFT only,4,1.429250862878319,1.179528949872537,0.2497219130057824,0.8475609756097561,1
CHAOS_0443,Co-Cu-Sn-Zn,DFT only,1,1.21484447095875,0.8741953389957271,0.3406491319630229,0.6524390243902439,0
CHAOS_0444,Mg-Sr-Ti-V,DFT only,5,1.032378809797083,1.263598824992979,-0.2312200151958961,0.3902439024390244,0
CHAOS_0445,Ca-Cd-Sn-Ti,DFT only,1,0.7673956130871025,1.111813803474033,-0.344418190386931,0.1808943089430894,0
CHAOS_0446,Ca-Fe-Mg-Mn,DFT only,5,1.571692601755912,1.305074125449729,0.2666184763061827,0.9186991869918699,1
CHAOS_0447,Cd-Fe-Sn-Sr,DFT only,2,1.298696270150303,1.165105421356721,0.133590848793582,0.733739837398374,0
CHAOS_0448,Ca-Fe-Mn-Ni,DFT only,3,1.623910770493783,1.243922239319529,0.3799885311742539,0.9451219512195121,1
CHAOS_0449,Mg-Ti-V-Zn,DFT only,1,1.298772619682937,0.9437400197448665,0.3550325999380705,0.7357723577235772,0
CHAOS_0450,Nb-Ti-V-Zn,DFT only,5,0.9862119490919974,1.095343647866605,-0.1091316987746074,0.3658536585365854,0
CHAOS_0451,Ca-Mg-Sn-Sr,DFT only,5,1.29460390069768,1.258642779335134,0.03596112136254637,0.7276422764227642,0
CHAOS_0452,Cd-Co-Fe-Mn,DFT only,5,1.496802935710049,1.239524648421656,0.2572782872883932,0.8780487804878049,1
CHAOS_0453,Ca-Sn-V-Zn,DFT only,4,0.8705600558532354,0.8029446808388151,0.06761537501442028,0.2703252032520325,0
CHAOS_0454,Mg-Mn-Ni-Sr,DFT only,4,1.133501581253682,1.179355928265484,-0.04585434701180202,0.5203252032520326,0
CHAOS_0455,Ca-Cd-Fe-Zn,DFT only,1,1.270295216628885,1.258928768623218,0.01136644800566655,0.7012195121951219,0
CHAOS_0456,Co-Fe-Ni-Zn,DFT only,2,1.559916215796716,1.295211240409081,0.2647049753876352,0.9146341463414634,1
CHAOS_0457,Ca-Cd-Ni-Sr,DFT only,4,1.412076141599856,1.263346511634763,0.1487296299650933,0.8313008130081301,1
CHAOS_0458,Cd-Fe-Mn-Zn,DFT only,2,1.593478008490761,1.306564540029474,0.2869134684612875,0.926829268292683,1
CHAOS_0459,Mg-Mn-Nb-V,DFT only,5,1.013511105259275,1.059689862608529,-0.04617875734925425,0.3739837398373984,0
CHAOS_0460,Fe-Nb-Sn-Ti,DFT only,5,0.5409079295418792,0.817746548059954,-0.2768386185180748,0.006097560975609756,0
CHAOS_0461,Mn-Ni-Sn-Sr,DFT only,1,1.128890773189631,1.078599833169525,0.05029094002010681,0.5121951219512195,0
CHAOS_0462,Co-Cu-Fe-Sn,DFT only,2,0.9856248604406688,0.7728804517574154,0.2127444086832534,0.3638211382113821,0
CHAOS_0463,Mg-Sn-Sr-Zn,DFT only,3,1.139310370093844,1.106411903978603,0.03289846611524117,0.5345528455284553,0
CHAOS_0464,Fe-Mg-Sn-Zn,DFT only,1,1.195421537263456,0.9627610376599672,0.2326604996034886,0.6199186991869918,0
CHAOS_0465,Ca-Mn-Sn-Sr,DFT only,3,0.8871048720998405,1.256126510995402,-0.3690216388955618,0.2804878048780488,0
CHAOS_0466,Cu-Ni-Ti-Zn,DFT only,2,1.025932634968286,0.6834022554124961,0.3425303795557901,0.3861788617886179,0
CHAOS_0467,Ca-Fe-Ti-Zn,DFT only,5,1.237426780445541,1.157061032468792,0.08036574797674878,0.6686991869918699,0
CHAOS_0468,Mg-Nb-Sn-V,DFT only,3,0.6887561172791506,0.7548212339796176,-0.066065116700467,0.1077235772357724,0
CHAOS_0469,Ca-Nb-V-Zn,DFT only,3,0.9439198790843506,1.094017801744538,-0.1500979226601871,0.3373983739837398,0
CHAOS_0470,Cd-Co-Mg-Mn,DFT only,4,1.599406670221467,1.324544508318287,0.2748621619031795,0.9308943089430894,1
CHAOS_0471,Cd-Sn-V-Zn,DFT only,3,0.845334360626514,0.7751093171429384,0.07022504348357561,0.2560975609756098,0
CHAOS_0472,Cd-Sn-Ti-Zn,DFT only,4,0.6791508043062541,1.099458693982748,-0.4203078896764939,0.09349593495934959,0
CHAOS_0473,Sr-Ti-V-Zn,DFT only,2,0.853970367275931,0.9928540527757203,-0.1388836854997892,0.2621951219512195,0
CHAOS_0474,Mg-Mn-Ti-Zn,DFT only,5,1.193553949406309,1.1494364446859,0.04411750472040943,0.6138211382113821,0
CHAOS_0475,Cd-Fe-Ni-Zn,DFT only,3,1.367463168784773,1.163702658001657,0.2037605107831153,0.7926829268292683,1
CHAOS_0476,Ca-Cd-Mn-Ti,DFT only,5,0.9827043571640848,1.304882676564752,-0.3221783194006673,0.3617886178861789,0
CHAOS_0477,Ca-Sr-V-Zn,DFT only,1,1.013342915931344,1.163969300193305,-0.1506263842619615,0.3719512195121951,0
CHAOS_0478,Co-Cu-Mn-V,DFT only,2,1.202630928994142,1.097030950324112,0.1055999786700301,0.6300813008130082,0
CHAOS_0479,Ca-Cd-Ni-Sn,DFT only,1,1.607934665070738,1.294444550704852,0.3134901143658853,0.9410569105691057,1
CHAOS_0480,Co-Fe-Mn-Sr,DFT only,3,1.118387220925042,1.089444307506349,0.02894291341869293,0.4898373983739837,0
CHAOS_0481,Cd-Mn-Sn-Zn,DFT only,1,1.187073948927155,1.22002612544948,-0.03295217652232485,0.6077235772357723,0
CHAOS_0482,Cd-Fe-Mg-Ti,DFT only,5,0.9110989359186664,1.190656590949984,-0.279557655031318,0.306910569105691,0
CHAOS_0483,Ca-Co-Fe-Mg,DFT only,5,1.306013617653179,1.290545699651351,0.01546791800182756,0.7479674796747967,0
CHAOS_0484,Cd-Nb-Sn-Sr,DFT only,1,0.6789228475271074,1.22005561908532,-0.541132771558213,0.09146341463414634,0
CHAOS_0485,Mn-Nb-Sr-V,DFT only,1,0.9337906307035119,1.169189328969103,-0.2353986982655908,0.3292682926829268,0
CHAOS_0486,Ca-Cd-Mn-Nb,DFT only,5,0.8542916605347015,1.158984809317591,-0.3046931487828894,0.2642276422764228,0
CHAOS_0487,Ca-Ni-Sn-Zn,DFT only,1,1.485852086449612,1.220788670346184,0.265063416103428,0.8658536585365854,1
CHAOS_0488,Fe-Ni-Sn-Sr,DFT only,1,1.084423065881324,0.794152403410834,0.2902706624704903,0.4552845528455284,0
CHAOS_0489,Ca-Cd-Fe-Ti,DFT only,1,1.036129777766465,1.085697762197707,-0.04956798443124222,0.3963414634146342,0
CHAOS_0490,Ca-Cd-Sr-Zn,DFT only,5,1.600693976620637,1.266002339889771,0.3346916367308661,0.9329268292682927,1
CHAOS_0491,Co-Cu-Fe-Zn,DFT only,3,1.704921669290233,1.165953186279821,0.5389684830104113,0.967479674796748,1
CHAOS_0492,Cd-Fe-Mn-Sn,DFT only,2,1.100281992964172,1.050616570398386,0.04966542256578643,0.4735772357723577,0
CHAOS_0493,Cu-Mn-Ni-Zn,DFT only,5,1.653449918758496,1.247284403294569,0.4061655154639265,0.9491869918699187,1
CHAOS_0001,Ca-Cd-Co-Fe,Chemistry only,1,1.330868536895553,1.415057063243038,-0.08418852634748553,0.774390243902439,1
CHAOS_0002,Ca-Fe-Mn-Zn,Chemistry only,5,1.205546347798089,1.223937145884079,-0.01839079808598987,0.6321138211382114,0
CHAOS_0003,Co-Mg-Mn-Sr,Chemistry only,1,1.069331415166951,1.219970808908899,-0.1506393937419486,0.4369918699186992,0
CHAOS_0004,Co-Mg-Mn-Ni,Chemistry only,2,1.380245376428268,1.806051328986186,-0.4258059525579181,0.8048780487804879,1
CHAOS_0005,Fe-Mg-Mn-Sr,Chemistry only,4,1.236105221072092,0.9597594784127391,0.2763457426593531,0.6646341463414634,0
CHAOS_0006,Mg-Sn-Sr-Ti,Chemistry only,2,0.8044883033404857,0.7906765472884953,0.01381175605199036,0.209349593495935,0
CHAOS_0007,Ca-Ni-Sn-Sr,Chemistry only,3,1.265675748873167,1.290364133254384,-0.0246883843812169,0.6971544715447154,0
CHAOS_0008,Cu-Fe-Mn-V,Chemistry only,2,0.9597366512106851,1.135596979077072,-0.1758603278663868,0.3434959349593496,0
CHAOS_0009,Co-Mg-Sn-Zn,Chemistry only,4,1.345720124546145,1.244127910146902,0.1015922143992436,0.7804878048780488,1
CHAOS_0010,Cd-Fe-Ti-Zn,Chemistry only,1,0.8814887226367113,1.132054755442965,-0.2505660328062539,0.2723577235772358,0
CHAOS_0011,Ca-Nb-Ti-V,Chemistry only,3,1.117948633474238,1.046913933991882,0.07103469948235608,0.4878048780487805,0
CHAOS_0012,Mg-Nb-Sr-V,Chemistry only,1,0.820034804111342,0.9743233834786065,-0.1542885793672645,0.225609756097561,0
CHAOS_0013,Ca-Mn-Sn-Zn,Chemistry only,4,1.379049473621278,1.095050503544665,0.2839989700766128,0.8028455284552846,1
CHAOS_0014,Ca-Fe-Mg-Sn,Chemistry only,5,1.316713149050862,1.000993418478634,0.3157197305722279,0.7540650406504065,1
CHAOS_0015,Cd-Mg-Sr-V,Chemistry only,4,1.037527643995246,0.9129549027967027,0.1245727411985434,0.4004065040650406,0
CHAOS_0016,Ca-Mg-Mn-Nb,Chemistry only,1,0.9124613019679277,0.9869417015417714,-0.07448039957384367,0.3109756097560976,0
CHAOS_0017,Ca-Cd-Mg-Nb,Chemistry only,2,0.869809372913117,0.9785565150378754,-0.1087471421247584,0.2682926829268293,0
CHAOS_0018,Ca-Mg-Ni-Sr,Chemistry only,2,1.234306933184503,1.376662809158062,-0.1423558759735593,0.6626016260162602,0
CHAOS_0019,Ca-Co-Fe-Zn,Chemistry only,1,1.381041366752379,1.397544944391191,-0.01650357763881183,0.806910569105691,1
CHAOS_0020,Cd-Cu-Mg-Mn,Chemistry only,1,1.347852618007481,1.42037781552881,-0.07252519752132858,0.782520325203252,1
CHAOS_0021,Nb-Sn-Sr-V,Chemistry only,5,0.6292655334803368,0.8226050656912558,-0.193339532210919,0.05691056910569105,0
CHAOS_0022,Cd-Sr-Ti-V,Chemistry only,5,0.7275950552365444,0.9893742272136442,-0.2617791719770998,0.1443089430894309,0
CHAOS_0023,Ca-Cd-Mn-Sr,Chemistry only,2,1.718753023086492,1.035665467231582,0.6830875558549092,0.975609756097561,1
CHAOS_0024,Co-Cu-Mg-Mn,Chemistry only,2,1.714018084185283,1.688610610632902,0.02540747355238038,0.9735772357723578,1
CHAOS_0025,Cd-Cu-Fe-Zn,Chemistry only,2,1.547734257364569,1.357118729995263,0.1906155273693064,0.9105691056910569,1
CHAOS_0026,Ca-Co-Mn-Sr,Chemistry only,2,1.108803621990512,1.331992629269801,-0.2231890072792897,0.4776422764227642,0
CHAOS_0027,Cd-Co-Fe-Sr,Chemistry only,2,1.12518253368288,1.318343831258623,-0.1931612975757426,0.5060975609756098,0
CHAOS_0028,Cd-Co-Sr-Zn,Chemistry only,4,1.213632867765051,1.299379709971608,-0.08574684220655704,0.6463414634146342,0
CHAOS_0029,Ca-Mg-Nb-Sn,Chemistry only,4,0.8269431825144284,0.8541302043612522,-0.02718702184682376,0.233739837398374,0
CHAOS_0030,Cd-Mn-Sn-V,Chemistry only,2,0.8380255277011236,0.8952210249919267,-0.05719549729080309,0.2459349593495935,0
CHAOS_0031,Mg-Ni-Sr-Zn,Chemistry only,1,1.087708797887424,1.208819384227575,-0.1211105863401518,0.459349593495935,0
CHAOS_0032,Cd-Mn-Ni-Zn,Chemistry only,2,1.553939599440648,1.529264995096864,0.02467460434378355,0.9126016260162602,1
CHAOS_0033,Cd-Mn-Sr-V,Chemistry only,4,1.061157252745739,0.9153401239919214,0.1458171287538179,0.4247967479674797,0
CHAOS_0034,Cu-Fe-Sn-Zn,Chemistry only,1,1.33213499839198,1.177466445555968,0.1546685528360117,0.7764227642276422,1
CHAOS_0035,Ca-Mg-Mn-Ni,Chemistry only,5,1.607622042516882,1.370663138409542,0.2369589041073401,0.9390243902439024,1
CHAOS_0036,Ca-Cd-Fe-Ni,Chemistry only,4,1.295855466488807,1.449998678553577,-0.1541432120647706,0.7317073170731707,0
CHAOS_0037,Ca-Mg-Nb-Zn,Chemistry only,3,1.121978224525889,0.9085622247457541,0.213415999780135,0.5,0
CHAOS_0038,Nb-Tc-Ti-V,Chemistry only,2,0.7402569363522179,1.053644116106564,-0.313387179754346,0.1565040650406504,0
CHAOS_0039,Ca-Cu-Mg-Mn,Chemistry only,3,1.325419489052944,1.249263424207692,0.0761560648452515,0.766260162601626,1
CHAOS_0040,Co-Mg-Mn-Sn,Chemistry only,1,1.166875025726359,1.357063779128496,-0.1901887534021369,0.5752032520325203,0
CHAOS_0041,Co-Mg-Ni-Sn,Chemistry only,4,1.444778326214908,1.321384085173257,0.1233942410416504,0.8536585365853658,1
CHAOS_0042,Cd-Co-Mg-Sr,Chemistry only,4,1.259835565361272,1.245513044696439,0.01432252066483275,0.6910569105691057,0
CHAOS_0043,Cd-Mg-Nb-Sn,Chemistry only,2,0.6008639117140762,0.7281510086162575,-0.1272870969021813,0.03048780487804878,0
CHAOS_0044,Ca-Mn-Nb-Sr,Chemistry only,5,1.048053860049666,0.9635095872544411,0.08454427279522536,0.4126016260162602,0
CHAOS_0045,Mg-Sn-Ti-V,Chemistry only,4,0.6780888634511649,0.7596067320393037,-0.08151786858813881,0.08943089430894309,0
CHAOS_0046,Cd-Fe-Sr-Ti,Chemistry only,2,0.7117460284107648,1.012826112479185,-0.3010800840684202,0.1219512195121951,0
CHAOS_0047,Ca-Cd-Sn-Zn,Chemistry only,2,1.407750371215619,1.190545951174767,0.2172044200408523,0.8292682926829268,1
CHAOS_0048,Cd-Co-Sn-Zn,Chemistry only,4,1.291677769970987,1.060431693529214,0.231246076441773,0.7215447154471545,0
CHAOS_0049,Cu-Mn-V-Zn,Chemistry only,5,1.305503043951992,1.140489379573675,0.1650136643783171,0.7459349593495935,0
CHAOS_0050,Cd-Ni-Sn-Zn,Chemistry only,5,1.258862243422577,1.172170367718089,0.08669187570448877,0.6849593495934959,0
CHAOS_0051,Ca-Mg-Mn-Sn,Chemistry only,5,1.156838652690091,0.9542179939772342,0.2026206587128565,0.5548780487804879,0
CHAOS_0052,Co-Cu-Mg-Ni,Chemistry only,4,1.415521307074694,1.551385216773553,-0.1358639096988585,0.8394308943089431,1
CHAOS_0053,Fe-Mn-Sn-Zn,Chemistry only,5,1.147125560268714,1.210664926046706,-0.06353936577799235,0.540650406504065,0
CHAOS_0054,Ca-Mn-Nb-Zn,Chemistry only,5,1.05044887852907,1.035703390904745,0.01474548762432559,0.4166666666666667,0
CHAOS_0055,Ca-Mg-Ti-V,Chemistry only,5,1.413762357635907,1.045271842103212,0.3684905155326952,0.8353658536585366,1
CHAOS_0056,Mn-Nb-Ti-Zn,Chemistry only,1,0.7130287730327973,0.8889136572789067,-0.1758848842461094,0.1321138211382114,0
CHAOS_0057,Cd-Fe-Nb-Ti,Chemistry only,2,0.6666011228920825,0.8234674205806083,-0.1568662976885258,0.08130081300813008,0
CHAOS_0058,Nb-Sn-Sr-Ti,Chemistry only,2,0.624278999378092,0.8001572249448655,-0.1758782255667736,0.0508130081300813,0
CHAOS_0059,Cu-Nb-Sn-Tc,Chemistry only,5,0.6184836088057772,0.785827121056444,-0.1673435122506668,0.04471544715447155,0
CHAOS_0060,Mg-Mn-Nb-Sr,Chemistry only,3,0.9768160780825129,0.9322983786761275,0.04451769940638539,0.3556910569105691,0
CHAOS_0061,Cu-Mn-Sn-Zn,Chemistry only,2,1.169924866710909,1.313002957731796,-0.1430780910208866,0.5833333333333334,0
CHAOS_0062,Ca-Mn-Sr-Ti,Chemistry only,4,0.7991642469152445,0.8768649232130454,-0.07770067629780097,0.201219512195122,0
CHAOS_0063,Cd-Co-Mg-Zn,Chemistry only,4,1.523647236641474,1.224437013179379,0.2992102234620944,0.8963414634146342,1
CHAOS_0064,Co-Mg-Mn-V,Chemistry only,1,1.725100978523957,1.466241642455373,0.258859336068584,0.9776422764227642,1
CHAOS_0065,Co-Fe-Mn-Zn,Chemistry only,4,2.028672147938234,1.477772505276707,0.5508996426615274,0.9979674796747967,1
CHAOS_0066,Cd-Mg-Sn-Sr,Chemistry only,4,1.350259439309609,0.9562443820050625,0.3940150573045461,0.7845528455284553,1
CHAOS_0067,Cu-Mg-Ni-Zn,Chemistry only,2,1.619187591715673,1.528103107449626,0.0910844842660472,0.943089430894309,1
CHAOS_0068,Ca-Cd-Mg-Zn,Chemistry only,2,1.530675862332192,1.075452038346322,0.4552238239858706,0.9024390243902439,1
CHAOS_0069,Co-Mg-Sn-Sr,Chemistry only,1,1.157953002798327,1.073845973269509,0.08410702952881799,0.5589430894308943,0
CHAOS_0070,Cd-Mg-Ti-V,Chemistry only,1,0.8265298124915945,0.6615552088933454,0.1649746035982491,0.2317073170731707,0
CHAOS_0071,Mg-Nb-V-Zn,Chemistry only,1,0.9364781523209808,0.8075860815988081,0.1288920707221727,0.3313008130081301,0
CHAOS_0072,Cu-Nb-Sn-Ti,Chemistry only,5,0.6330529262038597,0.8205888768620715,-0.1875359506582118,0.05894308943089431,0
CHAOS_0073,Cd-Mn-V-Zn,Chemistry only,1,1.0682252117584,1.050978919628557,0.01724629212984286,0.4349593495934959,0
CHAOS_0074,Co-Mn-Sn-Sr,Chemistry only,1,1.137909166464711,1.034893127978012,0.1030160384866992,0.5304878048780488,0
CHAOS_0075,Ca-Cd-V-Zn,Chemistry only,3,1.365649687906007,1.078836537255972,0.2868131506500351,0.790650406504065,1
CHAOS_0076,Mg-Mn-Nb-Sn,Chemistry only,1,0.6007601407089596,0.7303186984614702,-0.1295585577525107,0.02845528455284553,0
CHAOS_0077,Ca-Fe-Sn-Sr,Chemistry only,1,1.15319319524418,1.010821550161393,0.142371645082787,0.5447154471544715,0
CHAOS_0078,Cd-Co-Mn-Zn,Chemistry only,1,1.645640719953041,1.466946495691265,0.1786942242617762,0.9471544715447154,1
CHAOS_0079,Co-Mn-Sn-Zn,Chemistry only,1,1.315561564628128,1.271726835027951,0.0438347296001762,0.7520325203252033,1
CHAOS_0080,Ca-Fe-Nb-Sn,Chemistry only,1,0.7683924406424669,0.8885863454126701,-0.1201939047702032,0.1829268292682927,0
CHAOS_0081,Mn-Sn-Sr-Zn,Chemistry only,5,1.193665626978333,0.9516720382978572,0.2419935886804756,0.6158536585365854,0
CHAOS_0082,Cd-Co-Fe-Zn,Chemistry only,3,1.396283750359815,1.366893324322044,0.02939042603777042,0.823170731707317,1
CHAOS_0083,Cd-Mg-Ni-Zn,Chemistry only,1,1.504325036476494,1.287694673005625,0.2166303634708693,0.8800813008130082,1
CHAOS_0084,Mn-Nb-Sn-Ti,Chemistry only,2,0.4990183275281971,0.5331022465428538,-0.03408391901465668,0.0,0
CHAOS_0085,Ca-Cd-Mg-Sr,Chemistry only,1,1.5759485786793,1.009647057010211,0.5663015216690894,0.9207317073170732,1
CHAOS_0086,Ca-Cd-Mn-Sn,Chemistry only,4,1.137869419396993,1.063716614048116,0.07415280534887714,0.5284552845528455,0
CHAOS_0087,Cd-Sn-Sr-Zn,Chemistry only,1,1.280230437635244,1.116550959062861,0.1636794785723825,0.7113821138211383,0
CHAOS_0088,Cd-Mn-Ni-Sn,Chemistry only,5,1.173898832304668,1.307250150749499,-0.1333513184448309,0.5894308943089431,0
CHAOS_0089,Nb-Sn-Ti-V,Chemistry only,5,0.6091434208845197,0.6101864065493863,-0.001042985664866602,0.03455284552845529,0
CHAOS_0090,Ca-Fe-Nb-Sr,Chemistry only,3,0.9036126881003638,1.13094721832499,-0.2273345302246258,0.2947154471544716,0
CHAOS_0091,Cd-Ti-V-Zn,Chemistry only,1,0.6732193690291216,0.8735537837428843,-0.2003344147137627,0.08739837398373984,0
CHAOS_0092,Sn-Sr-Ti-V,Chemistry only,5,0.7280398304317265,0.7969159919780195,-0.06887616154629306,0.1463414634146341,0
CHAOS_0093,Ca-Cd-Mg-V,Chemistry only,2,1.277440736914697,1.028143118247717,0.2492976186669806,0.7052845528455285,0
CHAOS_0094,Mg-Mn-V-Zn,Chemistry only,1,1.052371212386077,1.195756728090426,-0.1433855157043493,0.4207317073170732,0
CHAOS_0095,Cd-Co-Mg-Ni,Chemistry only,2,1.413441785830311,1.431050144758093,-0.0176083589277829,0.8333333333333334,1
CHAOS_0096,Fe-Mg-Sr-Zn,Chemistry only,4,1.197508454737655,1.022975215683408,0.1745332390542467,0.6239837398373984,0
CHAOS_0097,Co-Fe-Sn-Sr,Chemistry only,3,1.034480890609468,1.08440320690887,-0.04992231629940136,0.3922764227642276,0
CHAOS_0098,Cd-Fe-Mg-Sr,Chemistry only,3,1.207861755309722,1.098993392287888,0.1088683630218348,0.6361788617886179,0
CHAOS_0099,Sn-Ti-V-Zn,Chemistry only,4,0.6291027761972733,0.9191045555436284,-0.2900017793463551,0.05487804878048781,0
CHAOS_0100,Cd-Fe-Mg-Ni,Chemistry only,5,1.394173823826004,1.485591526003697,-0.0914177021776934,0.8191056910569106,1
CHAOS_0101,Ca-Fe-Mg-Ni,Chemistry only,4,1.394732855597484,1.418050861292113,-0.02331800569462961,0.8211382113821138,1
CHAOS_0102,Mg-Mn-Sn-Ti,Chemistry only,1,0.6909395846370859,0.9613728750583433,-0.2704332904212574,0.1097560975609756,0
CHAOS_0103,Ca-Mg-Sn-Zn,Chemistry only,5,1.328519636900517,1.040194556522357,0.2883250803781601,0.7703252032520326,1
CHAOS_0104,Ca-Fe-Mg-Ti,Chemistry only,3,0.9821259250538538,1.143792877905417,-0.1616669528515632,0.3597560975609756,0
CHAOS_0105,Sn-Tc-Ti-V,Chemistry only,1,0.5490313368674898,0.7558788053059988,-0.206847468438509,0.008130081300813009,0
CHAOS_0106,Cd-Mn-Nb-Zn,Chemistry only,5,0.7608981987739023,0.9087325407640845,-0.1478343419901822,0.1747967479674797,0
CHAOS_0107,Cd-Sn-Ti-V,Chemistry only,5,0.5811946905718262,0.782620330213507,-0.2014256396416808,0.02235772357723577,0
CHAOS_0108,Cd-Mg-Sn-Ti,Chemistry only,4,0.6408253225467833,0.8566216365304247,-0.2157963139836414,0.06300813008130081,0
CHAOS_0109,Mg-Mn-Sr-V,Chemistry only,2,0.9160658322856876,0.9439709243262855,-0.02790509204059788,0.3150406504065041,0
CHAOS_0110,Cd-Fe-Nb-Zn,Chemistry only,2,0.7587801206547211,0.9094245079769598,-0.1506443873222387,0.1707317073170732,0
CHAOS_0111,Ca-Co-Ni-Sr,Chemistry only,2,1.065507597511909,1.627343960306344,-0.5618363627944343,0.4288617886178862,0
CHAOS_0112,Ca-Cd-Nb-Ti,Chemistry only,3,0.7400105212227808,0.9910477310090934,-0.2510372097863126,0.1544715447154472,0
CHAOS_0113,Cd-Mg-Ni-Sn,Chemistry only,3,1.473302774224817,1.188805826781345,0.2844969474434722,0.8597560975609756,1
CHAOS_0114,Cu-Fe-Mg-Ni,Chemistry only,2,1.48695221926894,1.652835813801624,-0.1658835945326838,0.8678861788617886,1
CHAOS_0115,Ca-Cu-Mg-Zn,Chemistry only,2,1.830772542333132,1.226789545853214,0.6039829964799177,0.9898373983739838,1
CHAOS_0116,Cd-Mg-Ti-Zn,Chemistry only,4,0.8468069386257572,0.9900672622677212,-0.1432603236419641,0.2601626016260163,0
CHAOS_0117,Cd-Fe-Mg-Nb,Chemistry only,2,0.6876935800238281,0.9019911243644303,-0.2142975443406022,0.1036585365853658,0
CHAOS_0118,Cu-Fe-V-Zn,Chemistry only,1,0.9147285775414622,1.137417352611556,-0.2226887750700941,0.3130081300813008,0
CHAOS_0119,Ca-Mn-Nb-Ti,Chemistry only,2,0.8274963669176486,0.96793747317548,-0.1404411062578313,0.2357723577235772,0
CHAOS_0120,Co-Fe-Ni-Sr,Chemistry only,3,0.9989602515947664,1.44346106400297,-0.4445008124082033,0.3699186991869919,0
CHAOS_0121,Ca-Fe-Mn-Sn,Chemistry only,4,1.372493166327824,0.9154092239681462,0.4570839423596775,0.7967479674796748,1
CHAOS_0122,Ca-Cd-Nb-Zn,Chemistry only,5,0.8171515195339096,1.092654606205979,-0.2755030866720696,0.2195121951219512,0
CHAOS_0123,Ni-Sn-Sr-Zn,Chemistry only,3,1.120482143255964,1.222359687681642,-0.1018775444256788,0.4939024390243902,0
CHAOS_0124,Ca-Co-Mg-Sn,Chemistry only,3,1.474318019314445,1.177177350736684,0.2971406685777607,0.8638211382113821,1
CHAOS_0125,Ca-Mg-Mn-Sr,Chemistry only,1,1.162768904906689,0.957251733119926,0.2055171717867632,0.5650406504065041,0
CHAOS_0126,Co-Fe-Mn-Ni,Chemistry only,3,1.658284602495181,1.540574812053221,0.1177097904419602,0.9512195121951219,1
CHAOS_0127,Cd-Mn-Nb-Ti,Chemistry only,1,0.5554793918210277,0.779684363817447,-0.2242049719964193,0.01219512195121951,0
CHAOS_0128,Nb-Sn-Tc-Zn,Chemistry only,4,0.6147439932930467,0.80624495657485,-0.1915009632818032,0.0426829268292683,0
CHAOS_0129,Fe-Nb-Sn-V,Chemistry only,4,0.6136104718600413,0.539360407003276,0.07425006485676522,0.04065040650406504,0
CHAOS_0130,Ca-Fe-Sr-Ti,Chemistry only,3,1.052258398794067,1.062268512165361,-0.01001011337129354,0.4186991869918699,0
CHAOS_0131,Mg-Sn-Ti-Zn,Chemistry only,5,0.6826168402841123,0.9663505202836532,-0.2837336799995409,0.0975609756097561,0
CHAOS_0132,Ca-Fe-Ni-Sr,Chemistry only,1,1.046830699325849,1.409081635024748,-0.3622509356988985,0.4085365853658536,0
CHAOS_0133,Cd-Nb-Sr-Ti,Chemistry only,1,0.6667406579226641,0.9501326693641778,-0.2833920114415137,0.08333333333333333,0
CHAOS_0134,Fe-Mg-Sn-Sr,Chemistry only,4,1.116106243305177,0.8445548398863277,0.271551403418849,0.483739837398374,0
CHAOS_0135,Cd-Co-Ni-Sn,Chemistry only,5,1.15403200976987,1.076096002430883,0.07793600733898676,0.5467479674796748,0
CHAOS_0136,Mg-Nb-Sr-Zn,Chemistry only,4,0.8456748360079142,0.8621477609878929,-0.01647292497997876,0.258130081300813,0
CHAOS_0137,Cd-Fe-Sn-Zn,Chemistry only,4,1.193716587938537,1.11818872032401,0.07552786761452635,0.6178861788617886,0
CHAOS_0138,Cd-Mg-Sn-V,Chemistry only,1,0.767010936043699,0.7592114817066258,0.007799454337073186,0.1788617886178862,0
CHAOS_0139,Mn-Ni-V-Zn,Chemistry only,4,1.172128131496221,1.234116393479078,-0.06198826198285667,0.5873983739837398,0
CHAOS_0140,Cd-Mg-Sr-Zn,Chemistry only,3,1.290467778665032,0.9926634324354018,0.2978043462296307,0.7195121951219512,0
CHAOS_0141,Nb-Ni-Sn-Ti,Chemistry only,1,0.5713724232703716,0.9573870843063407,-0.386014661035969,0.01829268292682927,0
CHAOS_0142,Cd-Co-Ni-Zn,Chemistry only,2,1.414026827111704,1.329098593138103,0.08492823397360061,0.8373983739837398,1
CHAOS_0143,Mg-Sn-V-Zn,Chemistry only,4,0.8275709059869274,0.9397422037831289,-0.1121712977962015,0.2378048780487805,0
CHAOS_0144,Ca-Fe-Mg-Zn,Chemistry only,3,1.304512694967367,1.179553052226553,0.1249596427408139,0.741869918699187,0
CHAOS_0145,Ca-Cd-Fe-Sn,Chemistry only,2,1.329880190970437,1.093680227104603,0.2361999638658341,0.7723577235772358,1
CHAOS_0146,Ca-Mn-Nb-V,Chemistry only,2,0.9300142158389397,0.9863353257076222,-0.05632110986868244,0.3272357723577236,0
CHAOS_0147,Cd-Fe-Ni-Sr,Chemistry only,3,1.076258570024818,1.37427667105944,-0.2980181010346221,0.4410569105691057,0
CHAOS_0148,Ca-Mg-Nb-Ti,Chemistry only,3,1.064152307229331,0.9977767540521452,0.06637555317718569,0.4268292682926829,0
CHAOS_0149,Ca-Co-Mg-Sr,Chemistry only,2,1.277471682113984,1.36958716725919,-0.09211548514520618,0.7073170731707317,0
CHAOS_0150,Mg-Sr-Ti-Zn,Chemistry only,5,0.9054169602408567,0.8266334158184008,0.07878354442245594,0.298780487804878,0
CHAOS_0151,Cd-Mg-Mn-Nb,Chemistry only,3,0.7124579691463374,0.8510123889249559,-0.1385544197786185,0.1280487804878049,0
CHAOS_0152,Fe-Mn-Sr-Zn,Chemistry only,5,1.24380524803268,1.035197319665464,0.2086079283672155,0.6707317073170732,0
CHAOS_0153,Cd-Fe-Mg-Zn,Chemistry only,2,1.52015564047588,1.280840198692138,0.2393154417837429,0.8943089430894309,1
CHAOS_0154,Ca-Mn-Ni-Sr,Chemistry only,1,1.067401831002097,1.339380358916226,-0.2719785279141287,0.4329268292682927,0
CHAOS_0155,Cd-Mn-Nb-Sr,Chemistry only,2,0.7834328945182332,0.9439301014460095,-0.1604972069277764,0.1910569105691057,0
CHAOS_0156,Cd-Cu-Fe-Mg,Chemistry only,1,1.323500480699332,1.325850879059597,-0.002350398360264183,0.7642276422764228,1
CHAOS_0157,Ca-Sn-Ti-V,Chemistry only,4,0.7717461113423972,0.8611161707626205,-0.08937005942022325,0.1849593495934959,0
CHAOS_0158,Fe-Mg-Mn-Ni,Chemistry only,2,1.815993776483045,1.728112064799459,0.08788171168358616,0.9878048780487805,1
CHAOS_0159,Cd-Fe-Ni-Sn,Chemistry only,3,1.169787115395648,1.126009007906511,0.0437781074891368,0.5813008130081301,0
CHAOS_0160,Cd-Mg-V-Zn,Chemistry only,4,1.14088933594672,0.9355920209142703,0.2052973150324502,0.5365853658536586,0
CHAOS_0161,Ca-Mg-Mn-Ti,Chemistry only,5,0.9750184529193288,0.9956889815778956,-0.02067052865856689,0.3536585365853658,0
CHAOS_0162,Co-Cu-Fe-Ni,Chemistry only,5,1.524261505763879,1.171810386365909,0.3524511193979698,0.8983739837398373,1
CHAOS_0163,Ca-Cd-Nb-Sn,Chemistry only,4,0.6568251309378726,1.020691107206037,-0.3638659762681643,0.07317073170731707,0
CHAOS_0164,Fe-Mg-Nb-Sn,Chemistry only,3,0.7127788751283347,0.6762793069700971,0.03649956815823763,0.1300813008130081,0
CHAOS_0165,Cu-Mg-V-Zn,Chemistry only,4,1.416842980651636,1.197203266946133,0.2196397137055028,0.8414634146341463,1
CHAOS_0166,Fe-Mg-Nb-Sr,Chemistry only,2,0.8938768631914926,1.024201145822636,-0.1303242826311433,0.2865853658536585,0
CHAOS_0167,Ca-Sn-Sr-Ti,Chemistry only,5,0.9115683128771496,0.9282893037106484,-0.01672099083349887,0.3089430894308943,0
CHAOS_0168,Cd-Mg-Sn-Zn,Chemistry only,3,1.308977498447093,1.051360668226784,0.2576168302203088,0.75,1
CHAOS_0169,Ca-Cd-Nb-Sr,Chemistry only,2,0.8403882042024966,1.158590067224615,-0.3182018630221184,0.2520325203252032,0
CHAOS_0170,Cd-Fe-Sn-Ti,Chemistry only,5,0.7602233573228964,0.8499103116482896,-0.0896869543253932,0.1727642276422764,0
CHAOS_0171,Fe-Nb-Sn-Zn,Chemistry only,4,0.7158318938130234,0.7613262949187556,-0.04549440110573222,0.1341463414634146,0
CHAOS_0172,Cu-Nb-Sn-V,Chemistry only,4,0.6100097817825287,0.7334733244291807,-0.1234635426466519,0.03861788617886179,0
CHAOS_0173,Cd-Nb-Ti-V,Chemistry only,2,0.6810866910035147,0.7206486851369008,-0.03956199413338612,0.09552845528455285,0
CHAOS_0174,Cd-Fe-Mn-Ni,Chemistry only,1,1.322048596292074,1.537786762899772,-0.2157381666076978,0.7601626016260162,1
CHAOS_0175,Ca-Fe-Sn-Ti,Chemistry only,5,0.8190325300604621,0.9387878762899382,-0.1197553462294761,0.2235772357723577,0
CHAOS_0176,Ca-Cd-Mg-Ni,Chemistry only,1,1.363133812549069,1.384463424365615,-0.02132961181654625,0.7886178861788617,1
CHAOS_0177,Ca-Mg-Nb-Sr,Chemistry only,2,1.175102564920492,1.052674551334512,0.1224280135859799,0.5914634146341463,0
CHAOS_0178,Mg-Ni-Sn-Zn,Chemistry only,3,1.394000426214886,1.486975265523573,-0.09297483930868711,0.8170731707317073,1
CHAOS_0179,Mg-Mn-Sn-Sr,Chemistry only,4,1.127090313239498,0.753955676083389,0.3731346371561088,0.508130081300813,0
CHAOS_0180,Fe-Mg-Ni-Sr,Chemistry only,3,1.047181146503458,1.318009845915291,-0.2708286994118327,0.4105691056910569,0
CHAOS_0181,Ca-Mg-Mn-V,Chemistry only,2,1.112304498979679,1.071543085199209,0.04076141378047038,0.4817073170731707,0
CHAOS_0182,Co-Cu-Fe-V,Chemistry only,2,1.095855814881983,1.185398212903844,-0.08954239802186081,0.4634146341463415,0
CHAOS_0183,Ca-Co-Sn-Sr,Chemistry only,1,1.253050498160085,1.266075765388167,-0.01302526722808217,0.6788617886178862,0
CHAOS_0184,Fe-Mn-Ni-Zn,Chemistry only,3,1.932555380044583,1.483660025547724,0.4488953544968592,0.9959349593495935,1
CHAOS_0185,Ca-Co-Mg-Mn,Chemistry only,3,1.70276200154121,1.38048124643127,0.3222807551099403,0.9654471544715447,1
CHAOS_0186,Ca-Nb-Sn-Ti,Chemistry only,2,0.7349650315836611,0.8726551402539243,-0.1376901086702632,0.1504065040650407,0
CHAOS_0187,Ca-Cd-Sr-V,Chemistry only,4,1.210578785951,1.081451192536108,0.1291275934148917,0.6422764227642277,0
CHAOS_0188,Ca-Mg-Sn-Ti,Chemistry only,5,0.8295089831376549,0.9005205280407181,-0.07101154490306327,0.2439024390243902,0
CHAOS_0189,Mn-Nb-Ti-V,Chemistry only,5,1.120672320961791,0.3926939179011975,0.727978403060594,0.4959349593495935,0
CHAOS_0190,Ca-Mg-Ni-Sn,Chemistry only,5,1.457915953466463,1.205538811185102,0.252377142281361,0.8556910569105691,1
CHAOS_0191,Cd-Cu-V-Zn,Chemistry only,5,1.169481878935146,1.12479813247016,0.04468374646498607,0.5792682926829268,0
CHAOS_0192,Cd-Mg-Nb-Zn,Chemistry only,5,0.7466673045024264,0.7949726076225444,-0.04830530312011805,0.1585365853658537,0
CHAOS_0193,Cd-Co-Fe-Sn,Chemistry only,1,1.183674771899767,1.040411253138653,0.1432635187611144,0.6036585365853658,0
CHAOS_0194,Nb-Sr-Tc-Ti,Chemistry only,2,0.7499857808917014,1.246913837835145,-0.4969280569434438,0.1646341463414634,0
CHAOS_0195,Cu-Nb-Sn-Sr,Chemistry only,3,0.6882360057188174,0.9997714094339736,-0.3115354037151562,0.1056910569105691,0
CHAOS_0196,Ca-Cd-Mg-Ti,Chemistry only,1,0.9515382328593889,0.9784435024361547,-0.02690526957676587,0.3394308943089431,0
CHAOS_0197,Ca-Nb-Sr-V,Chemistry only,3,0.9071029035454891,1.128729815395009,-0.2216269118495201,0.3008130081300813,0
CHAOS_0198,Cd-Fe-Nb-Sn,Chemistry only,4,0.6487754047504579,0.6391603816580512,0.009615023092406694,0.06910569105691057,0
CHAOS_0199,Co-Mg-Ni-Sr,Chemistry only,3,1.034566571963537,1.437489075927358,-0.4029225039638209,0.3943089430894309,0
CHAOS_0200,Co-Mn-Sr-Zn,Chemistry only,1,1.213774913288168,1.223365887964056,-0.009590974675888209,0.6483739837398373,0
CHAOS_0201,Ca-Mn-Ti-V,Chemistry only,4,1.039081227975387,0.9793427364144583,0.05973849156092903,0.4024390243902439,0
CHAOS_0202,Ca-Cd-Co-Mg,Chemistry only,5,1.429684635013337,1.351901162759998,0.07778347225333859,0.8495934959349594,1
CHAOS_0203,Mn-Sr-Ti-V,Chemistry only,3,0.9204707332223799,0.8809031491525068,0.03956758406987315,0.3211382113821138,0
CHAOS_0204,Cd-Sr-Ti-Zn,Chemistry only,2,0.8287553475143438,0.9973005615222906,-0.1685452140079469,0.241869918699187,0
CHAOS_0205,Fe-Ni-Sn-Zn,Chemistry only,1,1.142601363873222,1.230275864767532,-0.08767450089431006,0.5386178861788617,0
CHAOS_0206,Ca-Nb-Sn-Sr,Chemistry only,5,0.7536911047800994,0.9928156931526628,-0.2391245883725635,0.1686991869918699,0
CHAOS_0207,Cd-Mg-Nb-V,Chemistry only,4,0.7123452225074787,0.7288721441597514,-0.01652692165227276,0.1260162601626016,0
CHAOS_0208,Fe-Nb-Sn-Sr,Chemistry only,4,0.7241535048245781,0.790854216715726,-0.0667007118911479,0.1422764227642276,0
CHAOS_0209,Ca-Cu-Mg-V,Chemistry only,1,1.166128845328055,1.188971987150555,-0.02284314182249969,0.573170731707317,0
CHAOS_0210,Ca-Fe-Mg-Sr,Chemistry only,2,1.226976387558904,1.114755805624781,0.1122205819341229,0.6565040650406504,0
CHAOS_0211,Ca-Sn-Sr-Zn,Chemistry only,2,1.249023490439038,1.092445056428279,0.1565784340107594,0.6747967479674797,0
CHAOS_0212,Cd-Mn-Sr-Ti,Chemistry only,2,0.8605640075568479,0.9092224029111242,-0.0486583953542763,0.266260162601626,0
CHAOS_0213,Mn-Ni-Sr-Zn,Chemistry only,5,1.137496861290746,1.234385270636052,-0.09688840934530663,0.5264227642276422,0
CHAOS_0214,Cd-Sr-V-Zn,Chemistry only,4,1.118478414480585,1.002119067670938,0.1163593468096471,0.491869918699187,0
CHAOS_0215,Co-Fe-Mg-Sn,Chemistry only,5,1.280065570444354,1.302417314681565,-0.02235174423721142,0.709349593495935,0
CHAOS_0216,Cu-Sn-Ti-V,Chemistry only,4,0.6454688291595666,0.9269225321922556,-0.281453703032689,0.06504065040650407,0
CHAOS_0217,Ca-Mn-Sr-Zn,Chemistry only,4,1.265833008216096,1.008508501607211,0.2573245066088847,0.6991869918699187,0
CHAOS_0218,Mg-Nb-Ti-V,Chemistry only,5,1.081938513276828,0.812367480252322,0.269571033024506,0.4451219512195122,0
CHAOS_0219,Ca-Cd-Mn-Ni,Chemistry only,3,1.517274319255478,1.431132684278656,0.08614163497682159,0.8922764227642277,1
CHAOS_0220,Co-Fe-Sn-Zn,Chemistry only,3,1.210089406125433,1.192048263291826,0.01804114283360758,0.6402439024390244,0
CHAOS_0221,Mg-Nb-Sn-Sr,Chemistry only,2,0.7486591400464391,0.8056610714986379,-0.05700193145219878,0.1626016260162602,0
CHAOS_0222,Cd-Fe-Sr-Zn,Chemistry only,4,1.202453939916753,1.147710051736476,0.05474388818027642,0.6280487804878049,0
CHAOS_0223,Ca-Fe-Sn-Zn,Chemistry only,2,1.300747136495202,1.139840166136878,0.1609069703583241,0.7398373983739838,0
CHAOS_0224,Mg-Nb-Ti-Zn,Chemistry only,3,0.9567259789171756,0.7884002987064638,0.1683256802107118,0.3414634146341464,0
CHAOS_0225,Ca-Cd-Mg-Mn,Chemistry only,4,1.377572223462504,1.094071700944051,0.2835005225184526,0.8008130081300813,1
CHAOS_0226,Nb-Sn-Sr-Zn,Chemistry only,1,0.7177825571396627,0.9439454664375847,-0.226162909297922,0.1382113821138211,0
CHAOS_0227,Ca-Mg-Sn-V,Chemistry only,4,1.02321526723807,0.8697184844021651,0.1534967828359052,0.3841463414634146,0
CHAOS_0228,Ca-Cd-Fe-Mg,Chemistry only,3,1.25093673102565,1.19149977704091,0.05943695398473947,0.676829268292683,0
CHAOS_0229,Ca-Cu-Mn-V,Chemistry only,2,1.072797425504091,1.187885844846773,-0.1150884193426818,0.4390243902439024,0
CHAOS_0230,Ca-Mg-Sr-Zn,Chemistry only,3,1.327902587270565,0.9028785398696122,0.4250240474009532,0.7682926829268293,1
CHAOS_0231,Cd-Co-Sn-Sr,Chemistry only,4,1.263668498353639,1.183726411618868,0.07994208673477021,0.693089430894309,0
CHAOS_0232,Mg-Nb-Sn-Ti,Chemistry only,1,0.6248569778012288,0.6990306615205943,-0.0741736837193655,0.05284552845528456,0
CHAOS_0233,Cd-Mg-Mn-Ni,Chemistry only,4,1.511159298237257,1.508231073464601,0.002928224772655641,0.8841463414634146,1
CHAOS_0234,Mg-Mn-Ni-Sn,Chemistry only,4,1.111710652108474,1.370430969879127,-0.258720317770653,0.4796747967479675,0
CHAOS_0235,Cd-Nb-Sn-Zn,Chemistry only,1,0.6518707339580423,0.8162877283068133,-0.164416994348771,0.07113821138211382,0
CHAOS_0236,Cd-Co-Mn-Ni,Chemistry only,5,1.285073462873181,1.673926270913828,-0.3888528080406461,0.7154471544715447,0
CHAOS_0237,Ca-Fe-Mn-Sr,Chemistry only,4,0.9956481107252744,0.9662783740367382,0.02936973668853615,0.3678861788617886,0
CHAOS_0238,Ca-Sn-Ti-Zn,Chemistry only,3,0.8174993023044045,1.027711440934847,-0.2102121386304424,0.2215447154471545,0
CHAOS_0239,Ca-Nb-Sr-Ti,Chemistry only,2,0.9277484639747994,1.145357112567901,-0.2176086485931011,0.3252032520325203,0
CHAOS_0240,Co-Fe-Ni-V,Chemistry only,3,1.083654927940081,1.282606052618583,-0.1989511246785021,0.451219512195122,0
CHAOS_0241,Cd-Mg-Mn-Sn,Chemistry only,4,1.185264097653942,1.775774509624672,-0.5905104119707296,0.6056910569105691,0
CHAOS_0242,Co-Mg-Sr-Zn,Chemistry only,5,1.152182593008562,1.146217569594586,0.005965023413976311,0.5426829268292683,0
CHAOS_0243,Ca-Sn-Sr-V,Chemistry only,4,1.162059574293993,0.8915615788915598,0.2704979954024329,0.5630081300813008,0
CHAOS_0244,Cu-Fe-Mg-Ti,Chemistry only,5,1.15644964611013,1.242116924758157,-0.08566727864802703,0.5528455284552846,0
CHAOS_0245,Cd-Mn-Nb-Sn,Chemistry only,1,0.5648765924278331,0.7353144704106137,-0.1704378779827807,0.01626016260162602,0
CHAOS_0246,Mg-Nb-Sn-Zn,Chemistry only,1,0.646351589409448,0.8165599125933094,-0.1702083231838614,0.06707317073170732,0
CHAOS_0247,Ca-Cd-Co-Mn,Chemistry only,3,1.547698281714336,1.398871668157699,0.1488266135566372,0.9085365853658537,1
CHAOS_0248,Cu-Fe-Mg-Zn,Chemistry only,1,1.399042355104729,1.535299638026211,-0.1362572829214812,0.8272357723577236,1
CHAOS_0249,Fe-Mn-Sn-Sr,Chemistry only,3,1.088147936744067,0.812426591013031,0.2757213457310361,0.4613821138211382,0
CHAOS_0250,Mg-Mn-Ti-V,Chemistry only,3,1.188523349107798,1.075742356742982,0.1127809923648162,0.6117886178861789,0
CHAOS_0251,Ca-Mg-Mn-Zn,Chemistry only,1,1.121524797606531,1.114523585842423,0.007001211764108284,0.4979674796747968,0
CHAOS_0252,Cd-Sn-Sr-V,Chemistry only,5,0.8847660897452448,0.966946126709854,-0.08218003696460918,0.2784552845528455,0
CHAOS_0253,Ca-Co-Ni-Sn,Chemistry only,5,1.340719172378263,1.335986004808254,0.004733167570009522,0.7784552845528455,1
CHAOS_0254,Fe-Mn-Ni-Sr,Chemistry only,3,1.03731903760636,1.253347459367219,-0.2160284217608592,0.3983739837398374,0
CHAOS_0255,Ca-Cd-Mg-Sn,Chemistry only,4,1.538215935701309,1.080280527806982,0.4579354078943267,0.9065040650406504,1
CHAOS_0256,Ca-Mn-Ti-Zn,Chemistry only,3,1.060590892351621,1.038345241818284,0.02224565053333727,0.4227642276422764,0
CHAOS_0257,Mg-Mn-Sr-Zn,Chemistry only,4,1.292378136628658,0.9206809396839519,0.3716971969447056,0.7235772357723578,0
CHAOS_0258,Mn-Nb-Sn-V,Chemistry only,5,0.6828270977354906,0.5745199692919513,0.1083071284435393,0.09959349593495935,0
CHAOS_0259,Mn-Sn-Sr-V,Chemistry only,4,0.8817948253433441,0.6806051518508861,0.201189673492458,0.2764227642276423,0
CHAOS_0260,Co-Nb-Sn-Sr,Chemistry only,5,0.7114189170248937,1.050547025258859,-0.3391281082339654,0.1199186991869919,0
CHAOS_0261,Cd-Mn-Ti-Zn,Chemistry only,4,0.8955775258506214,1.123700450372807,-0.2281229245221855,0.2886178861788618,0
CHAOS_0262,Ca-Mg-Ti-Zn,Chemistry only,3,1.273165499856323,0.9404376688797355,0.3327278309765879,0.7032520325203252,0
CHAOS_0263,Cd-Co-Mn-Sr,Chemistry only,2,1.214110738314484,1.270769879149654,-0.05665914083516954,0.6504065040650406,0
CHAOS_0264,Mg-Mn-Nb-Zn,Chemistry only,5,1.135672877054566,0.9211407463692564,0.2145321306853093,0.524390243902439,0
CHAOS_0265,Ca-Co-Mn-Zn,Chemistry only,5,1.80356438164526,1.381302799485294,0.4222615821599658,0.9857723577235772,1
CHAOS_0266,Cd-Fe-Nb-Sr,Chemistry only,2,0.7486517012262515,1.040811403896718,-0.2921597026704668,0.1605691056910569,0
CHAOS_0267,Co-Ni-Sn-Zn,Chemistry only,1,1.487980628304861,1.053526721365072,0.434453906939789,0.8699186991869918,1
CHAOS_0268,Ca-Co-Fe-Mn,Chemistry only,4,1.579163403440085,1.368446792146123,0.2107166112939614,0.9227642276422764,1
CHAOS_0269,Ca-Fe-Nb-Zn,Chemistry only,1,1.083838384064015,1.100669679498867,-0.01683129543485218,0.4532520325203252,0
CHAOS_0270,Fe-Nb-Ti-Zn,Chemistry only,5,0.9016900539737475,0.8868609087251762,0.01482914524857126,0.2926829268292683,0
CHAOS_0271,Fe-Mg-Nb-Ti,Chemistry only,5,1.014086779637921,0.8362708812048367,0.1778158984330844,0.3760162601626016,0
CHAOS_0272,Fe-Mn-Ni-Sn,Chemistry only,3,1.155331019902028,1.105965648581135,0.0493653713208928,0.5487804878048781,0
CHAOS_0273,Cu-Fe-Mn-Zn,Chemistry only,1,1.494561793843518,1.390158266652251,0.1044035271912671,0.8739837398373984,1
CHAOS_0274,Mn-Sr-Ti-Zn,Chemistry only,5,0.6651075305999091,0.9159656336062192,-0.2508581030063101,0.07723577235772358,0
CHAOS_0275,Cd-Mg-Ni-Sr,Chemistry only,1,1.205661971159563,1.281750284253482,-0.07608831309391983,0.6341463414634146,0
CHAOS_0276,Mn-Sn-Ti-V,Chemistry only,2,0.66465477254142,0.7852581713856587,-0.1206033988442387,0.07520325203252033,0
CHAOS_0277,Ca-Co-Mn-Ni,Chemistry only,5,1.323322093368211,1.54571925634991,-0.2223971629816985,0.7621951219512195,1
CHAOS_0278,Co-Ni-Sn-Sr,Chemistry only,2,1.016759127924876,1.251822220496517,-0.2350630925716408,0.3780487804878049,0
CHAOS_0279,Nb-Sr-Ti-V,Chemistry only,2,0.8227158358259954,1.067067339235471,-0.2443515034094752,0.2296747967479675,0
CHAOS_0280,Cd-Co-Mn-Sn,Chemistry only,4,1.130982316485968,1.21711043821551,-0.0861281217295422,0.5182926829268293,0
CHAOS_0281,Ca-Cd-Fe-Sr,Chemistry only,3,1.165086657203948,1.206581149031771,-0.04149449182782394,0.5691056910569106,0
CHAOS_0282,Co-Mg-Ni-Zn,Chemistry only,3,1.868681015117301,1.502725720039509,0.365955295077792,0.991869918699187,1
CHAOS_0283,Nb-Sn-Ti-Zn,Chemistry only,4,0.5826426317615272,0.817459419984379,-0.2348167882228518,0.02439024390243903,0
CHAOS_0284,Cd-Fe-Mg-Sn,Chemistry only,4,1.19872679388522,1.130153554829097,0.06857323905612289,0.6260162601626016,0
CHAOS_0285,Co-Ni-Sr-Zn,Chemistry only,3,1.050395066455944,1.422711095892863,-0.3723160294369194,0.4146341463414634,0
CHAOS_0286,Ca-Mn-Ni-Zn,Chemistry only,4,1.300381421867191,1.405722995178692,-0.1053415733115013,0.7378048780487805,0
CHAOS_0287,Fe-Sn-Ti-V,Chemistry only,3,0.6094939388941226,0.7357056048852147,-0.1262116659910921,0.03658536585365853,0
CHAOS_0288,Cd-Mn-Sn-Sr,Chemistry only,1,1.129169937846337,0.9567468755259059,0.172423062320431,0.5142276422764228,0
CHAOS_0289,Cd-Co-Cu-Fe,Chemistry only,4,1.392133702948275,1.382903283598423,0.00923041934985247,0.8150406504065041,1
CHAOS_0290,Co-Cu-Mn-Zn,Chemistry only,1,1.696325867578881,1.432066218279866,0.264259649299015,0.9634146341463414,1
CHAOS_0291,Co-Nb-Sn-Ti,Chemistry only,3,0.6032527143696905,0.8731306733847625,-0.2698779590150719,0.03252032520325204,0
CHAOS_0292,Cu-Mg-Ni-Sn,Chemistry only,3,1.286035417952333,1.773540221134687,-0.4875048031823537,0.717479674796748,0
CHAOS_0293,Fe-Sn-Sr-Ti,Chemistry only,4,0.802754446463544,0.7746231723538088,0.02813127410973515,0.2073170731707317,0
CHAOS_0294,Co-Fe-Sr-Zn,Chemistry only,5,1.096426941753556,1.249276246399686,-0.1528493046461297,0.467479674796748,0
CHAOS_0295,Mg-Mn-Ni-Zn,Chemistry only,3,1.606779782660192,1.580390046431909,0.02638973622828256,0.9369918699186992,1
CHAOS_0296,Sn-Sr-V-Zn,Chemistry only,5,0.9180703406439581,0.9131095259835154,0.004960814660442736,0.3191056910569106,0
CHAOS_0297,Cd-Mg-Mn-Zn,Chemistry only,3,1.710859954081329,1.20128589437201,0.5095740597093188,0.9715447154471545,1
CHAOS_0298,Fe-Mn-Ni-V,Chemistry only,3,1.122542588756809,1.298856820521892,-0.1763142317650837,0.5020325203252033,0
CHAOS_0299,Ca-Co-Ni-Zn,Chemistry only,2,1.511239822825045,1.494696164410559,0.01654365841448646,0.8882113821138211,1
CHAOS_0300,Cd-Ni-Sn-Sr,Chemistry only,3,1.321897875753649,1.27843489249104,0.04346298326260878,0.758130081300813,1
CHAOS_0301,Cd-Nb-Sr-Zn,Chemistry only,4,0.8157040566323138,1.031061262897923,-0.2153572062656089,0.2154471544715447,0
CHAOS_0302,Fe-Mg-Sn-Ti,Chemistry only,2,0.6687673944885411,0.9478321445424831,-0.279064750053942,0.08536585365853659,0
CHAOS_0303,Ca-Cd-Mn-V,Chemistry only,3,1.228468795563434,1.050302910003488,0.1781658855599453,0.6585365853658537,0
CHAOS_0304,Fe-Mg-Ti-Zn,Chemistry only,5,1.258096245847293,1.155089517940554,0.1030067279067395,0.6829268292682927,0
CHAOS_0305,Mg-Nb-Sn-Tc,Chemistry only,3,0.6221542679673618,0.7194738767974296,-0.09731960883006774,0.04878048780487805,0
CHAOS_0306,Ca-Mg-V-Zn,Chemistry only,3,1.69180460770443,0.9671467490027006,0.7246578587017292,0.9613821138211383,1
CHAOS_0307,Cd-Fe-Mn-Sr,Chemistry only,5,1.259529238035873,1.037482591027679,0.2220466470081943,0.6869918699186992,0
CHAOS_0308,Co-Mn-V-Zn,Chemistry only,3,1.384689813556375,1.164969183849455,0.2197206297069205,0.8130081300813008,1
CHAOS_0309,Nb-Sr-V-Zn,Chemistry only,5,0.7199502359358344,0.9355509659181805,-0.2156007299823461,0.1402439024390244,0
CHAOS_0310,Co-Mg-V-Zn,Chemistry only,5,1.671153362161451,1.211773953741076,0.4593794084203751,0.9532520325203252,1
CHAOS_0311,Mg-Mn-Nb-Ti,Chemistry only,1,0.9096609390384734,0.8984290256475711,0.01123191339090235,0.3048780487804878,0
CHAOS_0312,Ca-Fe-Nb-Ti,Chemistry only,3,1.157830920803343,1.013989385537108,0.143841535266235,0.556910569105691,0
CHAOS_0313,Ca-Mg-Sr-Ti,Chemistry only,1,1.155941013206856,0.9430594176085367,0.212881595598319,0.5508130081300813,0
CHAOS_0314,Cd-Nb-Sr-V,Chemistry only,5,0.6837553790209128,1.033421169589736,-0.3496657905688236,0.1016260162601626,0
CHAOS_0315,Mn-Nb-Sn-Zn,Chemistry only,1,0.705667002881712,0.8387283017223647,-0.1330612988406527,0.1158536585365854,0
CHAOS_0316,Ca-Cd-Sn-Sr,Chemistry only,5,1.673205519314265,1.152059535034812,0.5211459842794526,0.9552845528455285,1
CHAOS_0317,Cd-Mn-Sn-Ti,Chemistry only,3,0.6961816733105757,0.9396400931177371,-0.2434584198071614,0.1117886178861789,0
CHAOS_0318,Fe-Sn-Ti-Zn,Chemistry only,2,0.7921810509330253,1.000660230138376,-0.2084791792053508,0.1971544715447154,0
CHAOS_0319,Fe-Mg-Sr-Ti,Chemistry only,1,0.8384554386020648,0.9859173455054576,-0.1474619069033928,0.2479674796747967,0
CHAOS_0320,Mg-Sn-Sr-V,Chemistry only,5,0.9807892135206024,0.7809941858274162,0.1997950276931862,0.3577235772357724,0
CHAOS_0321,Ca-Co-Fe-Sn,Chemistry only,1,1.245801034152199,1.192320211925949,0.05348082222625039,0.6727642276422764,0
CHAOS_0322,Ca-Mg-Sr-V,Chemistry only,2,1.211742834870557,1.07041040736775,0.1413324275028076,0.6443089430894309,0
CHAOS_0323,Mn-Sn-Sr-Ti,Chemistry only,4,0.8052075090112812,0.6850985353046221,0.1201089737066592,0.2113821138211382,0
CHAOS_0324,Ca-Mn-Nb-Sn,Chemistry only,2,0.8205968934849959,0.821123616935431,-0.0005267234504351404,0.2276422764227642,0
CHAOS_0325,Mg-Ni-Sn-Sr,Chemistry only,1,1.164249195115269,1.111282679824505,0.05296651529076324,0.5670731707317073,0
CHAOS_0326,Ca-Mn-Sn-Ti,Chemistry only,3,0.6663392800864486,0.8741482335009295,-0.2078089534144809,0.07926829268292683,0
CHAOS_0327,Ca-Sr-Ti-V,Chemistry only,4,0.9671206922382704,1.025863508420992,-0.05874281618272181,0.3475609756097561,0
CHAOS_0328,Cu-Mn-Ni-Sn,Chemistry only,4,1.066840301567491,1.190062857478625,-0.1232225559111342,0.4308943089430894,0
CHAOS_0329,Fe-Nb-Sr-Zn,Chemistry only,5,0.8452820348375416,1.014064416736744,-0.1687823818992025,0.2540650406504065,0
CHAOS_0330,Ca-Mg-Nb-V,Chemistry only,1,1.026206532629957,1.010327122153457,0.0158794104765001,0.3882113821138211,0
CHAOS_0331,Ca-Cd-Sr-Ti,Chemistry only,5,0.92373450368859,1.073531040359751,-0.1497965366711609,0.3231707317073171,0
CHAOS_0332,Cd-Mg-Mn-V,Chemistry only,2,0.9178243422226755,1.091164578914824,-0.1733402366921488,0.3170731707317073,0
CHAOS_0333,Nb-Sn-V-Zn,Chemistry only,1,0.5725499817725076,0.7433666591933175,-0.1708166774208099,0.02032520325203252,0
CHAOS_0334,Co-Mn-Ni-Sr,Chemistry only,4,1.046615986554889,1.364043265597718,-0.3174272790428292,0.4065040650406504,0
CHAOS_0335,Fe-Sr-Ti-Zn,Chemistry only,3,0.9648311303093078,0.9999139539743753,-0.03508282366506754,0.3455284552845528,0
CHAOS_0336,Cu-Mg-Mn-V,Chemistry only,3,1.282965742770515,1.307572571809031,-0.02460682903851596,0.7134146341463414,0
CHAOS_0337,Mn-Sr-V-Zn,Chemistry only,3,1.130470135190374,0.9133600562753262,0.2171100789150481,0.516260162601626,0
CHAOS_0338,Co-Cu-Fe-Mg,Chemistry only,4,1.689722952851579,1.627188666321509,0.06253428653006976,0.959349593495935,1
CHAOS_0339,Fe-Mg-Ni-Sn,Chemistry only,4,1.175653267256128,1.343060150695076,-0.1674068834389477,0.5995934959349594,0
CHAOS_0340,Co-Cu-Mn-Ni,Chemistry only,5,1.216946630680961,1.454020124568157,-0.2370734938871966,0.6544715447154471,0
CHAOS_0341,Fe-Mg-Nb-Zn,Chemistry only,2,1.079677262619074,1.007179970863136,0.07249729175593744,0.443089430894309,0
CHAOS_0342,Mg-Sr-V-Zn,Chemistry only,3,1.175334252049758,0.8619886884665211,0.313345563583237,0.5955284552845529,0
CHAOS_0343,Ca-Cd-Co-Sn,Chemistry only,1,1.471828573543638,1.290078042026132,0.1817505315175065,0.8577235772357723,1
CHAOS_0344,Cd-Mn-Ni-Sr,Chemistry only,5,1.187682243559886,1.295093404828308,-0.1074111612684221,0.6097560975609756,0
CHAOS_0345,Ca-Nb-Sn-V,Chemistry only,5,0.6989668505488014,0.8799299233871698,-0.1809630728383684,0.1138211382113821,0
CHAOS_0346,Co-Mn-Ni-Sn,Chemistry only,5,1.084885201399062,1.255401260825296,-0.170516059426234,0.4573170731707317,0
CHAOS_0347,Mn-Sn-V-Zn,Chemistry only,3,0.7999544531071077,0.965433389359743,-0.1654789362526353,0.2052845528455285,0
CHAOS_0348,Cd-Mn-Nb-V,Chemistry only,1,0.7741946754535253,0.7427237431645783,0.03147093228894693,0.1890243902439024,0
CHAOS_0349,Cd-Co-Fe-Mg,Chemistry only,5,1.426385200619306,1.450901491943617,-0.0245162913243111,0.8455284552845529,1
CHAOS_0350,Sn-Sr-Ti-Zn,Chemistry only,3,0.8162910718898011,0.904787543279058,-0.08849647138925687,0.217479674796748,0
CHAOS_0351,Ca-Cd-Sn-V,Chemistry only,5,0.8815305143142428,1.064914762701667,-0.1833842483874241,0.274390243902439,0
CHAOS_0352,Cu-Mg-Mn-Zn,Chemistry only,2,1.533023201680603,1.553177238266613,-0.02015403658601045,0.9044715447154471,1
CHAOS_0353,Cd-Mg-Sr-Ti,Chemistry only,2,0.7909162998937248,0.9043978089663494,-0.1134815090726246,0.1951219512195122,0
CHAOS_0354,Co-Mn-Ni-Zn,Chemistry only,2,1.79685348339864,1.548365985493381,0.2484874979052591,0.983739837398374,1
CHAOS_0355,Mn-Nb-Sn-Tc,Chemistry only,4,0.6382273766214452,0.7623375451152954,-0.1241101684938501,0.06097560975609756,0
CHAOS_0356,Cd-Co-Fe-Ni,Chemistry only,3,1.259765181564833,1.464453831796115,-0.2046886502312821,0.6890243902439024,0
CHAOS_0357,Fe-Mg-Ni-Zn,Chemistry only,2,1.511224567600213,1.628321698850349,-0.1170971312501361,0.8861788617886179,1
CHAOS_0358,Mg-Mn-Sn-V,Chemistry only,2,0.7872722050802018,0.9823404232447306,-0.1950682181645288,0.1930894308943089,0
CHAOS_0359,Cd-Nb-V-Zn,Chemistry only,4,0.5915925160121891,0.7429506264455787,-0.1513581104333896,0.02642276422764228,0
CHAOS_0360,Ca-Cd-Co-Sr,Chemistry only,5,1.495405590641398,1.421173696908651,0.07423189373274752,0.8760162601626016,1
CHAOS_0361,Ca-Mg-Ni-Zn,Chemistry only,2,1.559922369647764,1.332937133066491,0.2269852365812726,0.9166666666666666,1
CHAOS_0362,Ca-Fe-Sr-Zn,Chemistry only,3,1.138847899320322,1.138638785217018,0.0002091141033040422,0.532520325203252,0
CHAOS_0363,Ca-Mn-Sr-V,Chemistry only,2,1.195536391638487,0.9826509902093303,0.212885401429157,0.6219512195121951,0
CHAOS_0364,Mn-Nb-Sr-Zn,Chemistry only,5,0.8909065404505099,0.9372266353225027,-0.04632009487199285,0.282520325203252,0
CHAOS_0365,Mg-Nb-Sr-Ti,Chemistry only,2,0.9048622491013449,0.9787753305359075,-0.07391308143456254,0.2967479674796748,0
CHAOS_0366,Cd-Ni-Sr-Zn,Chemistry only,4,1.159264285826293,1.336852063254867,-0.1775877774285741,0.5609756097560976,0
CHAOS_0367,Cd-Cu-Mn-Ni,Chemistry only,5,1.230308284277107,1.589336840931289,-0.3590285566541827,0.6605691056910569,0
CHAOS_0368,Ca-Mn-Sn-V,Chemistry only,4,0.9411494156490435,0.8423297506637664,0.09881966498527717,0.3353658536585366,0
CHAOS_0369,Co-Cu-Fe-Mn,Chemistry only,2,1.422134524930218,1.4219024759145,0.0002320490157174948,0.8434959349593496,1
CHAOS_0370,Ca-Cd-Ti-Zn,Chemistry only,3,0.9085486603125361,1.073553832709408,-0.165005172396872,0.3028455284552846,0
CHAOS_0371,Cd-Co-Ni-Sr,Chemistry only,2,1.098212783214912,1.491962728961032,-0.3937499457461209,0.4715447154471545,0
CHAOS_0372,Ca-Co-Fe-Ni,Chemistry only,3,1.437350421381808,1.553450132332467,-0.1160997109506596,0.8516260162601627,1
CHAOS_0373,Cd-Mn-Sr-Zn,Chemistry only,5,1.36808736645559,1.088051962115003,0.2800354043405873,0.7947154471544715,1
CHAOS_0374,Cd-Co-Mg-Sn,Chemistry only,4,1.293141099670322,1.12520999359418,0.1679311060761421,0.725609756097561,0
CHAOS_0375,Mg-Mn-Sn-Zn,Chemistry only,2,1.175588372071863,1.308070833584431,-0.1324824615125682,0.5975609756097561,0
CHAOS_0376,Ca-Ni-Sr-Zn,Chemistry only,3,1.135426608103368,1.360330094313062,-0.2249034862096941,0.5223577235772358,0
CHAOS_0377,Ca-Cd-Fe-Nb,Chemistry only,3,0.8392327627481793,1.090867669374437,-0.2516349066262582,0.25,0
CHAOS_0378,Co-Mg-Mn-Zn,Chemistry only,3,2.2496873840917,1.538824104886704,0.7108632792049963,1.0,1
CHAOS_0379,Mn-Sn-Ti-Zn,Chemistry only,3,0.7507961110364794,1.007041066282079,-0.2562449552455994,0.1666666666666667,0
CHAOS_0380,Ca-Nb-Ti-Zn,Chemistry only,4,0.9746835972880724,0.9895002851974406,-0.01481668790936819,0.3516260162601626,0
CHAOS_0381,Ca-Co-Sr-Zn,Chemistry only,1,1.176980501995007,1.340054309296939,-0.1630738073019322,0.6016260162601627,0
CHAOS_0382,Co-Sn-Sr-Zn,Chemistry only,1,1.16527111664944,1.15109938029874,0.01417173635069968,0.5711382113821138,0
CHAOS_0383,Ca-Cd-Nb-V,Chemistry only,4,0.7174603825821938,1.029205911756786,-0.3117455291745926,0.1361788617886179,0
CHAOS_0384,Ca-Sr-Ti-Zn,Chemistry only,1,0.9366152320476433,0.9590679044588409,-0.02245267241119764,0.3333333333333333,0
CHAOS_0385,Cd-Mn-Ti-V,Chemistry only,4,0.7096801149953282,0.9913772063286168,-0.2816970913332886,0.1178861788617886,0
CHAOS_0386,Ca-Cd-Co-Ni,Chemistry only,5,1.304900955457005,1.564283166791593,-0.2593822113345876,0.7439024390243902,0
CHAOS_0387,Cd-Cu-Mg-Zn,Chemistry only,1,1.877859511289396,1.213777715311576,0.6640817959778202,0.9939024390243902,1
CHAOS_0388,Mn-Ni-Sn-Zn,Chemistry only,5,1.167459262079429,1.378739246665125,-0.2112799845856961,0.5772357723577236,0
CHAOS_0389,Mg-Mn-Sr-Ti,Chemistry only,3,0.9706292392380562,0.9081420297751659,0.06248720946289033,0.3495934959349594,0
CHAOS_0390,Ca-Co-Mg-Ni,Chemistry only,5,1.508495967129071,1.492959672051271,0.0155362950777993,0.8821138211382114,1
CHAOS_0391,Co-Fe-Mg-Sr,Chemistry only,3,1.083622728736088,1.305720492570136,-0.2220977638340478,0.4491869918699187,0
CHAOS_0392,Co-Fe-Ni-Sn,Chemistry only,1,1.208389292618053,0.9575961688244984,0.2507931237935545,0.6382113821138211,0
CHAOS_0393,Cd-Nb-Ti-Zn,Chemistry only,2,0.6198783465910579,0.7770227979059692,-0.1571444513149113,0.04674796747967479,0
CHAOS_0394,Cd-Mg-Mn-Ti,Chemistry only,4,0.9007641700131711,1.057208024134819,-0.1564438541216483,0.290650406504065,0
CHAOS_0395,Nb-Sr-Ti-Zn,Chemistry only,3,0.7638274276355895,0.8580953796603948,-0.09426795202480531,0.1768292682926829,0
CHAOS_0396,Fe-Ni-V-Zn,Chemistry only,2,1.022322791045006,1.230519599890479,-0.2081968088454724,0.3800813008130081,0
CHAOS_0397,Ca-Nb-Sr-Zn,Chemistry only,3,0.8930722251055664,1.001101884105283,-0.1080296589997162,0.2845528455284553,0
CHAOS_0398,Co-Fe-Mn-Sn,Chemistry only,4,1.175159074631344,1.078878004651471,0.09628106997987307,0.5934959349593496,0
CHAOS_0399,Nb-Sn-Tc-Ti,Chemistry only,4,0.5182647523290052,0.743843721188116,-0.2255789688591109,0.004065040650406504,0
CHAOS_0400,Cd-Mg-Nb-Ti,Chemistry only,1,0.711798106561307,0.7410111423210067,-0.02921303575969969,0.1239837398373984,0
CHAOS_0401,Ca-Cd-Ti-V,Chemistry only,3,0.8285399345221582,1.027337436800173,-0.1987975022780148,0.2398373983739837,0
CHAOS_0402,Ca-Mn-Ni-Sn,Chemistry only,5,1.170852445385096,1.237145926284049,-0.06629348089895304,0.5853658536585366,0
CHAOS_0403,Cu-Mg-Mn-Ni,Chemistry only,3,1.377531623386038,1.66296467901451,-0.2854330556284719,0.7987804878048781,1
CHAOS_0404,Fe-Sn-Sr-Zn,Chemistry only,1,1.097014057665949,1.006338186558469,0.09067587110748065,0.4695121951219512,0
CHAOS_0405,Co-Fe-Mg-Zn,Chemistry only,2,1.527276112529854,1.585413300512635,-0.05813718798278122,0.9004065040650406,1
CHAOS_0406,Fe-Ni-Sr-Zn,Chemistry only,2,1.039639417639637,1.304366292581793,-0.2647268749421561,0.4044715447154472,0
CHAOS_0407,Ca-Co-Mn-Sn,Chemistry only,4,1.513580605877796,1.164202434745502,0.3493781711322947,0.8902439024390244,1
CHAOS_0408,Ca-Mn-V-Zn,Chemistry only,4,1.105818290437871,1.084999972772841,0.02081831766503006,0.475609756097561,0
CHAOS_0409,Ca-Cd-Fe-Mn,Chemistry only,2,1.295050106417776,1.129594551201974,0.1654555552158019,0.7296747967479674,0
CHAOS_0410,Mn-Nb-Sn-Sr,Chemistry only,2,0.7397527170500307,0.7433071784731369,-0.003554461423106225,0.1524390243902439,0
CHAOS_0411,Co-Fe-V-Zn,Chemistry only,2,1.236877961740309,1.18998450246789,0.04689345927241817,0.6666666666666666,0
CHAOS_0412,Co-Fe-Mg-Ni,Chemistry only,1,1.686749389617243,1.722648149786616,-0.03589876016937232,0.9573170731707317,1
CHAOS_0413,Ca-Cd-Co-Zn,Chemistry only,2,1.492309925964593,1.37873440908229,0.1135755168823029,0.8719512195121951,1
CHAOS_0414,Nb-Sn-Tc-V,Chemistry only,5,0.502679208242676,0.6492666433964215,-0.1465874351537455,0.002032520325203252,0
CHAOS_0415,Ca-Cd-Mn-Zn,Chemistry only,3,1.740357852002945,1.191426892150078,0.5489309598528669,0.9796747967479674,1
CHAOS_0416,Ca-Co-Mg-Zn,Chemistry only,3,1.602243669844298,1.28563287595544,0.316610793888858,0.9349593495934959,1
CHAOS_0417,Cu-Fe-Ni-Zn,Chemistry only,3,1.705652813974716,1.430576938489958,0.275075875484758,0.9695121951219512,1
CHAOS_0418,Cd-Mg-Nb-Sr,Chemistry only,3,0.771796453445933,0.9357423037848246,-0.1639458503388916,0.1869918699186992,0
CHAOS_0419,Ca-Nb-Sn-Zn,Chemistry only,2,0.7319899604484513,0.9913784943321344,-0.2593885338836831,0.1483739837398374,0
CHAOS_0420,Ca-Fe-Ni-Zn,Chemistry only,4,1.474058026124194,1.428043504972757,0.04601452115143689,0.8617886178861789,1
CHAOS_0421,Co-Fe-Mg-Mn,Chemistry only,2,1.383431784518187,1.717973213127534,-0.3345414286093462,0.8109756097560976,1
CHAOS_0422,Fe-Nb-Sr-Ti,Chemistry only,4,0.8095322244562917,0.9507644340520978,-0.1412322095958061,0.2134146341463415,0
CHAOS_0423,Cd-Nb-Sn-Ti,Chemistry only,1,0.5568821474082442,0.7772224315384519,-0.2203402841302078,0.01422764227642276,0
CHAOS_0424,Mn-Nb-Sr-Ti,Chemistry only,4,0.795855070698399,0.8530912984730237,-0.05723622777462467,0.1991869918699187,0
CHAOS_0425,Ca-Ti-V-Zn,Chemistry only,1,1.116134599246144,1.01833010785409,0.09780449139205372,0.4857723577235772,0
CHAOS_0426,Mn-Nb-V-Zn,Chemistry only,1,1.023207153774091,0.8745988363179791,0.1486083174561124,0.3821138211382114,0
CHAOS_0427,Cd-Cu-Fe-Mn,Chemistry only,4,1.264693826799602,1.420300733492457,-0.1556069066928556,0.6951219512195121,0
CHAOS_0428,Mg-Ni-V-Zn,Chemistry only,4,1.596211128659198,1.285934405418069,0.310276723241129,0.9288617886178862,1
CHAOS_0429,Ca-Co-Fe-Sr,Chemistry only,3,1.096110727924628,1.410566795044191,-0.3144560671195635,0.4654471544715447,0
CHAOS_0430,Ca-Fe-Ni-Sn,Chemistry only,1,1.253092734868682,1.228153791438845,0.02493894342983705,0.6808943089430894,0
CHAOS_0431,Fe-Mg-Mn-Zn,Chemistry only,2,1.320922818785079,1.508165523074893,-0.1872427042898139,0.7560975609756098,1
CHAOS_0432,Ca-Fe-Mg-Nb,Chemistry only,1,1.123788410622507,1.05564925771774,0.06813915290476746,0.5040650406504065,0
CHAOS_0433,Ca-Cd-Ni-Zn,Chemistry only,2,1.396947879598261,1.412891098493881,-0.01594321889561945,0.8252032520325203,1
CHAOS_0434,Cu-Fe-Mg-Mn,Chemistry only,1,1.778381650714377,1.565888975498794,0.2124926752155822,0.9817073170731707,1
CHAOS_0435,Mn-Ti-V-Zn,Chemistry only,5,1.082937134208443,0.8908291865381576,0.1921079476702851,0.4471544715447154,0
CHAOS_0436,Cd-Cu-Ni-Zn,Chemistry only,5,1.361766378274597,1.409109812748209,-0.04734343447361189,0.7865853658536586,1
CHAOS_0437,Cd-Sn-Sr-Ti,Chemistry only,1,0.7998745728053109,0.9513978753080077,-0.1515233025026967,0.2032520325203252,0
CHAOS_0438,Cd-Nb-Sn-V,Chemistry only,2,0.5501576689861641,0.6216425816352755,-0.07148491264911139,0.01016260162601626,0
CHAOS_0439,Cd-Fe-Mg-Mn,Chemistry only,2,1.586563945386,1.346149951352114,0.2404139940338861,0.9247967479674797,1
CHAOS_0440,Cd-Mg-Mn-Sr,Chemistry only,4,1.382543739842796,0.9470724143740812,0.4354713254687144,0.8089430894308943,1
CHAOS_0441,Co-Mn-Ni-V,Chemistry only,1,1.127320585877039,1.37164690136201,-0.2443263154849706,0.5101626016260162,0
CHAOS_0442,Ca-Co-Sn-Zn,Chemistry only,4,1.429250862878319,1.245232014553835,0.184018848324484,0.8475609756097561,1
CHAOS_0443,Co-Cu-Sn-Zn,Chemistry only,1,1.21484447095875,1.060446887687712,0.154397583271038,0.6524390243902439,0
CHAOS_0444,Mg-Sr-Ti-V,Chemistry only,5,1.032378809797083,0.9623926964041281,0.06998611339295446,0.3902439024390244,0
CHAOS_0445,Ca-Cd-Sn-Ti,Chemistry only,1,0.7673956130871025,1.0615686116677,-0.2941729985805974,0.1808943089430894,0
CHAOS_0446,Ca-Fe-Mg-Mn,Chemistry only,5,1.571692601755912,1.111373416325321,0.4603191854305912,0.9186991869918699,1
CHAOS_0447,Cd-Fe-Sn-Sr,Chemistry only,2,1.298696270150303,0.9949353388190445,0.3037609313312588,0.733739837398374,0
CHAOS_0448,Ca-Fe-Mn-Ni,Chemistry only,3,1.623910770493783,1.407664574064326,0.2162461964294569,0.9451219512195121,1
CHAOS_0449,Mg-Ti-V-Zn,Chemistry only,1,1.298772619682937,0.960567514620472,0.338205105062465,0.7357723577235772,0
CHAOS_0450,Nb-Ti-V-Zn,Chemistry only,5,0.9862119490919974,0.739689041870965,0.2465229072210324,0.3658536585365854,0
CHAOS_0451,Ca-Mg-Sn-Sr,Chemistry only,5,1.29460390069768,0.8945314273167293,0.4000724733809509,0.7276422764227642,0
CHAOS_0452,Cd-Co-Fe-Mn,Chemistry only,5,1.496802935710049,1.663383475490215,-0.1665805397801665,0.8780487804878049,1
CHAOS_0453,Ca-Sn-V-Zn,Chemistry only,4,0.8705600558532354,1.009047488944845,-0.1384874330916095,0.2703252032520325,0
CHAOS_0454,Mg-Mn-Ni-Sr,Chemistry only,4,1.133501581253682,1.196648661104173,-0.06314707985049184,0.5203252032520326,0
CHAOS_0455,Ca-Cd-Fe-Zn,Chemistry only,1,1.270295216628885,1.255884051721145,0.01441116490773986,0.7012195121951219,0
CHAOS_0456,Co-Fe-Ni-Zn,Chemistry only,2,1.559916215796716,1.481347515455227,0.07856870034148922,0.9146341463414634,1
CHAOS_0457,Ca-Cd-Ni-Sr,Chemistry only,4,1.412076141599856,1.473278612714193,-0.06120247111433663,0.8313008130081301,1
CHAOS_0458,Cd-Fe-Mn-Zn,Chemistry only,2,1.593478008490761,1.34830144589677,0.2451765625939912,0.926829268292683,1
CHAOS_0459,Mg-Mn-Nb-V,Chemistry only,5,1.013511105259275,0.8393750058796005,0.1741360993796744,0.3739837398373984,0
CHAOS_0460,Fe-Nb-Sn-Ti,Chemistry only,5,0.5409079295418792,0.4792091577958986,0.0616987717459806,0.006097560975609756,0
CHAOS_0461,Mn-Ni-Sn-Sr,Chemistry only,1,1.128890773189631,1.070869711992726,0.05802106119690564,0.5121951219512195,0
CHAOS_0462,Co-Cu-Fe-Sn,Chemistry only,2,0.9856248604406688,0.9184273117169726,0.06719754872369621,0.3638211382113821,0
CHAOS_0463,Mg-Sn-Sr-Zn,Chemistry only,3,1.139310370093844,0.9339032196437027,0.2054071504501411,0.5345528455284553,0
CHAOS_0464,Fe-Mg-Sn-Zn,Chemistry only,1,1.195421537263456,1.279751829414657,-0.08433029215120147,0.6199186991869918,0
CHAOS_0465,Ca-Mn-Sn-Sr,Chemistry only,3,0.8871048720998405,0.885406443454285,0.001698428645555472,0.2804878048780488,0
CHAOS_0466,Cu-Ni-Ti-Zn,Chemistry only,2,1.025932634968286,1.209266072384451,-0.1833334374161653,0.3861788617886179,0
CHAOS_0467,Ca-Fe-Ti-Zn,Chemistry only,5,1.237426780445541,1.143872761985711,0.09355401845983002,0.6686991869918699,0
CHAOS_0468,Mg-Nb-Sn-V,Chemistry only,3,0.6887561172791506,0.6189164358519882,0.06983968142716246,0.1077235772357724,0
CHAOS_0469,Ca-Nb-V-Zn,Chemistry only,3,0.9439198790843506,0.9518169314987845,-0.007897052414433947,0.3373983739837398,0
CHAOS_0470,Cd-Co-Mg-Mn,Chemistry only,4,1.599406670221467,1.487853262773366,0.1115534074481006,0.9308943089430894,1
CHAOS_0471,Cd-Sn-V-Zn,Chemistry only,3,0.845334360626514,0.8873005721134126,-0.04196621148689861,0.2560975609756098,0
CHAOS_0472,Cd-Sn-Ti-Zn,Chemistry only,4,0.6791508043062541,1.031174425218296,-0.3520236209120416,0.09349593495934959,0
CHAOS_0473,Sr-Ti-V-Zn,Chemistry only,2,0.853970367275931,0.9164775655924177,-0.06250719831648666,0.2621951219512195,0
CHAOS_0474,Mg-Mn-Ti-Zn,Chemistry only,5,1.193553949406309,1.102561125280136,0.09099282412617371,0.6138211382113821,0
CHAOS_0475,Cd-Fe-Ni-Zn,Chemistry only,3,1.367463168784773,1.433265133621334,-0.06580196483656109,0.7926829268292683,1
CHAOS_0476,Ca-Cd-Mn-Ti,Chemistry only,5,0.9827043571640848,1.061216983672088,-0.07851262650800317,0.3617886178861789,0
CHAOS_0477,Ca-Sr-V-Zn,Chemistry only,1,1.013342915931344,1.016622237915018,-0.003279321983674643,0.3719512195121951,0
CHAOS_0478,Co-Cu-Mn-V,Chemistry only,2,1.202630928994142,1.261362313163134,-0.05873138416899137,0.6300813008130082,0
CHAOS_0479,Ca-Cd-Ni-Sn,Chemistry only,1,1.607934665070738,1.329746864413745,0.2781878006569924,0.9410569105691057,1
CHAOS_0480,Co-Fe-Mn-Sr,Chemistry only,3,1.118387220925042,1.238975985208137,-0.1205887642830943,0.4898373983739837,0
CHAOS_0481,Cd-Mn-Sn-Zn,Chemistry only,1,1.187073948927155,1.18926200434566,-0.002188055418505197,0.6077235772357723,0
CHAOS_0482,Cd-Fe-Mg-Ti,Chemistry only,5,0.9110989359186664,0.9928026339435033,-0.0817036980248369,0.306910569105691,0
CHAOS_0483,Ca-Co-Fe-Mg,Chemistry only,5,1.306013617653179,1.384316174407159,-0.07830255675398035,0.7479674796747967,0
CHAOS_0484,Cd-Nb-Sn-Sr,Chemistry only,1,0.6789228475271074,0.9904876089189497,-0.3115647613918423,0.09146341463414634,0
CHAOS_0485,Mn-Nb-Sr-V,Chemistry only,1,0.9337906307035119,0.9234844817678506,0.01030614893566129,0.3292682926829268,0
CHAOS_0486,Ca-Cd-Mn-Nb,Chemistry only,5,0.8542916605347015,1.022573285810204,-0.1682816252755024,0.2642276422764228,0
CHAOS_0487,Ca-Ni-Sn-Zn,Chemistry only,1,1.485852086449612,1.28739891045984,0.1984531759897719,0.8658536585365854,1
CHAOS_0488,Fe-Ni-Sn-Sr,Chemistry only,1,1.084423065881324,1.094275004939034,-0.00985193905771009,0.4552845528455284,0
CHAOS_0489,Ca-Cd-Fe-Ti,Chemistry only,1,1.036129777766465,1.10379507596235,-0.06766529819588452,0.3963414634146342,0
CHAOS_0490,Ca-Cd-Sr-Zn,Chemistry only,5,1.600693976620637,1.143181159431446,0.4575128171891902,0.9329268292682927,1
CHAOS_0491,Co-Cu-Fe-Zn,Chemistry only,3,1.704921669290233,1.361332452861728,0.3435892164285048,0.967479674796748,1
CHAOS_0492,Cd-Fe-Mn-Sn,Chemistry only,2,1.100281992964172,1.06091242099779,0.03936957196638158,0.4735772357723577,0
CHAOS_0493,Cu-Mn-Ni-Zn,Chemistry only,5,1.653449918758496,1.521184275410568,0.1322656433479277,0.9491869918699187,1
CHAOS_0001,Ca-Cd-Co-Fe,Combined,1,1.330868536895553,1.435846629630783,-0.1049780927352306,0.774390243902439,1
CHAOS_0002,Ca-Fe-Mn-Zn,Combined,5,1.205546347798089,1.312930506227229,-0.10738415842914,0.6321138211382114,0
CHAOS_0003,Co-Mg-Mn-Sr,Combined,1,1.069331415166951,1.224909216148671,-0.1555778009817201,0.4369918699186992,0
CHAOS_0004,Co-Mg-Mn-Ni,Combined,2,1.380245376428268,1.77721469680623,-0.3969693203779625,0.8048780487804879,1
CHAOS_0005,Fe-Mg-Mn-Sr,Combined,4,1.236105221072092,0.9862538369310359,0.2498513841410563,0.6646341463414634,0
CHAOS_0006,Mg-Sn-Sr-Ti,Combined,2,0.8044883033404857,0.7804844891023309,0.02400381423815479,0.209349593495935,0
CHAOS_0007,Ca-Ni-Sn-Sr,Combined,3,1.265675748873167,1.226111727600733,0.0395640212724333,0.6971544715447154,0
CHAOS_0008,Cu-Fe-Mn-V,Combined,2,0.9597366512106851,1.161189130732683,-0.2014524795219983,0.3434959349593496,0
CHAOS_0009,Co-Mg-Sn-Zn,Combined,4,1.345720124546145,1.305090108399565,0.04063001614658002,0.7804878048780488,1
CHAOS_0010,Cd-Fe-Ti-Zn,Combined,1,0.8814887226367113,1.140583472795032,-0.2590947501583206,0.2723577235772358,0
CHAOS_0011,Ca-Nb-Ti-V,Combined,3,1.117948633474238,1.069267284543447,0.0486813489307909,0.4878048780487805,0
CHAOS_0012,Mg-Nb-Sr-V,Combined,1,0.820034804111342,0.9481450968266536,-0.1281102927153116,0.225609756097561,0
CHAOS_0013,Ca-Mn-Sn-Zn,Combined,4,1.379049473621278,1.161315236483149,0.217734237138129,0.8028455284552846,1
CHAOS_0014,Ca-Fe-Mg-Sn,Combined,5,1.316713149050862,1.018932734109916,0.297780414940946,0.7540650406504065,1
CHAOS_0015,Cd-Mg-Sr-V,Combined,4,1.037527643995246,0.9706751219564197,0.06685252203882641,0.4004065040650406,0
CHAOS_0016,Ca-Mg-Mn-Nb,Combined,1,0.9124613019679277,0.9836585059986115,-0.07119720403068375,0.3109756097560976,0
CHAOS_0017,Ca-Cd-Mg-Nb,Combined,2,0.869809372913117,0.9693985446599287,-0.0995891717468117,0.2682926829268293,0
CHAOS_0018,Ca-Mg-Ni-Sr,Combined,2,1.234306933184503,1.376505138969536,-0.1421982057850333,0.6626016260162602,0
CHAOS_0019,Ca-Co-Fe-Zn,Combined,1,1.381041366752379,1.444322923079202,-0.06328155632682275,0.806910569105691,1
CHAOS_0020,Cd-Cu-Mg-Mn,Combined,1,1.347852618007481,1.409536882931446,-0.06168426492396417,0.782520325203252,1
CHAOS_0021,Nb-Sn-Sr-V,Combined,5,0.6292655334803368,0.8019779591553542,-0.1727124256750174,0.05691056910569105,0
CHAOS_0022,Cd-Sr-Ti-V,Combined,5,0.7275950552365444,0.8189498992796628,-0.09135484404311833,0.1443089430894309,0
CHAOS_0023,Ca-Cd-Mn-Sr,Combined,2,1.718753023086492,1.133589944656163,0.585163078430329,0.975609756097561,1
CHAOS_0024,Co-Cu-Mg-Mn,Combined,2,1.714018084185283,1.638956278041029,0.07506180614425406,0.9735772357723578,1
CHAOS_0025,Cd-Cu-Fe-Zn,Combined,2,1.547734257364569,1.283250650671107,0.2644836066934617,0.9105691056910569,1
CHAOS_0026,Ca-Co-Mn-Sr,Combined,2,1.108803621990512,1.315352168446831,-0.2065485464563199,0.4776422764227642,0
CHAOS_0027,Cd-Co-Fe-Sr,Combined,2,1.12518253368288,1.264284134150075,-0.1391016004671941,0.5060975609756098,0
CHAOS_0028,Cd-Co-Sr-Zn,Combined,4,1.213632867765051,1.306145121804973,-0.09251225403992236,0.6463414634146342,0
CHAOS_0029,Ca-Mg-Nb-Sn,Combined,4,0.8269431825144284,0.7808435777368438,0.04609960477758468,0.233739837398374,0
CHAOS_0030,Cd-Mn-Sn-V,Combined,2,0.8380255277011236,0.8236237097300494,0.0144018179710742,0.2459349593495935,0
CHAOS_0031,Mg-Ni-Sr-Zn,Combined,1,1.087708797887424,1.212728498515496,-0.1250197006280727,0.459349593495935,0
CHAOS_0032,Cd-Mn-Ni-Zn,Combined,2,1.553939599440648,1.53116174594694,0.02277785349370842,0.9126016260162602,1
CHAOS_0033,Cd-Mn-Sr-V,Combined,4,1.061157252745739,0.9885138585021808,0.07264339424355859,0.4247967479674797,0
CHAOS_0034,Cu-Fe-Sn-Zn,Combined,1,1.33213499839198,1.143755232946777,0.1883797654452033,0.7764227642276422,1
CHAOS_0035,Ca-Mg-Mn-Ni,Combined,5,1.607622042516882,1.37992268291461,0.2276993596022721,0.9390243902439024,1
CHAOS_0036,Ca-Cd-Fe-Ni,Combined,4,1.295855466488807,1.426931927556816,-0.1310764610680095,0.7317073170731707,0
CHAOS_0037,Ca-Mg-Nb-Zn,Combined,3,1.121978224525889,0.8168505638193919,0.3051276607064972,0.5,0
CHAOS_0038,Nb-Tc-Ti-V,Combined,2,0.7402569363522179,0.9160811349817475,-0.1758241986295296,0.1565040650406504,0
CHAOS_0039,Ca-Cu-Mg-Mn,Combined,3,1.325419489052944,1.212798727306267,0.1126207617466763,0.766260162601626,1
CHAOS_0040,Co-Mg-Mn-Sn,Combined,1,1.166875025726359,1.295019441434326,-0.1281444157079668,0.5752032520325203,0
CHAOS_0041,Co-Mg-Ni-Sn,Combined,4,1.444778326214908,1.348909927758617,0.09586839845629114,0.8536585365853658,1
CHAOS_0042,Cd-Co-Mg-Sr,Combined,4,1.259835565361272,1.262659186214777,-0.002823620853505293,0.6910569105691057,0
CHAOS_0043,Cd-Mg-Nb-Sn,Combined,2,0.6008639117140762,0.9008961149671111,-0.3000322032530349,0.03048780487804878,0
CHAOS_0044,Ca-Mn-Nb-Sr,Combined,5,1.048053860049666,0.941557657582167,0.1064962024674995,0.4126016260162602,0
CHAOS_0045,Mg-Sn-Ti-V,Combined,4,0.6780888634511649,0.4629630846907479,0.2151257787604171,0.08943089430894309,0
CHAOS_0046,Cd-Fe-Sr-Ti,Combined,2,0.7117460284107648,0.7719302949872531,-0.06018426657648823,0.1219512195121951,0
CHAOS_0047,Ca-Cd-Sn-Zn,Combined,2,1.407750371215619,1.2547336789442,0.1530166922714193,0.8292682926829268,1
CHAOS_0048,Cd-Co-Sn-Zn,Combined,4,1.291677769970987,1.116064420802886,0.1756133491681007,0.7215447154471545,0
CHAOS_0049,Cu-Mn-V-Zn,Combined,5,1.305503043951992,1.197779983853304,0.1077230600986876,0.7459349593495935,0
CHAOS_0050,Cd-Ni-Sn-Zn,Combined,5,1.258862243422577,1.257188080727198,0.001674162695379788,0.6849593495934959,0
CHAOS_0051,Ca-Mg-Mn-Sn,Combined,5,1.156838652690091,1.014898657371079,0.1419399953190117,0.5548780487804879,0
CHAOS_0052,Co-Cu-Mg-Ni,Combined,4,1.415521307074694,1.498655433076333,-0.0831341260016385,0.8394308943089431,1
CHAOS_0053,Fe-Mn-Sn-Zn,Combined,5,1.147125560268714,1.188686595454955,-0.04156103518624144,0.540650406504065,0
CHAOS_0054,Ca-Mn-Nb-Zn,Combined,5,1.05044887852907,0.9942952370299124,0.05615364149915802,0.4166666666666667,0
CHAOS_0055,Ca-Mg-Ti-V,Combined,5,1.413762357635907,1.122251001136586,0.291511356499321,0.8353658536585366,1
CHAOS_0056,Mn-Nb-Ti-Zn,Combined,1,0.7130287730327973,0.5248118992206906,0.1882168738121067,0.1321138211382114,0
CHAOS_0057,Cd-Fe-Nb-Ti,Combined,2,0.6666011228920825,0.7985456906602668,-0.1319445677681843,0.08130081300813008,0
CHAOS_0058,Nb-Sn-Sr-Ti,Combined,2,0.624278999378092,0.6967991055913156,-0.07252010621322369,0.0508130081300813,0
CHAOS_0059,Cu-Nb-Sn-Tc,Combined,5,0.6184836088057772,0.6313795889394199,-0.01289598013364268,0.04471544715447155,0
CHAOS_0060,Mg-Mn-Nb-Sr,Combined,3,0.9768160780825129,0.9477129650094036,0.02910311307310931,0.3556910569105691,0
CHAOS_0061,Cu-Mn-Sn-Zn,Combined,2,1.169924866710909,1.301527659522784,-0.1316027928118746,0.5833333333333334,0
CHAOS_0062,Ca-Mn-Sr-Ti,Combined,4,0.7991642469152445,0.9492584623091036,-0.1500942153938591,0.201219512195122,0
CHAOS_0063,Cd-Co-Mg-Zn,Combined,4,1.523647236641474,1.395849945080275,0.1277972915611982,0.8963414634146342,1
CHAOS_0064,Co-Mg-Mn-V,Combined,1,1.725100978523957,1.464248847523506,0.2608521310004519,0.9776422764227642,1
CHAOS_0065,Co-Fe-Mn-Zn,Combined,4,2.028672147938234,1.511592469669036,0.5170796782691987,0.9979674796747967,1
CHAOS_0066,Cd-Mg-Sn-Sr,Combined,4,1.350259439309609,1.077851441044208,0.2724079982654002,0.7845528455284553,1
CHAOS_0067,Cu-Mg-Ni-Zn,Combined,2,1.619187591715673,1.654890323140902,-0.03570273142522873,0.943089430894309,1
CHAOS_0068,Ca-Cd-Mg-Zn,Combined,2,1.530675862332192,1.233355919068821,0.2973199432633709,0.9024390243902439,1
CHAOS_0069,Co-Mg-Sn-Sr,Combined,1,1.157953002798327,1.137909014299147,0.02004398849918054,0.5589430894308943,0
CHAOS_0070,Cd-Mg-Ti-V,Combined,1,0.8265298124915945,0.6647144196133243,0.1618153928782702,0.2317073170731707,0
CHAOS_0071,Mg-Nb-V-Zn,Combined,1,0.9364781523209808,0.7995258687847119,0.1369522835362689,0.3313008130081301,0
CHAOS_0072,Cu-Nb-Sn-Ti,Combined,5,0.6330529262038597,0.6491554860532954,-0.01610255984943576,0.05894308943089431,0
CHAOS_0073,Cd-Mn-V-Zn,Combined,1,1.0682252117584,1.148517186997926,-0.08029197523952658,0.4349593495934959,0
CHAOS_0074,Co-Mn-Sn-Sr,Combined,1,1.137909166464711,1.082907817267054,0.05500134919765687,0.5304878048780488,0
CHAOS_0075,Ca-Cd-V-Zn,Combined,3,1.365649687906007,1.190541552530993,0.1751081353750144,0.790650406504065,1
CHAOS_0076,Mg-Mn-Nb-Sn,Combined,1,0.6007601407089596,1.010721890070009,-0.4099617493610497,0.02845528455284553,0
CHAOS_0077,Ca-Fe-Sn-Sr,Combined,1,1.15319319524418,1.046919289007981,0.1062739062361988,0.5447154471544715,0
CHAOS_0078,Cd-Co-Mn-Zn,Combined,1,1.645640719953041,1.510235517545915,0.1354052024071257,0.9471544715447154,1
CHAOS_0079,Co-Mn-Sn-Zn,Combined,1,1.315561564628128,1.30480413006089,0.01075743456723766,0.7520325203252033,1
CHAOS_0080,Ca-Fe-Nb-Sn,Combined,1,0.7683924406424669,0.6660536990065336,0.1023387416359334,0.1829268292682927,0
CHAOS_0081,Mn-Sn-Sr-Zn,Combined,5,1.193665626978333,0.9897905649233697,0.2038750620549631,0.6158536585365854,0
CHAOS_0082,Cd-Co-Fe-Zn,Combined,3,1.396283750359815,1.306200688123412,0.09008306223640283,0.823170731707317,1
CHAOS_0083,Cd-Mg-Ni-Zn,Combined,1,1.504325036476494,1.488490609066591,0.01583442740990337,0.8800813008130082,1
CHAOS_0084,Mn-Nb-Sn-Ti,Combined,2,0.4990183275281971,0.5893690318351191,-0.09035070430692205,0.0,0
CHAOS_0085,Ca-Cd-Mg-Sr,Combined,1,1.5759485786793,1.178697287558546,0.3972512911207544,0.9207317073170732,1
CHAOS_0086,Ca-Cd-Mn-Sn,Combined,4,1.137869419396993,1.157190611301618,-0.019321191904625,0.5284552845528455,0
CHAOS_0087,Cd-Sn-Sr-Zn,Combined,1,1.280230437635244,1.171084529151942,0.1091459084833011,0.7113821138211383,0
CHAOS_0088,Cd-Mn-Ni-Sn,Combined,5,1.173898832304668,1.317242952142006,-0.1433441198373373,0.5894308943089431,0
CHAOS_0089,Nb-Sn-Ti-V,Combined,5,0.6091434208845197,0.4405452391908313,0.1685981816936883,0.03455284552845529,0
CHAOS_0090,Ca-Fe-Nb-Sr,Combined,3,0.9036126881003638,1.062038081949571,-0.158425393849207,0.2947154471544716,0
CHAOS_0091,Cd-Ti-V-Zn,Combined,1,0.6732193690291216,0.9804781834502642,-0.3072588144211426,0.08739837398373984,0
CHAOS_0092,Sn-Sr-Ti-V,Combined,5,0.7280398304317265,0.6925052352831205,0.03553459514860602,0.1463414634146341,0
CHAOS_0093,Ca-Cd-Mg-V,Combined,2,1.277440736914697,1.103471717720339,0.1739690191943586,0.7052845528455285,0
CHAOS_0094,Mg-Mn-V-Zn,Combined,1,1.052371212386077,1.287785531008695,-0.2354143186226185,0.4207317073170732,0
CHAOS_0095,Cd-Co-Mg-Ni,Combined,2,1.413441785830311,1.522576692060392,-0.109134906230081,0.8333333333333334,1
CHAOS_0096,Fe-Mg-Sr-Zn,Combined,4,1.197508454737655,1.023140872208887,0.1743675825287676,0.6239837398373984,0
CHAOS_0097,Co-Fe-Sn-Sr,Combined,3,1.034480890609468,0.9454947952660053,0.08898609534346313,0.3922764227642276,0
CHAOS_0098,Cd-Fe-Mg-Sr,Combined,3,1.207861755309722,1.138143025215694,0.06971873009402829,0.6361788617886179,0
CHAOS_0099,Sn-Ti-V-Zn,Combined,4,0.6291027761972733,1.074845572360724,-0.4457427961634511,0.05487804878048781,0
CHAOS_0100,Cd-Fe-Mg-Ni,Combined,5,1.394173823826004,1.466377147691141,-0.07220332386513717,0.8191056910569106,1
CHAOS_0101,Ca-Fe-Mg-Ni,Combined,4,1.394732855597484,1.408861924616523,-0.01412906901903921,0.8211382113821138,1
CHAOS_0102,Mg-Mn-Sn-Ti,Combined,1,0.6909395846370859,0.7518654435258024,-0.06092585888871649,0.1097560975609756,0
CHAOS_0103,Ca-Mg-Sn-Zn,Combined,5,1.328519636900517,1.137616015195891,0.1909036217046258,0.7703252032520326,1
CHAOS_0104,Ca-Fe-Mg-Ti,Combined,3,0.9821259250538538,1.098966733554185,-0.1168408085003311,0.3597560975609756,0
CHAOS_0105,Sn-Tc-Ti-V,Combined,1,0.5490313368674898,0.76292915077434,-0.2138978139068501,0.008130081300813009,0
CHAOS_0106,Cd-Mn-Nb-Zn,Combined,5,0.7608981987739023,0.9917442591497705,-0.2308460603758682,0.1747967479674797,0
CHAOS_0107,Cd-Sn-Ti-V,Combined,5,0.5811946905718262,0.7608486237953395,-0.1796539332235133,0.02235772357723577,0
CHAOS_0108,Cd-Mg-Sn-Ti,Combined,4,0.6408253225467833,0.9026112685716373,-0.2617859460248541,0.06300813008130081,0
CHAOS_0109,Mg-Mn-Sr-V,Combined,2,0.9160658322856876,1.007367714170021,-0.09130188188433319,0.3150406504065041,0
CHAOS_0110,Cd-Fe-Nb-Zn,Combined,2,0.7587801206547211,0.7175331555593603,0.04124696509536085,0.1707317073170732,0
CHAOS_0111,Ca-Co-Ni-Sr,Combined,2,1.065507597511909,1.553047287916544,-0.4875396904046345,0.4288617886178862,0
CHAOS_0112,Ca-Cd-Nb-Ti,Combined,3,0.7400105212227808,1.05882934803525,-0.318818826812469,0.1544715447154472,0
CHAOS_0113,Cd-Mg-Ni-Sn,Combined,3,1.473302774224817,1.256523685224199,0.2167790890006187,0.8597560975609756,1
CHAOS_0114,Cu-Fe-Mg-Ni,Combined,2,1.48695221926894,1.664576753201544,-0.1776245339326037,0.8678861788617886,1
CHAOS_0115,Ca-Cu-Mg-Zn,Combined,2,1.830772542333132,1.337480282147221,0.4932922601859109,0.9898373983739838,1
CHAOS_0116,Cd-Mg-Ti-Zn,Combined,4,0.8468069386257572,0.994215870961698,-0.1474089323359408,0.2601626016260163,0
CHAOS_0117,Cd-Fe-Mg-Nb,Combined,2,0.6876935800238281,0.8204650515583365,-0.1327714715345084,0.1036585365853658,0
CHAOS_0118,Cu-Fe-V-Zn,Combined,1,0.9147285775414622,1.047969341800816,-0.1332407642593538,0.3130081300813008,0
CHAOS_0119,Ca-Mn-Nb-Ti,Combined,2,0.8274963669176486,0.9470138882436148,-0.1195175213259662,0.2357723577235772,0
CHAOS_0120,Co-Fe-Ni-Sr,Combined,3,0.9989602515947664,1.28373591225252,-0.2847756606577532,0.3699186991869919,0
CHAOS_0121,Ca-Fe-Mn-Sn,Combined,4,1.372493166327824,0.9895268385580644,0.3829663277697593,0.7967479674796748,1
CHAOS_0122,Ca-Cd-Nb-Zn,Combined,5,0.8171515195339096,0.8974413105048575,-0.0802897909709479,0.2195121951219512,0
CHAOS_0123,Ni-Sn-Sr-Zn,Combined,3,1.120482143255964,1.154068176842093,-0.0335860335861291,0.4939024390243902,0
CHAOS_0124,Ca-Co-Mg-Sn,Combined,3,1.474318019314445,1.201670628638735,0.2726473906757101,0.8638211382113821,1
CHAOS_0125,Ca-Mg-Mn-Sr,Combined,1,1.162768904906689,1.041405135914214,0.1213637689924754,0.5650406504065041,0
CHAOS_0126,Co-Fe-Mn-Ni,Combined,3,1.658284602495181,1.550370813392002,0.1079137891031787,0.9512195121951219,1
CHAOS_0127,Cd-Mn-Nb-Ti,Combined,1,0.5554793918210277,0.9969862849077009,-0.4415068930866732,0.01219512195121951,0
CHAOS_0128,Nb-Sn-Tc-Zn,Combined,4,0.6147439932930467,0.8431899805983634,-0.2284459873053166,0.0426829268292683,0
CHAOS_0129,Fe-Nb-Sn-V,Combined,4,0.6136104718600413,0.6950853513378742,-0.08147487947783294,0.04065040650406504,0
CHAOS_0130,Ca-Fe-Sr-Ti,Combined,3,1.052258398794067,1.08384861871586,-0.03159021992179256,0.4186991869918699,0
CHAOS_0131,Mg-Sn-Ti-Zn,Combined,5,0.6826168402841123,0.8893957559397837,-0.2067789156556714,0.0975609756097561,0
CHAOS_0132,Ca-Fe-Ni-Sr,Combined,1,1.046830699325849,1.347936179595152,-0.3011054802693023,0.4085365853658536,0
CHAOS_0133,Cd-Nb-Sr-Ti,Combined,1,0.6667406579226641,1.090011022726074,-0.4232703648034103,0.08333333333333333,0
CHAOS_0134,Fe-Mg-Sn-Sr,Combined,4,1.116106243305177,0.9417228894556322,0.1743833538495445,0.483739837398374,0
CHAOS_0135,Cd-Co-Ni-Sn,Combined,5,1.15403200976987,1.207712689408239,-0.05368067963836864,0.5467479674796748,0
CHAOS_0136,Mg-Nb-Sr-Zn,Combined,4,0.8456748360079142,0.8388153814627672,0.006859454545146915,0.258130081300813,0
CHAOS_0137,Cd-Fe-Sn-Zn,Combined,4,1.193716587938537,0.8485736624505212,0.3451429254880153,0.6178861788617886,0
CHAOS_0138,Cd-Mg-Sn-V,Combined,1,0.767010936043699,0.8960142057538513,-0.1290032697101523,0.1788617886178862,0
CHAOS_0139,Mn-Ni-V-Zn,Combined,4,1.172128131496221,1.347665974970531,-0.17553784347431,0.5873983739837398,0
CHAOS_0140,Cd-Mg-Sr-Zn,Combined,3,1.290467778665032,1.097304947008314,0.1931628316567182,0.7195121951219512,0
CHAOS_0141,Nb-Ni-Sn-Ti,Combined,1,0.5713724232703716,0.6946820195856592,-0.1233095963152876,0.01829268292682927,0
CHAOS_0142,Cd-Co-Ni-Zn,Combined,2,1.414026827111704,1.432847127109287,-0.01882029999758283,0.8373983739837398,1
CHAOS_0143,Mg-Sn-V-Zn,Combined,4,0.8275709059869274,0.8620754356009666,-0.03450452961403916,0.2378048780487805,0
CHAOS_0144,Ca-Fe-Mg-Zn,Combined,3,1.304512694967367,1.251640271444274,0.05287242352309307,0.741869918699187,0
CHAOS_0145,Ca-Cd-Fe-Sn,Combined,2,1.329880190970437,1.095750510179176,0.2341296807912612,0.7723577235772358,1
CHAOS_0146,Ca-Mn-Nb-V,Combined,2,0.9300142158389397,0.9622002960376022,-0.03218608019866243,0.3272357723577236,0
CHAOS_0147,Cd-Fe-Ni-Sr,Combined,3,1.076258570024818,1.269677093619358,-0.1934185235945398,0.4410569105691057,0
CHAOS_0148,Ca-Mg-Nb-Ti,Combined,3,1.064152307229331,0.9351264460726337,0.1290258611566971,0.4268292682926829,0
CHAOS_0149,Ca-Co-Mg-Sr,Combined,2,1.277471682113984,1.395333831819339,-0.1178621497053551,0.7073170731707317,0
CHAOS_0150,Mg-Sr-Ti-Zn,Combined,5,0.9054169602408567,0.8506231511315138,0.05479380910934295,0.298780487804878,0
CHAOS_0151,Cd-Mg-Mn-Nb,Combined,3,0.7124579691463374,0.8969808579362073,-0.1845228887898699,0.1280487804878049,0
CHAOS_0152,Fe-Mn-Sr-Zn,Combined,5,1.24380524803268,1.031768902555081,0.2120363454775993,0.6707317073170732,0
CHAOS_0153,Cd-Fe-Mg-Zn,Combined,2,1.52015564047588,1.398274505490068,0.1218811349858124,0.8943089430894309,1
CHAOS_0154,Ca-Mn-Ni-Sr,Combined,1,1.067401831002097,1.296257319262587,-0.2288554882604898,0.4329268292682927,0
CHAOS_0155,Cd-Mn-Nb-Sr,Combined,2,0.7834328945182332,0.8703667201640071,-0.0869338256457739,0.1910569105691057,0
CHAOS_0156,Cd-Cu-Fe-Mg,Combined,1,1.323500480699332,1.343252507815219,-0.01975202711588642,0.7642276422764228,1
CHAOS_0157,Ca-Sn-Ti-V,Combined,4,0.7717461113423972,0.7200635743905366,0.05168253695186065,0.1849593495934959,0
CHAOS_0158,Fe-Mg-Mn-Ni,Combined,2,1.815993776483045,1.713605878891943,0.1023878975911021,0.9878048780487805,1
CHAOS_0159,Cd-Fe-Ni-Sn,Combined,3,1.169787115395648,1.147621509083899,0.02216560631174813,0.5813008130081301,0
CHAOS_0160,Cd-Mg-V-Zn,Combined,4,1.14088933594672,1.07090183002108,0.06998750592564096,0.5365853658536586,0
CHAOS_0161,Ca-Mg-Mn-Ti,Combined,5,0.9750184529193288,1.046490046361856,-0.07147159344252729,0.3536585365853658,0
CHAOS_0162,Co-Cu-Fe-Ni,Combined,5,1.524261505763879,0.9686379168527661,0.5556235889111125,0.8983739837398373,1
CHAOS_0163,Ca-Cd-Nb-Sn,Combined,4,0.6568251309378726,1.061723526317297,-0.4048983953794248,0.07317073170731707,0
CHAOS_0164,Fe-Mg-Nb-Sn,Combined,3,0.7127788751283347,0.8670433059410411,-0.1542644308127064,0.1300813008130081,0
CHAOS_0165,Cu-Mg-V-Zn,Combined,4,1.416842980651636,1.17993980547135,0.2369031751802866,0.8414634146341463,1
CHAOS_0166,Fe-Mg-Nb-Sr,Combined,2,0.8938768631914926,0.9304270563428508,-0.03655019315135821,0.2865853658536585,0
CHAOS_0167,Ca-Sn-Sr-Ti,Combined,5,0.9115683128771496,0.9526744509164229,-0.04110613803927332,0.3089430894308943,0
CHAOS_0168,Cd-Mg-Sn-Zn,Combined,3,1.308977498447093,1.155287176500186,0.1536903219469068,0.75,1
CHAOS_0169,Ca-Cd-Nb-Sr,Combined,2,0.8403882042024966,1.073680317132526,-0.2332921129300296,0.2520325203252032,0
CHAOS_0170,Cd-Fe-Sn-Ti,Combined,5,0.7602233573228964,0.9486593542562313,-0.1884359969333349,0.1727642276422764,0
CHAOS_0171,Fe-Nb-Sn-Zn,Combined,4,0.7158318938130234,0.5428524368284073,0.172979456984616,0.1341463414634146,0
CHAOS_0172,Cu-Nb-Sn-V,Combined,4,0.6100097817825287,0.6994568944642392,-0.08944711268171046,0.03861788617886179,0
CHAOS_0173,Cd-Nb-Ti-V,Combined,2,0.6810866910035147,0.7879905402724655,-0.1069038492689508,0.09552845528455285,0
CHAOS_0174,Cd-Fe-Mn-Ni,Combined,1,1.322048596292074,1.515544310791478,-0.1934957144994036,0.7601626016260162,1
CHAOS_0175,Ca-Fe-Sn-Ti,Combined,5,0.8190325300604621,0.8362704729610329,-0.01723794290057079,0.2235772357723577,0
CHAOS_0176,Ca-Cd-Mg-Ni,Combined,1,1.363133812549069,1.44509251683913,-0.08195870429006158,0.7886178861788617,1
CHAOS_0177,Ca-Mg-Nb-Sr,Combined,2,1.175102564920492,1.071972333151512,0.1031302317689802,0.5914634146341463,0
CHAOS_0178,Mg-Ni-Sn-Zn,Combined,3,1.394000426214886,1.552030428011023,-0.1580300017961374,0.8170731707317073,1
CHAOS_0179,Mg-Mn-Sn-Sr,Combined,4,1.127090313239498,0.900657222771131,0.2264330904683668,0.508130081300813,0
CHAOS_0180,Fe-Mg-Ni-Sr,Combined,3,1.047181146503458,1.20733086131681,-0.1601497148133519,0.4105691056910569,0
CHAOS_0181,Ca-Mg-Mn-V,Combined,2,1.112304498979679,1.147195047764371,-0.034890548784692,0.4817073170731707,0
CHAOS_0182,Co-Cu-Fe-V,Combined,2,1.095855814881983,1.139994964378584,-0.04413914949660103,0.4634146341463415,0
CHAOS_0183,Ca-Co-Sn-Sr,Combined,1,1.253050498160085,1.282102583763007,-0.02905208560292194,0.6788617886178862,0
CHAOS_0184,Fe-Mn-Ni-Zn,Combined,3,1.932555380044583,1.503443132899739,0.4291122471448447,0.9959349593495935,1
CHAOS_0185,Ca-Co-Mg-Mn,Combined,3,1.70276200154121,1.325157936155892,0.3776040653853183,0.9654471544715447,1
CHAOS_0186,Ca-Nb-Sn-Ti,Combined,2,0.7349650315836611,0.6988021550420005,0.03616287654166062,0.1504065040650407,0
CHAOS_0187,Ca-Cd-Sr-V,Combined,4,1.210578785951,1.107757053203498,0.1028217327475018,0.6422764227642277,0
CHAOS_0188,Ca-Mg-Sn-Ti,Combined,5,0.8295089831376549,0.8586755798924179,-0.02916659675476307,0.2439024390243902,0
CHAOS_0189,Mn-Nb-Ti-V,Combined,5,1.120672320961791,0.4372450985583689,0.6834272224034226,0.4959349593495935,0
CHAOS_0190,Ca-Mg-Ni-Sn,Combined,5,1.457915953466463,1.296408295358765,0.1615076581076988,0.8556910569105691,1
CHAOS_0191,Cd-Cu-V-Zn,Combined,5,1.169481878935146,1.142172739177848,0.02730913975729798,0.5792682926829268,0
CHAOS_0192,Cd-Mg-Nb-Zn,Combined,5,0.7466673045024264,0.9436140870213651,-0.1969467825189387,0.1585365853658537,0
CHAOS_0193,Cd-Co-Fe-Sn,Combined,1,1.183674771899767,1.152399720976936,0.03127505092283123,0.6036585365853658,0
CHAOS_0194,Nb-Sr-Tc-Ti,Combined,2,0.7499857808917014,1.098651640633134,-0.3486658597414327,0.1646341463414634,0
CHAOS_0195,Cu-Nb-Sn-Sr,Combined,3,0.6882360057188174,0.6363659916888407,0.05187001402997671,0.1056910569105691,0
CHAOS_0196,Ca-Cd-Mg-Ti,Combined,1,0.9515382328593889,1.004776171891472,-0.05323793903208296,0.3394308943089431,0
CHAOS_0197,Ca-Nb-Sr-V,Combined,3,0.9071029035454891,1.100034950832701,-0.1929320472872117,0.3008130081300813,0
CHAOS_0198,Cd-Fe-Nb-Sn,Combined,4,0.6487754047504579,0.7794720027704443,-0.1306965980199863,0.06910569105691057,0
CHAOS_0199,Co-Mg-Ni-Sr,Combined,3,1.034566571963537,1.266948994749748,-0.2323824227862117,0.3943089430894309,0
CHAOS_0200,Co-Mn-Sr-Zn,Combined,1,1.213774913288168,1.295551202596294,-0.0817762893081262,0.6483739837398373,0
CHAOS_0201,Ca-Mn-Ti-V,Combined,4,1.039081227975387,1.049890133415801,-0.01080890544041324,0.4024390243902439,0
CHAOS_0202,Ca-Cd-Co-Mg,Combined,5,1.429684635013337,1.421630798791303,0.008053836222033262,0.8495934959349594,1
CHAOS_0203,Mn-Sr-Ti-V,Combined,3,0.9204707332223799,1.018900404450753,-0.0984296712283731,0.3211382113821138,0
CHAOS_0204,Cd-Sr-Ti-Zn,Combined,2,0.8287553475143438,0.8364364770569856,-0.007681129542641885,0.241869918699187,0
CHAOS_0205,Fe-Ni-Sn-Zn,Combined,1,1.142601363873222,1.138143002530761,0.004458361342461359,0.5386178861788617,0
CHAOS_0206,Ca-Nb-Sn-Sr,Combined,5,0.7536911047800994,1.007782129996297,-0.2540910252161979,0.1686991869918699,0
CHAOS_0207,Cd-Mg-Nb-V,Combined,4,0.7123452225074787,0.6910045186527543,0.02134070385472442,0.1260162601626016,0
CHAOS_0208,Fe-Nb-Sn-Sr,Combined,4,0.7241535048245781,0.7177791085815456,0.006374396243032487,0.1422764227642276,0
CHAOS_0209,Ca-Cu-Mg-V,Combined,1,1.166128845328055,1.189289970342578,-0.02316112501452339,0.573170731707317,0
CHAOS_0210,Ca-Fe-Mg-Sr,Combined,2,1.226976387558904,1.139819144581984,0.08715724297691985,0.6565040650406504,0
CHAOS_0211,Ca-Sn-Sr-Zn,Combined,2,1.249023490439038,1.156637399893274,0.09238609054576385,0.6747967479674797,0
CHAOS_0212,Cd-Mn-Sr-Ti,Combined,2,0.8605640075568479,0.9665839767930635,-0.1060199692362156,0.266260162601626,0
CHAOS_0213,Mn-Ni-Sr-Zn,Combined,5,1.137496861290746,1.222733179842914,-0.08523631855216873,0.5264227642276422,0
CHAOS_0214,Cd-Sr-V-Zn,Combined,4,1.118478414480585,1.030363584562219,0.08811482991836628,0.491869918699187,0
CHAOS_0215,Co-Fe-Mg-Sn,Combined,5,1.280065570444354,1.242041129854341,0.0380244405900132,0.709349593495935,0
CHAOS_0216,Cu-Sn-Ti-V,Combined,4,0.6454688291595666,1.009098221929358,-0.3636293927697914,0.06504065040650407,0
CHAOS_0217,Ca-Mn-Sr-Zn,Combined,4,1.265833008216096,1.165742266752127,0.1000907414639687,0.6991869918699187,0
CHAOS_0218,Mg-Nb-Ti-V,Combined,5,1.081938513276828,0.7955860462041835,0.2863524670726445,0.4451219512195122,0
CHAOS_0219,Ca-Cd-Mn-Ni,Combined,3,1.517274319255478,1.41215501858301,0.105119300672468,0.8922764227642277,1
CHAOS_0220,Co-Fe-Sn-Zn,Combined,3,1.210089406125433,1.035654087220883,0.1744353189045502,0.6402439024390244,0
CHAOS_0221,Mg-Nb-Sn-Sr,Combined,2,0.7486591400464391,0.9094186628978924,-0.1607595228514533,0.1626016260162602,0
CHAOS_0222,Cd-Fe-Sr-Zn,Combined,4,1.202453939916753,1.193425606919493,0.009028332997260025,0.6280487804878049,0
CHAOS_0223,Ca-Fe-Sn-Zn,Combined,2,1.300747136495202,1.07772430244842,0.2230228340467819,0.7398373983739838,0
CHAOS_0224,Mg-Nb-Ti-Zn,Combined,3,0.9567259789171756,0.7977366277704943,0.1589893511466813,0.3414634146341464,0
CHAOS_0225,Ca-Cd-Mg-Mn,Combined,4,1.377572223462504,1.209830847894801,0.1677413755677029,0.8008130081300813,1
CHAOS_0226,Nb-Sn-Sr-Zn,Combined,1,0.7177825571396627,0.7774883201916174,-0.05970576305195474,0.1382113821138211,0
CHAOS_0227,Ca-Mg-Sn-V,Combined,4,1.02321526723807,0.8648392709483355,0.1583759962897349,0.3841463414634146,0
CHAOS_0228,Ca-Cd-Fe-Mg,Combined,3,1.25093673102565,1.219588122966452,0.03134860805919715,0.676829268292683,0
CHAOS_0229,Ca-Cu-Mn-V,Combined,2,1.072797425504091,1.154631404491686,-0.08183397898759504,0.4390243902439024,0
CHAOS_0230,Ca-Mg-Sr-Zn,Combined,3,1.327902587270565,1.054729210142842,0.2731733771277238,0.7682926829268293,1
CHAOS_0231,Cd-Co-Sn-Sr,Combined,4,1.263668498353639,1.13881689013878,0.124851608214859,0.693089430894309,0
CHAOS_0232,Mg-Nb-Sn-Ti,Combined,1,0.6248569778012288,0.5653881010919818,0.05946887670924705,0.05284552845528456,0
CHAOS_0233,Cd-Mg-Mn-Ni,Combined,4,1.511159298237257,1.489865015087433,0.02129428314982396,0.8841463414634146,1
CHAOS_0234,Mg-Mn-Ni-Sn,Combined,4,1.111710652108474,1.31333917341923,-0.2016285213107558,0.4796747967479675,0
CHAOS_0235,Cd-Nb-Sn-Zn,Combined,1,0.6518707339580423,0.6741315806671122,-0.02226084670906991,0.07113821138211382,0
CHAOS_0236,Cd-Co-Mn-Ni,Combined,5,1.285073462873181,1.608374417369907,-0.3233009544967258,0.7154471544715447,0
CHAOS_0237,Ca-Fe-Mn-Sr,Combined,4,0.9956481107252744,1.070008649671424,-0.07436053894614991,0.3678861788617886,0
CHAOS_0238,Ca-Sn-Ti-Zn,Combined,3,0.8174993023044045,1.010303195602115,-0.1928038932977106,0.2215447154471545,0
CHAOS_0239,Ca-Nb-Sr-Ti,Combined,2,0.9277484639747994,1.128174595063704,-0.2004261310889047,0.3252032520325203,0
CHAOS_0240,Co-Fe-Ni-V,Combined,3,1.083654927940081,1.176629215014113,-0.09297428707403244,0.451219512195122,0
CHAOS_0241,Cd-Mg-Mn-Sn,Combined,4,1.185264097653942,2.094818831144434,-0.9095547334904919,0.6056910569105691,0
CHAOS_0242,Co-Mg-Sr-Zn,Combined,5,1.152182593008562,1.133241347803192,0.01894124520536988,0.5426829268292683,0
CHAOS_0243,Ca-Sn-Sr-V,Combined,4,1.162059574293993,0.9710916666124068,0.190967907681586,0.5630081300813008,0
CHAOS_0244,Cu-Fe-Mg-Ti,Combined,5,1.15644964611013,1.053969789146676,0.1024798569634546,0.5528455284552846,0
CHAOS_0245,Cd-Mn-Nb-Sn,Combined,1,0.5648765924278331,1.068357992518821,-0.5034814000909879,0.01626016260162602,0
CHAOS_0246,Mg-Nb-Sn-Zn,Combined,1,0.646351589409448,1.002649304572694,-0.3562977151632456,0.06707317073170732,0
CHAOS_0247,Ca-Cd-Co-Mn,Combined,3,1.547698281714336,1.389542062890459,0.1581562188238774,0.9085365853658537,1
CHAOS_0248,Cu-Fe-Mg-Zn,Combined,1,1.399042355104729,1.529740007060107,-0.1306976519553782,0.8272357723577236,1
CHAOS_0249,Fe-Mn-Sn-Sr,Combined,3,1.088147936744067,0.9815510010602012,0.106596935683866,0.4613821138211382,0
CHAOS_0250,Mg-Mn-Ti-V,Combined,3,1.188523349107798,1.02878794532912,0.1597354037786782,0.6117886178861789,0
CHAOS_0251,Ca-Mg-Mn-Zn,Combined,1,1.121524797606531,1.25835994468805,-0.136835147081519,0.4979674796747968,0
CHAOS_0252,Cd-Sn-Sr-V,Combined,5,0.8847660897452448,0.9009546361850834,-0.01618854643983858,0.2784552845528455,0
CHAOS_0253,Ca-Co-Ni-Sn,Combined,5,1.340719172378263,1.345317825443808,-0.004598653065544633,0.7784552845528455,1
CHAOS_0254,Fe-Mn-Ni-Sr,Combined,3,1.03731903760636,1.262354193299583,-0.2250351556932235,0.3983739837398374,0
CHAOS_0255,Ca-Cd-Mg-Sn,Combined,4,1.538215935701309,1.159744909861823,0.3784710258394863,0.9065040650406504,1
CHAOS_0256,Ca-Mn-Ti-Zn,Combined,3,1.060590892351621,1.114021031260193,-0.05343013890857251,0.4227642276422764,0
CHAOS_0257,Mg-Mn-Sr-Zn,Combined,4,1.292378136628658,1.04057098061,0.2518071560186572,0.7235772357723578,0
CHAOS_0258,Mn-Nb-Sn-V,Combined,5,0.6828270977354906,0.7386168711222688,-0.05578977338677826,0.09959349593495935,0
CHAOS_0259,Mn-Sn-Sr-V,Combined,4,0.8817948253433441,0.901028679934774,-0.0192338545914299,0.2764227642276423,0
CHAOS_0260,Co-Nb-Sn-Sr,Combined,5,0.7114189170248937,0.871596120218948,-0.1601772031940543,0.1199186991869919,0
CHAOS_0261,Cd-Mn-Ti-Zn,Combined,4,0.8955775258506214,1.167417187601755,-0.2718396617511333,0.2886178861788618,0
CHAOS_0262,Ca-Mg-Ti-Zn,Combined,3,1.273165499856323,1.03627376781546,0.236891732040863,0.7032520325203252,0
CHAOS_0263,Cd-Co-Mn-Sr,Combined,2,1.214110738314484,1.27128940772895,-0.05717866941446514,0.6504065040650406,0
CHAOS_0264,Mg-Mn-Nb-Zn,Combined,5,1.135672877054566,0.6256785097296303,0.5099943673249353,0.524390243902439,0
CHAOS_0265,Ca-Co-Mn-Zn,Combined,5,1.80356438164526,1.421827831659761,0.3817365499854992,0.9857723577235772,1
CHAOS_0266,Cd-Fe-Nb-Sr,Combined,2,0.7486517012262515,0.9373231488298964,-0.188671447603645,0.1605691056910569,0
CHAOS_0267,Co-Ni-Sn-Zn,Combined,1,1.487980628304861,1.122416775069139,0.3655638532357224,0.8699186991869918,1
CHAOS_0268,Ca-Co-Fe-Mn,Combined,4,1.579163403440085,1.408657896626245,0.1705055068138395,0.9227642276422764,1
CHAOS_0269,Ca-Fe-Nb-Zn,Combined,1,1.083838384064015,1.098313652472604,-0.01447526840858959,0.4532520325203252,0
CHAOS_0270,Fe-Nb-Ti-Zn,Combined,5,0.9016900539737475,0.6190477869706252,0.2826422670031222,0.2926829268292683,0
CHAOS_0271,Fe-Mg-Nb-Ti,Combined,5,1.014086779637921,0.8713550134066614,0.1427317662312597,0.3760162601626016,0
CHAOS_0272,Fe-Mn-Ni-Sn,Combined,3,1.155331019902028,1.157207670807532,-0.001876650905504373,0.5487804878048781,0
CHAOS_0273,Cu-Fe-Mn-Zn,Combined,1,1.494561793843518,1.168011958864691,0.3265498349788269,0.8739837398373984,1
CHAOS_0274,Mn-Sr-Ti-Zn,Combined,5,0.6651075305999091,0.8300215972551227,-0.1649140666552136,0.07723577235772358,0
CHAOS_0275,Cd-Mg-Ni-Sr,Combined,1,1.205661971159563,1.297422825573133,-0.09176085441357062,0.6341463414634146,0
CHAOS_0276,Mn-Sn-Ti-V,Combined,2,0.66465477254142,0.8701873747857471,-0.2055326022443271,0.07520325203252033,0
CHAOS_0277,Ca-Co-Mn-Ni,Combined,5,1.323322093368211,1.496178537028856,-0.172856443660645,0.7621951219512195,1
CHAOS_0278,Co-Ni-Sn-Sr,Combined,2,1.016759127924876,1.295667174341118,-0.2789080464162417,0.3780487804878049,0
CHAOS_0279,Nb-Sr-Ti-V,Combined,2,0.8227158358259954,1.019194444855388,-0.1964786090293924,0.2296747967479675,0
CHAOS_0280,Cd-Co-Mn-Sn,Combined,4,1.130982316485968,1.126194226182788,0.004788090303180059,0.5182926829268293,0
CHAOS_0281,Ca-Cd-Fe-Sr,Combined,3,1.165086657203948,1.236459391188694,-0.07137273398474608,0.5691056910569106,0
CHAOS_0282,Co-Mg-Ni-Zn,Combined,3,1.868681015117301,1.573077117023093,0.2956038980942075,0.991869918699187,1
CHAOS_0283,Nb-Sn-Ti-Zn,Combined,4,0.5826426317615272,0.9650970217912418,-0.3824543900297146,0.02439024390243903,0
CHAOS_0284,Cd-Fe-Mg-Sn,Combined,4,1.19872679388522,1.021849962843882,0.1768768310413378,0.6260162601626016,0
CHAOS_0285,Co-Ni-Sr-Zn,Combined,3,1.050395066455944,1.314053191097263,-0.2636581246413194,0.4146341463414634,0
CHAOS_0286,Ca-Mn-Ni-Zn,Combined,4,1.300381421867191,1.447610870202572,-0.1472294483353811,0.7378048780487805,0
CHAOS_0287,Fe-Sn-Ti-V,Combined,3,0.6094939388941226,0.5751203476526429,0.03437359124147976,0.03658536585365853,0
CHAOS_0288,Cd-Mn-Sn-Sr,Combined,1,1.129169937846337,1.052253992883335,0.07691594496300147,0.5142276422764228,0
CHAOS_0289,Cd-Co-Cu-Fe,Combined,4,1.392133702948275,1.326077999347142,0.06605570360113333,0.8150406504065041,1
CHAOS_0290,Co-Cu-Mn-Zn,Combined,1,1.696325867578881,1.433752017719821,0.2625738498590595,0.9634146341463414,1
CHAOS_0291,Co-Nb-Sn-Ti,Combined,3,0.6032527143696905,0.6713207701875722,-0.06806805581788167,0.03252032520325204,0
CHAOS_0292,Cu-Mg-Ni-Sn,Combined,3,1.286035417952333,1.914853513029509,-0.6288180950771756,0.717479674796748,0
CHAOS_0293,Fe-Sn-Sr-Ti,Combined,4,0.802754446463544,0.6823748307013652,0.1203796157621788,0.2073170731707317,0
CHAOS_0294,Co-Fe-Sr-Zn,Combined,5,1.096426941753556,1.164225948690515,-0.0677990069369594,0.467479674796748,0
CHAOS_0295,Mg-Mn-Ni-Zn,Combined,3,1.606779782660192,1.49739521043223,0.1093845722279616,0.9369918699186992,1
CHAOS_0296,Sn-Sr-V-Zn,Combined,5,0.9180703406439581,0.9043996673345596,0.01367067330939853,0.3191056910569106,0
CHAOS_0297,Cd-Mg-Mn-Zn,Combined,3,1.710859954081329,1.304035138307297,0.4068248157740317,0.9715447154471545,1
CHAOS_0298,Fe-Mn-Ni-V,Combined,3,1.122542588756809,1.29905632660578,-0.176513737848971,0.5020325203252033,0
CHAOS_0299,Ca-Co-Ni-Zn,Combined,2,1.511239822825045,1.534333983518351,-0.02309416069330616,0.8882113821138211,1
CHAOS_0300,Cd-Ni-Sn-Sr,Combined,3,1.321897875753649,1.200373958054295,0.1215239176993543,0.758130081300813,1
CHAOS_0301,Cd-Nb-Sr-Zn,Combined,4,0.8157040566323138,0.8270556215220122,-0.01135156488969835,0.2154471544715447,0
CHAOS_0302,Fe-Mg-Sn-Ti,Combined,2,0.6687673944885411,1.030878828741149,-0.3621114342526079,0.08536585365853659,0
CHAOS_0303,Ca-Cd-Mn-V,Combined,3,1.228468795563434,1.171930921276011,0.05653787428742296,0.6585365853658537,0
CHAOS_0304,Fe-Mg-Ti-Zn,Combined,5,1.258096245847293,1.13542891850597,0.1226673273413237,0.6829268292682927,0
CHAOS_0305,Mg-Nb-Sn-Tc,Combined,3,0.6221542679673618,0.7762301778707457,-0.1540759099033838,0.04878048780487805,0
CHAOS_0306,Ca-Mg-V-Zn,Combined,3,1.69180460770443,1.143503840466703,0.5483007672377269,0.9613821138211383,1
CHAOS_0307,Cd-Fe-Mn-Sr,Combined,5,1.259529238035873,1.100269529347782,0.1592597086880909,0.6869918699186992,0
CHAOS_0308,Co-Mn-V-Zn,Combined,3,1.384689813556375,1.314724924821521,0.06996488873485407,0.8130081300813008,1
CHAOS_0309,Nb-Sr-V-Zn,Combined,5,0.7199502359358344,0.8217952764311931,-0.1018450404953587,0.1402439024390244,0
CHAOS_0310,Co-Mg-V-Zn,Combined,5,1.671153362161451,1.322825386678942,0.3483279754825084,0.9532520325203252,1
CHAOS_0311,Mg-Mn-Nb-Ti,Combined,1,0.9096609390384734,0.8963750364389895,0.01328590259948392,0.3048780487804878,0
CHAOS_0312,Ca-Fe-Nb-Ti,Combined,3,1.157830920803343,1.050803494526378,0.1070274262769644,0.556910569105691,0
CHAOS_0313,Ca-Mg-Sr-Ti,Combined,1,1.155941013206856,1.07520523492948,0.08073577827737544,0.5508130081300813,0
CHAOS_0314,Cd-Nb-Sr-V,Combined,5,0.6837553790209128,1.041051581667156,-0.357296202646243,0.1016260162601626,0
CHAOS_0315,Mn-Nb-Sn-Zn,Combined,1,0.705667002881712,0.9326648920733888,-0.2269978891916767,0.1158536585365854,0
CHAOS_0316,Ca-Cd-Sn-Sr,Combined,5,1.673205519314265,1.258960417792633,0.4142451015216315,0.9552845528455285,1
CHAOS_0317,Cd-Mn-Sn-Ti,Combined,3,0.6961816733105757,1.030777043724173,-0.3345953704135969,0.1117886178861789,0
CHAOS_0318,Fe-Sn-Ti-Zn,Combined,2,0.7921810509330253,0.9087755728947885,-0.1165945219617632,0.1971544715447154,0
CHAOS_0319,Fe-Mg-Sr-Ti,Combined,1,0.8384554386020648,0.9844404458425551,-0.1459850072404902,0.2479674796747967,0
CHAOS_0320,Mg-Sn-Sr-V,Combined,5,0.9807892135206024,0.7983047610983796,0.1824844524222229,0.3577235772357724,0
CHAOS_0321,Ca-Co-Fe-Sn,Combined,1,1.245801034152199,0.9833530039831032,0.262448030169096,0.6727642276422764,0
CHAOS_0322,Ca-Mg-Sr-V,Combined,2,1.211742834870557,1.144933012028812,0.06680982284174575,0.6443089430894309,0
CHAOS_0323,Mn-Sn-Sr-Ti,Combined,4,0.8052075090112812,0.921903067914339,-0.1166955589030577,0.2113821138211382,0
CHAOS_0324,Ca-Mn-Nb-Sn,Combined,2,0.8205968934849959,0.6537698329257924,0.1668270605592035,0.2276422764227642,0
CHAOS_0325,Mg-Ni-Sn-Sr,Combined,1,1.164249195115269,1.148341123546297,0.01590807156897123,0.5670731707317073,0
CHAOS_0326,Ca-Mn-Sn-Ti,Combined,3,0.6663392800864486,0.7532866579695523,-0.0869473778831037,0.07926829268292683,0
CHAOS_0327,Ca-Sr-Ti-V,Combined,4,0.9671206922382704,1.113597077640026,-0.146476385401756,0.3475609756097561,0
CHAOS_0328,Cu-Mn-Ni-Sn,Combined,4,1.066840301567491,1.051140602337492,0.01569969922999892,0.4308943089430894,0
CHAOS_0329,Fe-Nb-Sr-Zn,Combined,5,0.8452820348375416,0.7269619225828787,0.1183201122546629,0.2540650406504065,0
CHAOS_0330,Ca-Mg-Nb-V,Combined,1,1.026206532629957,0.9710521837289602,0.05515434890099657,0.3882113821138211,0
CHAOS_0331,Ca-Cd-Sr-Ti,Combined,5,0.92373450368859,1.05629727129678,-0.1325627676081904,0.3231707317073171,0
CHAOS_0332,Cd-Mg-Mn-V,Combined,2,0.9178243422226755,1.108460377183024,-0.1906360349603484,0.3170731707317073,0
CHAOS_0333,Nb-Sn-V-Zn,Combined,1,0.5725499817725076,0.6866233814856426,-0.114073399713135,0.02032520325203252,0
CHAOS_0334,Co-Mn-Ni-Sr,Combined,4,1.046615986554889,1.303159186397828,-0.2565431998429397,0.4065040650406504,0
CHAOS_0335,Fe-Sr-Ti-Zn,Combined,3,0.9648311303093078,0.9954672553027839,-0.03063612499347612,0.3455284552845528,0
CHAOS_0336,Cu-Mg-Mn-V,Combined,3,1.282965742770515,1.189527962459193,0.09343778031132177,0.7134146341463414,0
CHAOS_0337,Mn-Sr-V-Zn,Combined,3,1.130470135190374,1.069004818623296,0.06146531656707843,0.516260162601626,0
CHAOS_0338,Co-Cu-Fe-Mg,Combined,4,1.689722952851579,1.600042994278612,0.08967995857296662,0.959349593495935,1
CHAOS_0339,Fe-Mg-Ni-Sn,Combined,4,1.175653267256128,1.394813072802737,-0.2191598055466084,0.5995934959349594,0
CHAOS_0340,Co-Cu-Mn-Ni,Combined,5,1.216946630680961,1.508020883583861,-0.2910742529029005,0.6544715447154471,0
CHAOS_0341,Fe-Mg-Nb-Zn,Combined,2,1.079677262619074,0.6831243523689763,0.3965529102500973,0.443089430894309,0
CHAOS_0342,Mg-Sr-V-Zn,Combined,3,1.175334252049758,1.03826319047262,0.1370710615771384,0.5955284552845529,0
CHAOS_0343,Ca-Cd-Co-Sn,Combined,1,1.471828573543638,1.316810210519426,0.1550183630242126,0.8577235772357723,1
CHAOS_0344,Cd-Mn-Ni-Sr,Combined,5,1.187682243559886,1.271948781535297,-0.0842665379754104,0.6097560975609756,0
CHAOS_0345,Ca-Nb-Sn-V,Combined,5,0.6989668505488014,0.8407452129467761,-0.1417783623979747,0.1138211382113821,0
CHAOS_0346,Co-Mn-Ni-Sn,Combined,5,1.084885201399062,1.353566205764563,-0.2686810043655004,0.4573170731707317,0
CHAOS_0347,Mn-Sn-V-Zn,Combined,3,0.7999544531071077,0.9931973250331483,-0.1932428719260406,0.2052845528455285,0
CHAOS_0348,Cd-Mn-Nb-V,Combined,1,0.7741946754535253,0.8136358312677121,-0.03944115581418683,0.1890243902439024,0
CHAOS_0349,Cd-Co-Fe-Mg,Combined,5,1.426385200619306,1.466844140939122,-0.04045894031981589,0.8455284552845529,1
CHAOS_0350,Sn-Sr-Ti-Zn,Combined,3,0.8162910718898011,0.9443653727894172,-0.1280743008996161,0.217479674796748,0
CHAOS_0351,Ca-Cd-Sn-V,Combined,5,0.8815305143142428,1.006290333457242,-0.1247598191429992,0.274390243902439,0
CHAOS_0352,Cu-Mg-Mn-Zn,Combined,2,1.533023201680603,1.516222000426906,0.01680120125369666,0.9044715447154471,1
CHAOS_0353,Cd-Mg-Sr-Ti,Combined,2,0.7909162998937248,0.8324938140274962,-0.04157751413377142,0.1951219512195122,0
CHAOS_0354,Co-Mn-Ni-Zn,Combined,2,1.79685348339864,1.649341047494492,0.1475124359041484,0.983739837398374,1
CHAOS_0355,Mn-Nb-Sn-Tc,Combined,4,0.6382273766214452,0.874462988569723,-0.2362356119482778,0.06097560975609756,0
CHAOS_0356,Cd-Co-Fe-Ni,Combined,3,1.259765181564833,1.356264640167312,-0.09649945860247877,0.6890243902439024,0
CHAOS_0357,Fe-Mg-Ni-Zn,Combined,2,1.511224567600213,1.68057340571359,-0.169348838113377,0.8861788617886179,1
CHAOS_0358,Mg-Mn-Sn-V,Combined,2,0.7872722050802018,0.8481480759085961,-0.0608758708283943,0.1930894308943089,0
CHAOS_0359,Cd-Nb-V-Zn,Combined,4,0.5915925160121891,0.9029059281914961,-0.311313412179307,0.02642276422764228,0
CHAOS_0360,Ca-Cd-Co-Sr,Combined,5,1.495405590641398,1.428895948915034,0.06650964172636442,0.8760162601626016,1
CHAOS_0361,Ca-Mg-Ni-Zn,Combined,2,1.559922369647764,1.421697198462977,0.1382251711847866,0.9166666666666666,1
CHAOS_0362,Ca-Fe-Sr-Zn,Combined,3,1.138847899320322,1.180787497174048,-0.04193959785372536,0.532520325203252,0
CHAOS_0363,Ca-Mn-Sr-V,Combined,2,1.195536391638487,1.071351615325048,0.1241847763134392,0.6219512195121951,0
CHAOS_0364,Mn-Nb-Sr-Zn,Combined,5,0.8909065404505099,0.7838133864470773,0.1070931540034326,0.282520325203252,0
CHAOS_0365,Mg-Nb-Sr-Ti,Combined,2,0.9048622491013449,0.9526191844888692,-0.04775693538752424,0.2967479674796748,0
CHAOS_0366,Cd-Ni-Sr-Zn,Combined,4,1.159264285826293,1.325293951759674,-0.1660296659333804,0.5609756097560976,0
CHAOS_0367,Cd-Cu-Mn-Ni,Combined,5,1.230308284277107,1.479514927829144,-0.2492066435520373,0.6605691056910569,0
CHAOS_0368,Ca-Mn-Sn-V,Combined,4,0.9411494156490435,0.7157458854835949,0.2254035301654487,0.3353658536585366,0
CHAOS_0369,Co-Cu-Fe-Mn,Combined,2,1.422134524930218,1.373334373057131,0.04880015187308606,0.8434959349593496,1
CHAOS_0370,Ca-Cd-Ti-Zn,Combined,3,0.9085486603125361,0.929281658772766,-0.02073299846022991,0.3028455284552846,0
CHAOS_0371,Cd-Co-Ni-Sr,Combined,2,1.098212783214912,1.447253061347357,-0.3490402781324451,0.4715447154471545,0
CHAOS_0372,Ca-Co-Fe-Ni,Combined,3,1.437350421381808,1.474545905218813,-0.03719548383700588,0.8516260162601627,1
CHAOS_0373,Cd-Mn-Sr-Zn,Combined,5,1.36808736645559,1.153993572412792,0.2140937940427983,0.7947154471544715,1
CHAOS_0374,Cd-Co-Mg-Sn,Combined,4,1.293141099670322,1.142147850883997,0.1509932487863248,0.725609756097561,0
CHAOS_0375,Mg-Mn-Sn-Zn,Combined,2,1.175588372071863,1.258520424636005,-0.08293205256414238,0.5975609756097561,0
CHAOS_0376,Ca-Ni-Sr-Zn,Combined,3,1.135426608103368,1.325683106242212,-0.1902564981388444,0.5223577235772358,0
CHAOS_0377,Ca-Cd-Fe-Nb,Combined,3,0.8392327627481793,0.991780625840395,-0.1525478630922157,0.25,0
CHAOS_0378,Co-Mg-Mn-Zn,Combined,3,2.2496873840917,1.462552531199984,0.7871348528917161,1.0,1
CHAOS_0379,Mn-Sn-Ti-Zn,Combined,3,0.7507961110364794,1.079869509376345,-0.3290733983398655,0.1666666666666667,0
CHAOS_0380,Ca-Nb-Ti-Zn,Combined,4,0.9746835972880724,1.013459884124883,-0.038776286836811,0.3516260162601626,0
CHAOS_0381,Ca-Co-Sr-Zn,Combined,1,1.176980501995007,1.295886219332813,-0.1189057173378065,0.6016260162601627,0
CHAOS_0382,Co-Sn-Sr-Zn,Combined,1,1.16527111664944,1.163484274098342,0.001786842551098067,0.5711382113821138,0
CHAOS_0383,Ca-Cd-Nb-V,Combined,4,0.7174603825821938,0.6429128140712184,0.07454756851097544,0.1361788617886179,0
CHAOS_0384,Ca-Sr-Ti-Zn,Combined,1,0.9366152320476433,0.9600455150385033,-0.02343028299086003,0.3333333333333333,0
CHAOS_0385,Cd-Mn-Ti-V,Combined,4,0.7096801149953282,0.6449284531522228,0.06475166184310543,0.1178861788617886,0
CHAOS_0386,Ca-Cd-Co-Ni,Combined,5,1.304900955457005,1.552561003150138,-0.2476600476931328,0.7439024390243902,0
CHAOS_0387,Cd-Cu-Mg-Zn,Combined,1,1.877859511289396,1.417990719466082,0.4598687918233146,0.9939024390243902,1
CHAOS_0388,Mn-Ni-Sn-Zn,Combined,5,1.167459262079429,1.404588761041172,-0.2371294989617438,0.5772357723577236,0
CHAOS_0389,Mg-Mn-Sr-Ti,Combined,3,0.9706292392380562,0.9498826078093525,0.0207466314287037,0.3495934959349594,0
CHAOS_0390,Ca-Co-Mg-Ni,Combined,5,1.508495967129071,1.51042790688388,-0.001931939754809653,0.8821138211382114,1
CHAOS_0391,Co-Fe-Mg-Sr,Combined,3,1.083622728736088,1.185569761924476,-0.1019470331883876,0.4491869918699187,0
CHAOS_0392,Co-Fe-Ni-Sn,Combined,1,1.208389292618053,1.107611326424952,0.1007779661931008,0.6382113821138211,0
CHAOS_0393,Cd-Nb-Ti-Zn,Combined,2,0.6198783465910579,0.8372622109055364,-0.2173838643144785,0.04674796747967479,0
CHAOS_0394,Cd-Mg-Mn-Ti,Combined,4,0.9007641700131711,1.052871690889791,-0.1521075208766202,0.290650406504065,0
CHAOS_0395,Nb-Sr-Ti-Zn,Combined,3,0.7638274276355895,1.034460911411832,-0.2706334837762424,0.1768292682926829,0
CHAOS_0396,Fe-Ni-V-Zn,Combined,2,1.022322791045006,1.150611025692966,-0.1282882346479595,0.3800813008130081,0
CHAOS_0397,Ca-Nb-Sr-Zn,Combined,3,0.8930722251055664,1.048437101923816,-0.1553648768182493,0.2845528455284553,0
CHAOS_0398,Co-Fe-Mn-Sn,Combined,4,1.175159074631344,0.937589252850384,0.2375698217809596,0.5934959349593496,0
CHAOS_0399,Nb-Sn-Tc-Ti,Combined,4,0.5182647523290052,0.7718770571088289,-0.2536123047798238,0.004065040650406504,0
CHAOS_0400,Cd-Mg-Nb-Ti,Combined,1,0.711798106561307,0.9713706777248942,-0.2595725711635871,0.1239837398373984,0
CHAOS_0401,Ca-Cd-Ti-V,Combined,3,0.8285399345221582,1.047480025365286,-0.2189400908431274,0.2398373983739837,0
CHAOS_0402,Ca-Mn-Ni-Sn,Combined,5,1.170852445385096,1.247988566777883,-0.0771361213927877,0.5853658536585366,0
CHAOS_0403,Cu-Mg-Mn-Ni,Combined,3,1.377531623386038,1.475509731856774,-0.09797810847073607,0.7987804878048781,1
CHAOS_0404,Fe-Sn-Sr-Zn,Combined,1,1.097014057665949,0.9889492204623294,0.1080648372036199,0.4695121951219512,0
CHAOS_0405,Co-Fe-Mg-Zn,Combined,2,1.527276112529854,1.629390377308458,-0.1021142647786042,0.9004065040650406,1
CHAOS_0406,Fe-Ni-Sr-Zn,Combined,2,1.039639417639637,1.245324307560207,-0.2056848899205694,0.4044715447154472,0
CHAOS_0407,Ca-Co-Mn-Sn,Combined,4,1.513580605877796,1.178522756009995,0.3350578498678016,0.8902439024390244,1
CHAOS_0408,Ca-Mn-V-Zn,Combined,4,1.105818290437871,1.238413375116006,-0.1325950846781354,0.475609756097561,0
CHAOS_0409,Ca-Cd-Fe-Mn,Combined,2,1.295050106417776,1.208656038793374,0.08639406762440105,0.7296747967479674,0
CHAOS_0410,Mn-Nb-Sn-Sr,Combined,2,0.7397527170500307,0.6177911634589051,0.1219615535911256,0.1524390243902439,0
CHAOS_0411,Co-Fe-V-Zn,Combined,2,1.236877961740309,1.320464282673572,-0.08358632093326301,0.6666666666666666,0
CHAOS_0412,Co-Fe-Mg-Ni,Combined,1,1.686749389617243,1.707310835654703,-0.02056144603746013,0.9573170731707317,1
CHAOS_0413,Ca-Cd-Co-Zn,Combined,2,1.492309925964593,1.42956182215854,0.06274810380605311,0.8719512195121951,1
CHAOS_0414,Nb-Sn-Tc-V,Combined,5,0.502679208242676,0.4814074418186418,0.02127176642403417,0.002032520325203252,0
CHAOS_0415,Ca-Cd-Mn-Zn,Combined,3,1.740357852002945,1.30554958529771,0.4348082667052351,0.9796747967479674,1
CHAOS_0416,Ca-Co-Mg-Zn,Combined,3,1.602243669844298,1.320915338797124,0.2813283310471741,0.9349593495934959,1
CHAOS_0417,Cu-Fe-Ni-Zn,Combined,3,1.705652813974716,1.471218329097371,0.2344344848773445,0.9695121951219512,1
CHAOS_0418,Cd-Mg-Nb-Sr,Combined,3,0.771796453445933,0.8456511358689058,-0.07385468242297288,0.1869918699186992,0
CHAOS_0419,Ca-Nb-Sn-Zn,Combined,2,0.7319899604484513,0.9187948107543834,-0.1868048503059321,0.1483739837398374,0
CHAOS_0420,Ca-Fe-Ni-Zn,Combined,4,1.474058026124194,1.451745840523841,0.02231218560035253,0.8617886178861789,1
CHAOS_0421,Co-Fe-Mg-Mn,Combined,2,1.383431784518187,1.702341760571131,-0.3189099760529432,0.8109756097560976,1
CHAOS_0422,Fe-Nb-Sr-Ti,Combined,4,0.8095322244562917,1.00846624275424,-0.1989340182979484,0.2134146341463415,0
CHAOS_0423,Cd-Nb-Sn-Ti,Combined,1,0.5568821474082442,0.8339942172851427,-0.2771120698768985,0.01422764227642276,0
CHAOS_0424,Mn-Nb-Sr-Ti,Combined,4,0.795855070698399,0.9700246689629377,-0.1741695982645387,0.1991869918699187,0
CHAOS_0425,Ca-Ti-V-Zn,Combined,1,1.116134599246144,0.9596054424015263,0.1565291568446177,0.4857723577235772,0
CHAOS_0426,Mn-Nb-V-Zn,Combined,1,1.023207153774091,0.9662587809426139,0.05694837283147758,0.3821138211382114,0
CHAOS_0427,Cd-Cu-Fe-Mn,Combined,4,1.264693826799602,1.352319594346004,-0.08762576754640206,0.6951219512195121,0
CHAOS_0428,Mg-Ni-V-Zn,Combined,4,1.596211128659198,1.402311399467907,0.1938997291912905,0.9288617886178862,1
CHAOS_0429,Ca-Co-Fe-Sr,Combined,3,1.096110727924628,1.292836214501078,-0.1967254865764503,0.4654471544715447,0
CHAOS_0430,Ca-Fe-Ni-Sn,Combined,1,1.253092734868682,1.154724705449265,0.09836802941941758,0.6808943089430894,0
CHAOS_0431,Fe-Mg-Mn-Zn,Combined,2,1.320922818785079,1.534314392363545,-0.2133915735784657,0.7560975609756098,1
CHAOS_0432,Ca-Fe-Mg-Nb,Combined,1,1.123788410622507,1.023058246079992,0.1007301645425147,0.5040650406504065,0
CHAOS_0433,Ca-Cd-Ni-Zn,Combined,2,1.396947879598261,1.4255185422729,-0.02857066267463826,0.8252032520325203,1
CHAOS_0434,Cu-Fe-Mg-Mn,Combined,1,1.778381650714377,1.484868624039207,0.2935130266751695,0.9817073170731707,1
CHAOS_0435,Mn-Ti-V-Zn,Combined,5,1.082937134208443,0.773319653760935,0.3096174804475076,0.4471544715447154,0
CHAOS_0436,Cd-Cu-Ni-Zn,Combined,5,1.361766378274597,1.467015501403527,-0.1052491231289305,0.7865853658536586,1
CHAOS_0437,Cd-Sn-Sr-Ti,Combined,1,0.7998745728053109,0.9877316362565004,-0.1878570634511895,0.2032520325203252,0
CHAOS_0438,Cd-Nb-Sn-V,Combined,2,0.5501576689861641,0.4673477495710161,0.08280991941514804,0.01016260162601626,0
CHAOS_0439,Cd-Fe-Mg-Mn,Combined,2,1.586563945386,1.400788240696728,0.1857757046892723,0.9247967479674797,1
CHAOS_0440,Cd-Mg-Mn-Sr,Combined,4,1.382543739842796,1.075115606429913,0.307428133412883,0.8089430894308943,1
CHAOS_0441,Co-Mn-Ni-V,Combined,1,1.127320585877039,1.349411781715542,-0.2220911958385035,0.5101626016260162,0
CHAOS_0442,Ca-Co-Sn-Zn,Combined,4,1.429250862878319,1.247614015912945,0.1816368469653744,0.8475609756097561,1
CHAOS_0443,Co-Cu-Sn-Zn,Combined,1,1.21484447095875,0.9379318836566237,0.2769125873021263,0.6524390243902439,0
CHAOS_0444,Mg-Sr-Ti-V,Combined,5,1.032378809797083,1.049149781190458,-0.01677097139337569,0.3902439024390244,0
CHAOS_0445,Ca-Cd-Sn-Ti,Combined,1,0.7673956130871025,1.019613334903335,-0.2522177218162329,0.1808943089430894,0
CHAOS_0446,Ca-Fe-Mg-Mn,Combined,5,1.571692601755912,1.189318719774762,0.38237388198115,0.9186991869918699,1
CHAOS_0447,Cd-Fe-Sn-Sr,Combined,2,1.298696270150303,1.032668421264232,0.2660278488860717,0.733739837398374,0
CHAOS_0448,Ca-Fe-Mn-Ni,Combined,3,1.623910770493783,1.388131408370327,0.2357793621234554,0.9451219512195121,1
CHAOS_0449,Mg-Ti-V-Zn,Combined,1,1.298772619682937,0.8644294803985736,0.4343431392843634,0.7357723577235772,0
CHAOS_0450,Nb-Ti-V-Zn,Combined,5,0.9862119490919974,0.8398571466711285,0.1463548024208688,0.3658536585365854,0
CHAOS_0451,Ca-Mg-Sn-Sr,Combined,5,1.29460390069768,1.023067219657198,0.2715366810404818,0.7276422764227642,0
CHAOS_0452,Cd-Co-Fe-Mn,Combined,5,1.496802935710049,1.661434263458005,-0.1646313277479559,0.8780487804878049,1
CHAOS_0453,Ca-Sn-V-Zn,Combined,4,0.8705600558532354,0.7946622603297205,0.07589779552351483,0.2703252032520325,0
CHAOS_0454,Mg-Mn-Ni-Sr,Combined,4,1.133501581253682,1.180321813645794,-0.04682023239211275,0.5203252032520326,0
CHAOS_0455,Ca-Cd-Fe-Zn,Combined,1,1.270295216628885,1.321130615983769,-0.05083539935488401,0.7012195121951219,0
CHAOS_0456,Co-Fe-Ni-Zn,Combined,2,1.559916215796716,1.602173030644819,-0.0422568148481024,0.9146341463414634,1
CHAOS_0457,Ca-Cd-Ni-Sr,Combined,4,1.412076141599856,1.44682087060882,-0.03474472900896353,0.8313008130081301,1
CHAOS_0458,Cd-Fe-Mn-Zn,Combined,2,1.593478008490761,1.392835207431475,0.2006428010592862,0.926829268292683,1
CHAOS_0459,Mg-Mn-Nb-V,Combined,5,1.013511105259275,0.8340173254766161,0.1794937797826588,0.3739837398373984,0
CHAOS_0460,Fe-Nb-Sn-Ti,Combined,5,0.5409079295418792,0.5606271364985091,-0.01971920695662999,0.006097560975609756,0
CHAOS_0461,Mn-Ni-Sn-Sr,Combined,1,1.128890773189631,1.075123338796649,0.05376743439298215,0.5121951219512195,0
CHAOS_0462,Co-Cu-Fe-Sn,Combined,2,0.9856248604406688,0.8475160334237846,0.1381088270168842,0.3638211382113821,0
CHAOS_0463,Mg-Sn-Sr-Zn,Combined,3,1.139310370093844,0.9931298801917374,0.1461804899021064,0.5345528455284553,0
CHAOS_0464,Fe-Mg-Sn-Zn,Combined,1,1.195421537263456,1.145959600772841,0.04946193649061481,0.6199186991869918,0
CHAOS_0465,Ca-Mn-Sn-Sr,Combined,3,0.8871048720998405,1.060480274441883,-0.1733754023420422,0.2804878048780488,0
CHAOS_0466,Cu-Ni-Ti-Zn,Combined,2,1.025932634968286,1.023827429363699,0.002105205604587379,0.3861788617886179,0
CHAOS_0467,Ca-Fe-Ti-Zn,Combined,5,1.237426780445541,1.167429252777698,0.0699975276678424,0.6686991869918699,0
CHAOS_0468,Mg-Nb-Sn-V,Combined,3,0.6887561172791506,0.5767211579362543,0.1120349593428963,0.1077235772357724,0
CHAOS_0469,Ca-Nb-V-Zn,Combined,3,0.9439198790843506,1.05196130900037,-0.1080414299160195,0.3373983739837398,0
CHAOS_0470,Cd-Co-Mg-Mn,Combined,4,1.599406670221467,1.498954145400309,0.1004525248211576,0.9308943089430894,1
CHAOS_0471,Cd-Sn-V-Zn,Combined,3,0.845334360626514,0.8889314283699805,-0.0435970677434665,0.2560975609756098,0
CHAOS_0472,Cd-Sn-Ti-Zn,Combined,4,0.6791508043062541,1.067087280113857,-0.3879364758076033,0.09349593495934959,0
CHAOS_0473,Sr-Ti-V-Zn,Combined,2,0.853970367275931,0.8605521272295995,-0.006581759953668498,0.2621951219512195,0
CHAOS_0474,Mg-Mn-Ti-Zn,Combined,5,1.193553949406309,1.065351356588898,0.1282025928174113,0.6138211382113821,0
CHAOS_0475,Cd-Fe-Ni-Zn,Combined,3,1.367463168784773,1.33622618625523,0.03123698252954288,0.7926829268292683,1
CHAOS_0476,Ca-Cd-Mn-Ti,Combined,5,0.9827043571640848,1.141340084718773,-0.1586357275546886,0.3617886178861789,0
CHAOS_0477,Ca-Sr-V-Zn,Combined,1,1.013342915931344,1.100854842860869,-0.0875119269295257,0.3719512195121951,0
CHAOS_0478,Co-Cu-Mn-V,Combined,2,1.202630928994142,1.319371348494387,-0.1167404195002442,0.6300813008130082,0
CHAOS_0479,Ca-Cd-Ni-Sn,Combined,1,1.607934665070738,1.361221499320075,0.2467131657506623,0.9410569105691057,1
CHAOS_0480,Co-Fe-Mn-Sr,Combined,3,1.118387220925042,1.21690754394705,-0.0985203230220082,0.4898373983739837,0
CHAOS_0481,Cd-Mn-Sn-Zn,Combined,1,1.187073948927155,1.237654803316975,-0.05058085438981985,0.6077235772357723,0
CHAOS_0482,Cd-Fe-Mg-Ti,Combined,5,0.9110989359186664,0.9954764896269327,-0.08437755370826627,0.306910569105691,0
CHAOS_0483,Ca-Co-Fe-Mg,Combined,5,1.306013617653179,1.413998990686983,-0.1079853730338038,0.7479674796747967,0
CHAOS_0484,Cd-Nb-Sn-Sr,Combined,1,0.6789228475271074,1.104075242271934,-0.425152394744827,0.09146341463414634,0
CHAOS_0485,Mn-Nb-Sr-V,Combined,1,0.9337906307035119,0.9476035384996255,-0.01381290779611366,0.3292682926829268,0
CHAOS_0486,Ca-Cd-Mn-Nb,Combined,5,0.8542916605347015,0.9891232140918352,-0.1348315535571337,0.2642276422764228,0
CHAOS_0487,Ca-Ni-Sn-Zn,Combined,1,1.485852086449612,1.314184400631222,0.1716676858183899,0.8658536585365854,1
CHAOS_0488,Fe-Ni-Sn-Sr,Combined,1,1.084423065881324,0.8774159454317746,0.2070071204495497,0.4552845528455284,0
CHAOS_0489,Ca-Cd-Fe-Ti,Combined,1,1.036129777766465,1.041788286458439,-0.00565850869197404,0.3963414634146342,0
CHAOS_0490,Ca-Cd-Sr-Zn,Combined,5,1.600693976620637,1.252245138828303,0.3484488377923334,0.9329268292682927,1
CHAOS_0491,Co-Cu-Fe-Zn,Combined,3,1.704921669290233,1.408507513579596,0.2964141557106363,0.967479674796748,1
CHAOS_0492,Cd-Fe-Mn-Sn,Combined,2,1.100281992964172,1.021092234480433,0.07918975848373955,0.4735772357723577,0
CHAOS_0493,Cu-Mn-Ni-Zn,Combined,5,1.653449918758496,1.551066388902415,0.1023835298560811,0.9491869918699187,1
