anonymous_id,compositional_family,quartile_axis,quartile,quartile_order,quartile_definition,descriptor_column,descriptor_label,descriptor_percentile
CHAOS_0001,Ca-Cd-Co-Fe,EFA quartile,Q4,4,high EFA,lat_distortion_misfit_mean,$\bar{\epsilon}$,0.2317073170731707
CHAOS_0002,Ca-Fe-Mn-Zn,EFA quartile,Q3,3,intermediate-high EFA,lat_distortion_misfit_mean,$\bar{\epsilon}$,0.03455284552845529
CHAOS_0003,Co-Mg-Mn-Sr,EFA quartile,Q2,2,intermediate-low EFA,lat_distortion_misfit_mean,$\bar{\epsilon}$,0.4532520325203252
CHAOS_0004,Co-Mg-Mn-Ni,EFA quartile,Q4,4,high EFA,lat_distortion_misfit_mean,$\bar{\epsilon}$,0.03252032520325204
CHAOS_0005,Fe-Mg-Mn-Sr,EFA quartile,Q3,3,intermediate-high EFA,lat_distortion_misfit_mean,$\bar{\epsilon}$,0.4410569105691057
CHAOS_0006,Mg-Sn-Sr-Ti,EFA quartile,Q1,1,low EFA,lat_distortion_misfit_mean,$\bar{\epsilon}$,0.9308943089430894
CHAOS_0007,Ca-Ni-Sn-Sr,EFA quartile,Q3,3,intermediate-high EFA,lat_distortion_misfit_mean,$\bar{\epsilon}$,0.5975609756097561
CHAOS_0008,Cu-Fe-Mn-V,EFA quartile,Q2,2,intermediate-low EFA,lat_distortion_misfit_mean,$\bar{\epsilon}$,0.7520325203252033
CHAOS_0009,Co-Mg-Sn-Zn,EFA quartile,Q4,4,high EFA,lat_distortion_misfit_mean,$\bar{\epsilon}$,0.3495934959349594
CHAOS_0010,Cd-Fe-Ti-Zn,EFA quartile,Q2,2,intermediate-low EFA,lat_distortion_misfit_mean,$\bar{\epsilon}$,0.2235772357723577
CHAOS_0011,Ca-Nb-Ti-V,EFA quartile,Q2,2,intermediate-low EFA,lat_distortion_misfit_mean,$\bar{\epsilon}$,0.3089430894308943
CHAOS_0012,Mg-Nb-Sr-V,EFA quartile,Q1,1,low EFA,lat_distortion_misfit_mean,$\bar{\epsilon}$,0.4776422764227642
CHAOS_0013,Ca-Mn-Sn-Zn,EFA quartile,Q4,4,high EFA,lat_distortion_misfit_mean,$\bar{\epsilon}$,0.5386178861788617
CHAOS_0014,Ca-Fe-Mg-Sn,EFA quartile,Q4,4,high EFA,lat_distortion_misfit_mean,$\bar{\epsilon}$,0.7601626016260162
CHAOS_0015,Cd-Mg-Sr-V,EFA quartile,Q2,2,intermediate-low EFA,lat_distortion_misfit_mean,$\bar{\epsilon}$,0.4491869918699187
CHAOS_0016,Ca-Mg-Mn-Nb,EFA quartile,Q2,2,intermediate-low EFA,lat_distortion_misfit_mean,$\bar{\epsilon}$,0.4959349593495935
CHAOS_0017,Ca-Cd-Mg-Nb,EFA quartile,Q2,2,intermediate-low EFA,lat_distortion_misfit_mean,$\bar{\epsilon}$,0.2967479674796748
CHAOS_0018,Ca-Mg-Ni-Sr,EFA quartile,Q3,3,intermediate-high EFA,lat_distortion_misfit_mean,$\bar{\epsilon}$,0.2784552845528455
CHAOS_0019,Ca-Co-Fe-Zn,EFA quartile,Q4,4,high EFA,lat_distortion_misfit_mean,$\bar{\epsilon}$,0.1849593495934959
CHAOS_0020,Cd-Cu-Mg-Mn,EFA quartile,Q4,4,high EFA,lat_distortion_misfit_mean,$\bar{\epsilon}$,0.8150406504065041
CHAOS_0021,Nb-Sn-Sr-V,EFA quartile,Q1,1,low EFA,lat_distortion_misfit_mean,$\bar{\epsilon}$,0.491869918699187
CHAOS_0022,Cd-Sr-Ti-V,EFA quartile,Q1,1,low EFA,lat_distortion_misfit_mean,$\bar{\epsilon}$,0.9085365853658537
CHAOS_0023,Ca-Cd-Mn-Sr,EFA quartile,Q4,4,high EFA,lat_distortion_misfit_mean,$\bar{\epsilon}$,0.1585365853658537
CHAOS_0024,Co-Cu-Mg-Mn,EFA quartile,Q4,4,high EFA,lat_distortion_misfit_mean,$\bar{\epsilon}$,0.2947154471544716
CHAOS_0025,Cd-Cu-Fe-Zn,EFA quartile,Q4,4,high EFA,lat_distortion_misfit_mean,$\bar{\epsilon}$,0.5142276422764228
CHAOS_0026,Ca-Co-Mn-Sr,EFA quartile,Q2,2,intermediate-low EFA,lat_distortion_misfit_mean,$\bar{\epsilon}$,0.5447154471544715
CHAOS_0027,Cd-Co-Fe-Sr,EFA quartile,Q3,3,intermediate-high EFA,lat_distortion_misfit_mean,$\bar{\epsilon}$,0.4817073170731707
CHAOS_0028,Cd-Co-Sr-Zn,EFA quartile,Q3,3,intermediate-high EFA,lat_distortion_misfit_mean,$\bar{\epsilon}$,0.4979674796747968
CHAOS_0029,Ca-Mg-Nb-Sn,EFA quartile,Q1,1,low EFA,lat_distortion_misfit_mean,$\bar{\epsilon}$,0.9065040650406504
CHAOS_0030,Cd-Mn-Sn-V,EFA quartile,Q1,1,low EFA,lat_distortion_misfit_mean,$\bar{\epsilon}$,0.8658536585365854
CHAOS_0031,Mg-Ni-Sr-Zn,EFA quartile,Q2,2,intermediate-low EFA,lat_distortion_misfit_mean,$\bar{\epsilon}$,0.5182926829268293
CHAOS_0032,Cd-Mn-Ni-Zn,EFA quartile,Q4,4,high EFA,lat_distortion_misfit_mean,$\bar{\epsilon}$,0.3008130081300813
CHAOS_0033,Cd-Mn-Sr-V,EFA quartile,Q2,2,intermediate-low EFA,lat_distortion_misfit_mean,$\bar{\epsilon}$,0.6361788617886179
CHAOS_0034,Cu-Fe-Sn-Zn,EFA quartile,Q4,4,high EFA,lat_distortion_misfit_mean,$\bar{\epsilon}$,0.5467479674796748
CHAOS_0035,Ca-Mg-Mn-Ni,EFA quartile,Q4,4,high EFA,lat_distortion_misfit_mean,$\bar{\epsilon}$,0.1158536585365854
CHAOS_0036,Ca-Cd-Fe-Ni,EFA quartile,Q3,3,intermediate-high EFA,lat_distortion_misfit_mean,$\bar{\epsilon}$,0.3252032520325203
CHAOS_0037,Ca-Mg-Nb-Zn,EFA quartile,Q3,3,intermediate-high EFA,lat_distortion_misfit_mean,$\bar{\epsilon}$,0.3170731707317073
CHAOS_0038,Nb-Tc-Ti-V,EFA quartile,Q1,1,low EFA,lat_distortion_misfit_mean,$\bar{\epsilon}$,0.7134146341463414
CHAOS_0039,Ca-Cu-Mg-Mn,EFA quartile,Q4,4,high EFA,lat_distortion_misfit_mean,$\bar{\epsilon}$,0.241869918699187
CHAOS_0040,Co-Mg-Mn-Sn,EFA quartile,Q3,3,intermediate-high EFA,lat_distortion_misfit_mean,$\bar{\epsilon}$,0.4105691056910569
CHAOS_0041,Co-Mg-Ni-Sn,EFA quartile,Q4,4,high EFA,lat_distortion_misfit_mean,$\bar{\epsilon}$,0.4390243902439024
CHAOS_0042,Cd-Co-Mg-Sr,EFA quartile,Q3,3,intermediate-high EFA,lat_distortion_misfit_mean,$\bar{\epsilon}$,0.2886178861788618
CHAOS_0043,Cd-Mg-Nb-Sn,EFA quartile,Q1,1,low EFA,lat_distortion_misfit_mean,$\bar{\epsilon}$,0.2195121951219512
CHAOS_0044,Ca-Mn-Nb-Sr,EFA quartile,Q2,2,intermediate-low EFA,lat_distortion_misfit_mean,$\bar{\epsilon}$,0.6707317073170732
CHAOS_0045,Mg-Sn-Ti-V,EFA quartile,Q1,1,low EFA,lat_distortion_misfit_mean,$\bar{\epsilon}$,0.9573170731707317
CHAOS_0046,Cd-Fe-Sr-Ti,EFA quartile,Q1,1,low EFA,lat_distortion_misfit_mean,$\bar{\epsilon}$,0.4573170731707317
CHAOS_0047,Ca-Cd-Sn-Zn,EFA quartile,Q4,4,high EFA,lat_distortion_misfit_mean,$\bar{\epsilon}$,0.4451219512195122
CHAOS_0048,Cd-Co-Sn-Zn,EFA quartile,Q3,3,intermediate-high EFA,lat_distortion_misfit_mean,$\bar{\epsilon}$,0.5995934959349594
CHAOS_0049,Cu-Mn-V-Zn,EFA quartile,Q3,3,intermediate-high EFA,lat_distortion_misfit_mean,$\bar{\epsilon}$,0.5792682926829268
CHAOS_0050,Cd-Ni-Sn-Zn,EFA quartile,Q3,3,intermediate-high EFA,lat_distortion_misfit_mean,$\bar{\epsilon}$,0.6585365853658537
CHAOS_0051,Ca-Mg-Mn-Sn,EFA quartile,Q3,3,intermediate-high EFA,lat_distortion_misfit_mean,$\bar{\epsilon}$,0.7886178861788617
CHAOS_0052,Co-Cu-Mg-Ni,EFA quartile,Q4,4,high EFA,lat_distortion_misfit_mean,$\bar{\epsilon}$,0.1727642276422764
CHAOS_0053,Fe-Mn-Sn-Zn,EFA quartile,Q3,3,intermediate-high EFA,lat_distortion_misfit_mean,$\bar{\epsilon}$,0.7215447154471545
CHAOS_0054,Ca-Mn-Nb-Zn,EFA quartile,Q2,2,intermediate-low EFA,lat_distortion_misfit_mean,$\bar{\epsilon}$,0.3678861788617886
CHAOS_0055,Ca-Mg-Ti-V,EFA quartile,Q4,4,high EFA,lat_distortion_misfit_mean,$\bar{\epsilon}$,0.2296747967479675
CHAOS_0056,Mn-Nb-Ti-Zn,EFA quartile,Q1,1,low EFA,lat_distortion_misfit_mean,$\bar{\epsilon}$,0.8597560975609756
CHAOS_0057,Cd-Fe-Nb-Ti,EFA quartile,Q1,1,low EFA,lat_distortion_misfit_mean,$\bar{\epsilon}$,0.524390243902439
CHAOS_0058,Nb-Sn-Sr-Ti,EFA quartile,Q1,1,low EFA,lat_distortion_misfit_mean,$\bar{\epsilon}$,0.9329268292682927
CHAOS_0059,Cu-Nb-Sn-Tc,EFA quartile,Q1,1,low EFA,lat_distortion_misfit_mean,$\bar{\epsilon}$,0.9695121951219512
CHAOS_0060,Mg-Mn-Nb-Sr,EFA quartile,Q2,2,intermediate-low EFA,lat_distortion_misfit_mean,$\bar{\epsilon}$,0.7845528455284553
CHAOS_0061,Cu-Mn-Sn-Zn,EFA quartile,Q3,3,intermediate-high EFA,lat_distortion_misfit_mean,$\bar{\epsilon}$,0.7154471544715447
CHAOS_0062,Ca-Mn-Sr-Ti,EFA quartile,Q1,1,low EFA,lat_distortion_misfit_mean,$\bar{\epsilon}$,0.790650406504065
CHAOS_0063,Cd-Co-Mg-Zn,EFA quartile,Q4,4,high EFA,lat_distortion_misfit_mean,$\bar{\epsilon}$,0.1686991869918699
CHAOS_0064,Co-Mg-Mn-V,EFA quartile,Q4,4,high EFA,lat_distortion_misfit_mean,$\bar{\epsilon}$,0.08943089430894309
CHAOS_0065,Co-Fe-Mn-Zn,EFA quartile,Q4,4,high EFA,lat_distortion_misfit_mean,$\bar{\epsilon}$,0.1178861788617886
CHAOS_0066,Cd-Mg-Sn-Sr,EFA quartile,Q4,4,high EFA,lat_distortion_misfit_mean,$\bar{\epsilon}$,0.5121951219512195
CHAOS_0067,Cu-Mg-Ni-Zn,EFA quartile,Q4,4,high EFA,lat_distortion_misfit_mean,$\bar{\epsilon}$,0.05691056910569105
CHAOS_0068,Ca-Cd-Mg-Zn,EFA quartile,Q4,4,high EFA,lat_distortion_misfit_mean,$\bar{\epsilon}$,0.06910569105691057
CHAOS_0069,Co-Mg-Sn-Sr,EFA quartile,Q3,3,intermediate-high EFA,lat_distortion_misfit_mean,$\bar{\epsilon}$,0.6097560975609756
CHAOS_0070,Cd-Mg-Ti-V,EFA quartile,Q1,1,low EFA,lat_distortion_misfit_mean,$\bar{\epsilon}$,0.02235772357723577
CHAOS_0071,Mg-Nb-V-Zn,EFA quartile,Q2,2,intermediate-low EFA,lat_distortion_misfit_mean,$\bar{\epsilon}$,0.8719512195121951
CHAOS_0072,Cu-Nb-Sn-Ti,EFA quartile,Q1,1,low EFA,lat_distortion_misfit_mean,$\bar{\epsilon}$,0.9776422764227642
CHAOS_0073,Cd-Mn-V-Zn,EFA quartile,Q2,2,intermediate-low EFA,lat_distortion_misfit_mean,$\bar{\epsilon}$,0.1626016260162602
CHAOS_0074,Co-Mn-Sn-Sr,EFA quartile,Q3,3,intermediate-high EFA,lat_distortion_misfit_mean,$\bar{\epsilon}$,0.717479674796748
CHAOS_0075,Ca-Cd-V-Zn,EFA quartile,Q4,4,high EFA,lat_distortion_misfit_mean,$\bar{\epsilon}$,0.1768292682926829
CHAOS_0076,Mg-Mn-Nb-Sn,EFA quartile,Q1,1,low EFA,lat_distortion_misfit_mean,$\bar{\epsilon}$,0.3130081300813008
CHAOS_0077,Ca-Fe-Sn-Sr,EFA quartile,Q3,3,intermediate-high EFA,lat_distortion_misfit_mean,$\bar{\epsilon}$,0.7703252032520326
CHAOS_0078,Cd-Co-Mn-Zn,EFA quartile,Q4,4,high EFA,lat_distortion_misfit_mean,$\bar{\epsilon}$,0.233739837398374
CHAOS_0079,Co-Mn-Sn-Zn,EFA quartile,Q4,4,high EFA,lat_distortion_misfit_mean,$\bar{\epsilon}$,0.3719512195121951
CHAOS_0080,Ca-Fe-Nb-Sn,EFA quartile,Q1,1,low EFA,lat_distortion_misfit_mean,$\bar{\epsilon}$,0.8963414634146342
CHAOS_0081,Mn-Sn-Sr-Zn,EFA quartile,Q3,3,intermediate-high EFA,lat_distortion_misfit_mean,$\bar{\epsilon}$,0.6727642276422764
CHAOS_0082,Cd-Co-Fe-Zn,EFA quartile,Q4,4,high EFA,lat_distortion_misfit_mean,$\bar{\epsilon}$,0.4126016260162602
CHAOS_0083,Cd-Mg-Ni-Zn,EFA quartile,Q4,4,high EFA,lat_distortion_misfit_mean,$\bar{\epsilon}$,0.05487804878048781
CHAOS_0084,Mn-Nb-Sn-Ti,EFA quartile,Q1,1,low EFA,lat_distortion_misfit_mean,$\bar{\epsilon}$,0.8089430894308943
CHAOS_0085,Ca-Cd-Mg-Sr,EFA quartile,Q4,4,high EFA,lat_distortion_misfit_mean,$\bar{\epsilon}$,0.1036585365853658
CHAOS_0086,Ca-Cd-Mn-Sn,EFA quartile,Q3,3,intermediate-high EFA,lat_distortion_misfit_mean,$\bar{\epsilon}$,0.3760162601626016
CHAOS_0087,Cd-Sn-Sr-Zn,EFA quartile,Q3,3,intermediate-high EFA,lat_distortion_misfit_mean,$\bar{\epsilon}$,0.4898373983739837
CHAOS_0088,Cd-Mn-Ni-Sn,EFA quartile,Q3,3,intermediate-high EFA,lat_distortion_misfit_mean,$\bar{\epsilon}$,0.6239837398373984
CHAOS_0089,Nb-Sn-Ti-V,EFA quartile,Q1,1,low EFA,lat_distortion_misfit_mean,$\bar{\epsilon}$,0.8170731707317073
CHAOS_0090,Ca-Fe-Nb-Sr,EFA quartile,Q2,2,intermediate-low EFA,lat_distortion_misfit_mean,$\bar{\epsilon}$,0.8373983739837398
CHAOS_0091,Cd-Ti-V-Zn,EFA quartile,Q1,1,low EFA,lat_distortion_misfit_mean,$\bar{\epsilon}$,0.1341463414634146
CHAOS_0092,Sn-Sr-Ti-V,EFA quartile,Q1,1,low EFA,lat_distortion_misfit_mean,$\bar{\epsilon}$,0.8841463414634146
CHAOS_0093,Ca-Cd-Mg-V,EFA quartile,Q3,3,intermediate-high EFA,lat_distortion_misfit_mean,$\bar{\epsilon}$,0.07317073170731707
CHAOS_0094,Mg-Mn-V-Zn,EFA quartile,Q2,2,intermediate-low EFA,lat_distortion_misfit_mean,$\bar{\epsilon}$,0.07926829268292683
CHAOS_0095,Cd-Co-Mg-Ni,EFA quartile,Q4,4,high EFA,lat_distortion_misfit_mean,$\bar{\epsilon}$,0.1788617886178862
CHAOS_0096,Fe-Mg-Sr-Zn,EFA quartile,Q3,3,intermediate-high EFA,lat_distortion_misfit_mean,$\bar{\epsilon}$,0.3780487804878049
CHAOS_0097,Co-Fe-Sn-Sr,EFA quartile,Q2,2,intermediate-low EFA,lat_distortion_misfit_mean,$\bar{\epsilon}$,0.5426829268292683
CHAOS_0098,Cd-Fe-Mg-Sr,EFA quartile,Q3,3,intermediate-high EFA,lat_distortion_misfit_mean,$\bar{\epsilon}$,0.2601626016260163
CHAOS_0099,Sn-Ti-V-Zn,EFA quartile,Q1,1,low EFA,lat_distortion_misfit_mean,$\bar{\epsilon}$,0.209349593495935
CHAOS_0100,Cd-Fe-Mg-Ni,EFA quartile,Q4,4,high EFA,lat_distortion_misfit_mean,$\bar{\epsilon}$,0.6199186991869918
CHAOS_0101,Ca-Fe-Mg-Ni,EFA quartile,Q4,4,high EFA,lat_distortion_misfit_mean,$\bar{\epsilon}$,0.1544715447154472
CHAOS_0102,Mg-Mn-Sn-Ti,EFA quartile,Q1,1,low EFA,lat_distortion_misfit_mean,$\bar{\epsilon}$,0.9634146341463414
CHAOS_0103,Ca-Mg-Sn-Zn,EFA quartile,Q4,4,high EFA,lat_distortion_misfit_mean,$\bar{\epsilon}$,0.6382113821138211
CHAOS_0104,Ca-Fe-Mg-Ti,EFA quartile,Q2,2,intermediate-low EFA,lat_distortion_misfit_mean,$\bar{\epsilon}$,0.5609756097560976
CHAOS_0105,Sn-Tc-Ti-V,EFA quartile,Q1,1,low EFA,lat_distortion_misfit_mean,$\bar{\epsilon}$,0.002032520325203252
CHAOS_0106,Cd-Mn-Nb-Zn,EFA quartile,Q1,1,low EFA,lat_distortion_misfit_mean,$\bar{\epsilon}$,0.2398373983739837
CHAOS_0107,Cd-Sn-Ti-V,EFA quartile,Q1,1,low EFA,lat_distortion_misfit_mean,$\bar{\epsilon}$,0.1504065040650407
CHAOS_0108,Cd-Mg-Sn-Ti,EFA quartile,Q1,1,low EFA,lat_distortion_misfit_mean,$\bar{\epsilon}$,0.08333333333333333
CHAOS_0109,Mg-Mn-Sr-V,EFA quartile,Q2,2,intermediate-low EFA,lat_distortion_misfit_mean,$\bar{\epsilon}$,0.3333333333333333
CHAOS_0110,Cd-Fe-Nb-Zn,EFA quartile,Q1,1,low EFA,lat_distortion_misfit_mean,$\bar{\epsilon}$,0.9898373983739838
CHAOS_0111,Ca-Co-Ni-Sr,EFA quartile,Q2,2,intermediate-low EFA,lat_distortion_misfit_mean,$\bar{\epsilon}$,0.6158536585365854
CHAOS_0112,Ca-Cd-Nb-Ti,EFA quartile,Q1,1,low EFA,lat_distortion_misfit_mean,$\bar{\epsilon}$,0.09552845528455285
CHAOS_0113,Cd-Mg-Ni-Sn,EFA quartile,Q4,4,high EFA,lat_distortion_misfit_mean,$\bar{\epsilon}$,0.4247967479674797
CHAOS_0114,Cu-Fe-Mg-Ni,EFA quartile,Q4,4,high EFA,lat_distortion_misfit_mean,$\bar{\epsilon}$,0.0975609756097561
CHAOS_0115,Ca-Cu-Mg-Zn,EFA quartile,Q4,4,high EFA,lat_distortion_misfit_mean,$\bar{\epsilon}$,0.1890243902439024
CHAOS_0116,Cd-Mg-Ti-Zn,EFA quartile,Q2,2,intermediate-low EFA,lat_distortion_misfit_mean,$\bar{\epsilon}$,0.2804878048780488
CHAOS_0117,Cd-Fe-Mg-Nb,EFA quartile,Q1,1,low EFA,lat_distortion_misfit_mean,$\bar{\epsilon}$,0.3861788617886179
CHAOS_0118,Cu-Fe-V-Zn,EFA quartile,Q2,2,intermediate-low EFA,lat_distortion_misfit_mean,$\bar{\epsilon}$,0.9471544715447154
CHAOS_0119,Ca-Mn-Nb-Ti,EFA quartile,Q1,1,low EFA,lat_distortion_misfit_mean,$\bar{\epsilon}$,0.5711382113821138
CHAOS_0120,Co-Fe-Ni-Sr,EFA quartile,Q2,2,intermediate-low EFA,lat_distortion_misfit_mean,$\bar{\epsilon}$,0.8678861788617886
CHAOS_0121,Ca-Fe-Mn-Sn,EFA quartile,Q4,4,high EFA,lat_distortion_misfit_mean,$\bar{\epsilon}$,0.6991869918699187
CHAOS_0122,Ca-Cd-Nb-Zn,EFA quartile,Q1,1,low EFA,lat_distortion_misfit_mean,$\bar{\epsilon}$,0.7296747967479674
CHAOS_0123,Ni-Sn-Sr-Zn,EFA quartile,Q2,2,intermediate-low EFA,lat_distortion_misfit_mean,$\bar{\epsilon}$,0.8699186991869918
CHAOS_0124,Ca-Co-Mg-Sn,EFA quartile,Q4,4,high EFA,lat_distortion_misfit_mean,$\bar{\epsilon}$,0.3556910569105691
CHAOS_0125,Ca-Mg-Mn-Sr,EFA quartile,Q3,3,intermediate-high EFA,lat_distortion_misfit_mean,$\bar{\epsilon}$,0.3028455284552846
CHAOS_0126,Co-Fe-Mn-Ni,EFA quartile,Q4,4,high EFA,lat_distortion_misfit_mean,$\bar{\epsilon}$,0.09959349593495935
CHAOS_0127,Cd-Mn-Nb-Ti,EFA quartile,Q1,1,low EFA,lat_distortion_misfit_mean,$\bar{\epsilon}$,0.01422764227642276
CHAOS_0128,Nb-Sn-Tc-Zn,EFA quartile,Q1,1,low EFA,lat_distortion_misfit_mean,$\bar{\epsilon}$,0.6402439024390244
CHAOS_0129,Fe-Nb-Sn-V,EFA quartile,Q1,1,low EFA,lat_distortion_misfit_mean,$\bar{\epsilon}$,0.2215447154471545
CHAOS_0130,Ca-Fe-Sr-Ti,EFA quartile,Q2,2,intermediate-low EFA,lat_distortion_misfit_mean,$\bar{\epsilon}$,0.8292682926829268
CHAOS_0131,Mg-Sn-Ti-Zn,EFA quartile,Q1,1,low EFA,lat_distortion_misfit_mean,$\bar{\epsilon}$,0.8577235772357723
CHAOS_0132,Ca-Fe-Ni-Sr,EFA quartile,Q2,2,intermediate-low EFA,lat_distortion_misfit_mean,$\bar{\epsilon}$,0.4349593495934959
CHAOS_0133,Cd-Nb-Sr-Ti,EFA quartile,Q1,1,low EFA,lat_distortion_misfit_mean,$\bar{\epsilon}$,0.07723577235772358
CHAOS_0134,Fe-Mg-Sn-Sr,EFA quartile,Q2,2,intermediate-low EFA,lat_distortion_misfit_mean,$\bar{\epsilon}$,0.7052845528455285
CHAOS_0135,Cd-Co-Ni-Sn,EFA quartile,Q3,3,intermediate-high EFA,lat_distortion_misfit_mean,$\bar{\epsilon}$,0.5914634146341463
CHAOS_0136,Mg-Nb-Sr-Zn,EFA quartile,Q2,2,intermediate-low EFA,lat_distortion_misfit_mean,$\bar{\epsilon}$,0.5264227642276422
CHAOS_0137,Cd-Fe-Sn-Zn,EFA quartile,Q3,3,intermediate-high EFA,lat_distortion_misfit_mean,$\bar{\epsilon}$,0.8861788617886179
CHAOS_0138,Cd-Mg-Sn-V,EFA quartile,Q1,1,low EFA,lat_distortion_misfit_mean,$\bar{\epsilon}$,0.01829268292682927
CHAOS_0139,Mn-Ni-V-Zn,EFA quartile,Q3,3,intermediate-high EFA,lat_distortion_misfit_mean,$\bar{\epsilon}$,0.3353658536585366
CHAOS_0140,Cd-Mg-Sr-Zn,EFA quartile,Q3,3,intermediate-high EFA,lat_distortion_misfit_mean,$\bar{\epsilon}$,0.2926829268292683
CHAOS_0141,Nb-Ni-Sn-Ti,EFA quartile,Q1,1,low EFA,lat_distortion_misfit_mean,$\bar{\epsilon}$,0.1666666666666667
CHAOS_0142,Cd-Co-Ni-Zn,EFA quartile,Q4,4,high EFA,lat_distortion_misfit_mean,$\bar{\epsilon}$,0.2378048780487805
CHAOS_0143,Mg-Sn-V-Zn,EFA quartile,Q1,1,low EFA,lat_distortion_misfit_mean,$\bar{\epsilon}$,0.8882113821138211
CHAOS_0144,Ca-Fe-Mg-Zn,EFA quartile,Q3,3,intermediate-high EFA,lat_distortion_misfit_mean,$\bar{\epsilon}$,0.06300813008130081
CHAOS_0145,Ca-Cd-Fe-Sn,EFA quartile,Q4,4,high EFA,lat_distortion_misfit_mean,$\bar{\epsilon}$,0.6971544715447154
CHAOS_0146,Ca-Mn-Nb-V,EFA quartile,Q2,2,intermediate-low EFA,lat_distortion_misfit_mean,$\bar{\epsilon}$,0.6422764227642277
CHAOS_0147,Cd-Fe-Ni-Sr,EFA quartile,Q2,2,intermediate-low EFA,lat_distortion_misfit_mean,$\bar{\epsilon}$,0.3882113821138211
CHAOS_0148,Ca-Mg-Nb-Ti,EFA quartile,Q2,2,intermediate-low EFA,lat_distortion_misfit_mean,$\bar{\epsilon}$,0.4715447154471545
CHAOS_0149,Ca-Co-Mg-Sr,EFA quartile,Q3,3,intermediate-high EFA,lat_distortion_misfit_mean,$\bar{\epsilon}$,0.3292682926829268
CHAOS_0150,Mg-Sr-Ti-Zn,EFA quartile,Q2,2,intermediate-low EFA,lat_distortion_misfit_mean,$\bar{\epsilon}$,0.741869918699187
CHAOS_0151,Cd-Mg-Mn-Nb,EFA quartile,Q1,1,low EFA,lat_distortion_misfit_mean,$\bar{\epsilon}$,0.3800813008130081
CHAOS_0152,Fe-Mn-Sr-Zn,EFA quartile,Q3,3,intermediate-high EFA,lat_distortion_misfit_mean,$\bar{\epsilon}$,0.443089430894309
CHAOS_0153,Cd-Fe-Mg-Zn,EFA quartile,Q4,4,high EFA,lat_distortion_misfit_mean,$\bar{\epsilon}$,0.201219512195122
CHAOS_0154,Ca-Mn-Ni-Sr,EFA quartile,Q2,2,intermediate-low EFA,lat_distortion_misfit_mean,$\bar{\epsilon}$,0.3983739837398374
CHAOS_0155,Cd-Mn-Nb-Sr,EFA quartile,Q1,1,low EFA,lat_distortion_misfit_mean,$\bar{\epsilon}$,0.7621951219512195
CHAOS_0156,Cd-Cu-Fe-Mg,EFA quartile,Q4,4,high EFA,lat_distortion_misfit_mean,$\bar{\epsilon}$,0.5223577235772358
CHAOS_0157,Ca-Sn-Ti-V,EFA quartile,Q1,1,low EFA,lat_distortion_misfit_mean,$\bar{\epsilon}$,0.8821138211382114
CHAOS_0158,Fe-Mg-Mn-Ni,EFA quartile,Q4,4,high EFA,lat_distortion_misfit_mean,$\bar{\epsilon}$,0.02032520325203252
CHAOS_0159,Cd-Fe-Ni-Sn,EFA quartile,Q3,3,intermediate-high EFA,lat_distortion_misfit_mean,$\bar{\epsilon}$,0.7235772357723578
CHAOS_0160,Cd-Mg-V-Zn,EFA quartile,Q3,3,intermediate-high EFA,lat_distortion_misfit_mean,$\bar{\epsilon}$,0.05284552845528456
CHAOS_0161,Ca-Mg-Mn-Ti,EFA quartile,Q2,2,intermediate-low EFA,lat_distortion_misfit_mean,$\bar{\epsilon}$,0.2865853658536585
CHAOS_0162,Co-Cu-Fe-Ni,EFA quartile,Q4,4,high EFA,lat_distortion_misfit_mean,$\bar{\epsilon}$,0.3943089430894309
CHAOS_0163,Ca-Cd-Nb-Sn,EFA quartile,Q1,1,low EFA,lat_distortion_misfit_mean,$\bar{\epsilon}$,0.1382113821138211
CHAOS_0164,Fe-Mg-Nb-Sn,EFA quartile,Q1,1,low EFA,lat_distortion_misfit_mean,$\bar{\epsilon}$,0.06504065040650407
CHAOS_0165,Cu-Mg-V-Zn,EFA quartile,Q4,4,high EFA,lat_distortion_misfit_mean,$\bar{\epsilon}$,0.459349593495935
CHAOS_0166,Fe-Mg-Nb-Sr,EFA quartile,Q2,2,intermediate-low EFA,lat_distortion_misfit_mean,$\bar{\epsilon}$,0.9186991869918699
CHAOS_0167,Ca-Sn-Sr-Ti,EFA quartile,Q2,2,intermediate-low EFA,lat_distortion_misfit_mean,$\bar{\epsilon}$,0.8556910569105691
CHAOS_0168,Cd-Mg-Sn-Zn,EFA quartile,Q4,4,high EFA,lat_distortion_misfit_mean,$\bar{\epsilon}$,0.7865853658536586
CHAOS_0169,Ca-Cd-Nb-Sr,EFA quartile,Q2,2,intermediate-low EFA,lat_distortion_misfit_mean,$\bar{\epsilon}$,0.6443089430894309
CHAOS_0170,Cd-Fe-Sn-Ti,EFA quartile,Q1,1,low EFA,lat_distortion_misfit_mean,$\bar{\epsilon}$,0.1239837398373984
CHAOS_0171,Fe-Nb-Sn-Zn,EFA quartile,Q1,1,low EFA,lat_distortion_misfit_mean,$\bar{\epsilon}$,0.983739837398374
CHAOS_0172,Cu-Nb-Sn-V,EFA quartile,Q1,1,low EFA,lat_distortion_misfit_mean,$\bar{\epsilon}$,0.967479674796748
CHAOS_0173,Cd-Nb-Ti-V,EFA quartile,Q1,1,low EFA,lat_distortion_misfit_mean,$\bar{\epsilon}$,0.1138211382113821
CHAOS_0174,Cd-Fe-Mn-Ni,EFA quartile,Q4,4,high EFA,lat_distortion_misfit_mean,$\bar{\epsilon}$,0.2621951219512195
CHAOS_0175,Ca-Fe-Sn-Ti,EFA quartile,Q1,1,low EFA,lat_distortion_misfit_mean,$\bar{\epsilon}$,0.9735772357723578
CHAOS_0176,Ca-Cd-Mg-Ni,EFA quartile,Q4,4,high EFA,lat_distortion_misfit_mean,$\bar{\epsilon}$,0.08130081300813008
CHAOS_0177,Ca-Mg-Nb-Sr,EFA quartile,Q3,3,intermediate-high EFA,lat_distortion_misfit_mean,$\bar{\epsilon}$,0.2439024390243902
CHAOS_0178,Mg-Ni-Sn-Zn,EFA quartile,Q4,4,high EFA,lat_distortion_misfit_mean,$\bar{\epsilon}$,0.2764227642276423
CHAOS_0179,Mg-Mn-Sn-Sr,EFA quartile,Q3,3,intermediate-high EFA,lat_distortion_misfit_mean,$\bar{\epsilon}$,0.7012195121951219
CHAOS_0180,Fe-Mg-Ni-Sr,EFA quartile,Q2,2,intermediate-low EFA,lat_distortion_misfit_mean,$\bar{\epsilon}$,0.4796747967479675
CHAOS_0181,Ca-Mg-Mn-V,EFA quartile,Q2,2,intermediate-low EFA,lat_distortion_misfit_mean,$\bar{\epsilon}$,0.05894308943089431
CHAOS_0182,Co-Cu-Fe-V,EFA quartile,Q2,2,intermediate-low EFA,lat_distortion_misfit_mean,$\bar{\epsilon}$,0.9796747967479674
CHAOS_0183,Ca-Co-Sn-Sr,EFA quartile,Q3,3,intermediate-high EFA,lat_distortion_misfit_mean,$\bar{\epsilon}$,0.4552845528455284
CHAOS_0184,Fe-Mn-Ni-Zn,EFA quartile,Q4,4,high EFA,lat_distortion_misfit_mean,$\bar{\epsilon}$,0.04674796747967479
CHAOS_0185,Ca-Co-Mg-Mn,EFA quartile,Q4,4,high EFA,lat_distortion_misfit_mean,$\bar{\epsilon}$,0.1016260162601626
CHAOS_0186,Ca-Nb-Sn-Ti,EFA quartile,Q1,1,low EFA,lat_distortion_misfit_mean,$\bar{\epsilon}$,0.9288617886178862
CHAOS_0187,Ca-Cd-Sr-V,EFA quartile,Q3,3,intermediate-high EFA,lat_distortion_misfit_mean,$\bar{\epsilon}$,0.676829268292683
CHAOS_0188,Ca-Mg-Sn-Ti,EFA quartile,Q1,1,low EFA,lat_distortion_misfit_mean,$\bar{\epsilon}$,0.8780487804878049
CHAOS_0189,Mn-Nb-Ti-V,EFA quartile,Q2,2,intermediate-low EFA,lat_distortion_misfit_mean,$\bar{\epsilon}$,0.4613821138211382
CHAOS_0190,Ca-Mg-Ni-Sn,EFA quartile,Q4,4,high EFA,lat_distortion_misfit_mean,$\bar{\epsilon}$,0.3455284552845528
CHAOS_0191,Cd-Cu-V-Zn,EFA quartile,Q3,3,intermediate-high EFA,lat_distortion_misfit_mean,$\bar{\epsilon}$,0.5650406504065041
CHAOS_0192,Cd-Mg-Nb-Zn,EFA quartile,Q1,1,low EFA,lat_distortion_misfit_mean,$\bar{\epsilon}$,0.08739837398373984
CHAOS_0193,Cd-Co-Fe-Sn,EFA quartile,Q3,3,intermediate-high EFA,lat_distortion_misfit_mean,$\bar{\epsilon}$,0.6178861788617886
CHAOS_0194,Nb-Sr-Tc-Ti,EFA quartile,Q1,1,low EFA,lat_distortion_misfit_mean,$\bar{\epsilon}$,0.975609756097561
CHAOS_0195,Cu-Nb-Sn-Sr,EFA quartile,Q1,1,low EFA,lat_distortion_misfit_mean,$\bar{\epsilon}$,1.0
CHAOS_0196,Ca-Cd-Mg-Ti,EFA quartile,Q2,2,intermediate-low EFA,lat_distortion_misfit_mean,$\bar{\epsilon}$,0.3597560975609756
CHAOS_0197,Ca-Nb-Sr-V,EFA quartile,Q2,2,intermediate-low EFA,lat_distortion_misfit_mean,$\bar{\epsilon}$,0.6138211382113821
CHAOS_0198,Cd-Fe-Nb-Sn,EFA quartile,Q1,1,low EFA,lat_distortion_misfit_mean,$\bar{\epsilon}$,0.6077235772357723
CHAOS_0199,Co-Mg-Ni-Sr,EFA quartile,Q2,2,intermediate-low EFA,lat_distortion_misfit_mean,$\bar{\epsilon}$,0.7682926829268293
CHAOS_0200,Co-Mn-Sr-Zn,EFA quartile,Q3,3,intermediate-high EFA,lat_distortion_misfit_mean,$\bar{\epsilon}$,0.3902439024390244
CHAOS_0201,Ca-Mn-Ti-V,EFA quartile,Q2,2,intermediate-low EFA,lat_distortion_misfit_mean,$\bar{\epsilon}$,0.3231707317073171
CHAOS_0202,Ca-Cd-Co-Mg,EFA quartile,Q4,4,high EFA,lat_distortion_misfit_mean,$\bar{\epsilon}$,0.08536585365853659
CHAOS_0203,Mn-Sr-Ti-V,EFA quartile,Q2,2,intermediate-low EFA,lat_distortion_misfit_mean,$\bar{\epsilon}$,0.8191056910569106
CHAOS_0204,Cd-Sr-Ti-Zn,EFA quartile,Q1,1,low EFA,lat_distortion_misfit_mean,$\bar{\epsilon}$,0.7804878048780488
CHAOS_0205,Fe-Ni-Sn-Zn,EFA quartile,Q3,3,intermediate-high EFA,lat_distortion_misfit_mean,$\bar{\epsilon}$,0.709349593495935
CHAOS_0206,Ca-Nb-Sn-Sr,EFA quartile,Q1,1,low EFA,lat_distortion_misfit_mean,$\bar{\epsilon}$,0.3617886178861789
CHAOS_0207,Cd-Mg-Nb-V,EFA quartile,Q1,1,low EFA,lat_distortion_misfit_mean,$\bar{\epsilon}$,0.8353658536585366
CHAOS_0208,Fe-Nb-Sn-Sr,EFA quartile,Q1,1,low EFA,lat_distortion_misfit_mean,$\bar{\epsilon}$,0.9004065040650406
CHAOS_0209,Ca-Cu-Mg-V,EFA quartile,Q3,3,intermediate-high EFA,lat_distortion_misfit_mean,$\bar{\epsilon}$,0.6219512195121951
CHAOS_0210,Ca-Fe-Mg-Sr,EFA quartile,Q3,3,intermediate-high EFA,lat_distortion_misfit_mean,$\bar{\epsilon}$,0.3963414634146342
CHAOS_0211,Ca-Sn-Sr-Zn,EFA quartile,Q3,3,intermediate-high EFA,lat_distortion_misfit_mean,$\bar{\epsilon}$,0.6483739837398373
CHAOS_0212,Cd-Mn-Sr-Ti,EFA quartile,Q2,2,intermediate-low EFA,lat_distortion_misfit_mean,$\bar{\epsilon}$,0.3638211382113821
CHAOS_0213,Mn-Ni-Sr-Zn,EFA quartile,Q3,3,intermediate-high EFA,lat_distortion_misfit_mean,$\bar{\epsilon}$,0.540650406504065
CHAOS_0214,Cd-Sr-V-Zn,EFA quartile,Q2,2,intermediate-low EFA,lat_distortion_misfit_mean,$\bar{\epsilon}$,0.7967479674796748
CHAOS_0215,Co-Fe-Mg-Sn,EFA quartile,Q3,3,intermediate-high EFA,lat_distortion_misfit_mean,$\bar{\epsilon}$,0.6321138211382114
CHAOS_0216,Cu-Sn-Ti-V,EFA quartile,Q1,1,low EFA,lat_distortion_misfit_mean,$\bar{\epsilon}$,0.5528455284552846
CHAOS_0217,Ca-Mn-Sr-Zn,EFA quartile,Q3,3,intermediate-high EFA,lat_distortion_misfit_mean,$\bar{\epsilon}$,0.4044715447154472
CHAOS_0218,Mg-Nb-Ti-V,EFA quartile,Q2,2,intermediate-low EFA,lat_distortion_misfit_mean,$\bar{\epsilon}$,0.7987804878048781
CHAOS_0219,Ca-Cd-Mn-Ni,EFA quartile,Q4,4,high EFA,lat_distortion_misfit_mean,$\bar{\epsilon}$,0.2479674796747967
CHAOS_0220,Co-Fe-Sn-Zn,EFA quartile,Q3,3,intermediate-high EFA,lat_distortion_misfit_mean,$\bar{\epsilon}$,0.6565040650406504
CHAOS_0221,Mg-Nb-Sn-Sr,EFA quartile,Q1,1,low EFA,lat_distortion_misfit_mean,$\bar{\epsilon}$,0.2357723577235772
CHAOS_0222,Cd-Fe-Sr-Zn,EFA quartile,Q3,3,intermediate-high EFA,lat_distortion_misfit_mean,$\bar{\epsilon}$,0.4166666666666667
CHAOS_0223,Ca-Fe-Sn-Zn,EFA quartile,Q3,3,intermediate-high EFA,lat_distortion_misfit_mean,$\bar{\epsilon}$,0.6849593495934959
CHAOS_0224,Mg-Nb-Ti-Zn,EFA quartile,Q2,2,intermediate-low EFA,lat_distortion_misfit_mean,$\bar{\epsilon}$,0.7459349593495935
CHAOS_0225,Ca-Cd-Mg-Mn,EFA quartile,Q4,4,high EFA,lat_distortion_misfit_mean,$\bar{\epsilon}$,0.0508130081300813
CHAOS_0226,Nb-Sn-Sr-Zn,EFA quartile,Q1,1,low EFA,lat_distortion_misfit_mean,$\bar{\epsilon}$,0.8130081300813008
CHAOS_0227,Ca-Mg-Sn-V,EFA quartile,Q2,2,intermediate-low EFA,lat_distortion_misfit_mean,$\bar{\epsilon}$,0.8272357723577236
CHAOS_0228,Ca-Cd-Fe-Mg,EFA quartile,Q3,3,intermediate-high EFA,lat_distortion_misfit_mean,$\bar{\epsilon}$,0.1056910569105691
CHAOS_0229,Ca-Cu-Mn-V,EFA quartile,Q2,2,intermediate-low EFA,lat_distortion_misfit_mean,$\bar{\epsilon}$,0.6910569105691057
CHAOS_0230,Ca-Mg-Sr-Zn,EFA quartile,Q4,4,high EFA,lat_distortion_misfit_mean,$\bar{\epsilon}$,0.2703252032520325
CHAOS_0231,Cd-Co-Sn-Sr,EFA quartile,Q3,3,intermediate-high EFA,lat_distortion_misfit_mean,$\bar{\epsilon}$,0.806910569105691
CHAOS_0232,Mg-Nb-Sn-Ti,EFA quartile,Q1,1,low EFA,lat_distortion_misfit_mean,$\bar{\epsilon}$,0.9512195121951219
CHAOS_0233,Cd-Mg-Mn-Ni,EFA quartile,Q4,4,high EFA,lat_distortion_misfit_mean,$\bar{\epsilon}$,0.3211382113821138
CHAOS_0234,Mg-Mn-Ni-Sn,EFA quartile,Q2,2,intermediate-low EFA,lat_distortion_misfit_mean,$\bar{\epsilon}$,0.508130081300813
CHAOS_0235,Cd-Nb-Sn-Zn,EFA quartile,Q1,1,low EFA,lat_distortion_misfit_mean,$\bar{\epsilon}$,0.9939024390243902
CHAOS_0236,Cd-Co-Mn-Ni,EFA quartile,Q3,3,intermediate-high EFA,lat_distortion_misfit_mean,$\bar{\epsilon}$,0.5813008130081301
CHAOS_0237,Ca-Fe-Mn-Sr,EFA quartile,Q2,2,intermediate-low EFA,lat_distortion_misfit_mean,$\bar{\epsilon}$,0.483739837398374
CHAOS_0238,Ca-Sn-Ti-Zn,EFA quartile,Q1,1,low EFA,lat_distortion_misfit_mean,$\bar{\epsilon}$,0.4878048780487805
CHAOS_0239,Ca-Nb-Sr-Ti,EFA quartile,Q2,2,intermediate-low EFA,lat_distortion_misfit_mean,$\bar{\epsilon}$,0.5752032520325203
CHAOS_0240,Co-Fe-Ni-V,EFA quartile,Q2,2,intermediate-low EFA,lat_distortion_misfit_mean,$\bar{\epsilon}$,0.9654471544715447
CHAOS_0241,Cd-Mg-Mn-Sn,EFA quartile,Q3,3,intermediate-high EFA,lat_distortion_misfit_mean,$\bar{\epsilon}$,0.7784552845528455
CHAOS_0242,Co-Mg-Sr-Zn,EFA quartile,Q3,3,intermediate-high EFA,lat_distortion_misfit_mean,$\bar{\epsilon}$,0.6504065040650406
CHAOS_0243,Ca-Sn-Sr-V,EFA quartile,Q3,3,intermediate-high EFA,lat_distortion_misfit_mean,$\bar{\epsilon}$,0.8313008130081301
CHAOS_0244,Cu-Fe-Mg-Ti,EFA quartile,Q3,3,intermediate-high EFA,lat_distortion_misfit_mean,$\bar{\epsilon}$,0.8922764227642277
CHAOS_0245,Cd-Mn-Nb-Sn,EFA quartile,Q1,1,low EFA,lat_distortion_misfit_mean,$\bar{\epsilon}$,0.03658536585365853
CHAOS_0246,Mg-Nb-Sn-Zn,EFA quartile,Q1,1,low EFA,lat_distortion_misfit_mean,$\bar{\epsilon}$,0.6056910569105691
CHAOS_0247,Ca-Cd-Co-Mn,EFA quartile,Q4,4,high EFA,lat_distortion_misfit_mean,$\bar{\epsilon}$,0.1646341463414634
CHAOS_0248,Cu-Fe-Mg-Zn,EFA quartile,Q4,4,high EFA,lat_distortion_misfit_mean,$\bar{\epsilon}$,0.2032520325203252
CHAOS_0249,Fe-Mn-Sn-Sr,EFA quartile,Q2,2,intermediate-low EFA,lat_distortion_misfit_mean,$\bar{\epsilon}$,0.6280487804878049
CHAOS_0250,Mg-Mn-Ti-V,EFA quartile,Q3,3,intermediate-high EFA,lat_distortion_misfit_mean,$\bar{\epsilon}$,0.217479674796748
CHAOS_0251,Ca-Mg-Mn-Zn,EFA quartile,Q2,2,intermediate-low EFA,lat_distortion_misfit_mean,$\bar{\epsilon}$,0.02642276422764228
CHAOS_0252,Cd-Sn-Sr-V,EFA quartile,Q2,2,intermediate-low EFA,lat_distortion_misfit_mean,$\bar{\epsilon}$,0.7378048780487805
CHAOS_0253,Ca-Co-Ni-Sn,EFA quartile,Q4,4,high EFA,lat_distortion_misfit_mean,$\bar{\epsilon}$,0.5853658536585366
CHAOS_0254,Fe-Mn-Ni-Sr,EFA quartile,Q2,2,intermediate-low EFA,lat_distortion_misfit_mean,$\bar{\epsilon}$,0.733739837398374
CHAOS_0255,Ca-Cd-Mg-Sn,EFA quartile,Q4,4,high EFA,lat_distortion_misfit_mean,$\bar{\epsilon}$,0.4695121951219512
CHAOS_0256,Ca-Mn-Ti-Zn,EFA quartile,Q2,2,intermediate-low EFA,lat_distortion_misfit_mean,$\bar{\epsilon}$,0.6524390243902439
CHAOS_0257,Mg-Mn-Sr-Zn,EFA quartile,Q3,3,intermediate-high EFA,lat_distortion_misfit_mean,$\bar{\epsilon}$,0.4065040650406504
CHAOS_0258,Mn-Nb-Sn-V,EFA quartile,Q1,1,low EFA,lat_distortion_misfit_mean,$\bar{\epsilon}$,0.4634146341463415
CHAOS_0259,Mn-Sn-Sr-V,EFA quartile,Q2,2,intermediate-low EFA,lat_distortion_misfit_mean,$\bar{\epsilon}$,0.4186991869918699
CHAOS_0260,Co-Nb-Sn-Sr,EFA quartile,Q1,1,low EFA,lat_distortion_misfit_mean,$\bar{\epsilon}$,0.9146341463414634
CHAOS_0261,Cd-Mn-Ti-Zn,EFA quartile,Q2,2,intermediate-low EFA,lat_distortion_misfit_mean,$\bar{\epsilon}$,0.1951219512195122
CHAOS_0262,Ca-Mg-Ti-Zn,EFA quartile,Q3,3,intermediate-high EFA,lat_distortion_misfit_mean,$\bar{\epsilon}$,0.3109756097560976
CHAOS_0263,Cd-Co-Mn-Sr,EFA quartile,Q3,3,intermediate-high EFA,lat_distortion_misfit_mean,$\bar{\epsilon}$,0.467479674796748
CHAOS_0264,Mg-Mn-Nb-Zn,EFA quartile,Q3,3,intermediate-high EFA,lat_distortion_misfit_mean,$\bar{\epsilon}$,0.5487804878048781
CHAOS_0265,Ca-Co-Mn-Zn,EFA quartile,Q4,4,high EFA,lat_distortion_misfit_mean,$\bar{\epsilon}$,0.1300813008130081
CHAOS_0266,Cd-Fe-Nb-Sr,EFA quartile,Q1,1,low EFA,lat_distortion_misfit_mean,$\bar{\epsilon}$,0.8109756097560976
CHAOS_0267,Co-Ni-Sn-Zn,EFA quartile,Q4,4,high EFA,lat_distortion_misfit_mean,$\bar{\epsilon}$,0.3516260162601626
CHAOS_0268,Ca-Co-Fe-Mn,EFA quartile,Q4,4,high EFA,lat_distortion_misfit_mean,$\bar{\epsilon}$,0.1605691056910569
CHAOS_0269,Ca-Fe-Nb-Zn,EFA quartile,Q2,2,intermediate-low EFA,lat_distortion_misfit_mean,$\bar{\epsilon}$,0.7032520325203252
CHAOS_0270,Fe-Nb-Ti-Zn,EFA quartile,Q2,2,intermediate-low EFA,lat_distortion_misfit_mean,$\bar{\epsilon}$,0.3739837398373984
CHAOS_0271,Fe-Mg-Nb-Ti,EFA quartile,Q2,2,intermediate-low EFA,lat_distortion_misfit_mean,$\bar{\epsilon}$,0.6544715447154471
CHAOS_0272,Fe-Mn-Ni-Sn,EFA quartile,Q3,3,intermediate-high EFA,lat_distortion_misfit_mean,$\bar{\epsilon}$,0.6260162601626016
CHAOS_0273,Cu-Fe-Mn-Zn,EFA quartile,Q4,4,high EFA,lat_distortion_misfit_mean,$\bar{\epsilon}$,0.8414634146341463
CHAOS_0274,Mn-Sr-Ti-Zn,EFA quartile,Q1,1,low EFA,lat_distortion_misfit_mean,$\bar{\epsilon}$,0.9349593495934959
CHAOS_0275,Cd-Mg-Ni-Sr,EFA quartile,Q3,3,intermediate-high EFA,lat_distortion_misfit_mean,$\bar{\epsilon}$,0.266260162601626
CHAOS_0276,Mn-Sn-Ti-V,EFA quartile,Q1,1,low EFA,lat_distortion_misfit_mean,$\bar{\epsilon}$,0.4024390243902439
CHAOS_0277,Ca-Co-Mn-Ni,EFA quartile,Q4,4,high EFA,lat_distortion_misfit_mean,$\bar{\epsilon}$,0.1930894308943089
CHAOS_0278,Co-Ni-Sn-Sr,EFA quartile,Q2,2,intermediate-low EFA,lat_distortion_misfit_mean,$\bar{\epsilon}$,0.5894308943089431
CHAOS_0279,Nb-Sr-Ti-V,EFA quartile,Q1,1,low EFA,lat_distortion_misfit_mean,$\bar{\epsilon}$,0.5020325203252033
CHAOS_0280,Cd-Co-Mn-Sn,EFA quartile,Q3,3,intermediate-high EFA,lat_distortion_misfit_mean,$\bar{\epsilon}$,0.9390243902439024
CHAOS_0281,Ca-Cd-Fe-Sr,EFA quartile,Q3,3,intermediate-high EFA,lat_distortion_misfit_mean,$\bar{\epsilon}$,0.290650406504065
CHAOS_0282,Co-Mg-Ni-Zn,EFA quartile,Q4,4,high EFA,lat_distortion_misfit_mean,$\bar{\epsilon}$,0.006097560975609756
CHAOS_0283,Nb-Sn-Ti-Zn,EFA quartile,Q1,1,low EFA,lat_distortion_misfit_mean,$\bar{\epsilon}$,0.306910569105691
CHAOS_0284,Cd-Fe-Mg-Sn,EFA quartile,Q3,3,intermediate-high EFA,lat_distortion_misfit_mean,$\bar{\epsilon}$,0.8739837398373984
CHAOS_0285,Co-Ni-Sr-Zn,EFA quartile,Q2,2,intermediate-low EFA,lat_distortion_misfit_mean,$\bar{\epsilon}$,0.7764227642276422
CHAOS_0286,Ca-Mn-Ni-Zn,EFA quartile,Q3,3,intermediate-high EFA,lat_distortion_misfit_mean,$\bar{\epsilon}$,0.1280487804878049
CHAOS_0287,Fe-Sn-Ti-V,EFA quartile,Q1,1,low EFA,lat_distortion_misfit_mean,$\bar{\epsilon}$,0.9532520325203252
CHAOS_0288,Cd-Mn-Sn-Sr,EFA quartile,Q3,3,intermediate-high EFA,lat_distortion_misfit_mean,$\bar{\epsilon}$,0.758130081300813
CHAOS_0289,Cd-Co-Cu-Fe,EFA quartile,Q4,4,high EFA,lat_distortion_misfit_mean,$\bar{\epsilon}$,0.4939024390243902
CHAOS_0290,Co-Cu-Mn-Zn,EFA quartile,Q4,4,high EFA,lat_distortion_misfit_mean,$\bar{\epsilon}$,0.3536585365853658
CHAOS_0291,Co-Nb-Sn-Ti,EFA quartile,Q1,1,low EFA,lat_distortion_misfit_mean,$\bar{\epsilon}$,0.06707317073170732
CHAOS_0292,Cu-Mg-Ni-Sn,EFA quartile,Q3,3,intermediate-high EFA,lat_distortion_misfit_mean,$\bar{\epsilon}$,0.693089430894309
CHAOS_0293,Fe-Sn-Sr-Ti,EFA quartile,Q1,1,low EFA,lat_distortion_misfit_mean,$\bar{\epsilon}$,0.943089430894309
CHAOS_0294,Co-Fe-Sr-Zn,EFA quartile,Q2,2,intermediate-low EFA,lat_distortion_misfit_mean,$\bar{\epsilon}$,0.6646341463414634
CHAOS_0295,Mg-Mn-Ni-Zn,EFA quartile,Q4,4,high EFA,lat_distortion_misfit_mean,$\bar{\epsilon}$,0.008130081300813009
CHAOS_0296,Sn-Sr-V-Zn,EFA quartile,Q2,2,intermediate-low EFA,lat_distortion_misfit_mean,$\bar{\epsilon}$,0.9247967479674797
CHAOS_0297,Cd-Mg-Mn-Zn,EFA quartile,Q4,4,high EFA,lat_distortion_misfit_mean,$\bar{\epsilon}$,0.0426829268292683
CHAOS_0298,Fe-Mn-Ni-V,EFA quartile,Q3,3,intermediate-high EFA,lat_distortion_misfit_mean,$\bar{\epsilon}$,0.8475609756097561
CHAOS_0299,Ca-Co-Ni-Zn,EFA quartile,Q4,4,high EFA,lat_distortion_misfit_mean,$\bar{\epsilon}$,0.1402439024390244
CHAOS_0300,Cd-Ni-Sn-Sr,EFA quartile,Q4,4,high EFA,lat_distortion_misfit_mean,$\bar{\epsilon}$,0.7195121951219512
CHAOS_0301,Cd-Nb-Sr-Zn,EFA quartile,Q1,1,low EFA,lat_distortion_misfit_mean,$\bar{\epsilon}$,0.8943089430894309
CHAOS_0302,Fe-Mg-Sn-Ti,EFA quartile,Q1,1,low EFA,lat_distortion_misfit_mean,$\bar{\epsilon}$,0.6951219512195121
CHAOS_0303,Ca-Cd-Mn-V,EFA quartile,Q3,3,intermediate-high EFA,lat_distortion_misfit_mean,$\bar{\epsilon}$,0.1361788617886179
CHAOS_0304,Fe-Mg-Ti-Zn,EFA quartile,Q3,3,intermediate-high EFA,lat_distortion_misfit_mean,$\bar{\epsilon}$,0.5304878048780488
CHAOS_0305,Mg-Nb-Sn-Tc,EFA quartile,Q1,1,low EFA,lat_distortion_misfit_mean,$\bar{\epsilon}$,0.5772357723577236
CHAOS_0306,Ca-Mg-V-Zn,EFA quartile,Q4,4,high EFA,lat_distortion_misfit_mean,$\bar{\epsilon}$,0.09146341463414634
CHAOS_0307,Cd-Fe-Mn-Sr,EFA quartile,Q3,3,intermediate-high EFA,lat_distortion_misfit_mean,$\bar{\epsilon}$,0.3699186991869919
CHAOS_0308,Co-Mn-V-Zn,EFA quartile,Q4,4,high EFA,lat_distortion_misfit_mean,$\bar{\epsilon}$,0.6829268292682927
CHAOS_0309,Nb-Sr-V-Zn,EFA quartile,Q1,1,low EFA,lat_distortion_misfit_mean,$\bar{\epsilon}$,0.8536585365853658
CHAOS_0310,Co-Mg-V-Zn,EFA quartile,Q4,4,high EFA,lat_distortion_misfit_mean,$\bar{\epsilon}$,0.1910569105691057
CHAOS_0311,Mg-Mn-Nb-Ti,EFA quartile,Q2,2,intermediate-low EFA,lat_distortion_misfit_mean,$\bar{\epsilon}$,0.6463414634146342
CHAOS_0312,Ca-Fe-Nb-Ti,EFA quartile,Q3,3,intermediate-high EFA,lat_distortion_misfit_mean,$\bar{\epsilon}$,0.7723577235772358
CHAOS_0313,Ca-Mg-Sr-Ti,EFA quartile,Q3,3,intermediate-high EFA,lat_distortion_misfit_mean,$\bar{\epsilon}$,0.1808943089430894
CHAOS_0314,Cd-Nb-Sr-V,EFA quartile,Q1,1,low EFA,lat_distortion_misfit_mean,$\bar{\epsilon}$,0.8333333333333334
CHAOS_0315,Mn-Nb-Sn-Zn,EFA quartile,Q1,1,low EFA,lat_distortion_misfit_mean,$\bar{\epsilon}$,0.3841463414634146
CHAOS_0316,Ca-Cd-Sn-Sr,EFA quartile,Q4,4,high EFA,lat_distortion_misfit_mean,$\bar{\epsilon}$,0.1707317073170732
CHAOS_0317,Cd-Mn-Sn-Ti,EFA quartile,Q1,1,low EFA,lat_distortion_misfit_mean,$\bar{\epsilon}$,0.4227642276422764
CHAOS_0318,Fe-Sn-Ti-Zn,EFA quartile,Q1,1,low EFA,lat_distortion_misfit_mean,$\bar{\epsilon}$,0.9369918699186992
CHAOS_0319,Fe-Mg-Sr-Ti,EFA quartile,Q1,1,low EFA,lat_distortion_misfit_mean,$\bar{\epsilon}$,0.8048780487804879
CHAOS_0320,Mg-Sn-Sr-V,EFA quartile,Q2,2,intermediate-low EFA,lat_distortion_misfit_mean,$\bar{\epsilon}$,0.9024390243902439
CHAOS_0321,Ca-Co-Fe-Sn,EFA quartile,Q3,3,intermediate-high EFA,lat_distortion_misfit_mean,$\bar{\epsilon}$,0.7479674796747967
CHAOS_0322,Ca-Mg-Sr-V,EFA quartile,Q3,3,intermediate-high EFA,lat_distortion_misfit_mean,$\bar{\epsilon}$,0.1524390243902439
CHAOS_0323,Mn-Sn-Sr-Ti,EFA quartile,Q1,1,low EFA,lat_distortion_misfit_mean,$\bar{\epsilon}$,0.3414634146341464
CHAOS_0324,Ca-Mn-Nb-Sn,EFA quartile,Q1,1,low EFA,lat_distortion_misfit_mean,$\bar{\epsilon}$,0.9227642276422764
CHAOS_0325,Mg-Ni-Sn-Sr,EFA quartile,Q3,3,intermediate-high EFA,lat_distortion_misfit_mean,$\bar{\epsilon}$,0.7560975609756098
CHAOS_0326,Ca-Mn-Sn-Ti,EFA quartile,Q1,1,low EFA,lat_distortion_misfit_mean,$\bar{\epsilon}$,0.9451219512195121
CHAOS_0327,Ca-Sr-Ti-V,EFA quartile,Q2,2,intermediate-low EFA,lat_distortion_misfit_mean,$\bar{\epsilon}$,0.3313008130081301
CHAOS_0328,Cu-Mn-Ni-Sn,EFA quartile,Q2,2,intermediate-low EFA,lat_distortion_misfit_mean,$\bar{\epsilon}$,0.9857723577235772
CHAOS_0329,Fe-Nb-Sr-Zn,EFA quartile,Q2,2,intermediate-low EFA,lat_distortion_misfit_mean,$\bar{\epsilon}$,0.8760162601626016
CHAOS_0330,Ca-Mg-Nb-V,EFA quartile,Q2,2,intermediate-low EFA,lat_distortion_misfit_mean,$\bar{\epsilon}$,0.5345528455284553
CHAOS_0331,Ca-Cd-Sr-Ti,EFA quartile,Q2,2,intermediate-low EFA,lat_distortion_misfit_mean,$\bar{\epsilon}$,0.8394308943089431
CHAOS_0332,Cd-Mg-Mn-V,EFA quartile,Q2,2,intermediate-low EFA,lat_distortion_misfit_mean,$\bar{\epsilon}$,0.09349593495934959
CHAOS_0333,Nb-Sn-V-Zn,EFA quartile,Q1,1,low EFA,lat_distortion_misfit_mean,$\bar{\epsilon}$,0.9552845528455285
CHAOS_0334,Co-Mn-Ni-Sr,EFA quartile,Q2,2,intermediate-low EFA,lat_distortion_misfit_mean,$\bar{\epsilon}$,0.8028455284552846
CHAOS_0335,Fe-Sr-Ti-Zn,EFA quartile,Q2,2,intermediate-low EFA,lat_distortion_misfit_mean,$\bar{\epsilon}$,0.9044715447154471
CHAOS_0336,Cu-Mg-Mn-V,EFA quartile,Q3,3,intermediate-high EFA,lat_distortion_misfit_mean,$\bar{\epsilon}$,0.5
CHAOS_0337,Mn-Sr-V-Zn,EFA quartile,Q3,3,intermediate-high EFA,lat_distortion_misfit_mean,$\bar{\epsilon}$,0.8617886178861789
CHAOS_0338,Co-Cu-Fe-Mg,EFA quartile,Q4,4,high EFA,lat_distortion_misfit_mean,$\bar{\epsilon}$,0.2642276422764228
CHAOS_0339,Fe-Mg-Ni-Sn,EFA quartile,Q3,3,intermediate-high EFA,lat_distortion_misfit_mean,$\bar{\epsilon}$,0.25
CHAOS_0340,Co-Cu-Mn-Ni,EFA quartile,Q3,3,intermediate-high EFA,lat_distortion_misfit_mean,$\bar{\epsilon}$,0.3922764227642276
CHAOS_0341,Fe-Mg-Nb-Zn,EFA quartile,Q2,2,intermediate-low EFA,lat_distortion_misfit_mean,$\bar{\epsilon}$,0.6686991869918699
CHAOS_0342,Mg-Sr-V-Zn,EFA quartile,Q3,3,intermediate-high EFA,lat_distortion_misfit_mean,$\bar{\epsilon}$,0.532520325203252
CHAOS_0343,Ca-Cd-Co-Sn,EFA quartile,Q4,4,high EFA,lat_distortion_misfit_mean,$\bar{\epsilon}$,0.4268292682926829
CHAOS_0344,Cd-Mn-Ni-Sr,EFA quartile,Q3,3,intermediate-high EFA,lat_distortion_misfit_mean,$\bar{\epsilon}$,0.3821138211382114
CHAOS_0345,Ca-Nb-Sn-V,EFA quartile,Q1,1,low EFA,lat_distortion_misfit_mean,$\bar{\epsilon}$,0.6666666666666666
CHAOS_0346,Co-Mn-Ni-Sn,EFA quartile,Q2,2,intermediate-low EFA,lat_distortion_misfit_mean,$\bar{\epsilon}$,0.4471544715447154
CHAOS_0347,Mn-Sn-V-Zn,EFA quartile,Q1,1,low EFA,lat_distortion_misfit_mean,$\bar{\epsilon}$,0.8252032520325203
CHAOS_0348,Cd-Mn-Nb-V,EFA quartile,Q1,1,low EFA,lat_distortion_misfit_mean,$\bar{\epsilon}$,0.7926829268292683
CHAOS_0349,Cd-Co-Fe-Mg,EFA quartile,Q4,4,high EFA,lat_distortion_misfit_mean,$\bar{\epsilon}$,0.3475609756097561
CHAOS_0350,Sn-Sr-Ti-Zn,EFA quartile,Q1,1,low EFA,lat_distortion_misfit_mean,$\bar{\epsilon}$,0.75
CHAOS_0351,Ca-Cd-Sn-V,EFA quartile,Q2,2,intermediate-low EFA,lat_distortion_misfit_mean,$\bar{\epsilon}$,0.7357723577235772
CHAOS_0352,Cu-Mg-Mn-Zn,EFA quartile,Q4,4,high EFA,lat_distortion_misfit_mean,$\bar{\epsilon}$,0.2073170731707317
CHAOS_0353,Cd-Mg-Sr-Ti,EFA quartile,Q1,1,low EFA,lat_distortion_misfit_mean,$\bar{\epsilon}$,0.823170731707317
CHAOS_0354,Co-Mn-Ni-Zn,EFA quartile,Q4,4,high EFA,lat_distortion_misfit_mean,$\bar{\epsilon}$,0.04878048780487805
CHAOS_0355,Mn-Nb-Sn-Tc,EFA quartile,Q1,1,low EFA,lat_distortion_misfit_mean,$\bar{\epsilon}$,0.01626016260162602
CHAOS_0356,Cd-Co-Fe-Ni,EFA quartile,Q3,3,intermediate-high EFA,lat_distortion_misfit_mean,$\bar{\epsilon}$,0.4085365853658536
CHAOS_0357,Fe-Mg-Ni-Zn,EFA quartile,Q4,4,high EFA,lat_distortion_misfit_mean,$\bar{\epsilon}$,0.01219512195121951
CHAOS_0358,Mg-Mn-Sn-V,EFA quartile,Q1,1,low EFA,lat_distortion_misfit_mean,$\bar{\epsilon}$,0.9166666666666666
CHAOS_0359,Cd-Nb-V-Zn,EFA quartile,Q1,1,low EFA,lat_distortion_misfit_mean,$\bar{\epsilon}$,0.4654471544715447
CHAOS_0360,Ca-Cd-Co-Sr,EFA quartile,Q4,4,high EFA,lat_distortion_misfit_mean,$\bar{\epsilon}$,0.258130081300813
CHAOS_0361,Ca-Mg-Ni-Zn,EFA quartile,Q4,4,high EFA,lat_distortion_misfit_mean,$\bar{\epsilon}$,0.07520325203252033
CHAOS_0362,Ca-Fe-Sr-Zn,EFA quartile,Q3,3,intermediate-high EFA,lat_distortion_misfit_mean,$\bar{\epsilon}$,0.5670731707317073
CHAOS_0363,Ca-Mn-Sr-V,EFA quartile,Q3,3,intermediate-high EFA,lat_distortion_misfit_mean,$\bar{\epsilon}$,0.1747967479674797
CHAOS_0364,Mn-Nb-Sr-Zn,EFA quartile,Q2,2,intermediate-low EFA,lat_distortion_misfit_mean,$\bar{\epsilon}$,0.926829268292683
CHAOS_0365,Mg-Nb-Sr-Ti,EFA quartile,Q2,2,intermediate-low EFA,lat_distortion_misfit_mean,$\bar{\epsilon}$,0.6626016260162602
CHAOS_0366,Cd-Ni-Sr-Zn,EFA quartile,Q3,3,intermediate-high EFA,lat_distortion_misfit_mean,$\bar{\epsilon}$,0.3658536585365854
CHAOS_0367,Cd-Cu-Mn-Ni,EFA quartile,Q3,3,intermediate-high EFA,lat_distortion_misfit_mean,$\bar{\epsilon}$,0.5873983739837398
CHAOS_0368,Ca-Mn-Sn-V,EFA quartile,Q2,2,intermediate-low EFA,lat_distortion_misfit_mean,$\bar{\epsilon}$,0.9878048780487805
CHAOS_0369,Co-Cu-Fe-Mn,EFA quartile,Q4,4,high EFA,lat_distortion_misfit_mean,$\bar{\epsilon}$,0.4207317073170732
CHAOS_0370,Ca-Cd-Ti-Zn,EFA quartile,Q2,2,intermediate-low EFA,lat_distortion_misfit_mean,$\bar{\epsilon}$,0.6747967479674797
CHAOS_0371,Cd-Co-Ni-Sr,EFA quartile,Q2,2,intermediate-low EFA,lat_distortion_misfit_mean,$\bar{\epsilon}$,0.4857723577235772
CHAOS_0372,Ca-Co-Fe-Ni,EFA quartile,Q4,4,high EFA,lat_distortion_misfit_mean,$\bar{\epsilon}$,0.274390243902439
CHAOS_0373,Cd-Mn-Sr-Zn,EFA quartile,Q4,4,high EFA,lat_distortion_misfit_mean,$\bar{\epsilon}$,0.3434959349593496
CHAOS_0374,Cd-Co-Mg-Sn,EFA quartile,Q3,3,intermediate-high EFA,lat_distortion_misfit_mean,$\bar{\epsilon}$,0.9105691056910569
CHAOS_0375,Mg-Mn-Sn-Zn,EFA quartile,Q3,3,intermediate-high EFA,lat_distortion_misfit_mean,$\bar{\epsilon}$,0.774390243902439
CHAOS_0376,Ca-Ni-Sr-Zn,EFA quartile,Q3,3,intermediate-high EFA,lat_distortion_misfit_mean,$\bar{\epsilon}$,0.4329268292682927
CHAOS_0377,Ca-Cd-Fe-Nb,EFA quartile,Q2,2,intermediate-low EFA,lat_distortion_misfit_mean,$\bar{\epsilon}$,0.282520325203252
CHAOS_0378,Co-Mg-Mn-Zn,EFA quartile,Q4,4,high EFA,lat_distortion_misfit_mean,$\bar{\epsilon}$,0.02439024390243903
CHAOS_0379,Mn-Sn-Ti-Zn,EFA quartile,Q1,1,low EFA,lat_distortion_misfit_mean,$\bar{\epsilon}$,0.475609756097561
CHAOS_0380,Ca-Nb-Ti-Zn,EFA quartile,Q2,2,intermediate-low EFA,lat_distortion_misfit_mean,$\bar{\epsilon}$,0.3373983739837398
CHAOS_0381,Ca-Co-Sr-Zn,EFA quartile,Q3,3,intermediate-high EFA,lat_distortion_misfit_mean,$\bar{\epsilon}$,0.516260162601626
CHAOS_0382,Co-Sn-Sr-Zn,EFA quartile,Q3,3,intermediate-high EFA,lat_distortion_misfit_mean,$\bar{\epsilon}$,0.782520325203252
CHAOS_0383,Ca-Cd-Nb-V,EFA quartile,Q1,1,low EFA,lat_distortion_misfit_mean,$\bar{\epsilon}$,0.9613821138211383
CHAOS_0384,Ca-Sr-Ti-Zn,EFA quartile,Q2,2,intermediate-low EFA,lat_distortion_misfit_mean,$\bar{\epsilon}$,0.9207317073170732
CHAOS_0385,Cd-Mn-Ti-V,EFA quartile,Q1,1,low EFA,lat_distortion_misfit_mean,$\bar{\epsilon}$,0.991869918699187
CHAOS_0386,Ca-Cd-Co-Ni,EFA quartile,Q3,3,intermediate-high EFA,lat_distortion_misfit_mean,$\bar{\epsilon}$,0.3048780487804878
CHAOS_0387,Cd-Cu-Mg-Zn,EFA quartile,Q4,4,high EFA,lat_distortion_misfit_mean,$\bar{\epsilon}$,0.1971544715447154
CHAOS_0388,Mn-Ni-Sn-Zn,EFA quartile,Q3,3,intermediate-high EFA,lat_distortion_misfit_mean,$\bar{\epsilon}$,0.6341463414634146
CHAOS_0389,Mg-Mn-Sr-Ti,EFA quartile,Q2,2,intermediate-low EFA,lat_distortion_misfit_mean,$\bar{\epsilon}$,0.8211382113821138
CHAOS_0390,Ca-Co-Mg-Ni,EFA quartile,Q4,4,high EFA,lat_distortion_misfit_mean,$\bar{\epsilon}$,0.1077235772357724
CHAOS_0391,Co-Fe-Mg-Sr,EFA quartile,Q2,2,intermediate-low EFA,lat_distortion_misfit_mean,$\bar{\epsilon}$,0.7113821138211383
CHAOS_0392,Co-Fe-Ni-Sn,EFA quartile,Q3,3,intermediate-high EFA,lat_distortion_misfit_mean,$\bar{\epsilon}$,0.3272357723577236
CHAOS_0393,Cd-Nb-Ti-Zn,EFA quartile,Q1,1,low EFA,lat_distortion_misfit_mean,$\bar{\epsilon}$,0.5060975609756098
CHAOS_0394,Cd-Mg-Mn-Ti,EFA quartile,Q2,2,intermediate-low EFA,lat_distortion_misfit_mean,$\bar{\epsilon}$,0.004065040650406504
CHAOS_0395,Nb-Sr-Ti-Zn,EFA quartile,Q1,1,low EFA,lat_distortion_misfit_mean,$\bar{\epsilon}$,0.556910569105691
CHAOS_0396,Fe-Ni-V-Zn,EFA quartile,Q2,2,intermediate-low EFA,lat_distortion_misfit_mean,$\bar{\epsilon}$,0.9715447154471545
CHAOS_0397,Ca-Nb-Sr-Zn,EFA quartile,Q2,2,intermediate-low EFA,lat_distortion_misfit_mean,$\bar{\epsilon}$,0.5101626016260162
CHAOS_0398,Co-Fe-Mn-Sn,EFA quartile,Q3,3,intermediate-high EFA,lat_distortion_misfit_mean,$\bar{\epsilon}$,0.7642276422764228
CHAOS_0399,Nb-Sn-Tc-Ti,EFA quartile,Q1,1,low EFA,lat_distortion_misfit_mean,$\bar{\epsilon}$,0.0
CHAOS_0400,Cd-Mg-Nb-Ti,EFA quartile,Q1,1,low EFA,lat_distortion_misfit_mean,$\bar{\epsilon}$,0.01016260162601626
CHAOS_0401,Ca-Cd-Ti-V,EFA quartile,Q1,1,low EFA,lat_distortion_misfit_mean,$\bar{\epsilon}$,0.6869918699186992
CHAOS_0402,Ca-Mn-Ni-Sn,EFA quartile,Q3,3,intermediate-high EFA,lat_distortion_misfit_mean,$\bar{\epsilon}$,0.5630081300813008
CHAOS_0403,Cu-Mg-Mn-Ni,EFA quartile,Q4,4,high EFA,lat_distortion_misfit_mean,$\bar{\epsilon}$,0.1321138211382114
CHAOS_0404,Fe-Sn-Sr-Zn,EFA quartile,Q2,2,intermediate-low EFA,lat_distortion_misfit_mean,$\bar{\epsilon}$,0.6808943089430894
CHAOS_0405,Co-Fe-Mg-Zn,EFA quartile,Q4,4,high EFA,lat_distortion_misfit_mean,$\bar{\epsilon}$,0.04471544715447155
CHAOS_0406,Fe-Ni-Sr-Zn,EFA quartile,Q2,2,intermediate-low EFA,lat_distortion_misfit_mean,$\bar{\epsilon}$,0.5040650406504065
CHAOS_0407,Ca-Co-Mn-Sn,EFA quartile,Q4,4,high EFA,lat_distortion_misfit_mean,$\bar{\epsilon}$,0.5934959349593496
CHAOS_0408,Ca-Mn-V-Zn,EFA quartile,Q2,2,intermediate-low EFA,lat_distortion_misfit_mean,$\bar{\epsilon}$,0.1117886178861789
CHAOS_0409,Ca-Cd-Fe-Mn,EFA quartile,Q3,3,intermediate-high EFA,lat_distortion_misfit_mean,$\bar{\epsilon}$,0.1483739837398374
CHAOS_0410,Mn-Nb-Sn-Sr,EFA quartile,Q1,1,low EFA,lat_distortion_misfit_mean,$\bar{\epsilon}$,0.9979674796747967
CHAOS_0411,Co-Fe-V-Zn,EFA quartile,Q3,3,intermediate-high EFA,lat_distortion_misfit_mean,$\bar{\epsilon}$,0.2154471544715447
CHAOS_0412,Co-Fe-Mg-Ni,EFA quartile,Q4,4,high EFA,lat_distortion_misfit_mean,$\bar{\epsilon}$,0.03048780487804878
CHAOS_0413,Ca-Cd-Co-Zn,EFA quartile,Q4,4,high EFA,lat_distortion_misfit_mean,$\bar{\epsilon}$,0.2113821138211382
CHAOS_0414,Nb-Sn-Tc-V,EFA quartile,Q1,1,low EFA,lat_distortion_misfit_mean,$\bar{\epsilon}$,0.8516260162601627
CHAOS_0415,Ca-Cd-Mn-Zn,EFA quartile,Q4,4,high EFA,lat_distortion_misfit_mean,$\bar{\epsilon}$,0.1097560975609756
CHAOS_0416,Ca-Co-Mg-Zn,EFA quartile,Q4,4,high EFA,lat_distortion_misfit_mean,$\bar{\epsilon}$,0.07113821138211382
CHAOS_0417,Cu-Fe-Ni-Zn,EFA quartile,Q4,4,high EFA,lat_distortion_misfit_mean,$\bar{\epsilon}$,0.1565040650406504
CHAOS_0418,Cd-Mg-Nb-Sr,EFA quartile,Q1,1,low EFA,lat_distortion_misfit_mean,$\bar{\epsilon}$,0.8495934959349594
CHAOS_0419,Ca-Nb-Sn-Zn,EFA quartile,Q1,1,low EFA,lat_distortion_misfit_mean,$\bar{\epsilon}$,0.9491869918699187
CHAOS_0420,Ca-Fe-Ni-Zn,EFA quartile,Q4,4,high EFA,lat_distortion_misfit_mean,$\bar{\epsilon}$,0.225609756097561
CHAOS_0421,Co-Fe-Mg-Mn,EFA quartile,Q4,4,high EFA,lat_distortion_misfit_mean,$\bar{\epsilon}$,0.03861788617886179
CHAOS_0422,Fe-Nb-Sr-Ti,EFA quartile,Q1,1,low EFA,lat_distortion_misfit_mean,$\bar{\epsilon}$,0.766260162601626
CHAOS_0423,Cd-Nb-Sn-Ti,EFA quartile,Q1,1,low EFA,lat_distortion_misfit_mean,$\bar{\epsilon}$,0.4735772357723577
CHAOS_0424,Mn-Nb-Sr-Ti,EFA quartile,Q1,1,low EFA,lat_distortion_misfit_mean,$\bar{\epsilon}$,0.725609756097561
CHAOS_0425,Ca-Ti-V-Zn,EFA quartile,Q2,2,intermediate-low EFA,lat_distortion_misfit_mean,$\bar{\epsilon}$,0.3394308943089431
CHAOS_0426,Mn-Nb-V-Zn,EFA quartile,Q2,2,intermediate-low EFA,lat_distortion_misfit_mean,$\bar{\epsilon}$,0.6036585365853658
CHAOS_0427,Cd-Cu-Fe-Mn,EFA quartile,Q3,3,intermediate-high EFA,lat_distortion_misfit_mean,$\bar{\epsilon}$,0.4146341463414634
CHAOS_0428,Mg-Ni-V-Zn,EFA quartile,Q4,4,high EFA,lat_distortion_misfit_mean,$\bar{\epsilon}$,0.4369918699186992
CHAOS_0429,Ca-Co-Fe-Sr,EFA quartile,Q2,2,intermediate-low EFA,lat_distortion_misfit_mean,$\bar{\epsilon}$,0.5365853658536586
CHAOS_0430,Ca-Fe-Ni-Sn,EFA quartile,Q3,3,intermediate-high EFA,lat_distortion_misfit_mean,$\bar{\epsilon}$,0.7947154471544715
CHAOS_0431,Fe-Mg-Mn-Zn,EFA quartile,Q4,4,high EFA,lat_distortion_misfit_mean,$\bar{\epsilon}$,0.04065040650406504
CHAOS_0432,Ca-Fe-Mg-Nb,EFA quartile,Q3,3,intermediate-high EFA,lat_distortion_misfit_mean,$\bar{\epsilon}$,0.7073170731707317
CHAOS_0433,Ca-Cd-Ni-Zn,EFA quartile,Q4,4,high EFA,lat_distortion_misfit_mean,$\bar{\epsilon}$,0.1829268292682927
CHAOS_0434,Cu-Fe-Mg-Mn,EFA quartile,Q4,4,high EFA,lat_distortion_misfit_mean,$\bar{\epsilon}$,0.3150406504065041
CHAOS_0435,Mn-Ti-V-Zn,EFA quartile,Q2,2,intermediate-low EFA,lat_distortion_misfit_mean,$\bar{\epsilon}$,0.2682926829268293
CHAOS_0436,Cd-Cu-Ni-Zn,EFA quartile,Q4,4,high EFA,lat_distortion_misfit_mean,$\bar{\epsilon}$,0.5284552845528455
CHAOS_0437,Cd-Sn-Sr-Ti,EFA quartile,Q1,1,low EFA,lat_distortion_misfit_mean,$\bar{\epsilon}$,0.2520325203252032
CHAOS_0438,Cd-Nb-Sn-V,EFA quartile,Q1,1,low EFA,lat_distortion_misfit_mean,$\bar{\epsilon}$,0.9410569105691057
CHAOS_0439,Cd-Fe-Mg-Mn,EFA quartile,Q4,4,high EFA,lat_distortion_misfit_mean,$\bar{\epsilon}$,0.1219512195121951
CHAOS_0440,Cd-Mg-Mn-Sr,EFA quartile,Q4,4,high EFA,lat_distortion_misfit_mean,$\bar{\epsilon}$,0.2276422764227642
CHAOS_0441,Co-Mn-Ni-V,EFA quartile,Q3,3,intermediate-high EFA,lat_distortion_misfit_mean,$\bar{\epsilon}$,0.8983739837398373
CHAOS_0442,Ca-Co-Sn-Zn,EFA quartile,Q4,4,high EFA,lat_distortion_misfit_mean,$\bar{\epsilon}$,0.5833333333333334
CHAOS_0443,Co-Cu-Sn-Zn,EFA quartile,Q3,3,intermediate-high EFA,lat_distortion_misfit_mean,$\bar{\epsilon}$,0.8434959349593496
CHAOS_0444,Mg-Sr-Ti-V,EFA quartile,Q2,2,intermediate-low EFA,lat_distortion_misfit_mean,$\bar{\epsilon}$,0.2723577235772358
CHAOS_0445,Ca-Cd-Sn-Ti,EFA quartile,Q1,1,low EFA,lat_distortion_misfit_mean,$\bar{\epsilon}$,0.5508130081300813
CHAOS_0446,Ca-Fe-Mg-Mn,EFA quartile,Q4,4,high EFA,lat_distortion_misfit_mean,$\bar{\epsilon}$,0.02845528455284553
CHAOS_0447,Cd-Fe-Sn-Sr,EFA quartile,Q3,3,intermediate-high EFA,lat_distortion_misfit_mean,$\bar{\epsilon}$,0.5203252032520326
CHAOS_0448,Ca-Fe-Mn-Ni,EFA quartile,Q4,4,high EFA,lat_distortion_misfit_mean,$\bar{\epsilon}$,0.2845528455284553
CHAOS_0449,Mg-Ti-V-Zn,EFA quartile,Q3,3,intermediate-high EFA,lat_distortion_misfit_mean,$\bar{\epsilon}$,0.298780487804878
CHAOS_0450,Nb-Ti-V-Zn,EFA quartile,Q2,2,intermediate-low EFA,lat_distortion_misfit_mean,$\bar{\epsilon}$,0.6117886178861789
CHAOS_0451,Ca-Mg-Sn-Sr,EFA quartile,Q3,3,intermediate-high EFA,lat_distortion_misfit_mean,$\bar{\epsilon}$,0.6016260162601627
CHAOS_0452,Cd-Co-Fe-Mn,EFA quartile,Q4,4,high EFA,lat_distortion_misfit_mean,$\bar{\epsilon}$,0.2459349593495935
CHAOS_0453,Ca-Sn-V-Zn,EFA quartile,Q2,2,intermediate-low EFA,lat_distortion_misfit_mean,$\bar{\epsilon}$,0.9817073170731707
CHAOS_0454,Mg-Mn-Ni-Sr,EFA quartile,Q3,3,intermediate-high EFA,lat_distortion_misfit_mean,$\bar{\epsilon}$,0.7398373983739838
CHAOS_0455,Ca-Cd-Fe-Zn,EFA quartile,Q3,3,intermediate-high EFA,lat_distortion_misfit_mean,$\bar{\epsilon}$,0.2134146341463415
CHAOS_0456,Co-Fe-Ni-Zn,EFA quartile,Q4,4,high EFA,lat_distortion_misfit_mean,$\bar{\epsilon}$,0.06097560975609756
CHAOS_0457,Ca-Cd-Ni-Sr,EFA quartile,Q4,4,high EFA,lat_distortion_misfit_mean,$\bar{\epsilon}$,0.2540650406504065
CHAOS_0458,Cd-Fe-Mn-Zn,EFA quartile,Q4,4,high EFA,lat_distortion_misfit_mean,$\bar{\epsilon}$,0.1199186991869919
CHAOS_0459,Mg-Mn-Nb-V,EFA quartile,Q2,2,intermediate-low EFA,lat_distortion_misfit_mean,$\bar{\epsilon}$,0.8455284552845529
CHAOS_0460,Fe-Nb-Sn-Ti,EFA quartile,Q1,1,low EFA,lat_distortion_misfit_mean,$\bar{\epsilon}$,0.6788617886178862
CHAOS_0461,Mn-Ni-Sn-Sr,EFA quartile,Q3,3,intermediate-high EFA,lat_distortion_misfit_mean,$\bar{\epsilon}$,0.7317073170731707
CHAOS_0462,Co-Cu-Fe-Sn,EFA quartile,Q2,2,intermediate-low EFA,lat_distortion_misfit_mean,$\bar{\epsilon}$,0.8800813008130082
CHAOS_0463,Mg-Sn-Sr-Zn,EFA quartile,Q3,3,intermediate-high EFA,lat_distortion_misfit_mean,$\bar{\epsilon}$,0.7276422764227642
CHAOS_0464,Fe-Mg-Sn-Zn,EFA quartile,Q3,3,intermediate-high EFA,lat_distortion_misfit_mean,$\bar{\epsilon}$,0.6300813008130082
CHAOS_0465,Ca-Mn-Sn-Sr,EFA quartile,Q2,2,intermediate-low EFA,lat_distortion_misfit_mean,$\bar{\epsilon}$,0.5589430894308943
CHAOS_0466,Cu-Ni-Ti-Zn,EFA quartile,Q2,2,intermediate-low EFA,lat_distortion_misfit_mean,$\bar{\epsilon}$,0.9959349593495935
CHAOS_0467,Ca-Fe-Ti-Zn,EFA quartile,Q3,3,intermediate-high EFA,lat_distortion_misfit_mean,$\bar{\epsilon}$,0.573170731707317
CHAOS_0468,Mg-Nb-Sn-V,EFA quartile,Q1,1,low EFA,lat_distortion_misfit_mean,$\bar{\epsilon}$,0.959349593495935
CHAOS_0469,Ca-Nb-V-Zn,EFA quartile,Q2,2,intermediate-low EFA,lat_distortion_misfit_mean,$\bar{\epsilon}$,0.4308943089430894
CHAOS_0470,Cd-Co-Mg-Mn,EFA quartile,Q4,4,high EFA,lat_distortion_misfit_mean,$\bar{\epsilon}$,0.1869918699186992
CHAOS_0471,Cd-Sn-V-Zn,EFA quartile,Q2,2,intermediate-low EFA,lat_distortion_misfit_mean,$\bar{\epsilon}$,0.8902439024390244
CHAOS_0472,Cd-Sn-Ti-Zn,EFA quartile,Q1,1,low EFA,lat_distortion_misfit_mean,$\bar{\epsilon}$,0.1260162601626016
CHAOS_0473,Sr-Ti-V-Zn,EFA quartile,Q2,2,intermediate-low EFA,lat_distortion_misfit_mean,$\bar{\epsilon}$,0.8638211382113821
CHAOS_0474,Mg-Mn-Ti-Zn,EFA quartile,Q3,3,intermediate-high EFA,lat_distortion_misfit_mean,$\bar{\epsilon}$,0.2052845528455285
CHAOS_0475,Cd-Fe-Ni-Zn,EFA quartile,Q4,4,high EFA,lat_distortion_misfit_mean,$\bar{\epsilon}$,0.5691056910569106
CHAOS_0476,Ca-Cd-Mn-Ti,EFA quartile,Q2,2,intermediate-low EFA,lat_distortion_misfit_mean,$\bar{\epsilon}$,0.1463414634146341
CHAOS_0477,Ca-Sr-V-Zn,EFA quartile,Q2,2,intermediate-low EFA,lat_distortion_misfit_mean,$\bar{\epsilon}$,0.5548780487804879
CHAOS_0478,Co-Cu-Mn-V,EFA quartile,Q3,3,intermediate-high EFA,lat_distortion_misfit_mean,$\bar{\epsilon}$,0.7540650406504065
CHAOS_0479,Ca-Cd-Ni-Sn,EFA quartile,Q4,4,high EFA,lat_distortion_misfit_mean,$\bar{\epsilon}$,0.4288617886178862
CHAOS_0480,Co-Fe-Mn-Sr,EFA quartile,Q2,2,intermediate-low EFA,lat_distortion_misfit_mean,$\bar{\epsilon}$,0.6890243902439024
CHAOS_0481,Cd-Mn-Sn-Zn,EFA quartile,Q3,3,intermediate-high EFA,lat_distortion_misfit_mean,$\bar{\epsilon}$,0.5955284552845529
CHAOS_0482,Cd-Fe-Mg-Ti,EFA quartile,Q2,2,intermediate-low EFA,lat_distortion_misfit_mean,$\bar{\epsilon}$,0.4004065040650406
CHAOS_0483,Ca-Co-Fe-Mg,EFA quartile,Q3,3,intermediate-high EFA,lat_distortion_misfit_mean,$\bar{\epsilon}$,0.1422764227642276
CHAOS_0484,Cd-Nb-Sn-Sr,EFA quartile,Q1,1,low EFA,lat_distortion_misfit_mean,$\bar{\epsilon}$,0.3577235772357724
CHAOS_0485,Mn-Nb-Sr-V,EFA quartile,Q2,2,intermediate-low EFA,lat_distortion_misfit_mean,$\bar{\epsilon}$,0.7439024390243902
CHAOS_0486,Ca-Cd-Mn-Nb,EFA quartile,Q2,2,intermediate-low EFA,lat_distortion_misfit_mean,$\bar{\epsilon}$,0.1443089430894309
CHAOS_0487,Ca-Ni-Sn-Zn,EFA quartile,Q4,4,high EFA,lat_distortion_misfit_mean,$\bar{\epsilon}$,0.451219512195122
CHAOS_0488,Fe-Ni-Sn-Sr,EFA quartile,Q2,2,intermediate-low EFA,lat_distortion_misfit_mean,$\bar{\epsilon}$,0.9126016260162602
CHAOS_0489,Ca-Cd-Fe-Ti,EFA quartile,Q2,2,intermediate-low EFA,lat_distortion_misfit_mean,$\bar{\epsilon}$,0.6605691056910569
CHAOS_0490,Ca-Cd-Sr-Zn,EFA quartile,Q4,4,high EFA,lat_distortion_misfit_mean,$\bar{\epsilon}$,0.1991869918699187
CHAOS_0491,Co-Cu-Fe-Zn,EFA quartile,Q4,4,high EFA,lat_distortion_misfit_mean,$\bar{\epsilon}$,0.3191056910569106
CHAOS_0492,Cd-Fe-Mn-Sn,EFA quartile,Q2,2,intermediate-low EFA,lat_distortion_misfit_mean,$\bar{\epsilon}$,0.8008130081300813
CHAOS_0493,Cu-Mn-Ni-Zn,EFA quartile,Q4,4,high EFA,lat_distortion_misfit_mean,$\bar{\epsilon}$,0.2560975609756098
CHAOS_0001,Ca-Cd-Co-Fe,EFA quartile,Q4,4,high EFA,lat_distortion_relax_distance_mean,$\bar{d}$,0.2764227642276423
CHAOS_0002,Ca-Fe-Mn-Zn,EFA quartile,Q3,3,intermediate-high EFA,lat_distortion_relax_distance_mean,$\bar{d}$,0.05487804878048781
CHAOS_0003,Co-Mg-Mn-Sr,EFA quartile,Q2,2,intermediate-low EFA,lat_distortion_relax_distance_mean,$\bar{d}$,0.5670731707317073
CHAOS_0004,Co-Mg-Mn-Ni,EFA quartile,Q4,4,high EFA,lat_distortion_relax_distance_mean,$\bar{d}$,0.02439024390243903
CHAOS_0005,Fe-Mg-Mn-Sr,EFA quartile,Q3,3,intermediate-high EFA,lat_distortion_relax_distance_mean,$\bar{d}$,0.573170731707317
CHAOS_0006,Mg-Sn-Sr-Ti,EFA quartile,Q1,1,low EFA,lat_distortion_relax_distance_mean,$\bar{d}$,0.9105691056910569
CHAOS_0007,Ca-Ni-Sn-Sr,EFA quartile,Q3,3,intermediate-high EFA,lat_distortion_relax_distance_mean,$\bar{d}$,0.7520325203252033
CHAOS_0008,Cu-Fe-Mn-V,EFA quartile,Q2,2,intermediate-low EFA,lat_distortion_relax_distance_mean,$\bar{d}$,0.5528455284552846
CHAOS_0009,Co-Mg-Sn-Zn,EFA quartile,Q4,4,high EFA,lat_distortion_relax_distance_mean,$\bar{d}$,0.3556910569105691
CHAOS_0010,Cd-Fe-Ti-Zn,EFA quartile,Q2,2,intermediate-low EFA,lat_distortion_relax_distance_mean,$\bar{d}$,0.2886178861788618
CHAOS_0011,Ca-Nb-Ti-V,EFA quartile,Q2,2,intermediate-low EFA,lat_distortion_relax_distance_mean,$\bar{d}$,0.2865853658536585
CHAOS_0012,Mg-Nb-Sr-V,EFA quartile,Q1,1,low EFA,lat_distortion_relax_distance_mean,$\bar{d}$,0.5873983739837398
CHAOS_0013,Ca-Mn-Sn-Zn,EFA quartile,Q4,4,high EFA,lat_distortion_relax_distance_mean,$\bar{d}$,0.7073170731707317
CHAOS_0014,Ca-Fe-Mg-Sn,EFA quartile,Q4,4,high EFA,lat_distortion_relax_distance_mean,$\bar{d}$,0.766260162601626
CHAOS_0015,Cd-Mg-Sr-V,EFA quartile,Q2,2,intermediate-low EFA,lat_distortion_relax_distance_mean,$\bar{d}$,0.5
CHAOS_0016,Ca-Mg-Mn-Nb,EFA quartile,Q2,2,intermediate-low EFA,lat_distortion_relax_distance_mean,$\bar{d}$,0.451219512195122
CHAOS_0017,Ca-Cd-Mg-Nb,EFA quartile,Q2,2,intermediate-low EFA,lat_distortion_relax_distance_mean,$\bar{d}$,0.2642276422764228
CHAOS_0018,Ca-Mg-Ni-Sr,EFA quartile,Q3,3,intermediate-high EFA,lat_distortion_relax_distance_mean,$\bar{d}$,0.3902439024390244
CHAOS_0019,Ca-Co-Fe-Zn,EFA quartile,Q4,4,high EFA,lat_distortion_relax_distance_mean,$\bar{d}$,0.1951219512195122
CHAOS_0020,Cd-Cu-Mg-Mn,EFA quartile,Q4,4,high EFA,lat_distortion_relax_distance_mean,$\bar{d}$,0.7703252032520326
CHAOS_0021,Nb-Sn-Sr-V,EFA quartile,Q1,1,low EFA,lat_distortion_relax_distance_mean,$\bar{d}$,0.4634146341463415
CHAOS_0022,Cd-Sr-Ti-V,EFA quartile,Q1,1,low EFA,lat_distortion_relax_distance_mean,$\bar{d}$,0.8252032520325203
CHAOS_0023,Ca-Cd-Mn-Sr,EFA quartile,Q4,4,high EFA,lat_distortion_relax_distance_mean,$\bar{d}$,0.2317073170731707
CHAOS_0024,Co-Cu-Mg-Mn,EFA quartile,Q4,4,high EFA,lat_distortion_relax_distance_mean,$\bar{d}$,0.2479674796747967
CHAOS_0025,Cd-Cu-Fe-Zn,EFA quartile,Q4,4,high EFA,lat_distortion_relax_distance_mean,$\bar{d}$,0.4186991869918699
CHAOS_0026,Ca-Co-Mn-Sr,EFA quartile,Q2,2,intermediate-low EFA,lat_distortion_relax_distance_mean,$\bar{d}$,0.6544715447154471
CHAOS_0027,Cd-Co-Fe-Sr,EFA quartile,Q3,3,intermediate-high EFA,lat_distortion_relax_distance_mean,$\bar{d}$,0.5995934959349594
CHAOS_0028,Cd-Co-Sr-Zn,EFA quartile,Q3,3,intermediate-high EFA,lat_distortion_relax_distance_mean,$\bar{d}$,0.6260162601626016
CHAOS_0029,Ca-Mg-Nb-Sn,EFA quartile,Q1,1,low EFA,lat_distortion_relax_distance_mean,$\bar{d}$,0.9065040650406504
CHAOS_0030,Cd-Mn-Sn-V,EFA quartile,Q1,1,low EFA,lat_distortion_relax_distance_mean,$\bar{d}$,0.5853658536585366
CHAOS_0031,Mg-Ni-Sr-Zn,EFA quartile,Q2,2,intermediate-low EFA,lat_distortion_relax_distance_mean,$\bar{d}$,0.6666666666666666
CHAOS_0032,Cd-Mn-Ni-Zn,EFA quartile,Q4,4,high EFA,lat_distortion_relax_distance_mean,$\bar{d}$,0.3109756097560976
CHAOS_0033,Cd-Mn-Sr-V,EFA quartile,Q2,2,intermediate-low EFA,lat_distortion_relax_distance_mean,$\bar{d}$,0.6483739837398373
CHAOS_0034,Cu-Fe-Sn-Zn,EFA quartile,Q4,4,high EFA,lat_distortion_relax_distance_mean,$\bar{d}$,0.4105691056910569
CHAOS_0035,Ca-Mg-Mn-Ni,EFA quartile,Q4,4,high EFA,lat_distortion_relax_distance_mean,$\bar{d}$,0.1280487804878049
CHAOS_0036,Ca-Cd-Fe-Ni,EFA quartile,Q3,3,intermediate-high EFA,lat_distortion_relax_distance_mean,$\bar{d}$,0.3699186991869919
CHAOS_0037,Ca-Mg-Nb-Zn,EFA quartile,Q3,3,intermediate-high EFA,lat_distortion_relax_distance_mean,$\bar{d}$,0.2560975609756098
CHAOS_0038,Nb-Tc-Ti-V,EFA quartile,Q1,1,low EFA,lat_distortion_relax_distance_mean,$\bar{d}$,0.3983739837398374
CHAOS_0039,Ca-Cu-Mg-Mn,EFA quartile,Q4,4,high EFA,lat_distortion_relax_distance_mean,$\bar{d}$,0.2723577235772358
CHAOS_0040,Co-Mg-Mn-Sn,EFA quartile,Q3,3,intermediate-high EFA,lat_distortion_relax_distance_mean,$\bar{d}$,0.2804878048780488
CHAOS_0041,Co-Mg-Ni-Sn,EFA quartile,Q4,4,high EFA,lat_distortion_relax_distance_mean,$\bar{d}$,0.3638211382113821
CHAOS_0042,Cd-Co-Mg-Sr,EFA quartile,Q3,3,intermediate-high EFA,lat_distortion_relax_distance_mean,$\bar{d}$,0.3943089430894309
CHAOS_0043,Cd-Mg-Nb-Sn,EFA quartile,Q1,1,low EFA,lat_distortion_relax_distance_mean,$\bar{d}$,0.2073170731707317
CHAOS_0044,Ca-Mn-Nb-Sr,EFA quartile,Q2,2,intermediate-low EFA,lat_distortion_relax_distance_mean,$\bar{d}$,0.774390243902439
CHAOS_0045,Mg-Sn-Ti-V,EFA quartile,Q1,1,low EFA,lat_distortion_relax_distance_mean,$\bar{d}$,0.943089430894309
CHAOS_0046,Cd-Fe-Sr-Ti,EFA quartile,Q1,1,low EFA,lat_distortion_relax_distance_mean,$\bar{d}$,0.3963414634146342
CHAOS_0047,Ca-Cd-Sn-Zn,EFA quartile,Q4,4,high EFA,lat_distortion_relax_distance_mean,$\bar{d}$,0.6463414634146342
CHAOS_0048,Cd-Co-Sn-Zn,EFA quartile,Q3,3,intermediate-high EFA,lat_distortion_relax_distance_mean,$\bar{d}$,0.6504065040650406
CHAOS_0049,Cu-Mn-V-Zn,EFA quartile,Q3,3,intermediate-high EFA,lat_distortion_relax_distance_mean,$\bar{d}$,0.443089430894309
CHAOS_0050,Cd-Ni-Sn-Zn,EFA quartile,Q3,3,intermediate-high EFA,lat_distortion_relax_distance_mean,$\bar{d}$,0.6808943089430894
CHAOS_0051,Ca-Mg-Mn-Sn,EFA quartile,Q3,3,intermediate-high EFA,lat_distortion_relax_distance_mean,$\bar{d}$,0.8353658536585366
CHAOS_0052,Co-Cu-Mg-Ni,EFA quartile,Q4,4,high EFA,lat_distortion_relax_distance_mean,$\bar{d}$,0.1361788617886179
CHAOS_0053,Fe-Mn-Sn-Zn,EFA quartile,Q3,3,intermediate-high EFA,lat_distortion_relax_distance_mean,$\bar{d}$,0.4654471544715447
CHAOS_0054,Ca-Mn-Nb-Zn,EFA quartile,Q2,2,intermediate-low EFA,lat_distortion_relax_distance_mean,$\bar{d}$,0.3292682926829268
CHAOS_0055,Ca-Mg-Ti-V,EFA quartile,Q4,4,high EFA,lat_distortion_relax_distance_mean,$\bar{d}$,0.2520325203252032
CHAOS_0056,Mn-Nb-Ti-Zn,EFA quartile,Q1,1,low EFA,lat_distortion_relax_distance_mean,$\bar{d}$,0.5304878048780488
CHAOS_0057,Cd-Fe-Nb-Ti,EFA quartile,Q1,1,low EFA,lat_distortion_relax_distance_mean,$\bar{d}$,0.1219512195121951
CHAOS_0058,Nb-Sn-Sr-Ti,EFA quartile,Q1,1,low EFA,lat_distortion_relax_distance_mean,$\bar{d}$,0.9207317073170732
CHAOS_0059,Cu-Nb-Sn-Tc,EFA quartile,Q1,1,low EFA,lat_distortion_relax_distance_mean,$\bar{d}$,0.9654471544715447
CHAOS_0060,Mg-Mn-Nb-Sr,EFA quartile,Q2,2,intermediate-low EFA,lat_distortion_relax_distance_mean,$\bar{d}$,0.8150406504065041
CHAOS_0061,Cu-Mn-Sn-Zn,EFA quartile,Q3,3,intermediate-high EFA,lat_distortion_relax_distance_mean,$\bar{d}$,0.5386178861788617
CHAOS_0062,Ca-Mn-Sr-Ti,EFA quartile,Q1,1,low EFA,lat_distortion_relax_distance_mean,$\bar{d}$,0.8658536585365854
CHAOS_0063,Cd-Co-Mg-Zn,EFA quartile,Q4,4,high EFA,lat_distortion_relax_distance_mean,$\bar{d}$,0.1707317073170732
CHAOS_0064,Co-Mg-Mn-V,EFA quartile,Q4,4,high EFA,lat_distortion_relax_distance_mean,$\bar{d}$,0.07317073170731707
CHAOS_0065,Co-Fe-Mn-Zn,EFA quartile,Q4,4,high EFA,lat_distortion_relax_distance_mean,$\bar{d}$,0.06504065040650407
CHAOS_0066,Cd-Mg-Sn-Sr,EFA quartile,Q4,4,high EFA,lat_distortion_relax_distance_mean,$\bar{d}$,0.733739837398374
CHAOS_0067,Cu-Mg-Ni-Zn,EFA quartile,Q4,4,high EFA,lat_distortion_relax_distance_mean,$\bar{d}$,0.05691056910569105
CHAOS_0068,Ca-Cd-Mg-Zn,EFA quartile,Q4,4,high EFA,lat_distortion_relax_distance_mean,$\bar{d}$,0.1321138211382114
CHAOS_0069,Co-Mg-Sn-Sr,EFA quartile,Q3,3,intermediate-high EFA,lat_distortion_relax_distance_mean,$\bar{d}$,0.7621951219512195
CHAOS_0070,Cd-Mg-Ti-V,EFA quartile,Q1,1,low EFA,lat_distortion_relax_distance_mean,$\bar{d}$,0.01829268292682927
CHAOS_0071,Mg-Nb-V-Zn,EFA quartile,Q2,2,intermediate-low EFA,lat_distortion_relax_distance_mean,$\bar{d}$,0.717479674796748
CHAOS_0072,Cu-Nb-Sn-Ti,EFA quartile,Q1,1,low EFA,lat_distortion_relax_distance_mean,$\bar{d}$,0.983739837398374
CHAOS_0073,Cd-Mn-V-Zn,EFA quartile,Q2,2,intermediate-low EFA,lat_distortion_relax_distance_mean,$\bar{d}$,0.1565040650406504
CHAOS_0074,Co-Mn-Sn-Sr,EFA quartile,Q3,3,intermediate-high EFA,lat_distortion_relax_distance_mean,$\bar{d}$,0.8191056910569106
CHAOS_0075,Ca-Cd-V-Zn,EFA quartile,Q4,4,high EFA,lat_distortion_relax_distance_mean,$\bar{d}$,0.2459349593495935
CHAOS_0076,Mg-Mn-Nb-Sn,EFA quartile,Q1,1,low EFA,lat_distortion_relax_distance_mean,$\bar{d}$,0.3475609756097561
CHAOS_0077,Ca-Fe-Sn-Sr,EFA quartile,Q3,3,intermediate-high EFA,lat_distortion_relax_distance_mean,$\bar{d}$,0.8699186991869918
CHAOS_0078,Cd-Co-Mn-Zn,EFA quartile,Q4,4,high EFA,lat_distortion_relax_distance_mean,$\bar{d}$,0.2357723577235772
CHAOS_0079,Co-Mn-Sn-Zn,EFA quartile,Q4,4,high EFA,lat_distortion_relax_distance_mean,$\bar{d}$,0.2967479674796748
CHAOS_0080,Ca-Fe-Nb-Sn,EFA quartile,Q1,1,low EFA,lat_distortion_relax_distance_mean,$\bar{d}$,0.8882113821138211
CHAOS_0081,Mn-Sn-Sr-Zn,EFA quartile,Q3,3,intermediate-high EFA,lat_distortion_relax_distance_mean,$\bar{d}$,0.8211382113821138
CHAOS_0082,Cd-Co-Fe-Zn,EFA quartile,Q4,4,high EFA,lat_distortion_relax_distance_mean,$\bar{d}$,0.3658536585365854
CHAOS_0083,Cd-Mg-Ni-Zn,EFA quartile,Q4,4,high EFA,lat_distortion_relax_distance_mean,$\bar{d}$,0.1178861788617886
CHAOS_0084,Mn-Nb-Sn-Ti,EFA quartile,Q1,1,low EFA,lat_distortion_relax_distance_mean,$\bar{d}$,0.4776422764227642
CHAOS_0085,Ca-Cd-Mg-Sr,EFA quartile,Q4,4,high EFA,lat_distortion_relax_distance_mean,$\bar{d}$,0.2154471544715447
CHAOS_0086,Ca-Cd-Mn-Sn,EFA quartile,Q3,3,intermediate-high EFA,lat_distortion_relax_distance_mean,$\bar{d}$,0.5101626016260162
CHAOS_0087,Cd-Sn-Sr-Zn,EFA quartile,Q3,3,intermediate-high EFA,lat_distortion_relax_distance_mean,$\bar{d}$,0.6727642276422764
CHAOS_0088,Cd-Mn-Ni-Sn,EFA quartile,Q3,3,intermediate-high EFA,lat_distortion_relax_distance_mean,$\bar{d}$,0.5975609756097561
CHAOS_0089,Nb-Sn-Ti-V,EFA quartile,Q1,1,low EFA,lat_distortion_relax_distance_mean,$\bar{d}$,0.532520325203252
CHAOS_0090,Ca-Fe-Nb-Sr,EFA quartile,Q2,2,intermediate-low EFA,lat_distortion_relax_distance_mean,$\bar{d}$,0.8841463414634146
CHAOS_0091,Cd-Ti-V-Zn,EFA quartile,Q1,1,low EFA,lat_distortion_relax_distance_mean,$\bar{d}$,0.0975609756097561
CHAOS_0092,Sn-Sr-Ti-V,EFA quartile,Q1,1,low EFA,lat_distortion_relax_distance_mean,$\bar{d}$,0.9024390243902439
CHAOS_0093,Ca-Cd-Mg-V,EFA quartile,Q3,3,intermediate-high EFA,lat_distortion_relax_distance_mean,$\bar{d}$,0.1463414634146341
CHAOS_0094,Mg-Mn-V-Zn,EFA quartile,Q2,2,intermediate-low EFA,lat_distortion_relax_distance_mean,$\bar{d}$,0.06300813008130081
CHAOS_0095,Cd-Co-Mg-Ni,EFA quartile,Q4,4,high EFA,lat_distortion_relax_distance_mean,$\bar{d}$,0.1829268292682927
CHAOS_0096,Fe-Mg-Sr-Zn,EFA quartile,Q3,3,intermediate-high EFA,lat_distortion_relax_distance_mean,$\bar{d}$,0.5609756097560976
CHAOS_0097,Co-Fe-Sn-Sr,EFA quartile,Q2,2,intermediate-low EFA,lat_distortion_relax_distance_mean,$\bar{d}$,0.6686991869918699
CHAOS_0098,Cd-Fe-Mg-Sr,EFA quartile,Q3,3,intermediate-high EFA,lat_distortion_relax_distance_mean,$\bar{d}$,0.4044715447154472
CHAOS_0099,Sn-Ti-V-Zn,EFA quartile,Q1,1,low EFA,lat_distortion_relax_distance_mean,$\bar{d}$,0.1626016260162602
CHAOS_0100,Cd-Fe-Mg-Ni,EFA quartile,Q4,4,high EFA,lat_distortion_relax_distance_mean,$\bar{d}$,0.5914634146341463
CHAOS_0101,Ca-Fe-Mg-Ni,EFA quartile,Q4,4,high EFA,lat_distortion_relax_distance_mean,$\bar{d}$,0.1747967479674797
CHAOS_0102,Mg-Mn-Sn-Ti,EFA quartile,Q1,1,low EFA,lat_distortion_relax_distance_mean,$\bar{d}$,0.9247967479674797
CHAOS_0103,Ca-Mg-Sn-Zn,EFA quartile,Q4,4,high EFA,lat_distortion_relax_distance_mean,$\bar{d}$,0.7378048780487805
CHAOS_0104,Ca-Fe-Mg-Ti,EFA quartile,Q2,2,intermediate-low EFA,lat_distortion_relax_distance_mean,$\bar{d}$,0.5691056910569106
CHAOS_0105,Sn-Tc-Ti-V,EFA quartile,Q1,1,low EFA,lat_distortion_relax_distance_mean,$\bar{d}$,0.002032520325203252
CHAOS_0106,Cd-Mn-Nb-Zn,EFA quartile,Q1,1,low EFA,lat_distortion_relax_distance_mean,$\bar{d}$,0.1788617886178862
CHAOS_0107,Cd-Sn-Ti-V,EFA quartile,Q1,1,low EFA,lat_distortion_relax_distance_mean,$\bar{d}$,0.08943089430894309
CHAOS_0108,Cd-Mg-Sn-Ti,EFA quartile,Q1,1,low EFA,lat_distortion_relax_distance_mean,$\bar{d}$,0.1260162601626016
CHAOS_0109,Mg-Mn-Sr-V,EFA quartile,Q2,2,intermediate-low EFA,lat_distortion_relax_distance_mean,$\bar{d}$,0.459349593495935
CHAOS_0110,Cd-Fe-Nb-Zn,EFA quartile,Q1,1,low EFA,lat_distortion_relax_distance_mean,$\bar{d}$,0.991869918699187
CHAOS_0111,Ca-Co-Ni-Sr,EFA quartile,Q2,2,intermediate-low EFA,lat_distortion_relax_distance_mean,$\bar{d}$,0.7215447154471545
CHAOS_0112,Ca-Cd-Nb-Ti,EFA quartile,Q1,1,low EFA,lat_distortion_relax_distance_mean,$\bar{d}$,0.06707317073170732
CHAOS_0113,Cd-Mg-Ni-Sn,EFA quartile,Q4,4,high EFA,lat_distortion_relax_distance_mean,$\bar{d}$,0.516260162601626
CHAOS_0114,Cu-Fe-Mg-Ni,EFA quartile,Q4,4,high EFA,lat_distortion_relax_distance_mean,$\bar{d}$,0.07926829268292683
CHAOS_0115,Ca-Cu-Mg-Zn,EFA quartile,Q4,4,high EFA,lat_distortion_relax_distance_mean,$\bar{d}$,0.201219512195122
CHAOS_0116,Cd-Mg-Ti-Zn,EFA quartile,Q2,2,intermediate-low EFA,lat_distortion_relax_distance_mean,$\bar{d}$,0.1910569105691057
CHAOS_0117,Cd-Fe-Mg-Nb,EFA quartile,Q1,1,low EFA,lat_distortion_relax_distance_mean,$\bar{d}$,0.1971544715447154
CHAOS_0118,Cu-Fe-V-Zn,EFA quartile,Q2,2,intermediate-low EFA,lat_distortion_relax_distance_mean,$\bar{d}$,0.8861788617886179
CHAOS_0119,Ca-Mn-Nb-Ti,EFA quartile,Q1,1,low EFA,lat_distortion_relax_distance_mean,$\bar{d}$,0.483739837398374
CHAOS_0120,Co-Fe-Ni-Sr,EFA quartile,Q2,2,intermediate-low EFA,lat_distortion_relax_distance_mean,$\bar{d}$,0.8780487804878049
CHAOS_0121,Ca-Fe-Mn-Sn,EFA quartile,Q4,4,high EFA,lat_distortion_relax_distance_mean,$\bar{d}$,0.7601626016260162
CHAOS_0122,Ca-Cd-Nb-Zn,EFA quartile,Q1,1,low EFA,lat_distortion_relax_distance_mean,$\bar{d}$,0.7317073170731707
CHAOS_0123,Ni-Sn-Sr-Zn,EFA quartile,Q2,2,intermediate-low EFA,lat_distortion_relax_distance_mean,$\bar{d}$,0.9186991869918699
CHAOS_0124,Ca-Co-Mg-Sn,EFA quartile,Q4,4,high EFA,lat_distortion_relax_distance_mean,$\bar{d}$,0.4471544715447154
CHAOS_0125,Ca-Mg-Mn-Sr,EFA quartile,Q3,3,intermediate-high EFA,lat_distortion_relax_distance_mean,$\bar{d}$,0.4410569105691057
CHAOS_0126,Co-Fe-Mn-Ni,EFA quartile,Q4,4,high EFA,lat_distortion_relax_distance_mean,$\bar{d}$,0.0508130081300813
CHAOS_0127,Cd-Mn-Nb-Ti,EFA quartile,Q1,1,low EFA,lat_distortion_relax_distance_mean,$\bar{d}$,0.02032520325203252
CHAOS_0128,Nb-Sn-Tc-Zn,EFA quartile,Q1,1,low EFA,lat_distortion_relax_distance_mean,$\bar{d}$,0.6036585365853658
CHAOS_0129,Fe-Nb-Sn-V,EFA quartile,Q1,1,low EFA,lat_distortion_relax_distance_mean,$\bar{d}$,0.1849593495934959
CHAOS_0130,Ca-Fe-Sr-Ti,EFA quartile,Q2,2,intermediate-low EFA,lat_distortion_relax_distance_mean,$\bar{d}$,0.8739837398373984
CHAOS_0131,Mg-Sn-Ti-Zn,EFA quartile,Q1,1,low EFA,lat_distortion_relax_distance_mean,$\bar{d}$,0.7012195121951219
CHAOS_0132,Ca-Fe-Ni-Sr,EFA quartile,Q2,2,intermediate-low EFA,lat_distortion_relax_distance_mean,$\bar{d}$,0.5426829268292683
CHAOS_0133,Cd-Nb-Sr-Ti,EFA quartile,Q1,1,low EFA,lat_distortion_relax_distance_mean,$\bar{d}$,0.06097560975609756
CHAOS_0134,Fe-Mg-Sn-Sr,EFA quartile,Q2,2,intermediate-low EFA,lat_distortion_relax_distance_mean,$\bar{d}$,0.782520325203252
CHAOS_0135,Cd-Co-Ni-Sn,EFA quartile,Q3,3,intermediate-high EFA,lat_distortion_relax_distance_mean,$\bar{d}$,0.5447154471544715
CHAOS_0136,Mg-Nb-Sr-Zn,EFA quartile,Q2,2,intermediate-low EFA,lat_distortion_relax_distance_mean,$\bar{d}$,0.3739837398373984
CHAOS_0137,Cd-Fe-Sn-Zn,EFA quartile,Q3,3,intermediate-high EFA,lat_distortion_relax_distance_mean,$\bar{d}$,0.8638211382113821
CHAOS_0138,Cd-Mg-Sn-V,EFA quartile,Q1,1,low EFA,lat_distortion_relax_distance_mean,$\bar{d}$,0.03658536585365853
CHAOS_0139,Mn-Ni-V-Zn,EFA quartile,Q3,3,intermediate-high EFA,lat_distortion_relax_distance_mean,$\bar{d}$,0.2195121951219512
CHAOS_0140,Cd-Mg-Sr-Zn,EFA quartile,Q3,3,intermediate-high EFA,lat_distortion_relax_distance_mean,$\bar{d}$,0.4166666666666667
CHAOS_0141,Nb-Ni-Sn-Ti,EFA quartile,Q1,1,low EFA,lat_distortion_relax_distance_mean,$\bar{d}$,0.07723577235772358
CHAOS_0142,Cd-Co-Ni-Zn,EFA quartile,Q4,4,high EFA,lat_distortion_relax_distance_mean,$\bar{d}$,0.241869918699187
CHAOS_0143,Mg-Sn-V-Zn,EFA quartile,Q1,1,low EFA,lat_distortion_relax_distance_mean,$\bar{d}$,0.8313008130081301
CHAOS_0144,Ca-Fe-Mg-Zn,EFA quartile,Q3,3,intermediate-high EFA,lat_distortion_relax_distance_mean,$\bar{d}$,0.09959349593495935
CHAOS_0145,Ca-Cd-Fe-Sn,EFA quartile,Q4,4,high EFA,lat_distortion_relax_distance_mean,$\bar{d}$,0.7886178861788617
CHAOS_0146,Ca-Mn-Nb-V,EFA quartile,Q2,2,intermediate-low EFA,lat_distortion_relax_distance_mean,$\bar{d}$,0.6117886178861789
CHAOS_0147,Cd-Fe-Ni-Sr,EFA quartile,Q2,2,intermediate-low EFA,lat_distortion_relax_distance_mean,$\bar{d}$,0.4898373983739837
CHAOS_0148,Ca-Mg-Nb-Ti,EFA quartile,Q2,2,intermediate-low EFA,lat_distortion_relax_distance_mean,$\bar{d}$,0.4024390243902439
CHAOS_0149,Ca-Co-Mg-Sr,EFA quartile,Q3,3,intermediate-high EFA,lat_distortion_relax_distance_mean,$\bar{d}$,0.4817073170731707
CHAOS_0150,Mg-Sr-Ti-Zn,EFA quartile,Q2,2,intermediate-low EFA,lat_distortion_relax_distance_mean,$\bar{d}$,0.5833333333333334
CHAOS_0151,Cd-Mg-Mn-Nb,EFA quartile,Q1,1,low EFA,lat_distortion_relax_distance_mean,$\bar{d}$,0.1666666666666667
CHAOS_0152,Fe-Mn-Sr-Zn,EFA quartile,Q3,3,intermediate-high EFA,lat_distortion_relax_distance_mean,$\bar{d}$,0.6382113821138211
CHAOS_0153,Cd-Fe-Mg-Zn,EFA quartile,Q4,4,high EFA,lat_distortion_relax_distance_mean,$\bar{d}$,0.2052845528455285
CHAOS_0154,Ca-Mn-Ni-Sr,EFA quartile,Q2,2,intermediate-low EFA,lat_distortion_relax_distance_mean,$\bar{d}$,0.4613821138211382
CHAOS_0155,Cd-Mn-Nb-Sr,EFA quartile,Q1,1,low EFA,lat_distortion_relax_distance_mean,$\bar{d}$,0.75
CHAOS_0156,Cd-Cu-Fe-Mg,EFA quartile,Q4,4,high EFA,lat_distortion_relax_distance_mean,$\bar{d}$,0.4247967479674797
CHAOS_0157,Ca-Sn-Ti-V,EFA quartile,Q1,1,low EFA,lat_distortion_relax_distance_mean,$\bar{d}$,0.9044715447154471
CHAOS_0158,Fe-Mg-Mn-Ni,EFA quartile,Q4,4,high EFA,lat_distortion_relax_distance_mean,$\bar{d}$,0.02235772357723577
CHAOS_0159,Cd-Fe-Ni-Sn,EFA quartile,Q3,3,intermediate-high EFA,lat_distortion_relax_distance_mean,$\bar{d}$,0.6321138211382114
CHAOS_0160,Cd-Mg-V-Zn,EFA quartile,Q3,3,intermediate-high EFA,lat_distortion_relax_distance_mean,$\bar{d}$,0.05894308943089431
CHAOS_0161,Ca-Mg-Mn-Ti,EFA quartile,Q2,2,intermediate-low EFA,lat_distortion_relax_distance_mean,$\bar{d}$,0.3434959349593496
CHAOS_0162,Co-Cu-Fe-Ni,EFA quartile,Q4,4,high EFA,lat_distortion_relax_distance_mean,$\bar{d}$,0.3191056910569106
CHAOS_0163,Ca-Cd-Nb-Sn,EFA quartile,Q1,1,low EFA,lat_distortion_relax_distance_mean,$\bar{d}$,0.04674796747967479
CHAOS_0164,Fe-Mg-Nb-Sn,EFA quartile,Q1,1,low EFA,lat_distortion_relax_distance_mean,$\bar{d}$,0.03048780487804878
CHAOS_0165,Cu-Mg-V-Zn,EFA quartile,Q4,4,high EFA,lat_distortion_relax_distance_mean,$\bar{d}$,0.3821138211382114
CHAOS_0166,Fe-Mg-Nb-Sr,EFA quartile,Q2,2,intermediate-low EFA,lat_distortion_relax_distance_mean,$\bar{d}$,0.9491869918699187
CHAOS_0167,Ca-Sn-Sr-Ti,EFA quartile,Q2,2,intermediate-low EFA,lat_distortion_relax_distance_mean,$\bar{d}$,0.8983739837398373
CHAOS_0168,Cd-Mg-Sn-Zn,EFA quartile,Q4,4,high EFA,lat_distortion_relax_distance_mean,$\bar{d}$,0.8130081300813008
CHAOS_0169,Ca-Cd-Nb-Sr,EFA quartile,Q2,2,intermediate-low EFA,lat_distortion_relax_distance_mean,$\bar{d}$,0.790650406504065
CHAOS_0170,Cd-Fe-Sn-Ti,EFA quartile,Q1,1,low EFA,lat_distortion_relax_distance_mean,$\bar{d}$,0.09552845528455285
CHAOS_0171,Fe-Nb-Sn-Zn,EFA quartile,Q1,1,low EFA,lat_distortion_relax_distance_mean,$\bar{d}$,0.967479674796748
CHAOS_0172,Cu-Nb-Sn-V,EFA quartile,Q1,1,low EFA,lat_distortion_relax_distance_mean,$\bar{d}$,0.9613821138211383
CHAOS_0173,Cd-Nb-Ti-V,EFA quartile,Q1,1,low EFA,lat_distortion_relax_distance_mean,$\bar{d}$,0.08333333333333333
CHAOS_0174,Cd-Fe-Mn-Ni,EFA quartile,Q4,4,high EFA,lat_distortion_relax_distance_mean,$\bar{d}$,0.2398373983739837
CHAOS_0175,Ca-Fe-Sn-Ti,EFA quartile,Q1,1,low EFA,lat_distortion_relax_distance_mean,$\bar{d}$,0.9857723577235772
CHAOS_0176,Ca-Cd-Mg-Ni,EFA quartile,Q4,4,high EFA,lat_distortion_relax_distance_mean,$\bar{d}$,0.1483739837398374
CHAOS_0177,Ca-Mg-Nb-Sr,EFA quartile,Q3,3,intermediate-high EFA,lat_distortion_relax_distance_mean,$\bar{d}$,0.3130081300813008
CHAOS_0178,Mg-Ni-Sn-Zn,EFA quartile,Q4,4,high EFA,lat_distortion_relax_distance_mean,$\bar{d}$,0.2947154471544716
CHAOS_0179,Mg-Mn-Sn-Sr,EFA quartile,Q3,3,intermediate-high EFA,lat_distortion_relax_distance_mean,$\bar{d}$,0.823170731707317
CHAOS_0180,Fe-Mg-Ni-Sr,EFA quartile,Q2,2,intermediate-low EFA,lat_distortion_relax_distance_mean,$\bar{d}$,0.5548780487804879
CHAOS_0181,Ca-Mg-Mn-V,EFA quartile,Q2,2,intermediate-low EFA,lat_distortion_relax_distance_mean,$\bar{d}$,0.1056910569105691
CHAOS_0182,Co-Cu-Fe-V,EFA quartile,Q2,2,intermediate-low EFA,lat_distortion_relax_distance_mean,$\bar{d}$,0.959349593495935
CHAOS_0183,Ca-Co-Sn-Sr,EFA quartile,Q3,3,intermediate-high EFA,lat_distortion_relax_distance_mean,$\bar{d}$,0.6626016260162602
CHAOS_0184,Fe-Mn-Ni-Zn,EFA quartile,Q4,4,high EFA,lat_distortion_relax_distance_mean,$\bar{d}$,0.04065040650406504
CHAOS_0185,Ca-Co-Mg-Mn,EFA quartile,Q4,4,high EFA,lat_distortion_relax_distance_mean,$\bar{d}$,0.1402439024390244
CHAOS_0186,Ca-Nb-Sn-Ti,EFA quartile,Q1,1,low EFA,lat_distortion_relax_distance_mean,$\bar{d}$,0.9471544715447154
CHAOS_0187,Ca-Cd-Sr-V,EFA quartile,Q3,3,intermediate-high EFA,lat_distortion_relax_distance_mean,$\bar{d}$,0.7723577235772358
CHAOS_0188,Ca-Mg-Sn-Ti,EFA quartile,Q1,1,low EFA,lat_distortion_relax_distance_mean,$\bar{d}$,0.8597560975609756
CHAOS_0189,Mn-Nb-Ti-V,EFA quartile,Q2,2,intermediate-low EFA,lat_distortion_relax_distance_mean,$\bar{d}$,0.3211382113821138
CHAOS_0190,Ca-Mg-Ni-Sn,EFA quartile,Q4,4,high EFA,lat_distortion_relax_distance_mean,$\bar{d}$,0.4695121951219512
CHAOS_0191,Cd-Cu-V-Zn,EFA quartile,Q3,3,intermediate-high EFA,lat_distortion_relax_distance_mean,$\bar{d}$,0.475609756097561
CHAOS_0192,Cd-Mg-Nb-Zn,EFA quartile,Q1,1,low EFA,lat_distortion_relax_distance_mean,$\bar{d}$,0.02845528455284553
CHAOS_0193,Cd-Co-Fe-Sn,EFA quartile,Q3,3,intermediate-high EFA,lat_distortion_relax_distance_mean,$\bar{d}$,0.6178861788617886
CHAOS_0194,Nb-Sr-Tc-Ti,EFA quartile,Q1,1,low EFA,lat_distortion_relax_distance_mean,$\bar{d}$,0.9878048780487805
CHAOS_0195,Cu-Nb-Sn-Sr,EFA quartile,Q1,1,low EFA,lat_distortion_relax_distance_mean,$\bar{d}$,1.0
CHAOS_0196,Ca-Cd-Mg-Ti,EFA quartile,Q2,2,intermediate-low EFA,lat_distortion_relax_distance_mean,$\bar{d}$,0.3333333333333333
CHAOS_0197,Ca-Nb-Sr-V,EFA quartile,Q2,2,intermediate-low EFA,lat_distortion_relax_distance_mean,$\bar{d}$,0.7276422764227642
CHAOS_0198,Cd-Fe-Nb-Sn,EFA quartile,Q1,1,low EFA,lat_distortion_relax_distance_mean,$\bar{d}$,0.4451219512195122
CHAOS_0199,Co-Mg-Ni-Sr,EFA quartile,Q2,2,intermediate-low EFA,lat_distortion_relax_distance_mean,$\bar{d}$,0.8333333333333334
CHAOS_0200,Co-Mn-Sr-Zn,EFA quartile,Q3,3,intermediate-high EFA,lat_distortion_relax_distance_mean,$\bar{d}$,0.5182926829268293
CHAOS_0201,Ca-Mn-Ti-V,EFA quartile,Q2,2,intermediate-low EFA,lat_distortion_relax_distance_mean,$\bar{d}$,0.3231707317073171
CHAOS_0202,Ca-Cd-Co-Mg,EFA quartile,Q4,4,high EFA,lat_distortion_relax_distance_mean,$\bar{d}$,0.1504065040650407
CHAOS_0203,Mn-Sr-Ti-V,EFA quartile,Q2,2,intermediate-low EFA,lat_distortion_relax_distance_mean,$\bar{d}$,0.8048780487804879
CHAOS_0204,Cd-Sr-Ti-Zn,EFA quartile,Q1,1,low EFA,lat_distortion_relax_distance_mean,$\bar{d}$,0.9227642276422764
CHAOS_0205,Fe-Ni-Sn-Zn,EFA quartile,Q3,3,intermediate-high EFA,lat_distortion_relax_distance_mean,$\bar{d}$,0.5467479674796748
CHAOS_0206,Ca-Nb-Sn-Sr,EFA quartile,Q1,1,low EFA,lat_distortion_relax_distance_mean,$\bar{d}$,0.5121951219512195
CHAOS_0207,Cd-Mg-Nb-V,EFA quartile,Q1,1,low EFA,lat_distortion_relax_distance_mean,$\bar{d}$,0.6971544715447154
CHAOS_0208,Fe-Nb-Sn-Sr,EFA quartile,Q1,1,low EFA,lat_distortion_relax_distance_mean,$\bar{d}$,0.975609756097561
CHAOS_0209,Ca-Cu-Mg-V,EFA quartile,Q3,3,intermediate-high EFA,lat_distortion_relax_distance_mean,$\bar{d}$,0.6707317073170732
CHAOS_0210,Ca-Fe-Mg-Sr,EFA quartile,Q3,3,intermediate-high EFA,lat_distortion_relax_distance_mean,$\bar{d}$,0.6097560975609756
CHAOS_0211,Ca-Sn-Sr-Zn,EFA quartile,Q3,3,intermediate-high EFA,lat_distortion_relax_distance_mean,$\bar{d}$,0.8008130081300813
CHAOS_0212,Cd-Mn-Sr-Ti,EFA quartile,Q2,2,intermediate-low EFA,lat_distortion_relax_distance_mean,$\bar{d}$,0.3394308943089431
CHAOS_0213,Mn-Ni-Sr-Zn,EFA quartile,Q3,3,intermediate-high EFA,lat_distortion_relax_distance_mean,$\bar{d}$,0.5772357723577236
CHAOS_0214,Cd-Sr-V-Zn,EFA quartile,Q2,2,intermediate-low EFA,lat_distortion_relax_distance_mean,$\bar{d}$,0.8272357723577236
CHAOS_0215,Co-Fe-Mg-Sn,EFA quartile,Q3,3,intermediate-high EFA,lat_distortion_relax_distance_mean,$\bar{d}$,0.4878048780487805
CHAOS_0216,Cu-Sn-Ti-V,EFA quartile,Q1,1,low EFA,lat_distortion_relax_distance_mean,$\bar{d}$,0.5020325203252033
CHAOS_0217,Ca-Mn-Sr-Zn,EFA quartile,Q3,3,intermediate-high EFA,lat_distortion_relax_distance_mean,$\bar{d}$,0.5203252032520326
CHAOS_0218,Mg-Nb-Ti-V,EFA quartile,Q2,2,intermediate-low EFA,lat_distortion_relax_distance_mean,$\bar{d}$,0.5508130081300813
CHAOS_0219,Ca-Cd-Mn-Ni,EFA quartile,Q4,4,high EFA,lat_distortion_relax_distance_mean,$\bar{d}$,0.274390243902439
CHAOS_0220,Co-Fe-Sn-Zn,EFA quartile,Q3,3,intermediate-high EFA,lat_distortion_relax_distance_mean,$\bar{d}$,0.4979674796747968
CHAOS_0221,Mg-Nb-Sn-Sr,EFA quartile,Q1,1,low EFA,lat_distortion_relax_distance_mean,$\bar{d}$,0.3495934959349594
CHAOS_0222,Cd-Fe-Sr-Zn,EFA quartile,Q3,3,intermediate-high EFA,lat_distortion_relax_distance_mean,$\bar{d}$,0.5934959349593496
CHAOS_0223,Ca-Fe-Sn-Zn,EFA quartile,Q3,3,intermediate-high EFA,lat_distortion_relax_distance_mean,$\bar{d}$,0.7357723577235772
CHAOS_0224,Mg-Nb-Ti-Zn,EFA quartile,Q2,2,intermediate-low EFA,lat_distortion_relax_distance_mean,$\bar{d}$,0.4735772357723577
CHAOS_0225,Ca-Cd-Mg-Mn,EFA quartile,Q4,4,high EFA,lat_distortion_relax_distance_mean,$\bar{d}$,0.1077235772357724
CHAOS_0226,Nb-Sn-Sr-Zn,EFA quartile,Q1,1,low EFA,lat_distortion_relax_distance_mean,$\bar{d}$,0.3678861788617886
CHAOS_0227,Ca-Mg-Sn-V,EFA quartile,Q2,2,intermediate-low EFA,lat_distortion_relax_distance_mean,$\bar{d}$,0.7764227642276422
CHAOS_0228,Ca-Cd-Fe-Mg,EFA quartile,Q3,3,intermediate-high EFA,lat_distortion_relax_distance_mean,$\bar{d}$,0.1605691056910569
CHAOS_0229,Ca-Cu-Mn-V,EFA quartile,Q2,2,intermediate-low EFA,lat_distortion_relax_distance_mean,$\bar{d}$,0.676829268292683
CHAOS_0230,Ca-Mg-Sr-Zn,EFA quartile,Q4,4,high EFA,lat_distortion_relax_distance_mean,$\bar{d}$,0.4268292682926829
CHAOS_0231,Cd-Co-Sn-Sr,EFA quartile,Q3,3,intermediate-high EFA,lat_distortion_relax_distance_mean,$\bar{d}$,0.8516260162601627
CHAOS_0232,Mg-Nb-Sn-Ti,EFA quartile,Q1,1,low EFA,lat_distortion_relax_distance_mean,$\bar{d}$,0.8821138211382114
CHAOS_0233,Cd-Mg-Mn-Ni,EFA quartile,Q4,4,high EFA,lat_distortion_relax_distance_mean,$\bar{d}$,0.3373983739837398
CHAOS_0234,Mg-Mn-Ni-Sn,EFA quartile,Q2,2,intermediate-low EFA,lat_distortion_relax_distance_mean,$\bar{d}$,0.3617886178861789
CHAOS_0235,Cd-Nb-Sn-Zn,EFA quartile,Q1,1,low EFA,lat_distortion_relax_distance_mean,$\bar{d}$,0.9735772357723578
CHAOS_0236,Cd-Co-Mn-Ni,EFA quartile,Q3,3,intermediate-high EFA,lat_distortion_relax_distance_mean,$\bar{d}$,0.4939024390243902
CHAOS_0237,Ca-Fe-Mn-Sr,EFA quartile,Q2,2,intermediate-low EFA,lat_distortion_relax_distance_mean,$\bar{d}$,0.6239837398373984
CHAOS_0238,Ca-Sn-Ti-Zn,EFA quartile,Q1,1,low EFA,lat_distortion_relax_distance_mean,$\bar{d}$,0.4288617886178862
CHAOS_0239,Ca-Nb-Sr-Ti,EFA quartile,Q2,2,intermediate-low EFA,lat_distortion_relax_distance_mean,$\bar{d}$,0.7032520325203252
CHAOS_0240,Co-Fe-Ni-V,EFA quartile,Q2,2,intermediate-low EFA,lat_distortion_relax_distance_mean,$\bar{d}$,0.9004065040650406
CHAOS_0241,Cd-Mg-Mn-Sn,EFA quartile,Q3,3,intermediate-high EFA,lat_distortion_relax_distance_mean,$\bar{d}$,0.7235772357723578
CHAOS_0242,Co-Mg-Sr-Zn,EFA quartile,Q3,3,intermediate-high EFA,lat_distortion_relax_distance_mean,$\bar{d}$,0.7682926829268293
CHAOS_0243,Ca-Sn-Sr-V,EFA quartile,Q3,3,intermediate-high EFA,lat_distortion_relax_distance_mean,$\bar{d}$,0.8800813008130082
CHAOS_0244,Cu-Fe-Mg-Ti,EFA quartile,Q3,3,intermediate-high EFA,lat_distortion_relax_distance_mean,$\bar{d}$,0.8109756097560976
CHAOS_0245,Cd-Mn-Nb-Sn,EFA quartile,Q1,1,low EFA,lat_distortion_relax_distance_mean,$\bar{d}$,0.07520325203252033
CHAOS_0246,Mg-Nb-Sn-Zn,EFA quartile,Q1,1,low EFA,lat_distortion_relax_distance_mean,$\bar{d}$,0.6402439024390244
CHAOS_0247,Ca-Cd-Co-Mn,EFA quartile,Q4,4,high EFA,lat_distortion_relax_distance_mean,$\bar{d}$,0.1869918699186992
CHAOS_0248,Cu-Fe-Mg-Zn,EFA quartile,Q4,4,high EFA,lat_distortion_relax_distance_mean,$\bar{d}$,0.1544715447154472
CHAOS_0249,Fe-Mn-Sn-Sr,EFA quartile,Q2,2,intermediate-low EFA,lat_distortion_relax_distance_mean,$\bar{d}$,0.7845528455284553
CHAOS_0250,Mg-Mn-Ti-V,EFA quartile,Q3,3,intermediate-high EFA,lat_distortion_relax_distance_mean,$\bar{d}$,0.1646341463414634
CHAOS_0251,Ca-Mg-Mn-Zn,EFA quartile,Q2,2,intermediate-low EFA,lat_distortion_relax_distance_mean,$\bar{d}$,0.05284552845528456
CHAOS_0252,Cd-Sn-Sr-V,EFA quartile,Q2,2,intermediate-low EFA,lat_distortion_relax_distance_mean,$\bar{d}$,0.6951219512195121
CHAOS_0253,Ca-Co-Ni-Sn,EFA quartile,Q4,4,high EFA,lat_distortion_relax_distance_mean,$\bar{d}$,0.6890243902439024
CHAOS_0254,Fe-Mn-Ni-Sr,EFA quartile,Q2,2,intermediate-low EFA,lat_distortion_relax_distance_mean,$\bar{d}$,0.758130081300813
CHAOS_0255,Ca-Cd-Mg-Sn,EFA quartile,Q4,4,high EFA,lat_distortion_relax_distance_mean,$\bar{d}$,0.6280487804878049
CHAOS_0256,Ca-Mn-Ti-Zn,EFA quartile,Q2,2,intermediate-low EFA,lat_distortion_relax_distance_mean,$\bar{d}$,0.6524390243902439
CHAOS_0257,Mg-Mn-Sr-Zn,EFA quartile,Q3,3,intermediate-high EFA,lat_distortion_relax_distance_mean,$\bar{d}$,0.5650406504065041
CHAOS_0258,Mn-Nb-Sn-V,EFA quartile,Q1,1,low EFA,lat_distortion_relax_distance_mean,$\bar{d}$,0.3922764227642276
CHAOS_0259,Mn-Sn-Sr-V,EFA quartile,Q2,2,intermediate-low EFA,lat_distortion_relax_distance_mean,$\bar{d}$,0.3861788617886179
CHAOS_0260,Co-Nb-Sn-Sr,EFA quartile,Q1,1,low EFA,lat_distortion_relax_distance_mean,$\bar{d}$,0.9369918699186992
CHAOS_0261,Cd-Mn-Ti-Zn,EFA quartile,Q2,2,intermediate-low EFA,lat_distortion_relax_distance_mean,$\bar{d}$,0.1890243902439024
CHAOS_0262,Ca-Mg-Ti-Zn,EFA quartile,Q3,3,intermediate-high EFA,lat_distortion_relax_distance_mean,$\bar{d}$,0.266260162601626
CHAOS_0263,Cd-Co-Mn-Sr,EFA quartile,Q3,3,intermediate-high EFA,lat_distortion_relax_distance_mean,$\bar{d}$,0.540650406504065
CHAOS_0264,Mg-Mn-Nb-Zn,EFA quartile,Q3,3,intermediate-high EFA,lat_distortion_relax_distance_mean,$\bar{d}$,0.3780487804878049
CHAOS_0265,Ca-Co-Mn-Zn,EFA quartile,Q4,4,high EFA,lat_distortion_relax_distance_mean,$\bar{d}$,0.1382113821138211
CHAOS_0266,Cd-Fe-Nb-Sr,EFA quartile,Q1,1,low EFA,lat_distortion_relax_distance_mean,$\bar{d}$,0.8536585365853658
CHAOS_0267,Co-Ni-Sn-Zn,EFA quartile,Q4,4,high EFA,lat_distortion_relax_distance_mean,$\bar{d}$,0.2540650406504065
CHAOS_0268,Ca-Co-Fe-Mn,EFA quartile,Q4,4,high EFA,lat_distortion_relax_distance_mean,$\bar{d}$,0.1727642276422764
CHAOS_0269,Ca-Fe-Nb-Zn,EFA quartile,Q2,2,intermediate-low EFA,lat_distortion_relax_distance_mean,$\bar{d}$,0.6158536585365854
CHAOS_0270,Fe-Nb-Ti-Zn,EFA quartile,Q2,2,intermediate-low EFA,lat_distortion_relax_distance_mean,$\bar{d}$,0.08536585365853659
CHAOS_0271,Fe-Mg-Nb-Ti,EFA quartile,Q2,2,intermediate-low EFA,lat_distortion_relax_distance_mean,$\bar{d}$,0.4329268292682927
CHAOS_0272,Fe-Mn-Ni-Sn,EFA quartile,Q3,3,intermediate-high EFA,lat_distortion_relax_distance_mean,$\bar{d}$,0.4004065040650406
CHAOS_0273,Cu-Fe-Mn-Zn,EFA quartile,Q4,4,high EFA,lat_distortion_relax_distance_mean,$\bar{d}$,0.7459349593495935
CHAOS_0274,Mn-Sr-Ti-Zn,EFA quartile,Q1,1,low EFA,lat_distortion_relax_distance_mean,$\bar{d}$,0.9288617886178862
CHAOS_0275,Cd-Mg-Ni-Sr,EFA quartile,Q3,3,intermediate-high EFA,lat_distortion_relax_distance_mean,$\bar{d}$,0.3800813008130081
CHAOS_0276,Mn-Sn-Ti-V,EFA quartile,Q1,1,low EFA,lat_distortion_relax_distance_mean,$\bar{d}$,0.3577235772357724
CHAOS_0277,Ca-Co-Mn-Ni,EFA quartile,Q4,4,high EFA,lat_distortion_relax_distance_mean,$\bar{d}$,0.1768292682926829
CHAOS_0278,Co-Ni-Sn-Sr,EFA quartile,Q2,2,intermediate-low EFA,lat_distortion_relax_distance_mean,$\bar{d}$,0.7479674796747967
CHAOS_0279,Nb-Sr-Ti-V,EFA quartile,Q1,1,low EFA,lat_distortion_relax_distance_mean,$\bar{d}$,0.5487804878048781
CHAOS_0280,Cd-Co-Mn-Sn,EFA quartile,Q3,3,intermediate-high EFA,lat_distortion_relax_distance_mean,$\bar{d}$,0.8943089430894309
CHAOS_0281,Ca-Cd-Fe-Sr,EFA quartile,Q3,3,intermediate-high EFA,lat_distortion_relax_distance_mean,$\bar{d}$,0.4146341463414634
CHAOS_0282,Co-Mg-Ni-Zn,EFA quartile,Q4,4,high EFA,lat_distortion_relax_distance_mean,$\bar{d}$,0.006097560975609756
CHAOS_0283,Nb-Sn-Ti-Zn,EFA quartile,Q1,1,low EFA,lat_distortion_relax_distance_mean,$\bar{d}$,0.3313008130081301
CHAOS_0284,Cd-Fe-Mg-Sn,EFA quartile,Q3,3,intermediate-high EFA,lat_distortion_relax_distance_mean,$\bar{d}$,0.8394308943089431
CHAOS_0285,Co-Ni-Sr-Zn,EFA quartile,Q2,2,intermediate-low EFA,lat_distortion_relax_distance_mean,$\bar{d}$,0.8373983739837398
CHAOS_0286,Ca-Mn-Ni-Zn,EFA quartile,Q3,3,intermediate-high EFA,lat_distortion_relax_distance_mean,$\bar{d}$,0.1239837398373984
CHAOS_0287,Fe-Sn-Ti-V,EFA quartile,Q1,1,low EFA,lat_distortion_relax_distance_mean,$\bar{d}$,0.9085365853658537
CHAOS_0288,Cd-Mn-Sn-Sr,EFA quartile,Q3,3,intermediate-high EFA,lat_distortion_relax_distance_mean,$\bar{d}$,0.8495934959349594
CHAOS_0289,Cd-Co-Cu-Fe,EFA quartile,Q4,4,high EFA,lat_distortion_relax_distance_mean,$\bar{d}$,0.4207317073170732
CHAOS_0290,Co-Cu-Mn-Zn,EFA quartile,Q4,4,high EFA,lat_distortion_relax_distance_mean,$\bar{d}$,0.2784552845528455
CHAOS_0291,Co-Nb-Sn-Ti,EFA quartile,Q1,1,low EFA,lat_distortion_relax_distance_mean,$\bar{d}$,0.04878048780487805
CHAOS_0292,Cu-Mg-Ni-Sn,EFA quartile,Q3,3,intermediate-high EFA,lat_distortion_relax_distance_mean,$\bar{d}$,0.6056910569105691
CHAOS_0293,Fe-Sn-Sr-Ti,EFA quartile,Q1,1,low EFA,lat_distortion_relax_distance_mean,$\bar{d}$,0.9776422764227642
CHAOS_0294,Co-Fe-Sr-Zn,EFA quartile,Q2,2,intermediate-low EFA,lat_distortion_relax_distance_mean,$\bar{d}$,0.7865853658536586
CHAOS_0295,Mg-Mn-Ni-Zn,EFA quartile,Q4,4,high EFA,lat_distortion_relax_distance_mean,$\bar{d}$,0.01016260162601626
CHAOS_0296,Sn-Sr-V-Zn,EFA quartile,Q2,2,intermediate-low EFA,lat_distortion_relax_distance_mean,$\bar{d}$,0.9532520325203252
CHAOS_0297,Cd-Mg-Mn-Zn,EFA quartile,Q4,4,high EFA,lat_distortion_relax_distance_mean,$\bar{d}$,0.08739837398373984
CHAOS_0298,Fe-Mn-Ni-V,EFA quartile,Q3,3,intermediate-high EFA,lat_distortion_relax_distance_mean,$\bar{d}$,0.709349593495935
CHAOS_0299,Ca-Co-Ni-Zn,EFA quartile,Q4,4,high EFA,lat_distortion_relax_distance_mean,$\bar{d}$,0.1443089430894309
CHAOS_0300,Cd-Ni-Sn-Sr,EFA quartile,Q4,4,high EFA,lat_distortion_relax_distance_mean,$\bar{d}$,0.7804878048780488
CHAOS_0301,Cd-Nb-Sr-Zn,EFA quartile,Q1,1,low EFA,lat_distortion_relax_distance_mean,$\bar{d}$,0.9939024390243902
CHAOS_0302,Fe-Mg-Sn-Ti,EFA quartile,Q1,1,low EFA,lat_distortion_relax_distance_mean,$\bar{d}$,0.6361788617886179
CHAOS_0303,Ca-Cd-Mn-V,EFA quartile,Q3,3,intermediate-high EFA,lat_distortion_relax_distance_mean,$\bar{d}$,0.2032520325203252
CHAOS_0304,Fe-Mg-Ti-Zn,EFA quartile,Q3,3,intermediate-high EFA,lat_distortion_relax_distance_mean,$\bar{d}$,0.3760162601626016
CHAOS_0305,Mg-Nb-Sn-Tc,EFA quartile,Q1,1,low EFA,lat_distortion_relax_distance_mean,$\bar{d}$,0.5630081300813008
CHAOS_0306,Ca-Mg-V-Zn,EFA quartile,Q4,4,high EFA,lat_distortion_relax_distance_mean,$\bar{d}$,0.1199186991869919
CHAOS_0307,Cd-Fe-Mn-Sr,EFA quartile,Q3,3,intermediate-high EFA,lat_distortion_relax_distance_mean,$\bar{d}$,0.467479674796748
CHAOS_0308,Co-Mn-V-Zn,EFA quartile,Q4,4,high EFA,lat_distortion_relax_distance_mean,$\bar{d}$,0.5223577235772358
CHAOS_0309,Nb-Sr-V-Zn,EFA quartile,Q1,1,low EFA,lat_distortion_relax_distance_mean,$\bar{d}$,0.6788617886178862
CHAOS_0310,Co-Mg-V-Zn,EFA quartile,Q4,4,high EFA,lat_distortion_relax_distance_mean,$\bar{d}$,0.1422764227642276
CHAOS_0311,Mg-Mn-Nb-Ti,EFA quartile,Q2,2,intermediate-low EFA,lat_distortion_relax_distance_mean,$\bar{d}$,0.4065040650406504
CHAOS_0312,Ca-Fe-Nb-Ti,EFA quartile,Q3,3,intermediate-high EFA,lat_distortion_relax_distance_mean,$\bar{d}$,0.7052845528455285
CHAOS_0313,Ca-Mg-Sr-Ti,EFA quartile,Q3,3,intermediate-high EFA,lat_distortion_relax_distance_mean,$\bar{d}$,0.3455284552845528
CHAOS_0314,Cd-Nb-Sr-V,EFA quartile,Q1,1,low EFA,lat_distortion_relax_distance_mean,$\bar{d}$,0.8719512195121951
CHAOS_0315,Mn-Nb-Sn-Zn,EFA quartile,Q1,1,low EFA,lat_distortion_relax_distance_mean,$\bar{d}$,0.3272357723577236
CHAOS_0316,Ca-Cd-Sn-Sr,EFA quartile,Q4,4,high EFA,lat_distortion_relax_distance_mean,$\bar{d}$,0.2601626016260163
CHAOS_0317,Cd-Mn-Sn-Ti,EFA quartile,Q1,1,low EFA,lat_distortion_relax_distance_mean,$\bar{d}$,0.4796747967479675
CHAOS_0318,Fe-Sn-Ti-Zn,EFA quartile,Q1,1,low EFA,lat_distortion_relax_distance_mean,$\bar{d}$,0.8170731707317073
CHAOS_0319,Fe-Mg-Sr-Ti,EFA quartile,Q1,1,low EFA,lat_distortion_relax_distance_mean,$\bar{d}$,0.8455284552845529
CHAOS_0320,Mg-Sn-Sr-V,EFA quartile,Q2,2,intermediate-low EFA,lat_distortion_relax_distance_mean,$\bar{d}$,0.9146341463414634
CHAOS_0321,Ca-Co-Fe-Sn,EFA quartile,Q3,3,intermediate-high EFA,lat_distortion_relax_distance_mean,$\bar{d}$,0.7987804878048781
CHAOS_0322,Ca-Mg-Sr-V,EFA quartile,Q3,3,intermediate-high EFA,lat_distortion_relax_distance_mean,$\bar{d}$,0.2926829268292683
CHAOS_0323,Mn-Sn-Sr-Ti,EFA quartile,Q1,1,low EFA,lat_distortion_relax_distance_mean,$\bar{d}$,0.290650406504065
CHAOS_0324,Ca-Mn-Nb-Sn,EFA quartile,Q1,1,low EFA,lat_distortion_relax_distance_mean,$\bar{d}$,0.8902439024390244
CHAOS_0325,Mg-Ni-Sn-Sr,EFA quartile,Q3,3,intermediate-high EFA,lat_distortion_relax_distance_mean,$\bar{d}$,0.8556910569105691
CHAOS_0326,Ca-Mn-Sn-Ti,EFA quartile,Q1,1,low EFA,lat_distortion_relax_distance_mean,$\bar{d}$,0.9390243902439024
CHAOS_0327,Ca-Sr-Ti-V,EFA quartile,Q2,2,intermediate-low EFA,lat_distortion_relax_distance_mean,$\bar{d}$,0.5040650406504065
CHAOS_0328,Cu-Mn-Ni-Sn,EFA quartile,Q2,2,intermediate-low EFA,lat_distortion_relax_distance_mean,$\bar{d}$,0.9898373983739838
CHAOS_0329,Fe-Nb-Sr-Zn,EFA quartile,Q2,2,intermediate-low EFA,lat_distortion_relax_distance_mean,$\bar{d}$,0.8678861788617886
CHAOS_0330,Ca-Mg-Nb-V,EFA quartile,Q2,2,intermediate-low EFA,lat_distortion_relax_distance_mean,$\bar{d}$,0.4369918699186992
CHAOS_0331,Ca-Cd-Sr-Ti,EFA quartile,Q2,2,intermediate-low EFA,lat_distortion_relax_distance_mean,$\bar{d}$,0.8963414634146342
CHAOS_0332,Cd-Mg-Mn-V,EFA quartile,Q2,2,intermediate-low EFA,lat_distortion_relax_distance_mean,$\bar{d}$,0.08130081300813008
CHAOS_0333,Nb-Sn-V-Zn,EFA quartile,Q1,1,low EFA,lat_distortion_relax_distance_mean,$\bar{d}$,0.8922764227642277
CHAOS_0334,Co-Mn-Ni-Sr,EFA quartile,Q2,2,intermediate-low EFA,lat_distortion_relax_distance_mean,$\bar{d}$,0.8414634146341463
CHAOS_0335,Fe-Sr-Ti-Zn,EFA quartile,Q2,2,intermediate-low EFA,lat_distortion_relax_distance_mean,$\bar{d}$,0.9126016260162602
CHAOS_0336,Cu-Mg-Mn-V,EFA quartile,Q3,3,intermediate-high EFA,lat_distortion_relax_distance_mean,$\bar{d}$,0.3882113821138211
CHAOS_0337,Mn-Sr-V-Zn,EFA quartile,Q3,3,intermediate-high EFA,lat_distortion_relax_distance_mean,$\bar{d}$,0.926829268292683
CHAOS_0338,Co-Cu-Fe-Mg,EFA quartile,Q4,4,high EFA,lat_distortion_relax_distance_mean,$\bar{d}$,0.209349593495935
CHAOS_0339,Fe-Mg-Ni-Sn,EFA quartile,Q3,3,intermediate-high EFA,lat_distortion_relax_distance_mean,$\bar{d}$,0.2134146341463415
CHAOS_0340,Co-Cu-Mn-Ni,EFA quartile,Q3,3,intermediate-high EFA,lat_distortion_relax_distance_mean,$\bar{d}$,0.3008130081300813
CHAOS_0341,Fe-Mg-Nb-Zn,EFA quartile,Q2,2,intermediate-low EFA,lat_distortion_relax_distance_mean,$\bar{d}$,0.4308943089430894
CHAOS_0342,Mg-Sr-V-Zn,EFA quartile,Q3,3,intermediate-high EFA,lat_distortion_relax_distance_mean,$\bar{d}$,0.6565040650406504
CHAOS_0343,Ca-Cd-Co-Sn,EFA quartile,Q4,4,high EFA,lat_distortion_relax_distance_mean,$\bar{d}$,0.5813008130081301
CHAOS_0344,Cd-Mn-Ni-Sr,EFA quartile,Q3,3,intermediate-high EFA,lat_distortion_relax_distance_mean,$\bar{d}$,0.4349593495934959
CHAOS_0345,Ca-Nb-Sn-V,EFA quartile,Q1,1,low EFA,lat_distortion_relax_distance_mean,$\bar{d}$,0.5060975609756098
CHAOS_0346,Co-Mn-Ni-Sn,EFA quartile,Q2,2,intermediate-low EFA,lat_distortion_relax_distance_mean,$\bar{d}$,0.3150406504065041
CHAOS_0347,Mn-Sn-V-Zn,EFA quartile,Q1,1,low EFA,lat_distortion_relax_distance_mean,$\bar{d}$,0.6585365853658537
CHAOS_0348,Cd-Mn-Nb-V,EFA quartile,Q1,1,low EFA,lat_distortion_relax_distance_mean,$\bar{d}$,0.5345528455284553
CHAOS_0349,Cd-Co-Fe-Mg,EFA quartile,Q4,4,high EFA,lat_distortion_relax_distance_mean,$\bar{d}$,0.3252032520325203
CHAOS_0350,Sn-Sr-Ti-Zn,EFA quartile,Q1,1,low EFA,lat_distortion_relax_distance_mean,$\bar{d}$,0.6849593495934959
CHAOS_0351,Ca-Cd-Sn-V,EFA quartile,Q2,2,intermediate-low EFA,lat_distortion_relax_distance_mean,$\bar{d}$,0.6747967479674797
CHAOS_0352,Cu-Mg-Mn-Zn,EFA quartile,Q4,4,high EFA,lat_distortion_relax_distance_mean,$\bar{d}$,0.1808943089430894
CHAOS_0353,Cd-Mg-Sr-Ti,EFA quartile,Q1,1,low EFA,lat_distortion_relax_distance_mean,$\bar{d}$,0.7540650406504065
CHAOS_0354,Co-Mn-Ni-Zn,EFA quartile,Q4,4,high EFA,lat_distortion_relax_distance_mean,$\bar{d}$,0.0426829268292683
CHAOS_0355,Mn-Nb-Sn-Tc,EFA quartile,Q1,1,low EFA,lat_distortion_relax_distance_mean,$\bar{d}$,0.01219512195121951
CHAOS_0356,Cd-Co-Fe-Ni,EFA quartile,Q3,3,intermediate-high EFA,lat_distortion_relax_distance_mean,$\bar{d}$,0.3028455284552846
CHAOS_0357,Fe-Mg-Ni-Zn,EFA quartile,Q4,4,high EFA,lat_distortion_relax_distance_mean,$\bar{d}$,0.01422764227642276
CHAOS_0358,Mg-Mn-Sn-V,EFA quartile,Q1,1,low EFA,lat_distortion_relax_distance_mean,$\bar{d}$,0.8577235772357723
CHAOS_0359,Cd-Nb-V-Zn,EFA quartile,Q1,1,low EFA,lat_distortion_relax_distance_mean,$\bar{d}$,0.3841463414634146
CHAOS_0360,Ca-Cd-Co-Sr,EFA quartile,Q4,4,high EFA,lat_distortion_relax_distance_mean,$\bar{d}$,0.3597560975609756
CHAOS_0361,Ca-Mg-Ni-Zn,EFA quartile,Q4,4,high EFA,lat_distortion_relax_distance_mean,$\bar{d}$,0.09349593495934959
CHAOS_0362,Ca-Fe-Sr-Zn,EFA quartile,Q3,3,intermediate-high EFA,lat_distortion_relax_distance_mean,$\bar{d}$,0.7154471544715447
CHAOS_0363,Ca-Mn-Sr-V,EFA quartile,Q3,3,intermediate-high EFA,lat_distortion_relax_distance_mean,$\bar{d}$,0.2621951219512195
CHAOS_0364,Mn-Nb-Sr-Zn,EFA quartile,Q2,2,intermediate-low EFA,lat_distortion_relax_distance_mean,$\bar{d}$,0.9410569105691057
CHAOS_0365,Mg-Nb-Sr-Ti,EFA quartile,Q2,2,intermediate-low EFA,lat_distortion_relax_distance_mean,$\bar{d}$,0.6991869918699187
CHAOS_0366,Cd-Ni-Sr-Zn,EFA quartile,Q3,3,intermediate-high EFA,lat_distortion_relax_distance_mean,$\bar{d}$,0.4857723577235772
CHAOS_0367,Cd-Cu-Mn-Ni,EFA quartile,Q3,3,intermediate-high EFA,lat_distortion_relax_distance_mean,$\bar{d}$,0.508130081300813
CHAOS_0368,Ca-Mn-Sn-V,EFA quartile,Q2,2,intermediate-low EFA,lat_distortion_relax_distance_mean,$\bar{d}$,0.9796747967479674
CHAOS_0369,Co-Cu-Fe-Mn,EFA quartile,Q4,4,high EFA,lat_distortion_relax_distance_mean,$\bar{d}$,0.306910569105691
CHAOS_0370,Ca-Cd-Ti-Zn,EFA quartile,Q2,2,intermediate-low EFA,lat_distortion_relax_distance_mean,$\bar{d}$,0.9349593495934959
CHAOS_0371,Cd-Co-Ni-Sr,EFA quartile,Q2,2,intermediate-low EFA,lat_distortion_relax_distance_mean,$\bar{d}$,0.5711382113821138
CHAOS_0372,Ca-Co-Fe-Ni,EFA quartile,Q4,4,high EFA,lat_distortion_relax_distance_mean,$\bar{d}$,0.2682926829268293
CHAOS_0373,Cd-Mn-Sr-Zn,EFA quartile,Q4,4,high EFA,lat_distortion_relax_distance_mean,$\bar{d}$,0.4227642276422764
CHAOS_0374,Cd-Co-Mg-Sn,EFA quartile,Q3,3,intermediate-high EFA,lat_distortion_relax_distance_mean,$\bar{d}$,0.9329268292682927
CHAOS_0375,Mg-Mn-Sn-Zn,EFA quartile,Q3,3,intermediate-high EFA,lat_distortion_relax_distance_mean,$\bar{d}$,0.6443089430894309
CHAOS_0376,Ca-Ni-Sr-Zn,EFA quartile,Q3,3,intermediate-high EFA,lat_distortion_relax_distance_mean,$\bar{d}$,0.5589430894308943
CHAOS_0377,Ca-Cd-Fe-Nb,EFA quartile,Q2,2,intermediate-low EFA,lat_distortion_relax_distance_mean,$\bar{d}$,0.258130081300813
CHAOS_0378,Co-Mg-Mn-Zn,EFA quartile,Q4,4,high EFA,lat_distortion_relax_distance_mean,$\bar{d}$,0.01626016260162602
CHAOS_0379,Mn-Sn-Ti-Zn,EFA quartile,Q1,1,low EFA,lat_distortion_relax_distance_mean,$\bar{d}$,0.4126016260162602
CHAOS_0380,Ca-Nb-Ti-Zn,EFA quartile,Q2,2,intermediate-low EFA,lat_distortion_relax_distance_mean,$\bar{d}$,0.3170731707317073
CHAOS_0381,Ca-Co-Sr-Zn,EFA quartile,Q3,3,intermediate-high EFA,lat_distortion_relax_distance_mean,$\bar{d}$,0.6605691056910569
CHAOS_0382,Co-Sn-Sr-Zn,EFA quartile,Q3,3,intermediate-high EFA,lat_distortion_relax_distance_mean,$\bar{d}$,0.8617886178861789
CHAOS_0383,Ca-Cd-Nb-V,EFA quartile,Q1,1,low EFA,lat_distortion_relax_distance_mean,$\bar{d}$,0.9817073170731707
CHAOS_0384,Ca-Sr-Ti-Zn,EFA quartile,Q2,2,intermediate-low EFA,lat_distortion_relax_distance_mean,$\bar{d}$,0.9512195121951219
CHAOS_0385,Cd-Mn-Ti-V,EFA quartile,Q1,1,low EFA,lat_distortion_relax_distance_mean,$\bar{d}$,0.9552845528455285
CHAOS_0386,Ca-Cd-Co-Ni,EFA quartile,Q3,3,intermediate-high EFA,lat_distortion_relax_distance_mean,$\bar{d}$,0.3516260162601626
CHAOS_0387,Cd-Cu-Mg-Zn,EFA quartile,Q4,4,high EFA,lat_distortion_relax_distance_mean,$\bar{d}$,0.2439024390243902
CHAOS_0388,Mn-Ni-Sn-Zn,EFA quartile,Q3,3,intermediate-high EFA,lat_distortion_relax_distance_mean,$\bar{d}$,0.4959349593495935
CHAOS_0389,Mg-Mn-Sr-Ti,EFA quartile,Q2,2,intermediate-low EFA,lat_distortion_relax_distance_mean,$\bar{d}$,0.8760162601626016
CHAOS_0390,Ca-Co-Mg-Ni,EFA quartile,Q4,4,high EFA,lat_distortion_relax_distance_mean,$\bar{d}$,0.1158536585365854
CHAOS_0391,Co-Fe-Mg-Sr,EFA quartile,Q2,2,intermediate-low EFA,lat_distortion_relax_distance_mean,$\bar{d}$,0.7926829268292683
CHAOS_0392,Co-Fe-Ni-Sn,EFA quartile,Q3,3,intermediate-high EFA,lat_distortion_relax_distance_mean,$\bar{d}$,0.2113821138211382
CHAOS_0393,Cd-Nb-Ti-Zn,EFA quartile,Q1,1,low EFA,lat_distortion_relax_distance_mean,$\bar{d}$,0.4085365853658536
CHAOS_0394,Cd-Mg-Mn-Ti,EFA quartile,Q2,2,intermediate-low EFA,lat_distortion_relax_distance_mean,$\bar{d}$,0.004065040650406504
CHAOS_0395,Nb-Sr-Ti-Zn,EFA quartile,Q1,1,low EFA,lat_distortion_relax_distance_mean,$\bar{d}$,0.7134146341463414
CHAOS_0396,Fe-Ni-V-Zn,EFA quartile,Q2,2,intermediate-low EFA,lat_distortion_relax_distance_mean,$\bar{d}$,0.9695121951219512
CHAOS_0397,Ca-Nb-Sr-Zn,EFA quartile,Q2,2,intermediate-low EFA,lat_distortion_relax_distance_mean,$\bar{d}$,0.6016260162601627
CHAOS_0398,Co-Fe-Mn-Sn,EFA quartile,Q3,3,intermediate-high EFA,lat_distortion_relax_distance_mean,$\bar{d}$,0.6138211382113821
CHAOS_0399,Nb-Sn-Tc-Ti,EFA quartile,Q1,1,low EFA,lat_distortion_relax_distance_mean,$\bar{d}$,0.0
CHAOS_0400,Cd-Mg-Nb-Ti,EFA quartile,Q1,1,low EFA,lat_distortion_relax_distance_mean,$\bar{d}$,0.008130081300813009
CHAOS_0401,Ca-Cd-Ti-V,EFA quartile,Q1,1,low EFA,lat_distortion_relax_distance_mean,$\bar{d}$,0.4715447154471545
CHAOS_0402,Ca-Mn-Ni-Sn,EFA quartile,Q3,3,intermediate-high EFA,lat_distortion_relax_distance_mean,$\bar{d}$,0.6910569105691057
CHAOS_0403,Cu-Mg-Mn-Ni,EFA quartile,Q4,4,high EFA,lat_distortion_relax_distance_mean,$\bar{d}$,0.1097560975609756
CHAOS_0404,Fe-Sn-Sr-Zn,EFA quartile,Q2,2,intermediate-low EFA,lat_distortion_relax_distance_mean,$\bar{d}$,0.8292682926829268
CHAOS_0405,Co-Fe-Mg-Zn,EFA quartile,Q4,4,high EFA,lat_distortion_relax_distance_mean,$\bar{d}$,0.03252032520325204
CHAOS_0406,Fe-Ni-Sr-Zn,EFA quartile,Q2,2,intermediate-low EFA,lat_distortion_relax_distance_mean,$\bar{d}$,0.5955284552845529
CHAOS_0407,Ca-Co-Mn-Sn,EFA quartile,Q4,4,high EFA,lat_distortion_relax_distance_mean,$\bar{d}$,0.6646341463414634
CHAOS_0408,Ca-Mn-V-Zn,EFA quartile,Q2,2,intermediate-low EFA,lat_distortion_relax_distance_mean,$\bar{d}$,0.1300813008130081
CHAOS_0409,Ca-Cd-Fe-Mn,EFA quartile,Q3,3,intermediate-high EFA,lat_distortion_relax_distance_mean,$\bar{d}$,0.1930894308943089
CHAOS_0410,Mn-Nb-Sn-Sr,EFA quartile,Q1,1,low EFA,lat_distortion_relax_distance_mean,$\bar{d}$,0.9979674796747967
CHAOS_0411,Co-Fe-V-Zn,EFA quartile,Q3,3,intermediate-high EFA,lat_distortion_relax_distance_mean,$\bar{d}$,0.09146341463414634
CHAOS_0412,Co-Fe-Mg-Ni,EFA quartile,Q4,4,high EFA,lat_distortion_relax_distance_mean,$\bar{d}$,0.02642276422764228
CHAOS_0413,Ca-Cd-Co-Zn,EFA quartile,Q4,4,high EFA,lat_distortion_relax_distance_mean,$\bar{d}$,0.282520325203252
CHAOS_0414,Nb-Sn-Tc-V,EFA quartile,Q1,1,low EFA,lat_distortion_relax_distance_mean,$\bar{d}$,0.5365853658536586
CHAOS_0415,Ca-Cd-Mn-Zn,EFA quartile,Q4,4,high EFA,lat_distortion_relax_distance_mean,$\bar{d}$,0.1524390243902439
CHAOS_0416,Ca-Co-Mg-Zn,EFA quartile,Q4,4,high EFA,lat_distortion_relax_distance_mean,$\bar{d}$,0.1016260162601626
CHAOS_0417,Cu-Fe-Ni-Zn,EFA quartile,Q4,4,high EFA,lat_distortion_relax_distance_mean,$\bar{d}$,0.1036585365853658
CHAOS_0418,Cd-Mg-Nb-Sr,EFA quartile,Q1,1,low EFA,lat_distortion_relax_distance_mean,$\bar{d}$,0.741869918699187
CHAOS_0419,Ca-Nb-Sn-Zn,EFA quartile,Q1,1,low EFA,lat_distortion_relax_distance_mean,$\bar{d}$,0.9634146341463414
CHAOS_0420,Ca-Fe-Ni-Zn,EFA quartile,Q4,4,high EFA,lat_distortion_relax_distance_mean,$\bar{d}$,0.233739837398374
CHAOS_0421,Co-Fe-Mg-Mn,EFA quartile,Q4,4,high EFA,lat_distortion_relax_distance_mean,$\bar{d}$,0.04471544715447155
CHAOS_0422,Fe-Nb-Sr-Ti,EFA quartile,Q1,1,low EFA,lat_distortion_relax_distance_mean,$\bar{d}$,0.693089430894309
CHAOS_0423,Cd-Nb-Sn-Ti,EFA quartile,Q1,1,low EFA,lat_distortion_relax_distance_mean,$\bar{d}$,0.491869918699187
CHAOS_0424,Mn-Nb-Sr-Ti,EFA quartile,Q1,1,low EFA,lat_distortion_relax_distance_mean,$\bar{d}$,0.9308943089430894
CHAOS_0425,Ca-Ti-V-Zn,EFA quartile,Q2,2,intermediate-low EFA,lat_distortion_relax_distance_mean,$\bar{d}$,0.3048780487804878
CHAOS_0426,Mn-Nb-V-Zn,EFA quartile,Q2,2,intermediate-low EFA,lat_distortion_relax_distance_mean,$\bar{d}$,0.4573170731707317
CHAOS_0427,Cd-Cu-Fe-Mn,EFA quartile,Q3,3,intermediate-high EFA,lat_distortion_relax_distance_mean,$\bar{d}$,0.3719512195121951
CHAOS_0428,Mg-Ni-V-Zn,EFA quartile,Q4,4,high EFA,lat_distortion_relax_distance_mean,$\bar{d}$,0.4491869918699187
CHAOS_0429,Ca-Co-Fe-Sr,EFA quartile,Q2,2,intermediate-low EFA,lat_distortion_relax_distance_mean,$\bar{d}$,0.6829268292682927
CHAOS_0430,Ca-Fe-Ni-Sn,EFA quartile,Q3,3,intermediate-high EFA,lat_distortion_relax_distance_mean,$\bar{d}$,0.8028455284552846
CHAOS_0431,Fe-Mg-Mn-Zn,EFA quartile,Q4,4,high EFA,lat_distortion_relax_distance_mean,$\bar{d}$,0.03861788617886179
CHAOS_0432,Ca-Fe-Mg-Nb,EFA quartile,Q3,3,intermediate-high EFA,lat_distortion_relax_distance_mean,$\bar{d}$,0.6199186991869918
CHAOS_0433,Ca-Cd-Ni-Zn,EFA quartile,Q4,4,high EFA,lat_distortion_relax_distance_mean,$\bar{d}$,0.2235772357723577
CHAOS_0434,Cu-Fe-Mg-Mn,EFA quartile,Q4,4,high EFA,lat_distortion_relax_distance_mean,$\bar{d}$,0.2378048780487805
CHAOS_0435,Mn-Ti-V-Zn,EFA quartile,Q2,2,intermediate-low EFA,lat_distortion_relax_distance_mean,$\bar{d}$,0.2215447154471545
CHAOS_0436,Cd-Cu-Ni-Zn,EFA quartile,Q4,4,high EFA,lat_distortion_relax_distance_mean,$\bar{d}$,0.5264227642276422
CHAOS_0437,Cd-Sn-Sr-Ti,EFA quartile,Q1,1,low EFA,lat_distortion_relax_distance_mean,$\bar{d}$,0.25
CHAOS_0438,Cd-Nb-Sn-V,EFA quartile,Q1,1,low EFA,lat_distortion_relax_distance_mean,$\bar{d}$,0.9166666666666666
CHAOS_0439,Cd-Fe-Mg-Mn,EFA quartile,Q4,4,high EFA,lat_distortion_relax_distance_mean,$\bar{d}$,0.1341463414634146
CHAOS_0440,Cd-Mg-Mn-Sr,EFA quartile,Q4,4,high EFA,lat_distortion_relax_distance_mean,$\bar{d}$,0.3353658536585366
CHAOS_0441,Co-Mn-Ni-V,EFA quartile,Q3,3,intermediate-high EFA,lat_distortion_relax_distance_mean,$\bar{d}$,0.8475609756097561
CHAOS_0442,Ca-Co-Sn-Zn,EFA quartile,Q4,4,high EFA,lat_distortion_relax_distance_mean,$\bar{d}$,0.725609756097561
CHAOS_0443,Co-Cu-Sn-Zn,EFA quartile,Q3,3,intermediate-high EFA,lat_distortion_relax_distance_mean,$\bar{d}$,0.7398373983739838
CHAOS_0444,Mg-Sr-Ti-V,EFA quartile,Q2,2,intermediate-low EFA,lat_distortion_relax_distance_mean,$\bar{d}$,0.4532520325203252
CHAOS_0445,Ca-Cd-Sn-Ti,EFA quartile,Q1,1,low EFA,lat_distortion_relax_distance_mean,$\bar{d}$,0.5752032520325203
CHAOS_0446,Ca-Fe-Mg-Mn,EFA quartile,Q4,4,high EFA,lat_distortion_relax_distance_mean,$\bar{d}$,0.06910569105691057
CHAOS_0447,Cd-Fe-Sn-Sr,EFA quartile,Q3,3,intermediate-high EFA,lat_distortion_relax_distance_mean,$\bar{d}$,0.7195121951219512
CHAOS_0448,Ca-Fe-Mn-Ni,EFA quartile,Q4,4,high EFA,lat_distortion_relax_distance_mean,$\bar{d}$,0.2703252032520325
CHAOS_0449,Mg-Ti-V-Zn,EFA quartile,Q3,3,intermediate-high EFA,lat_distortion_relax_distance_mean,$\bar{d}$,0.2296747967479675
CHAOS_0450,Nb-Ti-V-Zn,EFA quartile,Q2,2,intermediate-low EFA,lat_distortion_relax_distance_mean,$\bar{d}$,0.6077235772357723
CHAOS_0451,Ca-Mg-Sn-Sr,EFA quartile,Q3,3,intermediate-high EFA,lat_distortion_relax_distance_mean,$\bar{d}$,0.8089430894308943
CHAOS_0452,Cd-Co-Fe-Mn,EFA quartile,Q4,4,high EFA,lat_distortion_relax_distance_mean,$\bar{d}$,0.2276422764227642
CHAOS_0453,Ca-Sn-V-Zn,EFA quartile,Q2,2,intermediate-low EFA,lat_distortion_relax_distance_mean,$\bar{d}$,0.9715447154471545
CHAOS_0454,Mg-Mn-Ni-Sr,EFA quartile,Q3,3,intermediate-high EFA,lat_distortion_relax_distance_mean,$\bar{d}$,0.7642276422764228
CHAOS_0455,Ca-Cd-Fe-Zn,EFA quartile,Q3,3,intermediate-high EFA,lat_distortion_relax_distance_mean,$\bar{d}$,0.298780487804878
CHAOS_0456,Co-Fe-Ni-Zn,EFA quartile,Q4,4,high EFA,lat_distortion_relax_distance_mean,$\bar{d}$,0.03455284552845529
CHAOS_0457,Ca-Cd-Ni-Sr,EFA quartile,Q4,4,high EFA,lat_distortion_relax_distance_mean,$\bar{d}$,0.3414634146341464
CHAOS_0458,Cd-Fe-Mn-Zn,EFA quartile,Q4,4,high EFA,lat_distortion_relax_distance_mean,$\bar{d}$,0.1138211382113821
CHAOS_0459,Mg-Mn-Nb-V,EFA quartile,Q2,2,intermediate-low EFA,lat_distortion_relax_distance_mean,$\bar{d}$,0.7560975609756098
CHAOS_0460,Fe-Nb-Sn-Ti,EFA quartile,Q1,1,low EFA,lat_distortion_relax_distance_mean,$\bar{d}$,0.5284552845528455
CHAOS_0461,Mn-Ni-Sn-Sr,EFA quartile,Q3,3,intermediate-high EFA,lat_distortion_relax_distance_mean,$\bar{d}$,0.806910569105691
CHAOS_0462,Co-Cu-Fe-Sn,EFA quartile,Q2,2,intermediate-low EFA,lat_distortion_relax_distance_mean,$\bar{d}$,0.7967479674796748
CHAOS_0463,Mg-Sn-Sr-Zn,EFA quartile,Q3,3,intermediate-high EFA,lat_distortion_relax_distance_mean,$\bar{d}$,0.8434959349593496
CHAOS_0464,Fe-Mg-Sn-Zn,EFA quartile,Q3,3,intermediate-high EFA,lat_distortion_relax_distance_mean,$\bar{d}$,0.5142276422764228
CHAOS_0465,Ca-Mn-Sn-Sr,EFA quartile,Q2,2,intermediate-low EFA,lat_distortion_relax_distance_mean,$\bar{d}$,0.7784552845528455
CHAOS_0466,Cu-Ni-Ti-Zn,EFA quartile,Q2,2,intermediate-low EFA,lat_distortion_relax_distance_mean,$\bar{d}$,0.9959349593495935
CHAOS_0467,Ca-Fe-Ti-Zn,EFA quartile,Q3,3,intermediate-high EFA,lat_distortion_relax_distance_mean,$\bar{d}$,0.5894308943089431
CHAOS_0468,Mg-Nb-Sn-V,EFA quartile,Q1,1,low EFA,lat_distortion_relax_distance_mean,$\bar{d}$,0.9573170731707317
CHAOS_0469,Ca-Nb-V-Zn,EFA quartile,Q2,2,intermediate-low EFA,lat_distortion_relax_distance_mean,$\bar{d}$,0.4552845528455284
CHAOS_0470,Cd-Co-Mg-Mn,EFA quartile,Q4,4,high EFA,lat_distortion_relax_distance_mean,$\bar{d}$,0.225609756097561
CHAOS_0471,Cd-Sn-V-Zn,EFA quartile,Q2,2,intermediate-low EFA,lat_distortion_relax_distance_mean,$\bar{d}$,0.4390243902439024
CHAOS_0472,Cd-Sn-Ti-Zn,EFA quartile,Q1,1,low EFA,lat_distortion_relax_distance_mean,$\bar{d}$,0.07113821138211382
CHAOS_0473,Sr-Ti-V-Zn,EFA quartile,Q2,2,intermediate-low EFA,lat_distortion_relax_distance_mean,$\bar{d}$,0.7113821138211383
CHAOS_0474,Mg-Mn-Ti-Zn,EFA quartile,Q3,3,intermediate-high EFA,lat_distortion_relax_distance_mean,$\bar{d}$,0.1585365853658537
CHAOS_0475,Cd-Fe-Ni-Zn,EFA quartile,Q4,4,high EFA,lat_distortion_relax_distance_mean,$\bar{d}$,0.524390243902439
CHAOS_0476,Ca-Cd-Mn-Ti,EFA quartile,Q2,2,intermediate-low EFA,lat_distortion_relax_distance_mean,$\bar{d}$,0.2845528455284553
CHAOS_0477,Ca-Sr-V-Zn,EFA quartile,Q2,2,intermediate-low EFA,lat_distortion_relax_distance_mean,$\bar{d}$,0.6869918699186992
CHAOS_0478,Co-Cu-Mn-V,EFA quartile,Q3,3,intermediate-high EFA,lat_distortion_relax_distance_mean,$\bar{d}$,0.6341463414634146
CHAOS_0479,Ca-Cd-Ni-Sn,EFA quartile,Q4,4,high EFA,lat_distortion_relax_distance_mean,$\bar{d}$,0.556910569105691
CHAOS_0480,Co-Fe-Mn-Sr,EFA quartile,Q2,2,intermediate-low EFA,lat_distortion_relax_distance_mean,$\bar{d}$,0.7439024390243902
CHAOS_0481,Cd-Mn-Sn-Zn,EFA quartile,Q3,3,intermediate-high EFA,lat_distortion_relax_distance_mean,$\bar{d}$,0.6219512195121951
CHAOS_0482,Cd-Fe-Mg-Ti,EFA quartile,Q2,2,intermediate-low EFA,lat_distortion_relax_distance_mean,$\bar{d}$,0.3536585365853658
CHAOS_0483,Ca-Co-Fe-Mg,EFA quartile,Q3,3,intermediate-high EFA,lat_distortion_relax_distance_mean,$\bar{d}$,0.1686991869918699
CHAOS_0484,Cd-Nb-Sn-Sr,EFA quartile,Q1,1,low EFA,lat_distortion_relax_distance_mean,$\bar{d}$,0.7947154471544715
CHAOS_0485,Mn-Nb-Sr-V,EFA quartile,Q2,2,intermediate-low EFA,lat_distortion_relax_distance_mean,$\bar{d}$,0.7296747967479674
CHAOS_0486,Ca-Cd-Mn-Nb,EFA quartile,Q2,2,intermediate-low EFA,lat_distortion_relax_distance_mean,$\bar{d}$,0.1117886178861789
CHAOS_0487,Ca-Ni-Sn-Zn,EFA quartile,Q4,4,high EFA,lat_distortion_relax_distance_mean,$\bar{d}$,0.6300813008130082
CHAOS_0488,Fe-Ni-Sn-Sr,EFA quartile,Q2,2,intermediate-low EFA,lat_distortion_relax_distance_mean,$\bar{d}$,0.9451219512195121
CHAOS_0489,Ca-Cd-Fe-Ti,EFA quartile,Q2,2,intermediate-low EFA,lat_distortion_relax_distance_mean,$\bar{d}$,0.6422764227642277
CHAOS_0490,Ca-Cd-Sr-Zn,EFA quartile,Q4,4,high EFA,lat_distortion_relax_distance_mean,$\bar{d}$,0.3089430894308943
CHAOS_0491,Co-Cu-Fe-Zn,EFA quartile,Q4,4,high EFA,lat_distortion_relax_distance_mean,$\bar{d}$,0.217479674796748
CHAOS_0492,Cd-Fe-Mn-Sn,EFA quartile,Q2,2,intermediate-low EFA,lat_distortion_relax_distance_mean,$\bar{d}$,0.5792682926829268
CHAOS_0493,Cu-Mn-Ni-Zn,EFA quartile,Q4,4,high EFA,lat_distortion_relax_distance_mean,$\bar{d}$,0.1991869918699187
CHAOS_0001,Ca-Cd-Co-Fe,EFA quartile,Q4,4,high EFA,VEC,VEC,0.7733739837398373
CHAOS_0002,Ca-Fe-Mn-Zn,EFA quartile,Q3,3,intermediate-high EFA,VEC,VEC,0.6961382113821138
CHAOS_0003,Co-Mg-Mn-Sr,EFA quartile,Q2,2,intermediate-low EFA,VEC,VEC,0.2235772357723577
CHAOS_0004,Co-Mg-Mn-Ni,EFA quartile,Q4,4,high EFA,VEC,VEC,0.6514227642276422
CHAOS_0005,Fe-Mg-Mn-Sr,EFA quartile,Q3,3,intermediate-high EFA,VEC,VEC,0.1900406504065041
CHAOS_0006,Mg-Sn-Sr-Ti,EFA quartile,Q1,1,low EFA,VEC,VEC,0.01016260162601626
CHAOS_0007,Ca-Ni-Sn-Sr,EFA quartile,Q3,3,intermediate-high EFA,VEC,VEC,0.1544715447154472
CHAOS_0008,Cu-Fe-Mn-V,EFA quartile,Q2,2,intermediate-low EFA,VEC,VEC,0.7733739837398373
CHAOS_0009,Co-Mg-Sn-Zn,EFA quartile,Q4,4,high EFA,VEC,VEC,0.6046747967479674
CHAOS_0010,Cd-Fe-Ti-Zn,EFA quartile,Q2,2,intermediate-low EFA,VEC,VEC,0.9288617886178862
CHAOS_0011,Ca-Nb-Ti-V,EFA quartile,Q2,2,intermediate-low EFA,VEC,VEC,0.09349593495934959
CHAOS_0012,Mg-Nb-Sr-V,EFA quartile,Q1,1,low EFA,VEC,VEC,0.04369918699186992
CHAOS_0013,Ca-Mn-Sn-Zn,EFA quartile,Q4,4,high EFA,VEC,VEC,0.4796747967479675
CHAOS_0014,Ca-Fe-Mg-Sn,EFA quartile,Q4,4,high EFA,VEC,VEC,0.09349593495934959
CHAOS_0015,Cd-Mg-Sr-V,EFA quartile,Q2,2,intermediate-low EFA,VEC,VEC,0.2713414634146342
CHAOS_0016,Ca-Mg-Mn-Nb,EFA quartile,Q2,2,intermediate-low EFA,VEC,VEC,0.09349593495934959
CHAOS_0017,Ca-Cd-Mg-Nb,EFA quartile,Q2,2,intermediate-low EFA,VEC,VEC,0.2713414634146342
CHAOS_0018,Ca-Mg-Ni-Sr,EFA quartile,Q3,3,intermediate-high EFA,VEC,VEC,0.09349593495934959
CHAOS_0019,Ca-Co-Fe-Zn,EFA quartile,Q4,4,high EFA,VEC,VEC,0.7733739837398373
CHAOS_0020,Cd-Cu-Mg-Mn,EFA quartile,Q4,4,high EFA,VEC,VEC,0.8140243902439024
CHAOS_0021,Nb-Sn-Sr-V,EFA quartile,Q1,1,low EFA,VEC,VEC,0.09349593495934959
CHAOS_0022,Cd-Sr-Ti-V,EFA quartile,Q1,1,low EFA,VEC,VEC,0.3729674796747968
CHAOS_0023,Ca-Cd-Mn-Sr,EFA quartile,Q4,4,high EFA,VEC,VEC,0.3729674796747968
CHAOS_0024,Co-Cu-Mg-Mn,EFA quartile,Q4,4,high EFA,VEC,VEC,0.6961382113821138
CHAOS_0025,Cd-Cu-Fe-Zn,EFA quartile,Q4,4,high EFA,VEC,VEC,0.9969512195121951
CHAOS_0026,Ca-Co-Mn-Sr,EFA quartile,Q2,2,intermediate-low EFA,VEC,VEC,0.2235772357723577
CHAOS_0027,Cd-Co-Fe-Sr,EFA quartile,Q3,3,intermediate-high EFA,VEC,VEC,0.7733739837398373
CHAOS_0028,Cd-Co-Sr-Zn,EFA quartile,Q3,3,intermediate-high EFA,VEC,VEC,0.9054878048780488
CHAOS_0029,Ca-Mg-Nb-Sn,EFA quartile,Q1,1,low EFA,VEC,VEC,0.02642276422764228
CHAOS_0030,Cd-Mn-Sn-V,EFA quartile,Q1,1,low EFA,VEC,VEC,0.6514227642276422
CHAOS_0031,Mg-Ni-Sr-Zn,EFA quartile,Q2,2,intermediate-low EFA,VEC,VEC,0.5467479674796748
CHAOS_0032,Cd-Mn-Ni-Zn,EFA quartile,Q4,4,high EFA,VEC,VEC,0.9898373983739838
CHAOS_0033,Cd-Mn-Sr-V,EFA quartile,Q2,2,intermediate-low EFA,VEC,VEC,0.5467479674796748
CHAOS_0034,Cu-Fe-Sn-Zn,EFA quartile,Q4,4,high EFA,VEC,VEC,0.9054878048780488
CHAOS_0035,Ca-Mg-Mn-Ni,EFA quartile,Q4,4,high EFA,VEC,VEC,0.2713414634146342
CHAOS_0036,Ca-Cd-Fe-Ni,EFA quartile,Q3,3,intermediate-high EFA,VEC,VEC,0.8140243902439024
CHAOS_0037,Ca-Mg-Nb-Zn,EFA quartile,Q3,3,intermediate-high EFA,VEC,VEC,0.2713414634146342
CHAOS_0038,Nb-Tc-Ti-V,EFA quartile,Q1,1,low EFA,VEC,VEC,0.2713414634146342
CHAOS_0039,Ca-Cu-Mg-Mn,EFA quartile,Q4,4,high EFA,VEC,VEC,0.3140243902439024
CHAOS_0040,Co-Mg-Mn-Sn,EFA quartile,Q3,3,intermediate-high EFA,VEC,VEC,0.3140243902439024
CHAOS_0041,Co-Mg-Ni-Sn,EFA quartile,Q4,4,high EFA,VEC,VEC,0.4796747967479675
CHAOS_0042,Cd-Co-Mg-Sr,EFA quartile,Q3,3,intermediate-high EFA,VEC,VEC,0.4796747967479675
CHAOS_0043,Cd-Mg-Nb-Sn,EFA quartile,Q1,1,low EFA,VEC,VEC,0.3729674796747968
CHAOS_0044,Ca-Mn-Nb-Sr,EFA quartile,Q2,2,intermediate-low EFA,VEC,VEC,0.09349593495934959
CHAOS_0045,Mg-Sn-Ti-V,EFA quartile,Q1,1,low EFA,VEC,VEC,0.06097560975609756
CHAOS_0046,Cd-Fe-Sr-Ti,EFA quartile,Q1,1,low EFA,VEC,VEC,0.5467479674796748
CHAOS_0047,Ca-Cd-Sn-Zn,EFA quartile,Q4,4,high EFA,VEC,VEC,0.7317073170731707
CHAOS_0048,Cd-Co-Sn-Zn,EFA quartile,Q3,3,intermediate-high EFA,VEC,VEC,0.9471544715447154
CHAOS_0049,Cu-Mn-V-Zn,EFA quartile,Q3,3,intermediate-high EFA,VEC,VEC,0.9054878048780488
CHAOS_0050,Cd-Ni-Sn-Zn,EFA quartile,Q3,3,intermediate-high EFA,VEC,VEC,0.9603658536585366
CHAOS_0051,Ca-Mg-Mn-Sn,EFA quartile,Q3,3,intermediate-high EFA,VEC,VEC,0.06097560975609756
CHAOS_0052,Co-Cu-Mg-Ni,EFA quartile,Q4,4,high EFA,VEC,VEC,0.8140243902439024
CHAOS_0053,Fe-Mn-Sn-Zn,EFA quartile,Q3,3,intermediate-high EFA,VEC,VEC,0.7733739837398373
CHAOS_0054,Ca-Mn-Nb-Zn,EFA quartile,Q2,2,intermediate-low EFA,VEC,VEC,0.5467479674796748
CHAOS_0055,Ca-Mg-Ti-V,EFA quartile,Q4,4,high EFA,VEC,VEC,0.02642276422764228
CHAOS_0056,Mn-Nb-Ti-Zn,EFA quartile,Q1,1,low EFA,VEC,VEC,0.6514227642276422
CHAOS_0057,Cd-Fe-Nb-Ti,EFA quartile,Q1,1,low EFA,VEC,VEC,0.6961382113821138
CHAOS_0058,Nb-Sn-Sr-Ti,EFA quartile,Q1,1,low EFA,VEC,VEC,0.06097560975609756
CHAOS_0059,Cu-Nb-Sn-Tc,EFA quartile,Q1,1,low EFA,VEC,VEC,0.6046747967479674
CHAOS_0060,Mg-Mn-Nb-Sr,EFA quartile,Q2,2,intermediate-low EFA,VEC,VEC,0.09349593495934959
CHAOS_0061,Cu-Mn-Sn-Zn,EFA quartile,Q3,3,intermediate-high EFA,VEC,VEC,0.883130081300813
CHAOS_0062,Ca-Mn-Sr-Ti,EFA quartile,Q1,1,low EFA,VEC,VEC,0.06097560975609756
CHAOS_0063,Cd-Co-Mg-Zn,EFA quartile,Q4,4,high EFA,VEC,VEC,0.9054878048780488
CHAOS_0064,Co-Mg-Mn-V,EFA quartile,Q4,4,high EFA,VEC,VEC,0.3729674796747968
CHAOS_0065,Co-Fe-Mn-Zn,EFA quartile,Q4,4,high EFA,VEC,VEC,0.9288617886178862
CHAOS_0066,Cd-Mg-Sn-Sr,EFA quartile,Q4,4,high EFA,VEC,VEC,0.2235772357723577
CHAOS_0067,Cu-Mg-Ni-Zn,EFA quartile,Q4,4,high EFA,VEC,VEC,0.9054878048780488
CHAOS_0068,Ca-Cd-Mg-Zn,EFA quartile,Q4,4,high EFA,VEC,VEC,0.6514227642276422
CHAOS_0069,Co-Mg-Sn-Sr,EFA quartile,Q3,3,intermediate-high EFA,VEC,VEC,0.1219512195121951
CHAOS_0070,Cd-Mg-Ti-V,EFA quartile,Q1,1,low EFA,VEC,VEC,0.3729674796747968
CHAOS_0071,Mg-Nb-V-Zn,EFA quartile,Q2,2,intermediate-low EFA,VEC,VEC,0.4329268292682927
CHAOS_0072,Cu-Nb-Sn-Ti,EFA quartile,Q1,1,low EFA,VEC,VEC,0.4329268292682927
CHAOS_0073,Cd-Mn-V-Zn,EFA quartile,Q2,2,intermediate-low EFA,VEC,VEC,0.9288617886178862
CHAOS_0074,Co-Mn-Sn-Sr,EFA quartile,Q3,3,intermediate-high EFA,VEC,VEC,0.3140243902439024
CHAOS_0075,Ca-Cd-V-Zn,EFA quartile,Q4,4,high EFA,VEC,VEC,0.7733739837398373
CHAOS_0076,Mg-Mn-Nb-Sn,EFA quartile,Q1,1,low EFA,VEC,VEC,0.1544715447154472
CHAOS_0077,Ca-Fe-Sn-Sr,EFA quartile,Q3,3,intermediate-high EFA,VEC,VEC,0.09349593495934959
CHAOS_0078,Cd-Co-Mn-Zn,EFA quartile,Q4,4,high EFA,VEC,VEC,0.9806910569105691
CHAOS_0079,Co-Mn-Sn-Zn,EFA quartile,Q4,4,high EFA,VEC,VEC,0.8140243902439024
CHAOS_0080,Ca-Fe-Nb-Sn,EFA quartile,Q1,1,low EFA,VEC,VEC,0.1900406504065041
CHAOS_0081,Mn-Sn-Sr-Zn,EFA quartile,Q3,3,intermediate-high EFA,VEC,VEC,0.4796747967479675
CHAOS_0082,Cd-Co-Fe-Zn,EFA quartile,Q4,4,high EFA,VEC,VEC,0.9898373983739838
CHAOS_0083,Cd-Mg-Ni-Zn,EFA quartile,Q4,4,high EFA,VEC,VEC,0.9288617886178862
CHAOS_0084,Mn-Nb-Sn-Ti,EFA quartile,Q1,1,low EFA,VEC,VEC,0.2235772357723577
CHAOS_0085,Ca-Cd-Mg-Sr,EFA quartile,Q4,4,high EFA,VEC,VEC,0.1544715447154472
CHAOS_0086,Ca-Cd-Mn-Sn,EFA quartile,Q3,3,intermediate-high EFA,VEC,VEC,0.4796747967479675
CHAOS_0087,Cd-Sn-Sr-Zn,EFA quartile,Q3,3,intermediate-high EFA,VEC,VEC,0.7317073170731707
CHAOS_0088,Cd-Mn-Ni-Sn,EFA quartile,Q3,3,intermediate-high EFA,VEC,VEC,0.8516260162601627
CHAOS_0089,Nb-Sn-Ti-V,EFA quartile,Q1,1,low EFA,VEC,VEC,0.1544715447154472
CHAOS_0090,Ca-Fe-Nb-Sr,EFA quartile,Q2,2,intermediate-low EFA,VEC,VEC,0.1219512195121951
CHAOS_0091,Cd-Ti-V-Zn,EFA quartile,Q1,1,low EFA,VEC,VEC,0.8516260162601627
CHAOS_0092,Sn-Sr-Ti-V,EFA quartile,Q1,1,low EFA,VEC,VEC,0.06097560975609756
CHAOS_0093,Ca-Cd-Mg-V,EFA quartile,Q3,3,intermediate-high EFA,VEC,VEC,0.2713414634146342
CHAOS_0094,Mg-Mn-V-Zn,EFA quartile,Q2,2,intermediate-low EFA,VEC,VEC,0.5467479674796748
CHAOS_0095,Cd-Co-Mg-Ni,EFA quartile,Q4,4,high EFA,VEC,VEC,0.8516260162601627
CHAOS_0096,Fe-Mg-Sr-Zn,EFA quartile,Q3,3,intermediate-high EFA,VEC,VEC,0.4329268292682927
CHAOS_0097,Co-Fe-Sn-Sr,EFA quartile,Q2,2,intermediate-low EFA,VEC,VEC,0.3729674796747968
CHAOS_0098,Cd-Fe-Mg-Sr,EFA quartile,Q3,3,intermediate-high EFA,VEC,VEC,0.4329268292682927
CHAOS_0099,Sn-Ti-V-Zn,EFA quartile,Q1,1,low EFA,VEC,VEC,0.4796747967479675
CHAOS_0100,Cd-Fe-Mg-Ni,EFA quartile,Q4,4,high EFA,VEC,VEC,0.8140243902439024
CHAOS_0101,Ca-Fe-Mg-Ni,EFA quartile,Q4,4,high EFA,VEC,VEC,0.3140243902439024
CHAOS_0102,Mg-Mn-Sn-Ti,EFA quartile,Q1,1,low EFA,VEC,VEC,0.1219512195121951
CHAOS_0103,Ca-Mg-Sn-Zn,EFA quartile,Q4,4,high EFA,VEC,VEC,0.2235772357723577
CHAOS_0104,Ca-Fe-Mg-Ti,EFA quartile,Q2,2,intermediate-low EFA,VEC,VEC,0.09349593495934959
CHAOS_0105,Sn-Tc-Ti-V,EFA quartile,Q1,1,low EFA,VEC,VEC,0.2235772357723577
CHAOS_0106,Cd-Mn-Nb-Zn,EFA quartile,Q1,1,low EFA,VEC,VEC,0.9288617886178862
CHAOS_0107,Cd-Sn-Ti-V,EFA quartile,Q1,1,low EFA,VEC,VEC,0.4796747967479675
CHAOS_0108,Cd-Mg-Sn-Ti,EFA quartile,Q1,1,low EFA,VEC,VEC,0.3140243902439024
CHAOS_0109,Mg-Mn-Sr-V,EFA quartile,Q2,2,intermediate-low EFA,VEC,VEC,0.09349593495934959
CHAOS_0110,Cd-Fe-Nb-Zn,EFA quartile,Q1,1,low EFA,VEC,VEC,0.9471544715447154
CHAOS_0111,Ca-Co-Ni-Sr,EFA quartile,Q2,2,intermediate-low EFA,VEC,VEC,0.3729674796747968
CHAOS_0112,Ca-Cd-Nb-Ti,EFA quartile,Q1,1,low EFA,VEC,VEC,0.3729674796747968
CHAOS_0113,Cd-Mg-Ni-Sn,EFA quartile,Q4,4,high EFA,VEC,VEC,0.6514227642276422
CHAOS_0114,Cu-Fe-Mg-Ni,EFA quartile,Q4,4,high EFA,VEC,VEC,0.7733739837398373
CHAOS_0115,Ca-Cu-Mg-Zn,EFA quartile,Q4,4,high EFA,VEC,VEC,0.6046747967479674
CHAOS_0116,Cd-Mg-Ti-Zn,EFA quartile,Q2,2,intermediate-low EFA,VEC,VEC,0.7317073170731707
CHAOS_0117,Cd-Fe-Mg-Nb,EFA quartile,Q1,1,low EFA,VEC,VEC,0.6046747967479674
CHAOS_0118,Cu-Fe-V-Zn,EFA quartile,Q2,2,intermediate-low EFA,VEC,VEC,0.9288617886178862
CHAOS_0119,Ca-Mn-Nb-Ti,EFA quartile,Q1,1,low EFA,VEC,VEC,0.1544715447154472
CHAOS_0120,Co-Fe-Ni-Sr,EFA quartile,Q2,2,intermediate-low EFA,VEC,VEC,0.6961382113821138
CHAOS_0121,Ca-Fe-Mn-Sn,EFA quartile,Q4,4,high EFA,VEC,VEC,0.2713414634146342
CHAOS_0122,Ca-Cd-Nb-Zn,EFA quartile,Q1,1,low EFA,VEC,VEC,0.7733739837398373
CHAOS_0123,Ni-Sn-Sr-Zn,EFA quartile,Q2,2,intermediate-low EFA,VEC,VEC,0.6514227642276422
CHAOS_0124,Ca-Co-Mg-Sn,EFA quartile,Q4,4,high EFA,VEC,VEC,0.1219512195121951
CHAOS_0125,Ca-Mg-Mn-Sr,EFA quartile,Q3,3,intermediate-high EFA,VEC,VEC,0.02642276422764228
CHAOS_0126,Co-Fe-Mn-Ni,EFA quartile,Q4,4,high EFA,VEC,VEC,0.883130081300813
CHAOS_0127,Cd-Mn-Nb-Ti,EFA quartile,Q1,1,low EFA,VEC,VEC,0.6514227642276422
CHAOS_0128,Nb-Sn-Tc-Zn,EFA quartile,Q1,1,low EFA,VEC,VEC,0.6514227642276422
CHAOS_0129,Fe-Nb-Sn-V,EFA quartile,Q1,1,low EFA,VEC,VEC,0.3140243902439024
CHAOS_0130,Ca-Fe-Sr-Ti,EFA quartile,Q2,2,intermediate-low EFA,VEC,VEC,0.09349593495934959
CHAOS_0131,Mg-Sn-Ti-Zn,EFA quartile,Q1,1,low EFA,VEC,VEC,0.3140243902439024
CHAOS_0132,Ca-Fe-Ni-Sr,EFA quartile,Q2,2,intermediate-low EFA,VEC,VEC,0.3140243902439024
CHAOS_0133,Cd-Nb-Sr-Ti,EFA quartile,Q1,1,low EFA,VEC,VEC,0.3729674796747968
CHAOS_0134,Fe-Mg-Sn-Sr,EFA quartile,Q2,2,intermediate-low EFA,VEC,VEC,0.09349593495934959
CHAOS_0135,Cd-Co-Ni-Sn,EFA quartile,Q3,3,intermediate-high EFA,VEC,VEC,0.9054878048780488
CHAOS_0136,Mg-Nb-Sr-Zn,EFA quartile,Q2,2,intermediate-low EFA,VEC,VEC,0.2713414634146342
CHAOS_0137,Cd-Fe-Sn-Zn,EFA quartile,Q3,3,intermediate-high EFA,VEC,VEC,0.9288617886178862
CHAOS_0138,Cd-Mg-Sn-V,EFA quartile,Q1,1,low EFA,VEC,VEC,0.3729674796747968
CHAOS_0139,Mn-Ni-V-Zn,EFA quartile,Q3,3,intermediate-high EFA,VEC,VEC,0.883130081300813
CHAOS_0140,Cd-Mg-Sr-Zn,EFA quartile,Q3,3,intermediate-high EFA,VEC,VEC,0.6514227642276422
CHAOS_0141,Nb-Ni-Sn-Ti,EFA quartile,Q1,1,low EFA,VEC,VEC,0.3729674796747968
CHAOS_0142,Cd-Co-Ni-Zn,EFA quartile,Q4,4,high EFA,VEC,VEC,0.9969512195121951
CHAOS_0143,Mg-Sn-V-Zn,EFA quartile,Q1,1,low EFA,VEC,VEC,0.3729674796747968
CHAOS_0144,Ca-Fe-Mg-Zn,EFA quartile,Q3,3,intermediate-high EFA,VEC,VEC,0.4329268292682927
CHAOS_0145,Ca-Cd-Fe-Sn,EFA quartile,Q4,4,high EFA,VEC,VEC,0.5467479674796748
CHAOS_0146,Ca-Mn-Nb-V,EFA quartile,Q2,2,intermediate-low EFA,VEC,VEC,0.1900406504065041
CHAOS_0147,Cd-Fe-Ni-Sr,EFA quartile,Q2,2,intermediate-low EFA,VEC,VEC,0.8140243902439024
CHAOS_0148,Ca-Mg-Nb-Ti,EFA quartile,Q2,2,intermediate-low EFA,VEC,VEC,0.02642276422764228
CHAOS_0149,Ca-Co-Mg-Sr,EFA quartile,Q3,3,intermediate-high EFA,VEC,VEC,0.06097560975609756
CHAOS_0150,Mg-Sr-Ti-Zn,EFA quartile,Q2,2,intermediate-low EFA,VEC,VEC,0.2235772357723577
CHAOS_0151,Cd-Mg-Mn-Nb,EFA quartile,Q1,1,low EFA,VEC,VEC,0.5467479674796748
CHAOS_0152,Fe-Mn-Sr-Zn,EFA quartile,Q3,3,intermediate-high EFA,VEC,VEC,0.6961382113821138
CHAOS_0153,Cd-Fe-Mg-Zn,EFA quartile,Q4,4,high EFA,VEC,VEC,0.883130081300813
CHAOS_0154,Ca-Mn-Ni-Sr,EFA quartile,Q2,2,intermediate-low EFA,VEC,VEC,0.2713414634146342
CHAOS_0155,Cd-Mn-Nb-Sr,EFA quartile,Q1,1,low EFA,VEC,VEC,0.5467479674796748
CHAOS_0156,Cd-Cu-Fe-Mg,EFA quartile,Q4,4,high EFA,VEC,VEC,0.8516260162601627
CHAOS_0157,Ca-Sn-Ti-V,EFA quartile,Q1,1,low EFA,VEC,VEC,0.06097560975609756
CHAOS_0158,Fe-Mg-Mn-Ni,EFA quartile,Q4,4,high EFA,VEC,VEC,0.6046747967479674
CHAOS_0159,Cd-Fe-Ni-Sn,EFA quartile,Q3,3,intermediate-high EFA,VEC,VEC,0.883130081300813
CHAOS_0160,Cd-Mg-V-Zn,EFA quartile,Q3,3,intermediate-high EFA,VEC,VEC,0.7733739837398373
CHAOS_0161,Ca-Mg-Mn-Ti,EFA quartile,Q2,2,intermediate-low EFA,VEC,VEC,0.06097560975609756
CHAOS_0162,Co-Cu-Fe-Ni,EFA quartile,Q4,4,high EFA,VEC,VEC,0.9603658536585366
CHAOS_0163,Ca-Cd-Nb-Sn,EFA quartile,Q1,1,low EFA,VEC,VEC,0.3729674796747968
CHAOS_0164,Fe-Mg-Nb-Sn,EFA quartile,Q1,1,low EFA,VEC,VEC,0.1900406504065041
CHAOS_0165,Cu-Mg-V-Zn,EFA quartile,Q4,4,high EFA,VEC,VEC,0.7317073170731707
CHAOS_0166,Fe-Mg-Nb-Sr,EFA quartile,Q2,2,intermediate-low EFA,VEC,VEC,0.1219512195121951
CHAOS_0167,Ca-Sn-Sr-Ti,EFA quartile,Q2,2,intermediate-low EFA,VEC,VEC,0.01016260162601626
CHAOS_0168,Cd-Mg-Sn-Zn,EFA quartile,Q4,4,high EFA,VEC,VEC,0.7317073170731707
CHAOS_0169,Ca-Cd-Nb-Sr,EFA quartile,Q2,2,intermediate-low EFA,VEC,VEC,0.2713414634146342
CHAOS_0170,Cd-Fe-Sn-Ti,EFA quartile,Q1,1,low EFA,VEC,VEC,0.6514227642276422
CHAOS_0171,Fe-Nb-Sn-Zn,EFA quartile,Q1,1,low EFA,VEC,VEC,0.6961382113821138
CHAOS_0172,Cu-Nb-Sn-V,EFA quartile,Q1,1,low EFA,VEC,VEC,0.4796747967479675
CHAOS_0173,Cd-Nb-Ti-V,EFA quartile,Q1,1,low EFA,VEC,VEC,0.5467479674796748
CHAOS_0174,Cd-Fe-Mn-Ni,EFA quartile,Q4,4,high EFA,VEC,VEC,0.9471544715447154
CHAOS_0175,Ca-Fe-Sn-Ti,EFA quartile,Q1,1,low EFA,VEC,VEC,0.1544715447154472
CHAOS_0176,Ca-Cd-Mg-Ni,EFA quartile,Q4,4,high EFA,VEC,VEC,0.5467479674796748
CHAOS_0177,Ca-Mg-Nb-Sr,EFA quartile,Q3,3,intermediate-high EFA,VEC,VEC,0.00508130081300813
CHAOS_0178,Mg-Ni-Sn-Zn,EFA quartile,Q4,4,high EFA,VEC,VEC,0.6514227642276422
CHAOS_0179,Mg-Mn-Sn-Sr,EFA quartile,Q3,3,intermediate-high EFA,VEC,VEC,0.06097560975609756
CHAOS_0180,Fe-Mg-Ni-Sr,EFA quartile,Q2,2,intermediate-low EFA,VEC,VEC,0.3140243902439024
CHAOS_0181,Ca-Mg-Mn-V,EFA quartile,Q2,2,intermediate-low EFA,VEC,VEC,0.09349593495934959
CHAOS_0182,Co-Cu-Fe-V,EFA quartile,Q2,2,intermediate-low EFA,VEC,VEC,0.8516260162601627
CHAOS_0183,Ca-Co-Sn-Sr,EFA quartile,Q3,3,intermediate-high EFA,VEC,VEC,0.1219512195121951
CHAOS_0184,Fe-Mn-Ni-Zn,EFA quartile,Q4,4,high EFA,VEC,VEC,0.9471544715447154
CHAOS_0185,Ca-Co-Mg-Mn,EFA quartile,Q4,4,high EFA,VEC,VEC,0.2235772357723577
CHAOS_0186,Ca-Nb-Sn-Ti,EFA quartile,Q1,1,low EFA,VEC,VEC,0.06097560975609756
CHAOS_0187,Ca-Cd-Sr-V,EFA quartile,Q3,3,intermediate-high EFA,VEC,VEC,0.2713414634146342
CHAOS_0188,Ca-Mg-Sn-Ti,EFA quartile,Q1,1,low EFA,VEC,VEC,0.01016260162601626
CHAOS_0189,Mn-Nb-Ti-V,EFA quartile,Q2,2,intermediate-low EFA,VEC,VEC,0.2713414634146342
CHAOS_0190,Ca-Mg-Ni-Sn,EFA quartile,Q4,4,high EFA,VEC,VEC,0.1544715447154472
CHAOS_0191,Cd-Cu-V-Zn,EFA quartile,Q3,3,intermediate-high EFA,VEC,VEC,0.9806910569105691
CHAOS_0192,Cd-Mg-Nb-Zn,EFA quartile,Q1,1,low EFA,VEC,VEC,0.7733739837398373
CHAOS_0193,Cd-Co-Fe-Sn,EFA quartile,Q3,3,intermediate-high EFA,VEC,VEC,0.8516260162601627
CHAOS_0194,Nb-Sr-Tc-Ti,EFA quartile,Q1,1,low EFA,VEC,VEC,0.1544715447154472
CHAOS_0195,Cu-Nb-Sn-Sr,EFA quartile,Q1,1,low EFA,VEC,VEC,0.3140243902439024
CHAOS_0196,Ca-Cd-Mg-Ti,EFA quartile,Q2,2,intermediate-low EFA,VEC,VEC,0.2235772357723577
CHAOS_0197,Ca-Nb-Sr-V,EFA quartile,Q2,2,intermediate-low EFA,VEC,VEC,0.04369918699186992
CHAOS_0198,Cd-Fe-Nb-Sn,EFA quartile,Q1,1,low EFA,VEC,VEC,0.6961382113821138
CHAOS_0199,Co-Mg-Ni-Sr,EFA quartile,Q2,2,intermediate-low EFA,VEC,VEC,0.3729674796747968
CHAOS_0200,Co-Mn-Sr-Zn,EFA quartile,Q3,3,intermediate-high EFA,VEC,VEC,0.7317073170731707
CHAOS_0201,Ca-Mn-Ti-V,EFA quartile,Q2,2,intermediate-low EFA,VEC,VEC,0.1544715447154472
CHAOS_0202,Ca-Cd-Co-Mg,EFA quartile,Q4,4,high EFA,VEC,VEC,0.4796747967479675
CHAOS_0203,Mn-Sr-Ti-V,EFA quartile,Q2,2,intermediate-low EFA,VEC,VEC,0.1544715447154472
CHAOS_0204,Cd-Sr-Ti-Zn,EFA quartile,Q1,1,low EFA,VEC,VEC,0.7317073170731707
CHAOS_0205,Fe-Ni-Sn-Zn,EFA quartile,Q3,3,intermediate-high EFA,VEC,VEC,0.883130081300813
CHAOS_0206,Ca-Nb-Sn-Sr,EFA quartile,Q1,1,low EFA,VEC,VEC,0.02642276422764228
CHAOS_0207,Cd-Mg-Nb-V,EFA quartile,Q1,1,low EFA,VEC,VEC,0.4329268292682927
CHAOS_0208,Fe-Nb-Sn-Sr,EFA quartile,Q1,1,low EFA,VEC,VEC,0.1900406504065041
CHAOS_0209,Ca-Cu-Mg-V,EFA quartile,Q3,3,intermediate-high EFA,VEC,VEC,0.2235772357723577
CHAOS_0210,Ca-Fe-Mg-Sr,EFA quartile,Q3,3,intermediate-high EFA,VEC,VEC,0.04369918699186992
CHAOS_0211,Ca-Sn-Sr-Zn,EFA quartile,Q3,3,intermediate-high EFA,VEC,VEC,0.2235772357723577
CHAOS_0212,Cd-Mn-Sr-Ti,EFA quartile,Q2,2,intermediate-low EFA,VEC,VEC,0.4796747967479675
CHAOS_0213,Mn-Ni-Sr-Zn,EFA quartile,Q3,3,intermediate-high EFA,VEC,VEC,0.7733739837398373
CHAOS_0214,Cd-Sr-V-Zn,EFA quartile,Q2,2,intermediate-low EFA,VEC,VEC,0.7733739837398373
CHAOS_0215,Co-Fe-Mg-Sn,EFA quartile,Q3,3,intermediate-high EFA,VEC,VEC,0.3729674796747968
CHAOS_0216,Cu-Sn-Ti-V,EFA quartile,Q1,1,low EFA,VEC,VEC,0.4329268292682927
CHAOS_0217,Ca-Mn-Sr-Zn,EFA quartile,Q3,3,intermediate-high EFA,VEC,VEC,0.3729674796747968
CHAOS_0218,Mg-Nb-Ti-V,EFA quartile,Q2,2,intermediate-low EFA,VEC,VEC,0.09349593495934959
CHAOS_0219,Ca-Cd-Mn-Ni,EFA quartile,Q4,4,high EFA,VEC,VEC,0.7733739837398373
CHAOS_0220,Co-Fe-Sn-Zn,EFA quartile,Q3,3,intermediate-high EFA,VEC,VEC,0.8516260162601627
CHAOS_0221,Mg-Nb-Sn-Sr,EFA quartile,Q1,1,low EFA,VEC,VEC,0.02642276422764228
CHAOS_0222,Cd-Fe-Sr-Zn,EFA quartile,Q3,3,intermediate-high EFA,VEC,VEC,0.883130081300813
CHAOS_0223,Ca-Fe-Sn-Zn,EFA quartile,Q3,3,intermediate-high EFA,VEC,VEC,0.5467479674796748
CHAOS_0224,Mg-Nb-Ti-Zn,EFA quartile,Q2,2,intermediate-low EFA,VEC,VEC,0.3729674796747968
CHAOS_0225,Ca-Cd-Mg-Mn,EFA quartile,Q4,4,high EFA,VEC,VEC,0.3729674796747968
CHAOS_0226,Nb-Sn-Sr-Zn,EFA quartile,Q1,1,low EFA,VEC,VEC,0.3729674796747968
CHAOS_0227,Ca-Mg-Sn-V,EFA quartile,Q2,2,intermediate-low EFA,VEC,VEC,0.02642276422764228
CHAOS_0228,Ca-Cd-Fe-Mg,EFA quartile,Q3,3,intermediate-high EFA,VEC,VEC,0.4329268292682927
CHAOS_0229,Ca-Cu-Mn-V,EFA quartile,Q2,2,intermediate-low EFA,VEC,VEC,0.4796747967479675
CHAOS_0230,Ca-Mg-Sr-Zn,EFA quartile,Q4,4,high EFA,VEC,VEC,0.1544715447154472
CHAOS_0231,Cd-Co-Sn-Sr,EFA quartile,Q3,3,intermediate-high EFA,VEC,VEC,0.6046747967479674
CHAOS_0232,Mg-Nb-Sn-Ti,EFA quartile,Q1,1,low EFA,VEC,VEC,0.06097560975609756
CHAOS_0233,Cd-Mg-Mn-Ni,EFA quartile,Q4,4,high EFA,VEC,VEC,0.7733739837398373
CHAOS_0234,Mg-Mn-Ni-Sn,EFA quartile,Q2,2,intermediate-low EFA,VEC,VEC,0.3729674796747968
CHAOS_0235,Cd-Nb-Sn-Zn,EFA quartile,Q1,1,low EFA,VEC,VEC,0.8516260162601627
CHAOS_0236,Cd-Co-Mn-Ni,EFA quartile,Q3,3,intermediate-high EFA,VEC,VEC,0.9603658536585366
CHAOS_0237,Ca-Fe-Mn-Sr,EFA quartile,Q2,2,intermediate-low EFA,VEC,VEC,0.1900406504065041
CHAOS_0238,Ca-Sn-Ti-Zn,EFA quartile,Q1,1,low EFA,VEC,VEC,0.3140243902439024
CHAOS_0239,Ca-Nb-Sr-Ti,EFA quartile,Q2,2,intermediate-low EFA,VEC,VEC,0.02642276422764228
CHAOS_0240,Co-Fe-Ni-V,EFA quartile,Q2,2,intermediate-low EFA,VEC,VEC,0.8140243902439024
CHAOS_0241,Cd-Mg-Mn-Sn,EFA quartile,Q3,3,intermediate-high EFA,VEC,VEC,0.4796747967479675
CHAOS_0242,Co-Mg-Sr-Zn,EFA quartile,Q3,3,intermediate-high EFA,VEC,VEC,0.4796747967479675
CHAOS_0243,Ca-Sn-Sr-V,EFA quartile,Q3,3,intermediate-high EFA,VEC,VEC,0.02642276422764228
CHAOS_0244,Cu-Fe-Mg-Ti,EFA quartile,Q3,3,intermediate-high EFA,VEC,VEC,0.4796747967479675
CHAOS_0245,Cd-Mn-Nb-Sn,EFA quartile,Q1,1,low EFA,VEC,VEC,0.6514227642276422
CHAOS_0246,Mg-Nb-Sn-Zn,EFA quartile,Q1,1,low EFA,VEC,VEC,0.3729674796747968
CHAOS_0247,Ca-Cd-Co-Mn,EFA quartile,Q4,4,high EFA,VEC,VEC,0.7317073170731707
CHAOS_0248,Cu-Fe-Mg-Zn,EFA quartile,Q4,4,high EFA,VEC,VEC,0.8516260162601627
CHAOS_0249,Fe-Mn-Sn-Sr,EFA quartile,Q2,2,intermediate-low EFA,VEC,VEC,0.2713414634146342
CHAOS_0250,Mg-Mn-Ti-V,EFA quartile,Q3,3,intermediate-high EFA,VEC,VEC,0.1544715447154472
CHAOS_0251,Ca-Mg-Mn-Zn,EFA quartile,Q2,2,intermediate-low EFA,VEC,VEC,0.3729674796747968
CHAOS_0252,Cd-Sn-Sr-V,EFA quartile,Q2,2,intermediate-low EFA,VEC,VEC,0.3729674796747968
CHAOS_0253,Ca-Co-Ni-Sn,EFA quartile,Q4,4,high EFA,VEC,VEC,0.4796747967479675
CHAOS_0254,Fe-Mn-Ni-Sr,EFA quartile,Q2,2,intermediate-low EFA,VEC,VEC,0.6046747967479674
CHAOS_0255,Ca-Cd-Mg-Sn,EFA quartile,Q4,4,high EFA,VEC,VEC,0.2235772357723577
CHAOS_0256,Ca-Mn-Ti-Zn,EFA quartile,Q2,2,intermediate-low EFA,VEC,VEC,0.4796747967479675
CHAOS_0257,Mg-Mn-Sr-Zn,EFA quartile,Q3,3,intermediate-high EFA,VEC,VEC,0.3729674796747968
CHAOS_0258,Mn-Nb-Sn-V,EFA quartile,Q1,1,low EFA,VEC,VEC,0.2713414634146342
CHAOS_0259,Mn-Sn-Sr-V,EFA quartile,Q2,2,intermediate-low EFA,VEC,VEC,0.1544715447154472
CHAOS_0260,Co-Nb-Sn-Sr,EFA quartile,Q1,1,low EFA,VEC,VEC,0.2235772357723577
CHAOS_0261,Cd-Mn-Ti-Zn,EFA quartile,Q2,2,intermediate-low EFA,VEC,VEC,0.9054878048780488
CHAOS_0262,Ca-Mg-Ti-Zn,EFA quartile,Q3,3,intermediate-high EFA,VEC,VEC,0.2235772357723577
CHAOS_0263,Cd-Co-Mn-Sr,EFA quartile,Q3,3,intermediate-high EFA,VEC,VEC,0.7317073170731707
CHAOS_0264,Mg-Mn-Nb-Zn,EFA quartile,Q3,3,intermediate-high EFA,VEC,VEC,0.5467479674796748
CHAOS_0265,Ca-Co-Mn-Zn,EFA quartile,Q4,4,high EFA,VEC,VEC,0.7317073170731707
CHAOS_0266,Cd-Fe-Nb-Sr,EFA quartile,Q1,1,low EFA,VEC,VEC,0.6046747967479674
CHAOS_0267,Co-Ni-Sn-Zn,EFA quartile,Q4,4,high EFA,VEC,VEC,0.9054878048780488
CHAOS_0268,Ca-Co-Fe-Mn,EFA quartile,Q4,4,high EFA,VEC,VEC,0.5467479674796748
CHAOS_0269,Ca-Fe-Nb-Zn,EFA quartile,Q2,2,intermediate-low EFA,VEC,VEC,0.6046747967479674
CHAOS_0270,Fe-Nb-Ti-Zn,EFA quartile,Q2,2,intermediate-low EFA,VEC,VEC,0.6961382113821138
CHAOS_0271,Fe-Mg-Nb-Ti,EFA quartile,Q2,2,intermediate-low EFA,VEC,VEC,0.1900406504065041
CHAOS_0272,Fe-Mn-Ni-Sn,EFA quartile,Q3,3,intermediate-high EFA,VEC,VEC,0.6961382113821138
CHAOS_0273,Cu-Fe-Mn-Zn,EFA quartile,Q4,4,high EFA,VEC,VEC,0.9603658536585366
CHAOS_0274,Mn-Sr-Ti-Zn,EFA quartile,Q1,1,low EFA,VEC,VEC,0.4796747967479675
CHAOS_0275,Cd-Mg-Ni-Sr,EFA quartile,Q3,3,intermediate-high EFA,VEC,VEC,0.5467479674796748
CHAOS_0276,Mn-Sn-Ti-V,EFA quartile,Q1,1,low EFA,VEC,VEC,0.2235772357723577
CHAOS_0277,Ca-Co-Mn-Ni,EFA quartile,Q4,4,high EFA,VEC,VEC,0.6514227642276422
CHAOS_0278,Co-Ni-Sn-Sr,EFA quartile,Q2,2,intermediate-low EFA,VEC,VEC,0.4796747967479675
CHAOS_0279,Nb-Sr-Ti-V,EFA quartile,Q1,1,low EFA,VEC,VEC,0.09349593495934959
CHAOS_0280,Cd-Co-Mn-Sn,EFA quartile,Q3,3,intermediate-high EFA,VEC,VEC,0.8140243902439024
CHAOS_0281,Ca-Cd-Fe-Sr,EFA quartile,Q3,3,intermediate-high EFA,VEC,VEC,0.4329268292682927
CHAOS_0282,Co-Mg-Ni-Zn,EFA quartile,Q4,4,high EFA,VEC,VEC,0.8516260162601627
CHAOS_0283,Nb-Sn-Ti-Zn,EFA quartile,Q1,1,low EFA,VEC,VEC,0.4796747967479675
CHAOS_0284,Cd-Fe-Mg-Sn,EFA quartile,Q3,3,intermediate-high EFA,VEC,VEC,0.5467479674796748
CHAOS_0285,Co-Ni-Sr-Zn,EFA quartile,Q2,2,intermediate-low EFA,VEC,VEC,0.8516260162601627
CHAOS_0286,Ca-Mn-Ni-Zn,EFA quartile,Q3,3,intermediate-high EFA,VEC,VEC,0.7733739837398373
CHAOS_0287,Fe-Sn-Ti-V,EFA quartile,Q1,1,low EFA,VEC,VEC,0.2713414634146342
CHAOS_0288,Cd-Mn-Sn-Sr,EFA quartile,Q3,3,intermediate-high EFA,VEC,VEC,0.4796747967479675
CHAOS_0289,Cd-Co-Cu-Fe,EFA quartile,Q4,4,high EFA,VEC,VEC,0.9806910569105691
CHAOS_0290,Co-Cu-Mn-Zn,EFA quartile,Q4,4,high EFA,VEC,VEC,0.9705284552845529
CHAOS_0291,Co-Nb-Sn-Ti,EFA quartile,Q1,1,low EFA,VEC,VEC,0.3140243902439024
CHAOS_0292,Cu-Mg-Ni-Sn,EFA quartile,Q3,3,intermediate-high EFA,VEC,VEC,0.6046747967479674
CHAOS_0293,Fe-Sn-Sr-Ti,EFA quartile,Q1,1,low EFA,VEC,VEC,0.1544715447154472
CHAOS_0294,Co-Fe-Sr-Zn,EFA quartile,Q2,2,intermediate-low EFA,VEC,VEC,0.7733739837398373
CHAOS_0295,Mg-Mn-Ni-Zn,EFA quartile,Q4,4,high EFA,VEC,VEC,0.7733739837398373
CHAOS_0296,Sn-Sr-V-Zn,EFA quartile,Q2,2,intermediate-low EFA,VEC,VEC,0.3729674796747968
CHAOS_0297,Cd-Mg-Mn-Zn,EFA quartile,Q4,4,high EFA,VEC,VEC,0.8516260162601627
CHAOS_0298,Fe-Mn-Ni-V,EFA quartile,Q3,3,intermediate-high EFA,VEC,VEC,0.7317073170731707
CHAOS_0299,Ca-Co-Ni-Zn,EFA quartile,Q4,4,high EFA,VEC,VEC,0.8516260162601627
CHAOS_0300,Cd-Ni-Sn-Sr,EFA quartile,Q4,4,high EFA,VEC,VEC,0.6514227642276422
CHAOS_0301,Cd-Nb-Sr-Zn,EFA quartile,Q1,1,low EFA,VEC,VEC,0.7733739837398373
CHAOS_0302,Fe-Mg-Sn-Ti,EFA quartile,Q1,1,low EFA,VEC,VEC,0.1544715447154472
CHAOS_0303,Ca-Cd-Mn-V,EFA quartile,Q3,3,intermediate-high EFA,VEC,VEC,0.5467479674796748
CHAOS_0304,Fe-Mg-Ti-Zn,EFA quartile,Q3,3,intermediate-high EFA,VEC,VEC,0.5467479674796748
CHAOS_0305,Mg-Nb-Sn-Tc,EFA quartile,Q1,1,low EFA,VEC,VEC,0.1544715447154472
CHAOS_0306,Ca-Mg-V-Zn,EFA quartile,Q4,4,high EFA,VEC,VEC,0.2713414634146342
CHAOS_0307,Cd-Fe-Mn-Sr,EFA quartile,Q3,3,intermediate-high EFA,VEC,VEC,0.6961382113821138
CHAOS_0308,Co-Mn-V-Zn,EFA quartile,Q4,4,high EFA,VEC,VEC,0.8516260162601627
CHAOS_0309,Nb-Sr-V-Zn,EFA quartile,Q1,1,low EFA,VEC,VEC,0.4329268292682927
CHAOS_0310,Co-Mg-V-Zn,EFA quartile,Q4,4,high EFA,VEC,VEC,0.6514227642276422
CHAOS_0311,Mg-Mn-Nb-Ti,EFA quartile,Q2,2,intermediate-low EFA,VEC,VEC,0.1544715447154472
CHAOS_0312,Ca-Fe-Nb-Ti,EFA quartile,Q3,3,intermediate-high EFA,VEC,VEC,0.1900406504065041
CHAOS_0313,Ca-Mg-Sr-Ti,EFA quartile,Q3,3,intermediate-high EFA,VEC,VEC,0.001016260162601626
CHAOS_0314,Cd-Nb-Sr-V,EFA quartile,Q1,1,low EFA,VEC,VEC,0.4329268292682927
CHAOS_0315,Mn-Nb-Sn-Zn,EFA quartile,Q1,1,low EFA,VEC,VEC,0.6514227642276422
CHAOS_0316,Ca-Cd-Sn-Sr,EFA quartile,Q4,4,high EFA,VEC,VEC,0.2235772357723577
CHAOS_0317,Cd-Mn-Sn-Ti,EFA quartile,Q1,1,low EFA,VEC,VEC,0.6046747967479674
CHAOS_0318,Fe-Sn-Ti-Zn,EFA quartile,Q1,1,low EFA,VEC,VEC,0.6514227642276422
CHAOS_0319,Fe-Mg-Sr-Ti,EFA quartile,Q1,1,low EFA,VEC,VEC,0.09349593495934959
CHAOS_0320,Mg-Sn-Sr-V,EFA quartile,Q2,2,intermediate-low EFA,VEC,VEC,0.02642276422764228
CHAOS_0321,Ca-Co-Fe-Sn,EFA quartile,Q3,3,intermediate-high EFA,VEC,VEC,0.3729674796747968
CHAOS_0322,Ca-Mg-Sr-V,EFA quartile,Q3,3,intermediate-high EFA,VEC,VEC,0.00508130081300813
CHAOS_0323,Mn-Sn-Sr-Ti,EFA quartile,Q1,1,low EFA,VEC,VEC,0.1219512195121951
CHAOS_0324,Ca-Mn-Nb-Sn,EFA quartile,Q1,1,low EFA,VEC,VEC,0.1544715447154472
CHAOS_0325,Mg-Ni-Sn-Sr,EFA quartile,Q3,3,intermediate-high EFA,VEC,VEC,0.1544715447154472
CHAOS_0326,Ca-Mn-Sn-Ti,EFA quartile,Q1,1,low EFA,VEC,VEC,0.1219512195121951
CHAOS_0327,Ca-Sr-Ti-V,EFA quartile,Q2,2,intermediate-low EFA,VEC,VEC,0.02642276422764228
CHAOS_0328,Cu-Mn-Ni-Sn,EFA quartile,Q2,2,intermediate-low EFA,VEC,VEC,0.8140243902439024
CHAOS_0329,Fe-Nb-Sr-Zn,EFA quartile,Q2,2,intermediate-low EFA,VEC,VEC,0.6046747967479674
CHAOS_0330,Ca-Mg-Nb-V,EFA quartile,Q2,2,intermediate-low EFA,VEC,VEC,0.04369918699186992
CHAOS_0331,Ca-Cd-Sr-Ti,EFA quartile,Q2,2,intermediate-low EFA,VEC,VEC,0.2235772357723577
CHAOS_0332,Cd-Mg-Mn-V,EFA quartile,Q2,2,intermediate-low EFA,VEC,VEC,0.5467479674796748
CHAOS_0333,Nb-Sn-V-Zn,EFA quartile,Q1,1,low EFA,VEC,VEC,0.5467479674796748
CHAOS_0334,Co-Mn-Ni-Sr,EFA quartile,Q2,2,intermediate-low EFA,VEC,VEC,0.6514227642276422
CHAOS_0335,Fe-Sr-Ti-Zn,EFA quartile,Q2,2,intermediate-low EFA,VEC,VEC,0.5467479674796748
CHAOS_0336,Cu-Mg-Mn-V,EFA quartile,Q3,3,intermediate-high EFA,VEC,VEC,0.4796747967479675
CHAOS_0337,Mn-Sr-V-Zn,EFA quartile,Q3,3,intermediate-high EFA,VEC,VEC,0.5467479674796748
CHAOS_0338,Co-Cu-Fe-Mg,EFA quartile,Q4,4,high EFA,VEC,VEC,0.7317073170731707
CHAOS_0339,Fe-Mg-Ni-Sn,EFA quartile,Q3,3,intermediate-high EFA,VEC,VEC,0.4329268292682927
CHAOS_0340,Co-Cu-Mn-Ni,EFA quartile,Q3,3,intermediate-high EFA,VEC,VEC,0.9471544715447154
CHAOS_0341,Fe-Mg-Nb-Zn,EFA quartile,Q2,2,intermediate-low EFA,VEC,VEC,0.6046747967479674
CHAOS_0342,Mg-Sr-V-Zn,EFA quartile,Q3,3,intermediate-high EFA,VEC,VEC,0.2713414634146342
CHAOS_0343,Ca-Cd-Co-Sn,EFA quartile,Q4,4,high EFA,VEC,VEC,0.6046747967479674
CHAOS_0344,Cd-Mn-Ni-Sr,EFA quartile,Q3,3,intermediate-high EFA,VEC,VEC,0.7733739837398373
CHAOS_0345,Ca-Nb-Sn-V,EFA quartile,Q1,1,low EFA,VEC,VEC,0.09349593495934959
CHAOS_0346,Co-Mn-Ni-Sn,EFA quartile,Q2,2,intermediate-low EFA,VEC,VEC,0.7317073170731707
CHAOS_0347,Mn-Sn-V-Zn,EFA quartile,Q1,1,low EFA,VEC,VEC,0.6514227642276422
CHAOS_0348,Cd-Mn-Nb-V,EFA quartile,Q1,1,low EFA,VEC,VEC,0.6961382113821138
CHAOS_0349,Cd-Co-Fe-Mg,EFA quartile,Q4,4,high EFA,VEC,VEC,0.7733739837398373
CHAOS_0350,Sn-Sr-Ti-Zn,EFA quartile,Q1,1,low EFA,VEC,VEC,0.3140243902439024
CHAOS_0351,Ca-Cd-Sn-V,EFA quartile,Q2,2,intermediate-low EFA,VEC,VEC,0.3729674796747968
CHAOS_0352,Cu-Mg-Mn-Zn,EFA quartile,Q4,4,high EFA,VEC,VEC,0.8140243902439024
CHAOS_0353,Cd-Mg-Sr-Ti,EFA quartile,Q1,1,low EFA,VEC,VEC,0.2235772357723577
CHAOS_0354,Co-Mn-Ni-Zn,EFA quartile,Q4,4,high EFA,VEC,VEC,0.9603658536585366
CHAOS_0355,Mn-Nb-Sn-Tc,EFA quartile,Q1,1,low EFA,VEC,VEC,0.3729674796747968
CHAOS_0356,Cd-Co-Fe-Ni,EFA quartile,Q3,3,intermediate-high EFA,VEC,VEC,0.9705284552845529
CHAOS_0357,Fe-Mg-Ni-Zn,EFA quartile,Q4,4,high EFA,VEC,VEC,0.8140243902439024
CHAOS_0358,Mg-Mn-Sn-V,EFA quartile,Q1,1,low EFA,VEC,VEC,0.1544715447154472
CHAOS_0359,Cd-Nb-V-Zn,EFA quartile,Q1,1,low EFA,VEC,VEC,0.883130081300813
CHAOS_0360,Ca-Cd-Co-Sr,EFA quartile,Q4,4,high EFA,VEC,VEC,0.4796747967479675
CHAOS_0361,Ca-Mg-Ni-Zn,EFA quartile,Q4,4,high EFA,VEC,VEC,0.5467479674796748
CHAOS_0362,Ca-Fe-Sr-Zn,EFA quartile,Q3,3,intermediate-high EFA,VEC,VEC,0.4329268292682927
CHAOS_0363,Ca-Mn-Sr-V,EFA quartile,Q3,3,intermediate-high EFA,VEC,VEC,0.09349593495934959
CHAOS_0364,Mn-Nb-Sr-Zn,EFA quartile,Q2,2,intermediate-low EFA,VEC,VEC,0.5467479674796748
CHAOS_0365,Mg-Nb-Sr-Ti,EFA quartile,Q2,2,intermediate-low EFA,VEC,VEC,0.02642276422764228
CHAOS_0366,Cd-Ni-Sr-Zn,EFA quartile,Q3,3,intermediate-high EFA,VEC,VEC,0.9288617886178862
CHAOS_0367,Cd-Cu-Mn-Ni,EFA quartile,Q3,3,intermediate-high EFA,VEC,VEC,0.9806910569105691
CHAOS_0368,Ca-Mn-Sn-V,EFA quartile,Q2,2,intermediate-low EFA,VEC,VEC,0.1544715447154472
CHAOS_0369,Co-Cu-Fe-Mn,EFA quartile,Q4,4,high EFA,VEC,VEC,0.9054878048780488
CHAOS_0370,Ca-Cd-Ti-Zn,EFA quartile,Q2,2,intermediate-low EFA,VEC,VEC,0.7317073170731707
CHAOS_0371,Cd-Co-Ni-Sr,EFA quartile,Q2,2,intermediate-low EFA,VEC,VEC,0.8516260162601627
CHAOS_0372,Ca-Co-Fe-Ni,EFA quartile,Q4,4,high EFA,VEC,VEC,0.6961382113821138
CHAOS_0373,Cd-Mn-Sr-Zn,EFA quartile,Q4,4,high EFA,VEC,VEC,0.8516260162601627
CHAOS_0374,Cd-Co-Mg-Sn,EFA quartile,Q3,3,intermediate-high EFA,VEC,VEC,0.6046747967479674
CHAOS_0375,Mg-Mn-Sn-Zn,EFA quartile,Q3,3,intermediate-high EFA,VEC,VEC,0.4796747967479675
CHAOS_0376,Ca-Ni-Sr-Zn,EFA quartile,Q3,3,intermediate-high EFA,VEC,VEC,0.5467479674796748
CHAOS_0377,Ca-Cd-Fe-Nb,EFA quartile,Q2,2,intermediate-low EFA,VEC,VEC,0.6046747967479674
CHAOS_0378,Co-Mg-Mn-Zn,EFA quartile,Q4,4,high EFA,VEC,VEC,0.7317073170731707
CHAOS_0379,Mn-Sn-Ti-Zn,EFA quartile,Q1,1,low EFA,VEC,VEC,0.6046747967479674
CHAOS_0380,Ca-Nb-Ti-Zn,EFA quartile,Q2,2,intermediate-low EFA,VEC,VEC,0.3729674796747968
CHAOS_0381,Ca-Co-Sr-Zn,EFA quartile,Q3,3,intermediate-high EFA,VEC,VEC,0.4796747967479675
CHAOS_0382,Co-Sn-Sr-Zn,EFA quartile,Q3,3,intermediate-high EFA,VEC,VEC,0.6046747967479674
CHAOS_0383,Ca-Cd-Nb-V,EFA quartile,Q1,1,low EFA,VEC,VEC,0.4329268292682927
CHAOS_0384,Ca-Sr-Ti-Zn,EFA quartile,Q2,2,intermediate-low EFA,VEC,VEC,0.2235772357723577
CHAOS_0385,Cd-Mn-Ti-V,EFA quartile,Q1,1,low EFA,VEC,VEC,0.6514227642276422
CHAOS_0386,Ca-Cd-Co-Ni,EFA quartile,Q3,3,intermediate-high EFA,VEC,VEC,0.8516260162601627
CHAOS_0387,Cd-Cu-Mg-Zn,EFA quartile,Q4,4,high EFA,VEC,VEC,0.9471544715447154
CHAOS_0388,Mn-Ni-Sn-Zn,EFA quartile,Q3,3,intermediate-high EFA,VEC,VEC,0.8516260162601627
CHAOS_0389,Mg-Mn-Sr-Ti,EFA quartile,Q2,2,intermediate-low EFA,VEC,VEC,0.06097560975609756
CHAOS_0390,Ca-Co-Mg-Ni,EFA quartile,Q4,4,high EFA,VEC,VEC,0.3729674796747968
CHAOS_0391,Co-Fe-Mg-Sr,EFA quartile,Q2,2,intermediate-low EFA,VEC,VEC,0.2713414634146342
CHAOS_0392,Co-Fe-Ni-Sn,EFA quartile,Q3,3,intermediate-high EFA,VEC,VEC,0.7733739837398373
CHAOS_0393,Cd-Nb-Ti-Zn,EFA quartile,Q1,1,low EFA,VEC,VEC,0.8516260162601627
CHAOS_0394,Cd-Mg-Mn-Ti,EFA quartile,Q2,2,intermediate-low EFA,VEC,VEC,0.4796747967479675
CHAOS_0395,Nb-Sr-Ti-Zn,EFA quartile,Q1,1,low EFA,VEC,VEC,0.3729674796747968
CHAOS_0396,Fe-Ni-V-Zn,EFA quartile,Q2,2,intermediate-low EFA,VEC,VEC,0.9054878048780488
CHAOS_0397,Ca-Nb-Sr-Zn,EFA quartile,Q2,2,intermediate-low EFA,VEC,VEC,0.2713414634146342
CHAOS_0398,Co-Fe-Mn-Sn,EFA quartile,Q3,3,intermediate-high EFA,VEC,VEC,0.6514227642276422
CHAOS_0399,Nb-Sn-Tc-Ti,EFA quartile,Q1,1,low EFA,VEC,VEC,0.2235772357723577
CHAOS_0400,Cd-Mg-Nb-Ti,EFA quartile,Q1,1,low EFA,VEC,VEC,0.3729674796747968
CHAOS_0401,Ca-Cd-Ti-V,EFA quartile,Q1,1,low EFA,VEC,VEC,0.3729674796747968
CHAOS_0402,Ca-Mn-Ni-Sn,EFA quartile,Q3,3,intermediate-high EFA,VEC,VEC,0.3729674796747968
CHAOS_0403,Cu-Mg-Mn-Ni,EFA quartile,Q4,4,high EFA,VEC,VEC,0.7317073170731707
CHAOS_0404,Fe-Sn-Sr-Zn,EFA quartile,Q2,2,intermediate-low EFA,VEC,VEC,0.5467479674796748
CHAOS_0405,Co-Fe-Mg-Zn,EFA quartile,Q4,4,high EFA,VEC,VEC,0.7733739837398373
CHAOS_0406,Fe-Ni-Sr-Zn,EFA quartile,Q2,2,intermediate-low EFA,VEC,VEC,0.8140243902439024
CHAOS_0407,Ca-Co-Mn-Sn,EFA quartile,Q4,4,high EFA,VEC,VEC,0.3140243902439024
CHAOS_0408,Ca-Mn-V-Zn,EFA quartile,Q2,2,intermediate-low EFA,VEC,VEC,0.5467479674796748
CHAOS_0409,Ca-Cd-Fe-Mn,EFA quartile,Q3,3,intermediate-high EFA,VEC,VEC,0.6961382113821138
CHAOS_0410,Mn-Nb-Sn-Sr,EFA quartile,Q1,1,low EFA,VEC,VEC,0.1544715447154472
CHAOS_0411,Co-Fe-V-Zn,EFA quartile,Q3,3,intermediate-high EFA,VEC,VEC,0.883130081300813
CHAOS_0412,Co-Fe-Mg-Ni,EFA quartile,Q4,4,high EFA,VEC,VEC,0.6961382113821138
CHAOS_0413,Ca-Cd-Co-Zn,EFA quartile,Q4,4,high EFA,VEC,VEC,0.9054878048780488
CHAOS_0414,Nb-Sn-Tc-V,EFA quartile,Q1,1,low EFA,VEC,VEC,0.2713414634146342
CHAOS_0415,Ca-Cd-Mn-Zn,EFA quartile,Q4,4,high EFA,VEC,VEC,0.8516260162601627
CHAOS_0416,Ca-Co-Mg-Zn,EFA quartile,Q4,4,high EFA,VEC,VEC,0.4796747967479675
CHAOS_0417,Cu-Fe-Ni-Zn,EFA quartile,Q4,4,high EFA,VEC,VEC,0.9898373983739838
CHAOS_0418,Cd-Mg-Nb-Sr,EFA quartile,Q1,1,low EFA,VEC,VEC,0.2713414634146342
CHAOS_0419,Ca-Nb-Sn-Zn,EFA quartile,Q1,1,low EFA,VEC,VEC,0.3729674796747968
CHAOS_0420,Ca-Fe-Ni-Zn,EFA quartile,Q4,4,high EFA,VEC,VEC,0.8140243902439024
CHAOS_0421,Co-Fe-Mg-Mn,EFA quartile,Q4,4,high EFA,VEC,VEC,0.5467479674796748
CHAOS_0422,Fe-Nb-Sr-Ti,EFA quartile,Q1,1,low EFA,VEC,VEC,0.1900406504065041
CHAOS_0423,Cd-Nb-Sn-Ti,EFA quartile,Q1,1,low EFA,VEC,VEC,0.4796747967479675
CHAOS_0424,Mn-Nb-Sr-Ti,EFA quartile,Q1,1,low EFA,VEC,VEC,0.1544715447154472
CHAOS_0425,Ca-Ti-V-Zn,EFA quartile,Q2,2,intermediate-low EFA,VEC,VEC,0.3729674796747968
CHAOS_0426,Mn-Nb-V-Zn,EFA quartile,Q2,2,intermediate-low EFA,VEC,VEC,0.6961382113821138
CHAOS_0427,Cd-Cu-Fe-Mn,EFA quartile,Q3,3,intermediate-high EFA,VEC,VEC,0.9603658536585366
CHAOS_0428,Mg-Ni-V-Zn,EFA quartile,Q4,4,high EFA,VEC,VEC,0.6961382113821138
CHAOS_0429,Ca-Co-Fe-Sr,EFA quartile,Q2,2,intermediate-low EFA,VEC,VEC,0.2713414634146342
CHAOS_0430,Ca-Fe-Ni-Sn,EFA quartile,Q3,3,intermediate-high EFA,VEC,VEC,0.4329268292682927
CHAOS_0431,Fe-Mg-Mn-Zn,EFA quartile,Q4,4,high EFA,VEC,VEC,0.6961382113821138
CHAOS_0432,Ca-Fe-Mg-Nb,EFA quartile,Q3,3,intermediate-high EFA,VEC,VEC,0.1219512195121951
CHAOS_0433,Ca-Cd-Ni-Zn,EFA quartile,Q4,4,high EFA,VEC,VEC,0.9288617886178862
CHAOS_0434,Cu-Fe-Mg-Mn,EFA quartile,Q4,4,high EFA,VEC,VEC,0.6514227642276422
CHAOS_0435,Mn-Ti-V-Zn,EFA quartile,Q2,2,intermediate-low EFA,VEC,VEC,0.6514227642276422
CHAOS_0436,Cd-Cu-Ni-Zn,EFA quartile,Q4,4,high EFA,VEC,VEC,1.0
CHAOS_0437,Cd-Sn-Sr-Ti,EFA quartile,Q1,1,low EFA,VEC,VEC,0.3140243902439024
CHAOS_0438,Cd-Nb-Sn-V,EFA quartile,Q1,1,low EFA,VEC,VEC,0.5467479674796748
CHAOS_0439,Cd-Fe-Mg-Mn,EFA quartile,Q4,4,high EFA,VEC,VEC,0.6961382113821138
CHAOS_0440,Cd-Mg-Mn-Sr,EFA quartile,Q4,4,high EFA,VEC,VEC,0.3729674796747968
CHAOS_0441,Co-Mn-Ni-V,EFA quartile,Q3,3,intermediate-high EFA,VEC,VEC,0.7733739837398373
CHAOS_0442,Ca-Co-Sn-Zn,EFA quartile,Q4,4,high EFA,VEC,VEC,0.6046747967479674
CHAOS_0443,Co-Cu-Sn-Zn,EFA quartile,Q3,3,intermediate-high EFA,VEC,VEC,0.9288617886178862
CHAOS_0444,Mg-Sr-Ti-V,EFA quartile,Q2,2,intermediate-low EFA,VEC,VEC,0.02642276422764228
CHAOS_0445,Ca-Cd-Sn-Ti,EFA quartile,Q1,1,low EFA,VEC,VEC,0.3140243902439024
CHAOS_0446,Ca-Fe-Mg-Mn,EFA quartile,Q4,4,high EFA,VEC,VEC,0.1900406504065041
CHAOS_0447,Cd-Fe-Sn-Sr,EFA quartile,Q3,3,intermediate-high EFA,VEC,VEC,0.5467479674796748
CHAOS_0448,Ca-Fe-Mn-Ni,EFA quartile,Q4,4,high EFA,VEC,VEC,0.6046747967479674
CHAOS_0449,Mg-Ti-V-Zn,EFA quartile,Q3,3,intermediate-high EFA,VEC,VEC,0.3729674796747968
CHAOS_0450,Nb-Ti-V-Zn,EFA quartile,Q2,2,intermediate-low EFA,VEC,VEC,0.5467479674796748
CHAOS_0451,Ca-Mg-Sn-Sr,EFA quartile,Q3,3,intermediate-high EFA,VEC,VEC,0.001016260162601626
CHAOS_0452,Cd-Co-Fe-Mn,EFA quartile,Q4,4,high EFA,VEC,VEC,0.9288617886178862
CHAOS_0453,Ca-Sn-V-Zn,EFA quartile,Q2,2,intermediate-low EFA,VEC,VEC,0.3729674796747968
CHAOS_0454,Mg-Mn-Ni-Sr,EFA quartile,Q3,3,intermediate-high EFA,VEC,VEC,0.2713414634146342
CHAOS_0455,Ca-Cd-Fe-Zn,EFA quartile,Q3,3,intermediate-high EFA,VEC,VEC,0.883130081300813
CHAOS_0456,Co-Fe-Ni-Zn,EFA quartile,Q4,4,high EFA,VEC,VEC,0.9705284552845529
CHAOS_0457,Ca-Cd-Ni-Sr,EFA quartile,Q4,4,high EFA,VEC,VEC,0.5467479674796748
CHAOS_0458,Cd-Fe-Mn-Zn,EFA quartile,Q4,4,high EFA,VEC,VEC,0.9705284552845529
CHAOS_0459,Mg-Mn-Nb-V,EFA quartile,Q2,2,intermediate-low EFA,VEC,VEC,0.1900406504065041
CHAOS_0460,Fe-Nb-Sn-Ti,EFA quartile,Q1,1,low EFA,VEC,VEC,0.2713414634146342
CHAOS_0461,Mn-Ni-Sn-Sr,EFA quartile,Q3,3,intermediate-high EFA,VEC,VEC,0.3729674796747968
CHAOS_0462,Co-Cu-Fe-Sn,EFA quartile,Q2,2,intermediate-low EFA,VEC,VEC,0.8140243902439024
CHAOS_0463,Mg-Sn-Sr-Zn,EFA quartile,Q3,3,intermediate-high EFA,VEC,VEC,0.2235772357723577
CHAOS_0464,Fe-Mg-Sn-Zn,EFA quartile,Q3,3,intermediate-high EFA,VEC,VEC,0.5467479674796748
CHAOS_0465,Ca-Mn-Sn-Sr,EFA quartile,Q2,2,intermediate-low EFA,VEC,VEC,0.06097560975609756
CHAOS_0466,Cu-Ni-Ti-Zn,EFA quartile,Q2,2,intermediate-low EFA,VEC,VEC,0.9471544715447154
CHAOS_0467,Ca-Fe-Ti-Zn,EFA quartile,Q3,3,intermediate-high EFA,VEC,VEC,0.5467479674796748
CHAOS_0468,Mg-Nb-Sn-V,EFA quartile,Q1,1,low EFA,VEC,VEC,0.09349593495934959
CHAOS_0469,Ca-Nb-V-Zn,EFA quartile,Q2,2,intermediate-low EFA,VEC,VEC,0.4329268292682927
CHAOS_0470,Cd-Co-Mg-Mn,EFA quartile,Q4,4,high EFA,VEC,VEC,0.7317073170731707
CHAOS_0471,Cd-Sn-V-Zn,EFA quartile,Q2,2,intermediate-low EFA,VEC,VEC,0.8516260162601627
CHAOS_0472,Cd-Sn-Ti-Zn,EFA quartile,Q1,1,low EFA,VEC,VEC,0.8140243902439024
CHAOS_0473,Sr-Ti-V-Zn,EFA quartile,Q2,2,intermediate-low EFA,VEC,VEC,0.3729674796747968
CHAOS_0474,Mg-Mn-Ti-Zn,EFA quartile,Q3,3,intermediate-high EFA,VEC,VEC,0.4796747967479675
CHAOS_0475,Cd-Fe-Ni-Zn,EFA quartile,Q4,4,high EFA,VEC,VEC,0.9939024390243902
CHAOS_0476,Ca-Cd-Mn-Ti,EFA quartile,Q2,2,intermediate-low EFA,VEC,VEC,0.4796747967479675
CHAOS_0477,Ca-Sr-V-Zn,EFA quartile,Q2,2,intermediate-low EFA,VEC,VEC,0.2713414634146342
CHAOS_0478,Co-Cu-Mn-V,EFA quartile,Q3,3,intermediate-high EFA,VEC,VEC,0.8140243902439024
CHAOS_0479,Ca-Cd-Ni-Sn,EFA quartile,Q4,4,high EFA,VEC,VEC,0.6514227642276422
CHAOS_0480,Co-Fe-Mn-Sr,EFA quartile,Q2,2,intermediate-low EFA,VEC,VEC,0.5467479674796748
CHAOS_0481,Cd-Mn-Sn-Zn,EFA quartile,Q3,3,intermediate-high EFA,VEC,VEC,0.9054878048780488
CHAOS_0482,Cd-Fe-Mg-Ti,EFA quartile,Q2,2,intermediate-low EFA,VEC,VEC,0.5467479674796748
CHAOS_0483,Ca-Co-Fe-Mg,EFA quartile,Q3,3,intermediate-high EFA,VEC,VEC,0.2713414634146342
CHAOS_0484,Cd-Nb-Sn-Sr,EFA quartile,Q1,1,low EFA,VEC,VEC,0.3729674796747968
CHAOS_0485,Mn-Nb-Sr-V,EFA quartile,Q2,2,intermediate-low EFA,VEC,VEC,0.1900406504065041
CHAOS_0486,Ca-Cd-Mn-Nb,EFA quartile,Q2,2,intermediate-low EFA,VEC,VEC,0.5467479674796748
CHAOS_0487,Ca-Ni-Sn-Zn,EFA quartile,Q4,4,high EFA,VEC,VEC,0.6514227642276422
CHAOS_0488,Fe-Ni-Sn-Sr,EFA quartile,Q2,2,intermediate-low EFA,VEC,VEC,0.4329268292682927
CHAOS_0489,Ca-Cd-Fe-Ti,EFA quartile,Q2,2,intermediate-low EFA,VEC,VEC,0.5467479674796748
CHAOS_0490,Ca-Cd-Sr-Zn,EFA quartile,Q4,4,high EFA,VEC,VEC,0.6514227642276422
CHAOS_0491,Co-Cu-Fe-Zn,EFA quartile,Q4,4,high EFA,VEC,VEC,0.9806910569105691
CHAOS_0492,Cd-Fe-Mn-Sn,EFA quartile,Q2,2,intermediate-low EFA,VEC,VEC,0.7733739837398373
CHAOS_0493,Cu-Mn-Ni-Zn,EFA quartile,Q4,4,high EFA,VEC,VEC,0.9806910569105691
CHAOS_0001,Ca-Cd-Co-Fe,EFA quartile,Q4,4,high EFA,delta_radii_Ghosh08,$\delta r_{\mathrm{Ghosh}}$,0.3211382113821138
CHAOS_0002,Ca-Fe-Mn-Zn,EFA quartile,Q3,3,intermediate-high EFA,delta_radii_Ghosh08,$\delta r_{\mathrm{Ghosh}}$,0.4268292682926829
CHAOS_0003,Co-Mg-Mn-Sr,EFA quartile,Q2,2,intermediate-low EFA,delta_radii_Ghosh08,$\delta r_{\mathrm{Ghosh}}$,0.8577235772357723
CHAOS_0004,Co-Mg-Mn-Ni,EFA quartile,Q4,4,high EFA,delta_radii_Ghosh08,$\delta r_{\mathrm{Ghosh}}$,0.07723577235772358
CHAOS_0005,Fe-Mg-Mn-Sr,EFA quartile,Q3,3,intermediate-high EFA,delta_radii_Ghosh08,$\delta r_{\mathrm{Ghosh}}$,0.8353658536585366
CHAOS_0006,Mg-Sn-Sr-Ti,EFA quartile,Q1,1,low EFA,delta_radii_Ghosh08,$\delta r_{\mathrm{Ghosh}}$,0.9613821138211383
CHAOS_0007,Ca-Ni-Sn-Sr,EFA quartile,Q3,3,intermediate-high EFA,delta_radii_Ghosh08,$\delta r_{\mathrm{Ghosh}}$,0.9491869918699187
CHAOS_0008,Cu-Fe-Mn-V,EFA quartile,Q2,2,intermediate-low EFA,delta_radii_Ghosh08,$\delta r_{\mathrm{Ghosh}}$,0.1463414634146341
CHAOS_0009,Co-Mg-Sn-Zn,EFA quartile,Q4,4,high EFA,delta_radii_Ghosh08,$\delta r_{\mathrm{Ghosh}}$,0.1178861788617886
CHAOS_0010,Cd-Fe-Ti-Zn,EFA quartile,Q2,2,intermediate-low EFA,delta_radii_Ghosh08,$\delta r_{\mathrm{Ghosh}}$,0.2764227642276423
CHAOS_0011,Ca-Nb-Ti-V,EFA quartile,Q2,2,intermediate-low EFA,delta_radii_Ghosh08,$\delta r_{\mathrm{Ghosh}}$,0.07113821138211382
CHAOS_0012,Mg-Nb-Sr-V,EFA quartile,Q1,1,low EFA,delta_radii_Ghosh08,$\delta r_{\mathrm{Ghosh}}$,0.6829268292682927
CHAOS_0013,Ca-Mn-Sn-Zn,EFA quartile,Q4,4,high EFA,delta_radii_Ghosh08,$\delta r_{\mathrm{Ghosh}}$,0.7032520325203252
CHAOS_0014,Ca-Fe-Mg-Sn,EFA quartile,Q4,4,high EFA,delta_radii_Ghosh08,$\delta r_{\mathrm{Ghosh}}$,0.7052845528455285
CHAOS_0015,Cd-Mg-Sr-V,EFA quartile,Q2,2,intermediate-low EFA,delta_radii_Ghosh08,$\delta r_{\mathrm{Ghosh}}$,0.7926829268292683
CHAOS_0016,Ca-Mg-Mn-Nb,EFA quartile,Q2,2,intermediate-low EFA,delta_radii_Ghosh08,$\delta r_{\mathrm{Ghosh}}$,0.5203252032520326
CHAOS_0017,Ca-Cd-Mg-Nb,EFA quartile,Q2,2,intermediate-low EFA,delta_radii_Ghosh08,$\delta r_{\mathrm{Ghosh}}$,0.5386178861788617
CHAOS_0018,Ca-Mg-Ni-Sr,EFA quartile,Q3,3,intermediate-high EFA,delta_radii_Ghosh08,$\delta r_{\mathrm{Ghosh}}$,0.8658536585365854
CHAOS_0019,Ca-Co-Fe-Zn,EFA quartile,Q4,4,high EFA,delta_radii_Ghosh08,$\delta r_{\mathrm{Ghosh}}$,0.4979674796747968
CHAOS_0020,Cd-Cu-Mg-Mn,EFA quartile,Q4,4,high EFA,delta_radii_Ghosh08,$\delta r_{\mathrm{Ghosh}}$,0.1260162601626016
CHAOS_0021,Nb-Sn-Sr-V,EFA quartile,Q1,1,low EFA,delta_radii_Ghosh08,$\delta r_{\mathrm{Ghosh}}$,0.8556910569105691
CHAOS_0022,Cd-Sr-Ti-V,EFA quartile,Q1,1,low EFA,delta_radii_Ghosh08,$\delta r_{\mathrm{Ghosh}}$,0.4654471544715447
CHAOS_0023,Ca-Cd-Mn-Sr,EFA quartile,Q4,4,high EFA,delta_radii_Ghosh08,$\delta r_{\mathrm{Ghosh}}$,0.5365853658536586
CHAOS_0024,Co-Cu-Mg-Mn,EFA quartile,Q4,4,high EFA,delta_radii_Ghosh08,$\delta r_{\mathrm{Ghosh}}$,0.1056910569105691
CHAOS_0025,Cd-Cu-Fe-Zn,EFA quartile,Q4,4,high EFA,delta_radii_Ghosh08,$\delta r_{\mathrm{Ghosh}}$,0.08333333333333333
CHAOS_0026,Ca-Co-Mn-Sr,EFA quartile,Q2,2,intermediate-low EFA,delta_radii_Ghosh08,$\delta r_{\mathrm{Ghosh}}$,0.6036585365853658
CHAOS_0027,Cd-Co-Fe-Sr,EFA quartile,Q3,3,intermediate-high EFA,delta_radii_Ghosh08,$\delta r_{\mathrm{Ghosh}}$,0.733739837398374
CHAOS_0028,Cd-Co-Sr-Zn,EFA quartile,Q3,3,intermediate-high EFA,delta_radii_Ghosh08,$\delta r_{\mathrm{Ghosh}}$,0.8719512195121951
CHAOS_0029,Ca-Mg-Nb-Sn,EFA quartile,Q1,1,low EFA,delta_radii_Ghosh08,$\delta r_{\mathrm{Ghosh}}$,0.8597560975609756
CHAOS_0030,Cd-Mn-Sn-V,EFA quartile,Q1,1,low EFA,delta_radii_Ghosh08,$\delta r_{\mathrm{Ghosh}}$,0.3231707317073171
CHAOS_0031,Mg-Ni-Sr-Zn,EFA quartile,Q2,2,intermediate-low EFA,delta_radii_Ghosh08,$\delta r_{\mathrm{Ghosh}}$,0.9552845528455285
CHAOS_0032,Cd-Mn-Ni-Zn,EFA quartile,Q4,4,high EFA,delta_radii_Ghosh08,$\delta r_{\mathrm{Ghosh}}$,0.1097560975609756
CHAOS_0033,Cd-Mn-Sr-V,EFA quartile,Q2,2,intermediate-low EFA,delta_radii_Ghosh08,$\delta r_{\mathrm{Ghosh}}$,0.5548780487804879
CHAOS_0034,Cu-Fe-Sn-Zn,EFA quartile,Q4,4,high EFA,delta_radii_Ghosh08,$\delta r_{\mathrm{Ghosh}}$,0.1565040650406504
CHAOS_0035,Ca-Mg-Mn-Ni,EFA quartile,Q4,4,high EFA,delta_radii_Ghosh08,$\delta r_{\mathrm{Ghosh}}$,0.5060975609756098
CHAOS_0036,Ca-Cd-Fe-Ni,EFA quartile,Q3,3,intermediate-high EFA,delta_radii_Ghosh08,$\delta r_{\mathrm{Ghosh}}$,0.3434959349593496
CHAOS_0037,Ca-Mg-Nb-Zn,EFA quartile,Q3,3,intermediate-high EFA,delta_radii_Ghosh08,$\delta r_{\mathrm{Ghosh}}$,0.7195121951219512
CHAOS_0038,Nb-Tc-Ti-V,EFA quartile,Q1,1,low EFA,delta_radii_Ghosh08,$\delta r_{\mathrm{Ghosh}}$,0.03658536585365853
CHAOS_0039,Ca-Cu-Mg-Mn,EFA quartile,Q4,4,high EFA,delta_radii_Ghosh08,$\delta r_{\mathrm{Ghosh}}$,0.5304878048780488
CHAOS_0040,Co-Mg-Mn-Sn,EFA quartile,Q3,3,intermediate-high EFA,delta_radii_Ghosh08,$\delta r_{\mathrm{Ghosh}}$,0.25
CHAOS_0041,Co-Mg-Ni-Sn,EFA quartile,Q4,4,high EFA,delta_radii_Ghosh08,$\delta r_{\mathrm{Ghosh}}$,0.1341463414634146
CHAOS_0042,Cd-Co-Mg-Sr,EFA quartile,Q3,3,intermediate-high EFA,delta_radii_Ghosh08,$\delta r_{\mathrm{Ghosh}}$,0.8678861788617886
CHAOS_0043,Cd-Mg-Nb-Sn,EFA quartile,Q1,1,low EFA,delta_radii_Ghosh08,$\delta r_{\mathrm{Ghosh}}$,0.7317073170731707
CHAOS_0044,Ca-Mn-Nb-Sr,EFA quartile,Q2,2,intermediate-low EFA,delta_radii_Ghosh08,$\delta r_{\mathrm{Ghosh}}$,0.3272357723577236
CHAOS_0045,Mg-Sn-Ti-V,EFA quartile,Q1,1,low EFA,delta_radii_Ghosh08,$\delta r_{\mathrm{Ghosh}}$,0.540650406504065
CHAOS_0046,Cd-Fe-Sr-Ti,EFA quartile,Q1,1,low EFA,delta_radii_Ghosh08,$\delta r_{\mathrm{Ghosh}}$,0.5711382113821138
CHAOS_0047,Ca-Cd-Sn-Zn,EFA quartile,Q4,4,high EFA,delta_radii_Ghosh08,$\delta r_{\mathrm{Ghosh}}$,0.709349593495935
CHAOS_0048,Cd-Co-Sn-Zn,EFA quartile,Q3,3,intermediate-high EFA,delta_radii_Ghosh08,$\delta r_{\mathrm{Ghosh}}$,0.1971544715447154
CHAOS_0049,Cu-Mn-V-Zn,EFA quartile,Q3,3,intermediate-high EFA,delta_radii_Ghosh08,$\delta r_{\mathrm{Ghosh}}$,0.2703252032520325
CHAOS_0050,Cd-Ni-Sn-Zn,EFA quartile,Q3,3,intermediate-high EFA,delta_radii_Ghosh08,$\delta r_{\mathrm{Ghosh}}$,0.1808943089430894
CHAOS_0051,Ca-Mg-Mn-Sn,EFA quartile,Q3,3,intermediate-high EFA,delta_radii_Ghosh08,$\delta r_{\mathrm{Ghosh}}$,0.6971544715447154
CHAOS_0052,Co-Cu-Mg-Ni,EFA quartile,Q4,4,high EFA,delta_radii_Ghosh08,$\delta r_{\mathrm{Ghosh}}$,0.006097560975609756
CHAOS_0053,Fe-Mn-Sn-Zn,EFA quartile,Q3,3,intermediate-high EFA,delta_radii_Ghosh08,$\delta r_{\mathrm{Ghosh}}$,0.2784552845528455
CHAOS_0054,Ca-Mn-Nb-Zn,EFA quartile,Q2,2,intermediate-low EFA,delta_radii_Ghosh08,$\delta r_{\mathrm{Ghosh}}$,0.524390243902439
CHAOS_0055,Ca-Mg-Ti-V,EFA quartile,Q4,4,high EFA,delta_radii_Ghosh08,$\delta r_{\mathrm{Ghosh}}$,0.3577235772357724
CHAOS_0056,Mn-Nb-Ti-Zn,EFA quartile,Q1,1,low EFA,delta_radii_Ghosh08,$\delta r_{\mathrm{Ghosh}}$,0.4308943089430894
CHAOS_0057,Cd-Fe-Nb-Ti,EFA quartile,Q1,1,low EFA,delta_radii_Ghosh08,$\delta r_{\mathrm{Ghosh}}$,0.306910569105691
CHAOS_0058,Nb-Sn-Sr-Ti,EFA quartile,Q1,1,low EFA,delta_radii_Ghosh08,$\delta r_{\mathrm{Ghosh}}$,0.8414634146341463
CHAOS_0059,Cu-Nb-Sn-Tc,EFA quartile,Q1,1,low EFA,delta_radii_Ghosh08,$\delta r_{\mathrm{Ghosh}}$,0.7621951219512195
CHAOS_0060,Mg-Mn-Nb-Sr,EFA quartile,Q2,2,intermediate-low EFA,delta_radii_Ghosh08,$\delta r_{\mathrm{Ghosh}}$,0.774390243902439
CHAOS_0061,Cu-Mn-Sn-Zn,EFA quartile,Q3,3,intermediate-high EFA,delta_radii_Ghosh08,$\delta r_{\mathrm{Ghosh}}$,0.2317073170731707
CHAOS_0062,Ca-Mn-Sr-Ti,EFA quartile,Q1,1,low EFA,delta_radii_Ghosh08,$\delta r_{\mathrm{Ghosh}}$,0.3455284552845528
CHAOS_0063,Cd-Co-Mg-Zn,EFA quartile,Q4,4,high EFA,delta_radii_Ghosh08,$\delta r_{\mathrm{Ghosh}}$,0.08130081300813008
CHAOS_0064,Co-Mg-Mn-V,EFA quartile,Q4,4,high EFA,delta_radii_Ghosh08,$\delta r_{\mathrm{Ghosh}}$,0.1991869918699187
CHAOS_0065,Co-Fe-Mn-Zn,EFA quartile,Q4,4,high EFA,delta_radii_Ghosh08,$\delta r_{\mathrm{Ghosh}}$,0.08943089430894309
CHAOS_0066,Cd-Mg-Sn-Sr,EFA quartile,Q4,4,high EFA,delta_radii_Ghosh08,$\delta r_{\mathrm{Ghosh}}$,0.983739837398374
CHAOS_0067,Cu-Mg-Ni-Zn,EFA quartile,Q4,4,high EFA,delta_radii_Ghosh08,$\delta r_{\mathrm{Ghosh}}$,0.002032520325203252
CHAOS_0068,Ca-Cd-Mg-Zn,EFA quartile,Q4,4,high EFA,delta_radii_Ghosh08,$\delta r_{\mathrm{Ghosh}}$,0.5609756097560976
CHAOS_0069,Co-Mg-Sn-Sr,EFA quartile,Q3,3,intermediate-high EFA,delta_radii_Ghosh08,$\delta r_{\mathrm{Ghosh}}$,0.991869918699187
CHAOS_0070,Cd-Mg-Ti-V,EFA quartile,Q1,1,low EFA,delta_radii_Ghosh08,$\delta r_{\mathrm{Ghosh}}$,0.3028455284552846
CHAOS_0071,Mg-Nb-V-Zn,EFA quartile,Q2,2,intermediate-low EFA,delta_radii_Ghosh08,$\delta r_{\mathrm{Ghosh}}$,0.5995934959349594
CHAOS_0072,Cu-Nb-Sn-Ti,EFA quartile,Q1,1,low EFA,delta_radii_Ghosh08,$\delta r_{\mathrm{Ghosh}}$,0.7398373983739838
CHAOS_0073,Cd-Mn-V-Zn,EFA quartile,Q2,2,intermediate-low EFA,delta_radii_Ghosh08,$\delta r_{\mathrm{Ghosh}}$,0.1890243902439024
CHAOS_0074,Co-Mn-Sn-Sr,EFA quartile,Q3,3,intermediate-high EFA,delta_radii_Ghosh08,$\delta r_{\mathrm{Ghosh}}$,0.9410569105691057
CHAOS_0075,Ca-Cd-V-Zn,EFA quartile,Q4,4,high EFA,delta_radii_Ghosh08,$\delta r_{\mathrm{Ghosh}}$,0.4126016260162602
CHAOS_0076,Mg-Mn-Nb-Sn,EFA quartile,Q1,1,low EFA,delta_radii_Ghosh08,$\delta r_{\mathrm{Ghosh}}$,0.725609756097561
CHAOS_0077,Ca-Fe-Sn-Sr,EFA quartile,Q3,3,intermediate-high EFA,delta_radii_Ghosh08,$\delta r_{\mathrm{Ghosh}}$,0.9126016260162602
CHAOS_0078,Cd-Co-Mn-Zn,EFA quartile,Q4,4,high EFA,delta_radii_Ghosh08,$\delta r_{\mathrm{Ghosh}}$,0.09349593495934959
CHAOS_0079,Co-Mn-Sn-Zn,EFA quartile,Q4,4,high EFA,delta_radii_Ghosh08,$\delta r_{\mathrm{Ghosh}}$,0.2540650406504065
CHAOS_0080,Ca-Fe-Nb-Sn,EFA quartile,Q1,1,low EFA,delta_radii_Ghosh08,$\delta r_{\mathrm{Ghosh}}$,0.7154471544715447
CHAOS_0081,Mn-Sn-Sr-Zn,EFA quartile,Q3,3,intermediate-high EFA,delta_radii_Ghosh08,$\delta r_{\mathrm{Ghosh}}$,0.9735772357723578
CHAOS_0082,Cd-Co-Fe-Zn,EFA quartile,Q4,4,high EFA,delta_radii_Ghosh08,$\delta r_{\mathrm{Ghosh}}$,0.04878048780487805
CHAOS_0083,Cd-Mg-Ni-Zn,EFA quartile,Q4,4,high EFA,delta_radii_Ghosh08,$\delta r_{\mathrm{Ghosh}}$,0.06504065040650407
CHAOS_0084,Mn-Nb-Sn-Ti,EFA quartile,Q1,1,low EFA,delta_radii_Ghosh08,$\delta r_{\mathrm{Ghosh}}$,0.6077235772357723
CHAOS_0085,Ca-Cd-Mg-Sr,EFA quartile,Q4,4,high EFA,delta_radii_Ghosh08,$\delta r_{\mathrm{Ghosh}}$,0.8048780487804879
CHAOS_0086,Ca-Cd-Mn-Sn,EFA quartile,Q3,3,intermediate-high EFA,delta_radii_Ghosh08,$\delta r_{\mathrm{Ghosh}}$,0.573170731707317
CHAOS_0087,Cd-Sn-Sr-Zn,EFA quartile,Q3,3,intermediate-high EFA,delta_radii_Ghosh08,$\delta r_{\mathrm{Ghosh}}$,0.9857723577235772
CHAOS_0088,Cd-Mn-Ni-Sn,EFA quartile,Q3,3,intermediate-high EFA,delta_radii_Ghosh08,$\delta r_{\mathrm{Ghosh}}$,0.2479674796747967
CHAOS_0089,Nb-Sn-Ti-V,EFA quartile,Q1,1,low EFA,delta_radii_Ghosh08,$\delta r_{\mathrm{Ghosh}}$,0.5691056910569106
CHAOS_0090,Ca-Fe-Nb-Sr,EFA quartile,Q2,2,intermediate-low EFA,delta_radii_Ghosh08,$\delta r_{\mathrm{Ghosh}}$,0.3699186991869919
CHAOS_0091,Cd-Ti-V-Zn,EFA quartile,Q1,1,low EFA,delta_radii_Ghosh08,$\delta r_{\mathrm{Ghosh}}$,0.3089430894308943
CHAOS_0092,Sn-Sr-Ti-V,EFA quartile,Q1,1,low EFA,delta_radii_Ghosh08,$\delta r_{\mathrm{Ghosh}}$,0.8475609756097561
CHAOS_0093,Ca-Cd-Mg-V,EFA quartile,Q3,3,intermediate-high EFA,delta_radii_Ghosh08,$\delta r_{\mathrm{Ghosh}}$,0.4024390243902439
CHAOS_0094,Mg-Mn-V-Zn,EFA quartile,Q2,2,intermediate-low EFA,delta_radii_Ghosh08,$\delta r_{\mathrm{Ghosh}}$,0.3048780487804878
CHAOS_0095,Cd-Co-Mg-Ni,EFA quartile,Q4,4,high EFA,delta_radii_Ghosh08,$\delta r_{\mathrm{Ghosh}}$,0.02642276422764228
CHAOS_0096,Fe-Mg-Sr-Zn,EFA quartile,Q3,3,intermediate-high EFA,delta_radii_Ghosh08,$\delta r_{\mathrm{Ghosh}}$,0.9390243902439024
CHAOS_0097,Co-Fe-Sn-Sr,EFA quartile,Q2,2,intermediate-low EFA,delta_radii_Ghosh08,$\delta r_{\mathrm{Ghosh}}$,0.9451219512195121
CHAOS_0098,Cd-Fe-Mg-Sr,EFA quartile,Q3,3,intermediate-high EFA,delta_radii_Ghosh08,$\delta r_{\mathrm{Ghosh}}$,0.8495934959349594
CHAOS_0099,Sn-Ti-V-Zn,EFA quartile,Q1,1,low EFA,delta_radii_Ghosh08,$\delta r_{\mathrm{Ghosh}}$,0.5467479674796748
CHAOS_0100,Cd-Fe-Mg-Ni,EFA quartile,Q4,4,high EFA,delta_radii_Ghosh08,$\delta r_{\mathrm{Ghosh}}$,0.0508130081300813
CHAOS_0101,Ca-Fe-Mg-Ni,EFA quartile,Q4,4,high EFA,delta_radii_Ghosh08,$\delta r_{\mathrm{Ghosh}}$,0.5121951219512195
CHAOS_0102,Mg-Mn-Sn-Ti,EFA quartile,Q1,1,low EFA,delta_radii_Ghosh08,$\delta r_{\mathrm{Ghosh}}$,0.5020325203252033
CHAOS_0103,Ca-Mg-Sn-Zn,EFA quartile,Q4,4,high EFA,delta_radii_Ghosh08,$\delta r_{\mathrm{Ghosh}}$,0.8028455284552846
CHAOS_0104,Ca-Fe-Mg-Ti,EFA quartile,Q2,2,intermediate-low EFA,delta_radii_Ghosh08,$\delta r_{\mathrm{Ghosh}}$,0.443089430894309
CHAOS_0105,Sn-Tc-Ti-V,EFA quartile,Q1,1,low EFA,delta_radii_Ghosh08,$\delta r_{\mathrm{Ghosh}}$,0.5
CHAOS_0106,Cd-Mn-Nb-Zn,EFA quartile,Q1,1,low EFA,delta_radii_Ghosh08,$\delta r_{\mathrm{Ghosh}}$,0.4532520325203252
CHAOS_0107,Cd-Sn-Ti-V,EFA quartile,Q1,1,low EFA,delta_radii_Ghosh08,$\delta r_{\mathrm{Ghosh}}$,0.4227642276422764
CHAOS_0108,Cd-Mg-Sn-Ti,EFA quartile,Q1,1,low EFA,delta_radii_Ghosh08,$\delta r_{\mathrm{Ghosh}}$,0.4898373983739837
CHAOS_0109,Mg-Mn-Sr-V,EFA quartile,Q2,2,intermediate-low EFA,delta_radii_Ghosh08,$\delta r_{\mathrm{Ghosh}}$,0.766260162601626
CHAOS_0110,Cd-Fe-Nb-Zn,EFA quartile,Q1,1,low EFA,delta_radii_Ghosh08,$\delta r_{\mathrm{Ghosh}}$,0.483739837398374
CHAOS_0111,Ca-Co-Ni-Sr,EFA quartile,Q2,2,intermediate-low EFA,delta_radii_Ghosh08,$\delta r_{\mathrm{Ghosh}}$,0.7601626016260162
CHAOS_0112,Ca-Cd-Nb-Ti,EFA quartile,Q1,1,low EFA,delta_radii_Ghosh08,$\delta r_{\mathrm{Ghosh}}$,0.2235772357723577
CHAOS_0113,Cd-Mg-Ni-Sn,EFA quartile,Q4,4,high EFA,delta_radii_Ghosh08,$\delta r_{\mathrm{Ghosh}}$,0.1747967479674797
CHAOS_0114,Cu-Fe-Mg-Ni,EFA quartile,Q4,4,high EFA,delta_radii_Ghosh08,$\delta r_{\mathrm{Ghosh}}$,0.02439024390243903
CHAOS_0115,Ca-Cu-Mg-Zn,EFA quartile,Q4,4,high EFA,delta_radii_Ghosh08,$\delta r_{\mathrm{Ghosh}}$,0.6443089430894309
CHAOS_0116,Cd-Mg-Ti-Zn,EFA quartile,Q2,2,intermediate-low EFA,delta_radii_Ghosh08,$\delta r_{\mathrm{Ghosh}}$,0.3353658536585366
CHAOS_0117,Cd-Fe-Mg-Nb,EFA quartile,Q1,1,low EFA,delta_radii_Ghosh08,$\delta r_{\mathrm{Ghosh}}$,0.475609756097561
CHAOS_0118,Cu-Fe-V-Zn,EFA quartile,Q2,2,intermediate-low EFA,delta_radii_Ghosh08,$\delta r_{\mathrm{Ghosh}}$,0.2560975609756098
CHAOS_0119,Ca-Mn-Nb-Ti,EFA quartile,Q1,1,low EFA,delta_radii_Ghosh08,$\delta r_{\mathrm{Ghosh}}$,0.1768292682926829
CHAOS_0120,Co-Fe-Ni-Sr,EFA quartile,Q2,2,intermediate-low EFA,delta_radii_Ghosh08,$\delta r_{\mathrm{Ghosh}}$,0.8272357723577236
CHAOS_0121,Ca-Fe-Mn-Sn,EFA quartile,Q4,4,high EFA,delta_radii_Ghosh08,$\delta r_{\mathrm{Ghosh}}$,0.5792682926829268
CHAOS_0122,Ca-Cd-Nb-Zn,EFA quartile,Q1,1,low EFA,delta_radii_Ghosh08,$\delta r_{\mathrm{Ghosh}}$,0.5447154471544715
CHAOS_0123,Ni-Sn-Sr-Zn,EFA quartile,Q2,2,intermediate-low EFA,delta_radii_Ghosh08,$\delta r_{\mathrm{Ghosh}}$,0.9979674796747967
CHAOS_0124,Ca-Co-Mg-Sn,EFA quartile,Q4,4,high EFA,delta_radii_Ghosh08,$\delta r_{\mathrm{Ghosh}}$,0.717479674796748
CHAOS_0125,Ca-Mg-Mn-Sr,EFA quartile,Q3,3,intermediate-high EFA,delta_radii_Ghosh08,$\delta r_{\mathrm{Ghosh}}$,0.7703252032520326
CHAOS_0126,Co-Fe-Mn-Ni,EFA quartile,Q4,4,high EFA,delta_radii_Ghosh08,$\delta r_{\mathrm{Ghosh}}$,0.01219512195121951
CHAOS_0127,Cd-Mn-Nb-Ti,EFA quartile,Q1,1,low EFA,delta_radii_Ghosh08,$\delta r_{\mathrm{Ghosh}}$,0.2642276422764228
CHAOS_0128,Nb-Sn-Tc-Zn,EFA quartile,Q1,1,low EFA,delta_radii_Ghosh08,$\delta r_{\mathrm{Ghosh}}$,0.806910569105691
CHAOS_0129,Fe-Nb-Sn-V,EFA quartile,Q1,1,low EFA,delta_radii_Ghosh08,$\delta r_{\mathrm{Ghosh}}$,0.6178861788617886
CHAOS_0130,Ca-Fe-Sr-Ti,EFA quartile,Q2,2,intermediate-low EFA,delta_radii_Ghosh08,$\delta r_{\mathrm{Ghosh}}$,0.4146341463414634
CHAOS_0131,Mg-Sn-Ti-Zn,EFA quartile,Q1,1,low EFA,delta_radii_Ghosh08,$\delta r_{\mathrm{Ghosh}}$,0.5223577235772358
CHAOS_0132,Ca-Fe-Ni-Sr,EFA quartile,Q2,2,intermediate-low EFA,delta_radii_Ghosh08,$\delta r_{\mathrm{Ghosh}}$,0.6951219512195121
CHAOS_0133,Cd-Nb-Sr-Ti,EFA quartile,Q1,1,low EFA,delta_radii_Ghosh08,$\delta r_{\mathrm{Ghosh}}$,0.4004065040650406
CHAOS_0134,Fe-Mg-Sn-Sr,EFA quartile,Q2,2,intermediate-low EFA,delta_radii_Ghosh08,$\delta r_{\mathrm{Ghosh}}$,0.9878048780487805
CHAOS_0135,Cd-Co-Ni-Sn,EFA quartile,Q3,3,intermediate-high EFA,delta_radii_Ghosh08,$\delta r_{\mathrm{Ghosh}}$,0.1707317073170732
CHAOS_0136,Mg-Nb-Sr-Zn,EFA quartile,Q2,2,intermediate-low EFA,delta_radii_Ghosh08,$\delta r_{\mathrm{Ghosh}}$,0.926829268292683
CHAOS_0137,Cd-Fe-Sn-Zn,EFA quartile,Q3,3,intermediate-high EFA,delta_radii_Ghosh08,$\delta r_{\mathrm{Ghosh}}$,0.225609756097561
CHAOS_0138,Cd-Mg-Sn-V,EFA quartile,Q1,1,low EFA,delta_radii_Ghosh08,$\delta r_{\mathrm{Ghosh}}$,0.3516260162601626
CHAOS_0139,Mn-Ni-V-Zn,EFA quartile,Q3,3,intermediate-high EFA,delta_radii_Ghosh08,$\delta r_{\mathrm{Ghosh}}$,0.2215447154471545
CHAOS_0140,Cd-Mg-Sr-Zn,EFA quartile,Q3,3,intermediate-high EFA,delta_radii_Ghosh08,$\delta r_{\mathrm{Ghosh}}$,0.9349593495934959
CHAOS_0141,Nb-Ni-Sn-Ti,EFA quartile,Q1,1,low EFA,delta_radii_Ghosh08,$\delta r_{\mathrm{Ghosh}}$,0.693089430894309
CHAOS_0142,Cd-Co-Ni-Zn,EFA quartile,Q4,4,high EFA,delta_radii_Ghosh08,$\delta r_{\mathrm{Ghosh}}$,0.03455284552845529
CHAOS_0143,Mg-Sn-V-Zn,EFA quartile,Q1,1,low EFA,delta_radii_Ghosh08,$\delta r_{\mathrm{Ghosh}}$,0.3760162601626016
CHAOS_0144,Ca-Fe-Mg-Zn,EFA quartile,Q3,3,intermediate-high EFA,delta_radii_Ghosh08,$\delta r_{\mathrm{Ghosh}}$,0.5650406504065041
CHAOS_0145,Ca-Cd-Fe-Sn,EFA quartile,Q4,4,high EFA,delta_radii_Ghosh08,$\delta r_{\mathrm{Ghosh}}$,0.6016260162601627
CHAOS_0146,Ca-Mn-Nb-V,EFA quartile,Q2,2,intermediate-low EFA,delta_radii_Ghosh08,$\delta r_{\mathrm{Ghosh}}$,0.2032520325203252
CHAOS_0147,Cd-Fe-Ni-Sr,EFA quartile,Q2,2,intermediate-low EFA,delta_radii_Ghosh08,$\delta r_{\mathrm{Ghosh}}$,0.782520325203252
CHAOS_0148,Ca-Mg-Nb-Ti,EFA quartile,Q2,2,intermediate-low EFA,delta_radii_Ghosh08,$\delta r_{\mathrm{Ghosh}}$,0.4491869918699187
CHAOS_0149,Ca-Co-Mg-Sr,EFA quartile,Q3,3,intermediate-high EFA,delta_radii_Ghosh08,$\delta r_{\mathrm{Ghosh}}$,0.8434959349593496
CHAOS_0150,Mg-Sr-Ti-Zn,EFA quartile,Q2,2,intermediate-low EFA,delta_radii_Ghosh08,$\delta r_{\mathrm{Ghosh}}$,0.9044715447154471
CHAOS_0151,Cd-Mg-Mn-Nb,EFA quartile,Q1,1,low EFA,delta_radii_Ghosh08,$\delta r_{\mathrm{Ghosh}}$,0.4451219512195122
CHAOS_0152,Fe-Mn-Sr-Zn,EFA quartile,Q3,3,intermediate-high EFA,delta_radii_Ghosh08,$\delta r_{\mathrm{Ghosh}}$,0.8394308943089431
CHAOS_0153,Cd-Fe-Mg-Zn,EFA quartile,Q4,4,high EFA,delta_radii_Ghosh08,$\delta r_{\mathrm{Ghosh}}$,0.1158536585365854
CHAOS_0154,Ca-Mn-Ni-Sr,EFA quartile,Q2,2,intermediate-low EFA,delta_radii_Ghosh08,$\delta r_{\mathrm{Ghosh}}$,0.6605691056910569
CHAOS_0155,Cd-Mn-Nb-Sr,EFA quartile,Q1,1,low EFA,delta_radii_Ghosh08,$\delta r_{\mathrm{Ghosh}}$,0.5426829268292683
CHAOS_0156,Cd-Cu-Fe-Mg,EFA quartile,Q4,4,high EFA,delta_radii_Ghosh08,$\delta r_{\mathrm{Ghosh}}$,0.07520325203252033
CHAOS_0157,Ca-Sn-Ti-V,EFA quartile,Q1,1,low EFA,delta_radii_Ghosh08,$\delta r_{\mathrm{Ghosh}}$,0.5589430894308943
CHAOS_0158,Fe-Mg-Mn-Ni,EFA quartile,Q4,4,high EFA,delta_radii_Ghosh08,$\delta r_{\mathrm{Ghosh}}$,0.0975609756097561
CHAOS_0159,Cd-Fe-Ni-Sn,EFA quartile,Q3,3,intermediate-high EFA,delta_radii_Ghosh08,$\delta r_{\mathrm{Ghosh}}$,0.201219512195122
CHAOS_0160,Cd-Mg-V-Zn,EFA quartile,Q3,3,intermediate-high EFA,delta_radii_Ghosh08,$\delta r_{\mathrm{Ghosh}}$,0.290650406504065
CHAOS_0161,Ca-Mg-Mn-Ti,EFA quartile,Q2,2,intermediate-low EFA,delta_radii_Ghosh08,$\delta r_{\mathrm{Ghosh}}$,0.3922764227642276
CHAOS_0162,Co-Cu-Fe-Ni,EFA quartile,Q4,4,high EFA,delta_radii_Ghosh08,$\delta r_{\mathrm{Ghosh}}$,0.008130081300813009
CHAOS_0163,Ca-Cd-Nb-Sn,EFA quartile,Q1,1,low EFA,delta_radii_Ghosh08,$\delta r_{\mathrm{Ghosh}}$,0.7134146341463414
CHAOS_0164,Fe-Mg-Nb-Sn,EFA quartile,Q1,1,low EFA,delta_radii_Ghosh08,$\delta r_{\mathrm{Ghosh}}$,0.7357723577235772
CHAOS_0165,Cu-Mg-V-Zn,EFA quartile,Q4,4,high EFA,delta_radii_Ghosh08,$\delta r_{\mathrm{Ghosh}}$,0.3109756097560976
CHAOS_0166,Fe-Mg-Nb-Sr,EFA quartile,Q2,2,intermediate-low EFA,delta_radii_Ghosh08,$\delta r_{\mathrm{Ghosh}}$,0.8170731707317073
CHAOS_0167,Ca-Sn-Sr-Ti,EFA quartile,Q2,2,intermediate-low EFA,delta_radii_Ghosh08,$\delta r_{\mathrm{Ghosh}}$,0.8373983739837398
CHAOS_0168,Cd-Mg-Sn-Zn,EFA quartile,Q4,4,high EFA,delta_radii_Ghosh08,$\delta r_{\mathrm{Ghosh}}$,0.1727642276422764
CHAOS_0169,Ca-Cd-Nb-Sr,EFA quartile,Q2,2,intermediate-low EFA,delta_radii_Ghosh08,$\delta r_{\mathrm{Ghosh}}$,0.3536585365853658
CHAOS_0170,Cd-Fe-Sn-Ti,EFA quartile,Q1,1,low EFA,delta_radii_Ghosh08,$\delta r_{\mathrm{Ghosh}}$,0.3658536585365854
CHAOS_0171,Fe-Nb-Sn-Zn,EFA quartile,Q1,1,low EFA,delta_radii_Ghosh08,$\delta r_{\mathrm{Ghosh}}$,0.741869918699187
CHAOS_0172,Cu-Nb-Sn-V,EFA quartile,Q1,1,low EFA,delta_radii_Ghosh08,$\delta r_{\mathrm{Ghosh}}$,0.7073170731707317
CHAOS_0173,Cd-Nb-Ti-V,EFA quartile,Q1,1,low EFA,delta_radii_Ghosh08,$\delta r_{\mathrm{Ghosh}}$,0.1910569105691057
CHAOS_0174,Cd-Fe-Mn-Ni,EFA quartile,Q4,4,high EFA,delta_radii_Ghosh08,$\delta r_{\mathrm{Ghosh}}$,0.01016260162601626
CHAOS_0175,Ca-Fe-Sn-Ti,EFA quartile,Q1,1,low EFA,delta_radii_Ghosh08,$\delta r_{\mathrm{Ghosh}}$,0.6219512195121951
CHAOS_0176,Ca-Cd-Mg-Ni,EFA quartile,Q4,4,high EFA,delta_radii_Ghosh08,$\delta r_{\mathrm{Ghosh}}$,0.5101626016260162
CHAOS_0177,Ca-Mg-Nb-Sr,EFA quartile,Q3,3,intermediate-high EFA,delta_radii_Ghosh08,$\delta r_{\mathrm{Ghosh}}$,0.6402439024390244
CHAOS_0178,Mg-Ni-Sn-Zn,EFA quartile,Q4,4,high EFA,delta_radii_Ghosh08,$\delta r_{\mathrm{Ghosh}}$,0.05894308943089431
CHAOS_0179,Mg-Mn-Sn-Sr,EFA quartile,Q3,3,intermediate-high EFA,delta_radii_Ghosh08,$\delta r_{\mathrm{Ghosh}}$,0.9715447154471545
CHAOS_0180,Fe-Mg-Ni-Sr,EFA quartile,Q2,2,intermediate-low EFA,delta_radii_Ghosh08,$\delta r_{\mathrm{Ghosh}}$,0.8963414634146342
CHAOS_0181,Ca-Mg-Mn-V,EFA quartile,Q2,2,intermediate-low EFA,delta_radii_Ghosh08,$\delta r_{\mathrm{Ghosh}}$,0.3821138211382114
CHAOS_0182,Co-Cu-Fe-V,EFA quartile,Q2,2,intermediate-low EFA,delta_radii_Ghosh08,$\delta r_{\mathrm{Ghosh}}$,0.1524390243902439
CHAOS_0183,Ca-Co-Sn-Sr,EFA quartile,Q3,3,intermediate-high EFA,delta_radii_Ghosh08,$\delta r_{\mathrm{Ghosh}}$,0.9308943089430894
CHAOS_0184,Fe-Mn-Ni-Zn,EFA quartile,Q4,4,high EFA,delta_radii_Ghosh08,$\delta r_{\mathrm{Ghosh}}$,0.09959349593495935
CHAOS_0185,Ca-Co-Mg-Mn,EFA quartile,Q4,4,high EFA,delta_radii_Ghosh08,$\delta r_{\mathrm{Ghosh}}$,0.4634146341463415
CHAOS_0186,Ca-Nb-Sn-Ti,EFA quartile,Q1,1,low EFA,delta_radii_Ghosh08,$\delta r_{\mathrm{Ghosh}}$,0.6382113821138211
CHAOS_0187,Ca-Cd-Sr-V,EFA quartile,Q3,3,intermediate-high EFA,delta_radii_Ghosh08,$\delta r_{\mathrm{Ghosh}}$,0.4552845528455284
CHAOS_0188,Ca-Mg-Sn-Ti,EFA quartile,Q1,1,low EFA,delta_radii_Ghosh08,$\delta r_{\mathrm{Ghosh}}$,0.7642276422764228
CHAOS_0189,Mn-Nb-Ti-V,EFA quartile,Q2,2,intermediate-low EFA,delta_radii_Ghosh08,$\delta r_{\mathrm{Ghosh}}$,0.1504065040650407
CHAOS_0190,Ca-Mg-Ni-Sn,EFA quartile,Q4,4,high EFA,delta_radii_Ghosh08,$\delta r_{\mathrm{Ghosh}}$,0.7439024390243902
CHAOS_0191,Cd-Cu-V-Zn,EFA quartile,Q3,3,intermediate-high EFA,delta_radii_Ghosh08,$\delta r_{\mathrm{Ghosh}}$,0.2601626016260163
CHAOS_0192,Cd-Mg-Nb-Zn,EFA quartile,Q1,1,low EFA,delta_radii_Ghosh08,$\delta r_{\mathrm{Ghosh}}$,0.5955284552845529
CHAOS_0193,Cd-Co-Fe-Sn,EFA quartile,Q3,3,intermediate-high EFA,delta_radii_Ghosh08,$\delta r_{\mathrm{Ghosh}}$,0.2052845528455285
CHAOS_0194,Nb-Sr-Tc-Ti,EFA quartile,Q1,1,low EFA,delta_radii_Ghosh08,$\delta r_{\mathrm{Ghosh}}$,0.209349593495935
CHAOS_0195,Cu-Nb-Sn-Sr,EFA quartile,Q1,1,low EFA,delta_radii_Ghosh08,$\delta r_{\mathrm{Ghosh}}$,0.959349593495935
CHAOS_0196,Ca-Cd-Mg-Ti,EFA quartile,Q2,2,intermediate-low EFA,delta_radii_Ghosh08,$\delta r_{\mathrm{Ghosh}}$,0.4329268292682927
CHAOS_0197,Ca-Nb-Sr-V,EFA quartile,Q2,2,intermediate-low EFA,delta_radii_Ghosh08,$\delta r_{\mathrm{Ghosh}}$,0.2276422764227642
CHAOS_0198,Cd-Fe-Nb-Sn,EFA quartile,Q1,1,low EFA,delta_radii_Ghosh08,$\delta r_{\mathrm{Ghosh}}$,0.6280487804878049
CHAOS_0199,Co-Mg-Ni-Sr,EFA quartile,Q2,2,intermediate-low EFA,delta_radii_Ghosh08,$\delta r_{\mathrm{Ghosh}}$,0.9146341463414634
CHAOS_0200,Co-Mn-Sr-Zn,EFA quartile,Q3,3,intermediate-high EFA,delta_radii_Ghosh08,$\delta r_{\mathrm{Ghosh}}$,0.8617886178861789
CHAOS_0201,Ca-Mn-Ti-V,EFA quartile,Q2,2,intermediate-low EFA,delta_radii_Ghosh08,$\delta r_{\mathrm{Ghosh}}$,0.1422764227642276
CHAOS_0202,Ca-Cd-Co-Mg,EFA quartile,Q4,4,high EFA,delta_radii_Ghosh08,$\delta r_{\mathrm{Ghosh}}$,0.4817073170731707
CHAOS_0203,Mn-Sr-Ti-V,EFA quartile,Q2,2,intermediate-low EFA,delta_radii_Ghosh08,$\delta r_{\mathrm{Ghosh}}$,0.3963414634146342
CHAOS_0204,Cd-Sr-Ti-Zn,EFA quartile,Q1,1,low EFA,delta_radii_Ghosh08,$\delta r_{\mathrm{Ghosh}}$,0.7886178861788617
CHAOS_0205,Fe-Ni-Sn-Zn,EFA quartile,Q3,3,intermediate-high EFA,delta_radii_Ghosh08,$\delta r_{\mathrm{Ghosh}}$,0.1626016260162602
CHAOS_0206,Ca-Nb-Sn-Sr,EFA quartile,Q1,1,low EFA,delta_radii_Ghosh08,$\delta r_{\mathrm{Ghosh}}$,0.8292682926829268
CHAOS_0207,Cd-Mg-Nb-V,EFA quartile,Q1,1,low EFA,delta_radii_Ghosh08,$\delta r_{\mathrm{Ghosh}}$,0.4349593495934959
CHAOS_0208,Fe-Nb-Sn-Sr,EFA quartile,Q1,1,low EFA,delta_radii_Ghosh08,$\delta r_{\mathrm{Ghosh}}$,0.9166666666666666
CHAOS_0209,Ca-Cu-Mg-V,EFA quartile,Q3,3,intermediate-high EFA,delta_radii_Ghosh08,$\delta r_{\mathrm{Ghosh}}$,0.5345528455284553
CHAOS_0210,Ca-Fe-Mg-Sr,EFA quartile,Q3,3,intermediate-high EFA,delta_radii_Ghosh08,$\delta r_{\mathrm{Ghosh}}$,0.8130081300813008
CHAOS_0211,Ca-Sn-Sr-Zn,EFA quartile,Q3,3,intermediate-high EFA,delta_radii_Ghosh08,$\delta r_{\mathrm{Ghosh}}$,0.9776422764227642
CHAOS_0212,Cd-Mn-Sr-Ti,EFA quartile,Q2,2,intermediate-low EFA,delta_radii_Ghosh08,$\delta r_{\mathrm{Ghosh}}$,0.532520325203252
CHAOS_0213,Mn-Ni-Sr-Zn,EFA quartile,Q3,3,intermediate-high EFA,delta_radii_Ghosh08,$\delta r_{\mathrm{Ghosh}}$,0.8821138211382114
CHAOS_0214,Cd-Sr-V-Zn,EFA quartile,Q2,2,intermediate-low EFA,delta_radii_Ghosh08,$\delta r_{\mathrm{Ghosh}}$,0.7987804878048781
CHAOS_0215,Co-Fe-Mg-Sn,EFA quartile,Q3,3,intermediate-high EFA,delta_radii_Ghosh08,$\delta r_{\mathrm{Ghosh}}$,0.1849593495934959
CHAOS_0216,Cu-Sn-Ti-V,EFA quartile,Q1,1,low EFA,delta_radii_Ghosh08,$\delta r_{\mathrm{Ghosh}}$,0.5182926829268293
CHAOS_0217,Ca-Mn-Sr-Zn,EFA quartile,Q3,3,intermediate-high EFA,delta_radii_Ghosh08,$\delta r_{\mathrm{Ghosh}}$,0.7764227642276422
CHAOS_0218,Mg-Nb-Ti-V,EFA quartile,Q2,2,intermediate-low EFA,delta_radii_Ghosh08,$\delta r_{\mathrm{Ghosh}}$,0.3739837398373984
CHAOS_0219,Ca-Cd-Mn-Ni,EFA quartile,Q4,4,high EFA,delta_radii_Ghosh08,$\delta r_{\mathrm{Ghosh}}$,0.3292682926829268
CHAOS_0220,Co-Fe-Sn-Zn,EFA quartile,Q3,3,intermediate-high EFA,delta_radii_Ghosh08,$\delta r_{\mathrm{Ghosh}}$,0.1869918699186992
CHAOS_0221,Mg-Nb-Sn-Sr,EFA quartile,Q1,1,low EFA,delta_radii_Ghosh08,$\delta r_{\mathrm{Ghosh}}$,0.9796747967479674
CHAOS_0222,Cd-Fe-Sr-Zn,EFA quartile,Q3,3,intermediate-high EFA,delta_radii_Ghosh08,$\delta r_{\mathrm{Ghosh}}$,0.8536585365853658
CHAOS_0223,Ca-Fe-Sn-Zn,EFA quartile,Q3,3,intermediate-high EFA,delta_radii_Ghosh08,$\delta r_{\mathrm{Ghosh}}$,0.7113821138211383
CHAOS_0224,Mg-Nb-Ti-Zn,EFA quartile,Q2,2,intermediate-low EFA,delta_radii_Ghosh08,$\delta r_{\mathrm{Ghosh}}$,0.6321138211382114
CHAOS_0225,Ca-Cd-Mg-Mn,EFA quartile,Q4,4,high EFA,delta_radii_Ghosh08,$\delta r_{\mathrm{Ghosh}}$,0.4105691056910569
CHAOS_0226,Nb-Sn-Sr-Zn,EFA quartile,Q1,1,low EFA,delta_radii_Ghosh08,$\delta r_{\mathrm{Ghosh}}$,0.9817073170731707
CHAOS_0227,Ca-Mg-Sn-V,EFA quartile,Q2,2,intermediate-low EFA,delta_radii_Ghosh08,$\delta r_{\mathrm{Ghosh}}$,0.7235772357723578
CHAOS_0228,Ca-Cd-Fe-Mg,EFA quartile,Q3,3,intermediate-high EFA,delta_radii_Ghosh08,$\delta r_{\mathrm{Ghosh}}$,0.4369918699186992
CHAOS_0229,Ca-Cu-Mn-V,EFA quartile,Q2,2,intermediate-low EFA,delta_radii_Ghosh08,$\delta r_{\mathrm{Ghosh}}$,0.3414634146341464
CHAOS_0230,Ca-Mg-Sr-Zn,EFA quartile,Q4,4,high EFA,delta_radii_Ghosh08,$\delta r_{\mathrm{Ghosh}}$,0.9227642276422764
CHAOS_0231,Cd-Co-Sn-Sr,EFA quartile,Q3,3,intermediate-high EFA,delta_radii_Ghosh08,$\delta r_{\mathrm{Ghosh}}$,0.943089430894309
CHAOS_0232,Mg-Nb-Sn-Ti,EFA quartile,Q1,1,low EFA,delta_radii_Ghosh08,$\delta r_{\mathrm{Ghosh}}$,0.7804878048780488
CHAOS_0233,Cd-Mg-Mn-Ni,EFA quartile,Q4,4,high EFA,delta_radii_Ghosh08,$\delta r_{\mathrm{Ghosh}}$,0.1016260162601626
CHAOS_0234,Mg-Mn-Ni-Sn,EFA quartile,Q2,2,intermediate-low EFA,delta_radii_Ghosh08,$\delta r_{\mathrm{Ghosh}}$,0.2296747967479675
CHAOS_0235,Cd-Nb-Sn-Zn,EFA quartile,Q1,1,low EFA,delta_radii_Ghosh08,$\delta r_{\mathrm{Ghosh}}$,0.7378048780487805
CHAOS_0236,Cd-Co-Mn-Ni,EFA quartile,Q3,3,intermediate-high EFA,delta_radii_Ghosh08,$\delta r_{\mathrm{Ghosh}}$,0.01422764227642276
CHAOS_0237,Ca-Fe-Mn-Sr,EFA quartile,Q2,2,intermediate-low EFA,delta_radii_Ghosh08,$\delta r_{\mathrm{Ghosh}}$,0.5508130081300813
CHAOS_0238,Ca-Sn-Ti-Zn,EFA quartile,Q1,1,low EFA,delta_radii_Ghosh08,$\delta r_{\mathrm{Ghosh}}$,0.7682926829268293
CHAOS_0239,Ca-Nb-Sr-Ti,EFA quartile,Q2,2,intermediate-low EFA,delta_radii_Ghosh08,$\delta r_{\mathrm{Ghosh}}$,0.1666666666666667
CHAOS_0240,Co-Fe-Ni-V,EFA quartile,Q2,2,intermediate-low EFA,delta_radii_Ghosh08,$\delta r_{\mathrm{Ghosh}}$,0.1300813008130081
CHAOS_0241,Cd-Mg-Mn-Sn,EFA quartile,Q3,3,intermediate-high EFA,delta_radii_Ghosh08,$\delta r_{\mathrm{Ghosh}}$,0.282520325203252
CHAOS_0242,Co-Mg-Sr-Zn,EFA quartile,Q3,3,intermediate-high EFA,delta_radii_Ghosh08,$\delta r_{\mathrm{Ghosh}}$,0.9471544715447154
CHAOS_0243,Ca-Sn-Sr-V,EFA quartile,Q3,3,intermediate-high EFA,delta_radii_Ghosh08,$\delta r_{\mathrm{Ghosh}}$,0.8516260162601627
CHAOS_0244,Cu-Fe-Mg-Ti,EFA quartile,Q3,3,intermediate-high EFA,delta_radii_Ghosh08,$\delta r_{\mathrm{Ghosh}}$,0.3191056910569106
CHAOS_0245,Cd-Mn-Nb-Sn,EFA quartile,Q1,1,low EFA,delta_radii_Ghosh08,$\delta r_{\mathrm{Ghosh}}$,0.6097560975609756
CHAOS_0246,Mg-Nb-Sn-Zn,EFA quartile,Q1,1,low EFA,delta_radii_Ghosh08,$\delta r_{\mathrm{Ghosh}}$,0.8252032520325203
CHAOS_0247,Ca-Cd-Co-Mn,EFA quartile,Q4,4,high EFA,delta_radii_Ghosh08,$\delta r_{\mathrm{Ghosh}}$,0.3150406504065041
CHAOS_0248,Cu-Fe-Mg-Zn,EFA quartile,Q4,4,high EFA,delta_radii_Ghosh08,$\delta r_{\mathrm{Ghosh}}$,0.05691056910569105
CHAOS_0249,Fe-Mn-Sn-Sr,EFA quartile,Q2,2,intermediate-low EFA,delta_radii_Ghosh08,$\delta r_{\mathrm{Ghosh}}$,0.9247967479674797
CHAOS_0250,Mg-Mn-Ti-V,EFA quartile,Q3,3,intermediate-high EFA,delta_radii_Ghosh08,$\delta r_{\mathrm{Ghosh}}$,0.2845528455284553
CHAOS_0251,Ca-Mg-Mn-Zn,EFA quartile,Q2,2,intermediate-low EFA,delta_radii_Ghosh08,$\delta r_{\mathrm{Ghosh}}$,0.556910569105691
CHAOS_0252,Cd-Sn-Sr-V,EFA quartile,Q2,2,intermediate-low EFA,delta_radii_Ghosh08,$\delta r_{\mathrm{Ghosh}}$,0.9004065040650406
CHAOS_0253,Ca-Co-Ni-Sn,EFA quartile,Q4,4,high EFA,delta_radii_Ghosh08,$\delta r_{\mathrm{Ghosh}}$,0.6686991869918699
CHAOS_0254,Fe-Mn-Ni-Sr,EFA quartile,Q2,2,intermediate-low EFA,delta_radii_Ghosh08,$\delta r_{\mathrm{Ghosh}}$,0.7540650406504065
CHAOS_0255,Ca-Cd-Mg-Sn,EFA quartile,Q4,4,high EFA,delta_radii_Ghosh08,$\delta r_{\mathrm{Ghosh}}$,0.7012195121951219
CHAOS_0256,Ca-Mn-Ti-Zn,EFA quartile,Q2,2,intermediate-low EFA,delta_radii_Ghosh08,$\delta r_{\mathrm{Ghosh}}$,0.4044715447154472
CHAOS_0257,Mg-Mn-Sr-Zn,EFA quartile,Q3,3,intermediate-high EFA,delta_radii_Ghosh08,$\delta r_{\mathrm{Ghosh}}$,0.9288617886178862
CHAOS_0258,Mn-Nb-Sn-V,EFA quartile,Q1,1,low EFA,delta_radii_Ghosh08,$\delta r_{\mathrm{Ghosh}}$,0.5873983739837398
CHAOS_0259,Mn-Sn-Sr-V,EFA quartile,Q2,2,intermediate-low EFA,delta_radii_Ghosh08,$\delta r_{\mathrm{Ghosh}}$,0.8841463414634146
CHAOS_0260,Co-Nb-Sn-Sr,EFA quartile,Q1,1,low EFA,delta_radii_Ghosh08,$\delta r_{\mathrm{Ghosh}}$,0.9369918699186992
CHAOS_0261,Cd-Mn-Ti-Zn,EFA quartile,Q2,2,intermediate-low EFA,delta_radii_Ghosh08,$\delta r_{\mathrm{Ghosh}}$,0.2723577235772358
CHAOS_0262,Ca-Mg-Ti-Zn,EFA quartile,Q3,3,intermediate-high EFA,delta_radii_Ghosh08,$\delta r_{\mathrm{Ghosh}}$,0.6056910569105691
CHAOS_0263,Cd-Co-Mn-Sr,EFA quartile,Q3,3,intermediate-high EFA,delta_radii_Ghosh08,$\delta r_{\mathrm{Ghosh}}$,0.6910569105691057
CHAOS_0264,Mg-Mn-Nb-Zn,EFA quartile,Q3,3,intermediate-high EFA,delta_radii_Ghosh08,$\delta r_{\mathrm{Ghosh}}$,0.5752032520325203
CHAOS_0265,Ca-Co-Mn-Zn,EFA quartile,Q4,4,high EFA,delta_radii_Ghosh08,$\delta r_{\mathrm{Ghosh}}$,0.4695121951219512
CHAOS_0266,Cd-Fe-Nb-Sr,EFA quartile,Q1,1,low EFA,delta_radii_Ghosh08,$\delta r_{\mathrm{Ghosh}}$,0.5934959349593496
CHAOS_0267,Co-Ni-Sn-Zn,EFA quartile,Q4,4,high EFA,delta_radii_Ghosh08,$\delta r_{\mathrm{Ghosh}}$,0.1382113821138211
CHAOS_0268,Ca-Co-Fe-Mn,EFA quartile,Q4,4,high EFA,delta_radii_Ghosh08,$\delta r_{\mathrm{Ghosh}}$,0.3170731707317073
CHAOS_0269,Ca-Fe-Nb-Zn,EFA quartile,Q2,2,intermediate-low EFA,delta_radii_Ghosh08,$\delta r_{\mathrm{Ghosh}}$,0.5528455284552846
CHAOS_0270,Fe-Nb-Ti-Zn,EFA quartile,Q2,2,intermediate-low EFA,delta_radii_Ghosh08,$\delta r_{\mathrm{Ghosh}}$,0.4796747967479675
CHAOS_0271,Fe-Mg-Nb-Ti,EFA quartile,Q2,2,intermediate-low EFA,delta_radii_Ghosh08,$\delta r_{\mathrm{Ghosh}}$,0.4735772357723577
CHAOS_0272,Fe-Mn-Ni-Sn,EFA quartile,Q3,3,intermediate-high EFA,delta_radii_Ghosh08,$\delta r_{\mathrm{Ghosh}}$,0.2398373983739837
CHAOS_0273,Cu-Fe-Mn-Zn,EFA quartile,Q4,4,high EFA,delta_radii_Ghosh08,$\delta r_{\mathrm{Ghosh}}$,0.1239837398373984
CHAOS_0274,Mn-Sr-Ti-Zn,EFA quartile,Q1,1,low EFA,delta_radii_Ghosh08,$\delta r_{\mathrm{Ghosh}}$,0.758130081300813
CHAOS_0275,Cd-Mg-Ni-Sr,EFA quartile,Q3,3,intermediate-high EFA,delta_radii_Ghosh08,$\delta r_{\mathrm{Ghosh}}$,0.8882113821138211
CHAOS_0276,Mn-Sn-Ti-V,EFA quartile,Q1,1,low EFA,delta_radii_Ghosh08,$\delta r_{\mathrm{Ghosh}}$,0.4065040650406504
CHAOS_0277,Ca-Co-Mn-Ni,EFA quartile,Q4,4,high EFA,delta_radii_Ghosh08,$\delta r_{\mathrm{Ghosh}}$,0.3495934959349594
CHAOS_0278,Co-Ni-Sn-Sr,EFA quartile,Q2,2,intermediate-low EFA,delta_radii_Ghosh08,$\delta r_{\mathrm{Ghosh}}$,0.9695121951219512
CHAOS_0279,Nb-Sr-Ti-V,EFA quartile,Q1,1,low EFA,delta_radii_Ghosh08,$\delta r_{\mathrm{Ghosh}}$,0.298780487804878
CHAOS_0280,Cd-Co-Mn-Sn,EFA quartile,Q3,3,intermediate-high EFA,delta_radii_Ghosh08,$\delta r_{\mathrm{Ghosh}}$,0.241869918699187
CHAOS_0281,Ca-Cd-Fe-Sr,EFA quartile,Q3,3,intermediate-high EFA,delta_radii_Ghosh08,$\delta r_{\mathrm{Ghosh}}$,0.5772357723577236
CHAOS_0282,Co-Mg-Ni-Zn,EFA quartile,Q4,4,high EFA,delta_radii_Ghosh08,$\delta r_{\mathrm{Ghosh}}$,0.01626016260162602
CHAOS_0283,Nb-Sn-Ti-Zn,EFA quartile,Q1,1,low EFA,delta_radii_Ghosh08,$\delta r_{\mathrm{Ghosh}}$,0.7865853658536586
CHAOS_0284,Cd-Fe-Mg-Sn,EFA quartile,Q3,3,intermediate-high EFA,delta_radii_Ghosh08,$\delta r_{\mathrm{Ghosh}}$,0.2195121951219512
CHAOS_0285,Co-Ni-Sr-Zn,EFA quartile,Q2,2,intermediate-low EFA,delta_radii_Ghosh08,$\delta r_{\mathrm{Ghosh}}$,0.9186991869918699
CHAOS_0286,Ca-Mn-Ni-Zn,EFA quartile,Q3,3,intermediate-high EFA,delta_radii_Ghosh08,$\delta r_{\mathrm{Ghosh}}$,0.508130081300813
CHAOS_0287,Fe-Sn-Ti-V,EFA quartile,Q1,1,low EFA,delta_radii_Ghosh08,$\delta r_{\mathrm{Ghosh}}$,0.4288617886178862
CHAOS_0288,Cd-Mn-Sn-Sr,EFA quartile,Q3,3,intermediate-high EFA,delta_radii_Ghosh08,$\delta r_{\mathrm{Ghosh}}$,0.9207317073170732
CHAOS_0289,Cd-Co-Cu-Fe,EFA quartile,Q4,4,high EFA,delta_radii_Ghosh08,$\delta r_{\mathrm{Ghosh}}$,0.01829268292682927
CHAOS_0290,Co-Cu-Mn-Zn,EFA quartile,Q4,4,high EFA,delta_radii_Ghosh08,$\delta r_{\mathrm{Ghosh}}$,0.1117886178861789
CHAOS_0291,Co-Nb-Sn-Ti,EFA quartile,Q1,1,low EFA,delta_radii_Ghosh08,$\delta r_{\mathrm{Ghosh}}$,0.6666666666666666
CHAOS_0292,Cu-Mg-Ni-Sn,EFA quartile,Q3,3,intermediate-high EFA,delta_radii_Ghosh08,$\delta r_{\mathrm{Ghosh}}$,0.06300813008130081
CHAOS_0293,Fe-Sn-Sr-Ti,EFA quartile,Q1,1,low EFA,delta_radii_Ghosh08,$\delta r_{\mathrm{Ghosh}}$,0.9024390243902439
CHAOS_0294,Co-Fe-Sr-Zn,EFA quartile,Q2,2,intermediate-low EFA,delta_radii_Ghosh08,$\delta r_{\mathrm{Ghosh}}$,0.8760162601626016
CHAOS_0295,Mg-Mn-Ni-Zn,EFA quartile,Q4,4,high EFA,delta_radii_Ghosh08,$\delta r_{\mathrm{Ghosh}}$,0.1280487804878049
CHAOS_0296,Sn-Sr-V-Zn,EFA quartile,Q2,2,intermediate-low EFA,delta_radii_Ghosh08,$\delta r_{\mathrm{Ghosh}}$,0.967479674796748
CHAOS_0297,Cd-Mg-Mn-Zn,EFA quartile,Q4,4,high EFA,delta_radii_Ghosh08,$\delta r_{\mathrm{Ghosh}}$,0.1483739837398374
CHAOS_0298,Fe-Mn-Ni-V,EFA quartile,Q3,3,intermediate-high EFA,delta_radii_Ghosh08,$\delta r_{\mathrm{Ghosh}}$,0.1138211382113821
CHAOS_0299,Ca-Co-Ni-Zn,EFA quartile,Q4,4,high EFA,delta_radii_Ghosh08,$\delta r_{\mathrm{Ghosh}}$,0.5284552845528455
CHAOS_0300,Cd-Ni-Sn-Sr,EFA quartile,Q4,4,high EFA,delta_radii_Ghosh08,$\delta r_{\mathrm{Ghosh}}$,0.9532520325203252
CHAOS_0301,Cd-Nb-Sr-Zn,EFA quartile,Q1,1,low EFA,delta_radii_Ghosh08,$\delta r_{\mathrm{Ghosh}}$,0.8150406504065041
CHAOS_0302,Fe-Mg-Sn-Ti,EFA quartile,Q1,1,low EFA,delta_radii_Ghosh08,$\delta r_{\mathrm{Ghosh}}$,0.4857723577235772
CHAOS_0303,Ca-Cd-Mn-V,EFA quartile,Q3,3,intermediate-high EFA,delta_radii_Ghosh08,$\delta r_{\mathrm{Ghosh}}$,0.217479674796748
CHAOS_0304,Fe-Mg-Ti-Zn,EFA quartile,Q3,3,intermediate-high EFA,delta_radii_Ghosh08,$\delta r_{\mathrm{Ghosh}}$,0.3313008130081301
CHAOS_0305,Mg-Nb-Sn-Tc,EFA quartile,Q1,1,low EFA,delta_radii_Ghosh08,$\delta r_{\mathrm{Ghosh}}$,0.8008130081300813
CHAOS_0306,Ca-Mg-V-Zn,EFA quartile,Q4,4,high EFA,delta_radii_Ghosh08,$\delta r_{\mathrm{Ghosh}}$,0.5670731707317073
CHAOS_0307,Cd-Fe-Mn-Sr,EFA quartile,Q3,3,intermediate-high EFA,delta_radii_Ghosh08,$\delta r_{\mathrm{Ghosh}}$,0.6585365853658537
CHAOS_0308,Co-Mn-V-Zn,EFA quartile,Q4,4,high EFA,delta_radii_Ghosh08,$\delta r_{\mathrm{Ghosh}}$,0.2073170731707317
CHAOS_0309,Nb-Sr-V-Zn,EFA quartile,Q1,1,low EFA,delta_radii_Ghosh08,$\delta r_{\mathrm{Ghosh}}$,0.6890243902439024
CHAOS_0310,Co-Mg-V-Zn,EFA quartile,Q4,4,high EFA,delta_radii_Ghosh08,$\delta r_{\mathrm{Ghosh}}$,0.2804878048780488
CHAOS_0311,Mg-Mn-Nb-Ti,EFA quartile,Q2,2,intermediate-low EFA,delta_radii_Ghosh08,$\delta r_{\mathrm{Ghosh}}$,0.4247967479674797
CHAOS_0312,Ca-Fe-Nb-Ti,EFA quartile,Q3,3,intermediate-high EFA,delta_radii_Ghosh08,$\delta r_{\mathrm{Ghosh}}$,0.2459349593495935
CHAOS_0313,Ca-Mg-Sr-Ti,EFA quartile,Q3,3,intermediate-high EFA,delta_radii_Ghosh08,$\delta r_{\mathrm{Ghosh}}$,0.6626016260162602
CHAOS_0314,Cd-Nb-Sr-V,EFA quartile,Q1,1,low EFA,delta_radii_Ghosh08,$\delta r_{\mathrm{Ghosh}}$,0.4573170731707317
CHAOS_0315,Mn-Nb-Sn-Zn,EFA quartile,Q1,1,low EFA,delta_radii_Ghosh08,$\delta r_{\mathrm{Ghosh}}$,0.7296747967479674
CHAOS_0316,Ca-Cd-Sn-Sr,EFA quartile,Q4,4,high EFA,delta_radii_Ghosh08,$\delta r_{\mathrm{Ghosh}}$,0.9065040650406504
CHAOS_0317,Cd-Mn-Sn-Ti,EFA quartile,Q1,1,low EFA,delta_radii_Ghosh08,$\delta r_{\mathrm{Ghosh}}$,0.3678861788617886
CHAOS_0318,Fe-Sn-Ti-Zn,EFA quartile,Q1,1,low EFA,delta_radii_Ghosh08,$\delta r_{\mathrm{Ghosh}}$,0.4939024390243902
CHAOS_0319,Fe-Mg-Sr-Ti,EFA quartile,Q1,1,low EFA,delta_radii_Ghosh08,$\delta r_{\mathrm{Ghosh}}$,0.790650406504065
CHAOS_0320,Mg-Sn-Sr-V,EFA quartile,Q2,2,intermediate-low EFA,delta_radii_Ghosh08,$\delta r_{\mathrm{Ghosh}}$,0.9634146341463414
CHAOS_0321,Ca-Co-Fe-Sn,EFA quartile,Q3,3,intermediate-high EFA,delta_radii_Ghosh08,$\delta r_{\mathrm{Ghosh}}$,0.6300813008130082
CHAOS_0322,Ca-Mg-Sr-V,EFA quartile,Q3,3,intermediate-high EFA,delta_radii_Ghosh08,$\delta r_{\mathrm{Ghosh}}$,0.676829268292683
CHAOS_0323,Mn-Sn-Sr-Ti,EFA quartile,Q1,1,low EFA,delta_radii_Ghosh08,$\delta r_{\mathrm{Ghosh}}$,0.8780487804878049
CHAOS_0324,Ca-Mn-Nb-Sn,EFA quartile,Q1,1,low EFA,delta_radii_Ghosh08,$\delta r_{\mathrm{Ghosh}}$,0.6808943089430894
CHAOS_0325,Mg-Ni-Sn-Sr,EFA quartile,Q3,3,intermediate-high EFA,delta_radii_Ghosh08,$\delta r_{\mathrm{Ghosh}}$,0.9959349593495935
CHAOS_0326,Ca-Mn-Sn-Ti,EFA quartile,Q1,1,low EFA,delta_radii_Ghosh08,$\delta r_{\mathrm{Ghosh}}$,0.5914634146341463
CHAOS_0327,Ca-Sr-Ti-V,EFA quartile,Q2,2,intermediate-low EFA,delta_radii_Ghosh08,$\delta r_{\mathrm{Ghosh}}$,0.2967479674796748
CHAOS_0328,Cu-Mn-Ni-Sn,EFA quartile,Q2,2,intermediate-low EFA,delta_radii_Ghosh08,$\delta r_{\mathrm{Ghosh}}$,0.2154471544715447
CHAOS_0329,Fe-Nb-Sr-Zn,EFA quartile,Q2,2,intermediate-low EFA,delta_radii_Ghosh08,$\delta r_{\mathrm{Ghosh}}$,0.8211382113821138
CHAOS_0330,Ca-Mg-Nb-V,EFA quartile,Q2,2,intermediate-low EFA,delta_radii_Ghosh08,$\delta r_{\mathrm{Ghosh}}$,0.467479674796748
CHAOS_0331,Ca-Cd-Sr-Ti,EFA quartile,Q2,2,intermediate-low EFA,delta_radii_Ghosh08,$\delta r_{\mathrm{Ghosh}}$,0.3943089430894309
CHAOS_0332,Cd-Mg-Mn-V,EFA quartile,Q2,2,intermediate-low EFA,delta_radii_Ghosh08,$\delta r_{\mathrm{Ghosh}}$,0.1829268292682927
CHAOS_0333,Nb-Sn-V-Zn,EFA quartile,Q1,1,low EFA,delta_radii_Ghosh08,$\delta r_{\mathrm{Ghosh}}$,0.7560975609756098
CHAOS_0334,Co-Mn-Ni-Sr,EFA quartile,Q2,2,intermediate-low EFA,delta_radii_Ghosh08,$\delta r_{\mathrm{Ghosh}}$,0.7947154471544715
CHAOS_0335,Fe-Sr-Ti-Zn,EFA quartile,Q2,2,intermediate-low EFA,delta_radii_Ghosh08,$\delta r_{\mathrm{Ghosh}}$,0.7967479674796748
CHAOS_0336,Cu-Mg-Mn-V,EFA quartile,Q3,3,intermediate-high EFA,delta_radii_Ghosh08,$\delta r_{\mathrm{Ghosh}}$,0.266260162601626
CHAOS_0337,Mn-Sr-V-Zn,EFA quartile,Q3,3,intermediate-high EFA,delta_radii_Ghosh08,$\delta r_{\mathrm{Ghosh}}$,0.7723577235772358
CHAOS_0338,Co-Cu-Fe-Mg,EFA quartile,Q4,4,high EFA,delta_radii_Ghosh08,$\delta r_{\mathrm{Ghosh}}$,0.03861788617886179
CHAOS_0339,Fe-Mg-Ni-Sn,EFA quartile,Q3,3,intermediate-high EFA,delta_radii_Ghosh08,$\delta r_{\mathrm{Ghosh}}$,0.1605691056910569
CHAOS_0340,Co-Cu-Mn-Ni,EFA quartile,Q3,3,intermediate-high EFA,delta_radii_Ghosh08,$\delta r_{\mathrm{Ghosh}}$,0.04065040650406504
CHAOS_0341,Fe-Mg-Nb-Zn,EFA quartile,Q2,2,intermediate-low EFA,delta_radii_Ghosh08,$\delta r_{\mathrm{Ghosh}}$,0.5975609756097561
CHAOS_0342,Mg-Sr-V-Zn,EFA quartile,Q3,3,intermediate-high EFA,delta_radii_Ghosh08,$\delta r_{\mathrm{Ghosh}}$,0.9085365853658537
CHAOS_0343,Ca-Cd-Co-Sn,EFA quartile,Q4,4,high EFA,delta_radii_Ghosh08,$\delta r_{\mathrm{Ghosh}}$,0.6239837398373984
CHAOS_0344,Cd-Mn-Ni-Sr,EFA quartile,Q3,3,intermediate-high EFA,delta_radii_Ghosh08,$\delta r_{\mathrm{Ghosh}}$,0.7459349593495935
CHAOS_0345,Ca-Nb-Sn-V,EFA quartile,Q1,1,low EFA,delta_radii_Ghosh08,$\delta r_{\mathrm{Ghosh}}$,0.6504065040650406
CHAOS_0346,Co-Mn-Ni-Sn,EFA quartile,Q2,2,intermediate-low EFA,delta_radii_Ghosh08,$\delta r_{\mathrm{Ghosh}}$,0.2134146341463415
CHAOS_0347,Mn-Sn-V-Zn,EFA quartile,Q1,1,low EFA,delta_radii_Ghosh08,$\delta r_{\mathrm{Ghosh}}$,0.3800813008130081
CHAOS_0348,Cd-Mn-Nb-V,EFA quartile,Q1,1,low EFA,delta_radii_Ghosh08,$\delta r_{\mathrm{Ghosh}}$,0.258130081300813
CHAOS_0349,Cd-Co-Fe-Mg,EFA quartile,Q4,4,high EFA,delta_radii_Ghosh08,$\delta r_{\mathrm{Ghosh}}$,0.04674796747967479
CHAOS_0350,Sn-Sr-Ti-Zn,EFA quartile,Q1,1,low EFA,delta_radii_Ghosh08,$\delta r_{\mathrm{Ghosh}}$,0.9654471544715447
CHAOS_0351,Ca-Cd-Sn-V,EFA quartile,Q2,2,intermediate-low EFA,delta_radii_Ghosh08,$\delta r_{\mathrm{Ghosh}}$,0.5813008130081301
CHAOS_0352,Cu-Mg-Mn-Zn,EFA quartile,Q4,4,high EFA,delta_radii_Ghosh08,$\delta r_{\mathrm{Ghosh}}$,0.1402439024390244
CHAOS_0353,Cd-Mg-Sr-Ti,EFA quartile,Q1,1,low EFA,delta_radii_Ghosh08,$\delta r_{\mathrm{Ghosh}}$,0.7845528455284553
CHAOS_0354,Co-Mn-Ni-Zn,EFA quartile,Q4,4,high EFA,delta_radii_Ghosh08,$\delta r_{\mathrm{Ghosh}}$,0.08536585365853659
CHAOS_0355,Mn-Nb-Sn-Tc,EFA quartile,Q1,1,low EFA,delta_radii_Ghosh08,$\delta r_{\mathrm{Ghosh}}$,0.6260162601626016
CHAOS_0356,Cd-Co-Fe-Ni,EFA quartile,Q3,3,intermediate-high EFA,delta_radii_Ghosh08,$\delta r_{\mathrm{Ghosh}}$,0.004065040650406504
CHAOS_0357,Fe-Mg-Ni-Zn,EFA quartile,Q4,4,high EFA,delta_radii_Ghosh08,$\delta r_{\mathrm{Ghosh}}$,0.05284552845528456
CHAOS_0358,Mg-Mn-Sn-V,EFA quartile,Q1,1,low EFA,delta_radii_Ghosh08,$\delta r_{\mathrm{Ghosh}}$,0.3719512195121951
CHAOS_0359,Cd-Nb-V-Zn,EFA quartile,Q1,1,low EFA,delta_radii_Ghosh08,$\delta r_{\mathrm{Ghosh}}$,0.4390243902439024
CHAOS_0360,Ca-Cd-Co-Sr,EFA quartile,Q4,4,high EFA,delta_radii_Ghosh08,$\delta r_{\mathrm{Ghosh}}$,0.6463414634146342
CHAOS_0361,Ca-Mg-Ni-Zn,EFA quartile,Q4,4,high EFA,delta_radii_Ghosh08,$\delta r_{\mathrm{Ghosh}}$,0.6199186991869918
CHAOS_0362,Ca-Fe-Sr-Zn,EFA quartile,Q3,3,intermediate-high EFA,delta_radii_Ghosh08,$\delta r_{\mathrm{Ghosh}}$,0.8191056910569106
CHAOS_0363,Ca-Mn-Sr-V,EFA quartile,Q3,3,intermediate-high EFA,delta_radii_Ghosh08,$\delta r_{\mathrm{Ghosh}}$,0.3861788617886179
CHAOS_0364,Mn-Nb-Sr-Zn,EFA quartile,Q2,2,intermediate-low EFA,delta_radii_Ghosh08,$\delta r_{\mathrm{Ghosh}}$,0.7784552845528455
CHAOS_0365,Mg-Nb-Sr-Ti,EFA quartile,Q2,2,intermediate-low EFA,delta_radii_Ghosh08,$\delta r_{\mathrm{Ghosh}}$,0.6646341463414634
CHAOS_0366,Cd-Ni-Sr-Zn,EFA quartile,Q3,3,intermediate-high EFA,delta_radii_Ghosh08,$\delta r_{\mathrm{Ghosh}}$,0.8922764227642277
CHAOS_0367,Cd-Cu-Mn-Ni,EFA quartile,Q3,3,intermediate-high EFA,delta_radii_Ghosh08,$\delta r_{\mathrm{Ghosh}}$,0.05487804878048781
CHAOS_0368,Ca-Mn-Sn-V,EFA quartile,Q2,2,intermediate-low EFA,delta_radii_Ghosh08,$\delta r_{\mathrm{Ghosh}}$,0.5630081300813008
CHAOS_0369,Co-Cu-Fe-Mn,EFA quartile,Q4,4,high EFA,delta_radii_Ghosh08,$\delta r_{\mathrm{Ghosh}}$,0.03048780487804878
CHAOS_0370,Ca-Cd-Ti-Zn,EFA quartile,Q2,2,intermediate-low EFA,delta_radii_Ghosh08,$\delta r_{\mathrm{Ghosh}}$,0.4410569105691057
CHAOS_0371,Cd-Co-Ni-Sr,EFA quartile,Q2,2,intermediate-low EFA,delta_radii_Ghosh08,$\delta r_{\mathrm{Ghosh}}$,0.823170731707317
CHAOS_0372,Ca-Co-Fe-Ni,EFA quartile,Q4,4,high EFA,delta_radii_Ghosh08,$\delta r_{\mathrm{Ghosh}}$,0.3638211382113821
CHAOS_0373,Cd-Mn-Sr-Zn,EFA quartile,Q4,4,high EFA,delta_radii_Ghosh08,$\delta r_{\mathrm{Ghosh}}$,0.8333333333333334
CHAOS_0374,Cd-Co-Mg-Sn,EFA quartile,Q3,3,intermediate-high EFA,delta_radii_Ghosh08,$\delta r_{\mathrm{Ghosh}}$,0.1930894308943089
CHAOS_0375,Mg-Mn-Sn-Zn,EFA quartile,Q3,3,intermediate-high EFA,delta_radii_Ghosh08,$\delta r_{\mathrm{Ghosh}}$,0.2439024390243902
CHAOS_0376,Ca-Ni-Sr-Zn,EFA quartile,Q3,3,intermediate-high EFA,delta_radii_Ghosh08,$\delta r_{\mathrm{Ghosh}}$,0.8699186991869918
CHAOS_0377,Ca-Cd-Fe-Nb,EFA quartile,Q2,2,intermediate-low EFA,delta_radii_Ghosh08,$\delta r_{\mathrm{Ghosh}}$,0.3333333333333333
CHAOS_0378,Co-Mg-Mn-Zn,EFA quartile,Q4,4,high EFA,delta_radii_Ghosh08,$\delta r_{\mathrm{Ghosh}}$,0.1361788617886179
CHAOS_0379,Mn-Sn-Ti-Zn,EFA quartile,Q1,1,low EFA,delta_radii_Ghosh08,$\delta r_{\mathrm{Ghosh}}$,0.5040650406504065
CHAOS_0380,Ca-Nb-Ti-Zn,EFA quartile,Q2,2,intermediate-low EFA,delta_radii_Ghosh08,$\delta r_{\mathrm{Ghosh}}$,0.459349593495935
CHAOS_0381,Ca-Co-Sr-Zn,EFA quartile,Q3,3,intermediate-high EFA,delta_radii_Ghosh08,$\delta r_{\mathrm{Ghosh}}$,0.8455284552845529
CHAOS_0382,Co-Sn-Sr-Zn,EFA quartile,Q3,3,intermediate-high EFA,delta_radii_Ghosh08,$\delta r_{\mathrm{Ghosh}}$,0.9939024390243902
CHAOS_0383,Ca-Cd-Nb-V,EFA quartile,Q1,1,low EFA,delta_radii_Ghosh08,$\delta r_{\mathrm{Ghosh}}$,0.2621951219512195
CHAOS_0384,Ca-Sr-Ti-Zn,EFA quartile,Q2,2,intermediate-low EFA,delta_radii_Ghosh08,$\delta r_{\mathrm{Ghosh}}$,0.6707317073170732
CHAOS_0385,Cd-Mn-Ti-V,EFA quartile,Q1,1,low EFA,delta_radii_Ghosh08,$\delta r_{\mathrm{Ghosh}}$,0.07317073170731707
CHAOS_0386,Ca-Cd-Co-Ni,EFA quartile,Q3,3,intermediate-high EFA,delta_radii_Ghosh08,$\delta r_{\mathrm{Ghosh}}$,0.3597560975609756
CHAOS_0387,Cd-Cu-Mg-Zn,EFA quartile,Q4,4,high EFA,delta_radii_Ghosh08,$\delta r_{\mathrm{Ghosh}}$,0.06910569105691057
CHAOS_0388,Mn-Ni-Sn-Zn,EFA quartile,Q3,3,intermediate-high EFA,delta_radii_Ghosh08,$\delta r_{\mathrm{Ghosh}}$,0.2357723577235772
CHAOS_0389,Mg-Mn-Sr-Ti,EFA quartile,Q2,2,intermediate-low EFA,delta_radii_Ghosh08,$\delta r_{\mathrm{Ghosh}}$,0.75
CHAOS_0390,Ca-Co-Mg-Ni,EFA quartile,Q4,4,high EFA,delta_radii_Ghosh08,$\delta r_{\mathrm{Ghosh}}$,0.5264227642276422
CHAOS_0391,Co-Fe-Mg-Sr,EFA quartile,Q2,2,intermediate-low EFA,delta_radii_Ghosh08,$\delta r_{\mathrm{Ghosh}}$,0.8739837398373984
CHAOS_0392,Co-Fe-Ni-Sn,EFA quartile,Q3,3,intermediate-high EFA,delta_radii_Ghosh08,$\delta r_{\mathrm{Ghosh}}$,0.1646341463414634
CHAOS_0393,Cd-Nb-Ti-Zn,EFA quartile,Q1,1,low EFA,delta_radii_Ghosh08,$\delta r_{\mathrm{Ghosh}}$,0.4715447154471545
CHAOS_0394,Cd-Mg-Mn-Ti,EFA quartile,Q2,2,intermediate-low EFA,delta_radii_Ghosh08,$\delta r_{\mathrm{Ghosh}}$,0.2682926829268293
CHAOS_0395,Nb-Sr-Ti-Zn,EFA quartile,Q1,1,low EFA,delta_radii_Ghosh08,$\delta r_{\mathrm{Ghosh}}$,0.6727642276422764
CHAOS_0396,Fe-Ni-V-Zn,EFA quartile,Q2,2,intermediate-low EFA,delta_radii_Ghosh08,$\delta r_{\mathrm{Ghosh}}$,0.2113821138211382
CHAOS_0397,Ca-Nb-Sr-Zn,EFA quartile,Q2,2,intermediate-low EFA,delta_radii_Ghosh08,$\delta r_{\mathrm{Ghosh}}$,0.6483739837398373
CHAOS_0398,Co-Fe-Mn-Sn,EFA quartile,Q3,3,intermediate-high EFA,delta_radii_Ghosh08,$\delta r_{\mathrm{Ghosh}}$,0.233739837398374
CHAOS_0399,Nb-Sn-Tc-Ti,EFA quartile,Q1,1,low EFA,delta_radii_Ghosh08,$\delta r_{\mathrm{Ghosh}}$,0.5894308943089431
CHAOS_0400,Cd-Mg-Nb-Ti,EFA quartile,Q1,1,low EFA,delta_radii_Ghosh08,$\delta r_{\mathrm{Ghosh}}$,0.4613821138211382
CHAOS_0401,Ca-Cd-Ti-V,EFA quartile,Q1,1,low EFA,delta_radii_Ghosh08,$\delta r_{\mathrm{Ghosh}}$,0.1788617886178862
CHAOS_0402,Ca-Mn-Ni-Sn,EFA quartile,Q3,3,intermediate-high EFA,delta_radii_Ghosh08,$\delta r_{\mathrm{Ghosh}}$,0.6422764227642277
CHAOS_0403,Cu-Mg-Mn-Ni,EFA quartile,Q4,4,high EFA,delta_radii_Ghosh08,$\delta r_{\mathrm{Ghosh}}$,0.1036585365853658
CHAOS_0404,Fe-Sn-Sr-Zn,EFA quartile,Q2,2,intermediate-low EFA,delta_radii_Ghosh08,$\delta r_{\mathrm{Ghosh}}$,0.9898373983739838
CHAOS_0405,Co-Fe-Mg-Zn,EFA quartile,Q4,4,high EFA,delta_radii_Ghosh08,$\delta r_{\mathrm{Ghosh}}$,0.06707317073170732
CHAOS_0406,Fe-Ni-Sr-Zn,EFA quartile,Q2,2,intermediate-low EFA,delta_radii_Ghosh08,$\delta r_{\mathrm{Ghosh}}$,0.8983739837398373
CHAOS_0407,Ca-Co-Mn-Sn,EFA quartile,Q4,4,high EFA,delta_radii_Ghosh08,$\delta r_{\mathrm{Ghosh}}$,0.6158536585365854
CHAOS_0408,Ca-Mn-V-Zn,EFA quartile,Q2,2,intermediate-low EFA,delta_radii_Ghosh08,$\delta r_{\mathrm{Ghosh}}$,0.3882113821138211
CHAOS_0409,Ca-Cd-Fe-Mn,EFA quartile,Q3,3,intermediate-high EFA,delta_radii_Ghosh08,$\delta r_{\mathrm{Ghosh}}$,0.3008130081300813
CHAOS_0410,Mn-Nb-Sn-Sr,EFA quartile,Q1,1,low EFA,delta_radii_Ghosh08,$\delta r_{\mathrm{Ghosh}}$,0.8902439024390244
CHAOS_0411,Co-Fe-V-Zn,EFA quartile,Q3,3,intermediate-high EFA,delta_radii_Ghosh08,$\delta r_{\mathrm{Ghosh}}$,0.1951219512195122
CHAOS_0412,Co-Fe-Mg-Ni,EFA quartile,Q4,4,high EFA,delta_radii_Ghosh08,$\delta r_{\mathrm{Ghosh}}$,0.02032520325203252
CHAOS_0413,Ca-Cd-Co-Zn,EFA quartile,Q4,4,high EFA,delta_radii_Ghosh08,$\delta r_{\mathrm{Ghosh}}$,0.491869918699187
CHAOS_0414,Nb-Sn-Tc-V,EFA quartile,Q1,1,low EFA,delta_radii_Ghosh08,$\delta r_{\mathrm{Ghosh}}$,0.5833333333333334
CHAOS_0415,Ca-Cd-Mn-Zn,EFA quartile,Q4,4,high EFA,delta_radii_Ghosh08,$\delta r_{\mathrm{Ghosh}}$,0.4186991869918699
CHAOS_0416,Ca-Co-Mg-Zn,EFA quartile,Q4,4,high EFA,delta_radii_Ghosh08,$\delta r_{\mathrm{Ghosh}}$,0.5853658536585366
CHAOS_0417,Cu-Fe-Ni-Zn,EFA quartile,Q4,4,high EFA,delta_radii_Ghosh08,$\delta r_{\mathrm{Ghosh}}$,0.02845528455284553
CHAOS_0418,Cd-Mg-Nb-Sr,EFA quartile,Q1,1,low EFA,delta_radii_Ghosh08,$\delta r_{\mathrm{Ghosh}}$,0.8089430894308943
CHAOS_0419,Ca-Nb-Sn-Zn,EFA quartile,Q1,1,low EFA,delta_radii_Ghosh08,$\delta r_{\mathrm{Ghosh}}$,0.8638211382113821
CHAOS_0420,Ca-Fe-Ni-Zn,EFA quartile,Q4,4,high EFA,delta_radii_Ghosh08,$\delta r_{\mathrm{Ghosh}}$,0.516260162601626
CHAOS_0421,Co-Fe-Mg-Mn,EFA quartile,Q4,4,high EFA,delta_radii_Ghosh08,$\delta r_{\mathrm{Ghosh}}$,0.07926829268292683
CHAOS_0422,Fe-Nb-Sr-Ti,EFA quartile,Q1,1,low EFA,delta_radii_Ghosh08,$\delta r_{\mathrm{Ghosh}}$,0.4207317073170732
CHAOS_0423,Cd-Nb-Sn-Ti,EFA quartile,Q1,1,low EFA,delta_radii_Ghosh08,$\delta r_{\mathrm{Ghosh}}$,0.6341463414634146
CHAOS_0424,Mn-Nb-Sr-Ti,EFA quartile,Q1,1,low EFA,delta_radii_Ghosh08,$\delta r_{\mathrm{Ghosh}}$,0.3475609756097561
CHAOS_0425,Ca-Ti-V-Zn,EFA quartile,Q2,2,intermediate-low EFA,delta_radii_Ghosh08,$\delta r_{\mathrm{Ghosh}}$,0.3617886178861789
CHAOS_0426,Mn-Nb-V-Zn,EFA quartile,Q2,2,intermediate-low EFA,delta_radii_Ghosh08,$\delta r_{\mathrm{Ghosh}}$,0.4085365853658536
CHAOS_0427,Cd-Cu-Fe-Mn,EFA quartile,Q3,3,intermediate-high EFA,delta_radii_Ghosh08,$\delta r_{\mathrm{Ghosh}}$,0.03252032520325204
CHAOS_0428,Mg-Ni-V-Zn,EFA quartile,Q4,4,high EFA,delta_radii_Ghosh08,$\delta r_{\mathrm{Ghosh}}$,0.2947154471544716
CHAOS_0429,Ca-Co-Fe-Sr,EFA quartile,Q2,2,intermediate-low EFA,delta_radii_Ghosh08,$\delta r_{\mathrm{Ghosh}}$,0.6565040650406504
CHAOS_0430,Ca-Fe-Ni-Sn,EFA quartile,Q3,3,intermediate-high EFA,delta_radii_Ghosh08,$\delta r_{\mathrm{Ghosh}}$,0.6544715447154471
CHAOS_0431,Fe-Mg-Mn-Zn,EFA quartile,Q4,4,high EFA,delta_radii_Ghosh08,$\delta r_{\mathrm{Ghosh}}$,0.1443089430894309
CHAOS_0432,Ca-Fe-Mg-Nb,EFA quartile,Q3,3,intermediate-high EFA,delta_radii_Ghosh08,$\delta r_{\mathrm{Ghosh}}$,0.5487804878048781
CHAOS_0433,Ca-Cd-Ni-Zn,EFA quartile,Q4,4,high EFA,delta_radii_Ghosh08,$\delta r_{\mathrm{Ghosh}}$,0.5142276422764228
CHAOS_0434,Cu-Fe-Mg-Mn,EFA quartile,Q4,4,high EFA,delta_radii_Ghosh08,$\delta r_{\mathrm{Ghosh}}$,0.1219512195121951
CHAOS_0435,Mn-Ti-V-Zn,EFA quartile,Q2,2,intermediate-low EFA,delta_radii_Ghosh08,$\delta r_{\mathrm{Ghosh}}$,0.2926829268292683
CHAOS_0436,Cd-Cu-Ni-Zn,EFA quartile,Q4,4,high EFA,delta_radii_Ghosh08,$\delta r_{\mathrm{Ghosh}}$,0.04471544715447155
CHAOS_0437,Cd-Sn-Sr-Ti,EFA quartile,Q1,1,low EFA,delta_radii_Ghosh08,$\delta r_{\mathrm{Ghosh}}$,0.8943089430894309
CHAOS_0438,Cd-Nb-Sn-V,EFA quartile,Q1,1,low EFA,delta_radii_Ghosh08,$\delta r_{\mathrm{Ghosh}}$,0.6117886178861789
CHAOS_0439,Cd-Fe-Mg-Mn,EFA quartile,Q4,4,high EFA,delta_radii_Ghosh08,$\delta r_{\mathrm{Ghosh}}$,0.09146341463414634
CHAOS_0440,Cd-Mg-Mn-Sr,EFA quartile,Q4,4,high EFA,delta_radii_Ghosh08,$\delta r_{\mathrm{Ghosh}}$,0.8313008130081301
CHAOS_0441,Co-Mn-Ni-V,EFA quartile,Q3,3,intermediate-high EFA,delta_radii_Ghosh08,$\delta r_{\mathrm{Ghosh}}$,0.1321138211382114
CHAOS_0442,Ca-Co-Sn-Zn,EFA quartile,Q4,4,high EFA,delta_radii_Ghosh08,$\delta r_{\mathrm{Ghosh}}$,0.7215447154471545
CHAOS_0443,Co-Cu-Sn-Zn,EFA quartile,Q3,3,intermediate-high EFA,delta_radii_Ghosh08,$\delta r_{\mathrm{Ghosh}}$,0.1199186991869919
CHAOS_0444,Mg-Sr-Ti-V,EFA quartile,Q2,2,intermediate-low EFA,delta_radii_Ghosh08,$\delta r_{\mathrm{Ghosh}}$,0.6747967479674797
CHAOS_0445,Ca-Cd-Sn-Ti,EFA quartile,Q1,1,low EFA,delta_radii_Ghosh08,$\delta r_{\mathrm{Ghosh}}$,0.6138211382113821
CHAOS_0446,Ca-Fe-Mg-Mn,EFA quartile,Q4,4,high EFA,delta_radii_Ghosh08,$\delta r_{\mathrm{Ghosh}}$,0.4166666666666667
CHAOS_0447,Cd-Fe-Sn-Sr,EFA quartile,Q3,3,intermediate-high EFA,delta_radii_Ghosh08,$\delta r_{\mathrm{Ghosh}}$,0.9329268292682927
CHAOS_0448,Ca-Fe-Mn-Ni,EFA quartile,Q4,4,high EFA,delta_radii_Ghosh08,$\delta r_{\mathrm{Ghosh}}$,0.3373983739837398
CHAOS_0449,Mg-Ti-V-Zn,EFA quartile,Q3,3,intermediate-high EFA,delta_radii_Ghosh08,$\delta r_{\mathrm{Ghosh}}$,0.3780487804878049
CHAOS_0450,Nb-Ti-V-Zn,EFA quartile,Q2,2,intermediate-low EFA,delta_radii_Ghosh08,$\delta r_{\mathrm{Ghosh}}$,0.3841463414634146
CHAOS_0451,Ca-Mg-Sn-Sr,EFA quartile,Q3,3,intermediate-high EFA,delta_radii_Ghosh08,$\delta r_{\mathrm{Ghosh}}$,0.975609756097561
CHAOS_0452,Cd-Co-Fe-Mn,EFA quartile,Q4,4,high EFA,delta_radii_Ghosh08,$\delta r_{\mathrm{Ghosh}}$,0.0
CHAOS_0453,Ca-Sn-V-Zn,EFA quartile,Q2,2,intermediate-low EFA,delta_radii_Ghosh08,$\delta r_{\mathrm{Ghosh}}$,0.7276422764227642
CHAOS_0454,Mg-Mn-Ni-Sr,EFA quartile,Q3,3,intermediate-high EFA,delta_radii_Ghosh08,$\delta r_{\mathrm{Ghosh}}$,0.8800813008130082
CHAOS_0455,Ca-Cd-Fe-Zn,EFA quartile,Q3,3,intermediate-high EFA,delta_radii_Ghosh08,$\delta r_{\mathrm{Ghosh}}$,0.4471544715447154
CHAOS_0456,Co-Fe-Ni-Zn,EFA quartile,Q4,4,high EFA,delta_radii_Ghosh08,$\delta r_{\mathrm{Ghosh}}$,0.02235772357723577
CHAOS_0457,Ca-Cd-Ni-Sr,EFA quartile,Q4,4,high EFA,delta_radii_Ghosh08,$\delta r_{\mathrm{Ghosh}}$,0.6869918699186992
CHAOS_0458,Cd-Fe-Mn-Zn,EFA quartile,Q4,4,high EFA,delta_radii_Ghosh08,$\delta r_{\mathrm{Ghosh}}$,0.09552845528455285
CHAOS_0459,Mg-Mn-Nb-V,EFA quartile,Q2,2,intermediate-low EFA,delta_radii_Ghosh08,$\delta r_{\mathrm{Ghosh}}$,0.3983739837398374
CHAOS_0460,Fe-Nb-Sn-Ti,EFA quartile,Q1,1,low EFA,delta_radii_Ghosh08,$\delta r_{\mathrm{Ghosh}}$,0.6361788617886179
CHAOS_0461,Mn-Ni-Sn-Sr,EFA quartile,Q3,3,intermediate-high EFA,delta_radii_Ghosh08,$\delta r_{\mathrm{Ghosh}}$,0.9512195121951219
CHAOS_0462,Co-Cu-Fe-Sn,EFA quartile,Q2,2,intermediate-low EFA,delta_radii_Ghosh08,$\delta r_{\mathrm{Ghosh}}$,0.1686991869918699
CHAOS_0463,Mg-Sn-Sr-Zn,EFA quartile,Q3,3,intermediate-high EFA,delta_radii_Ghosh08,$\delta r_{\mathrm{Ghosh}}$,1.0
CHAOS_0464,Fe-Mg-Sn-Zn,EFA quartile,Q3,3,intermediate-high EFA,delta_radii_Ghosh08,$\delta r_{\mathrm{Ghosh}}$,0.1585365853658537
CHAOS_0465,Ca-Mn-Sn-Sr,EFA quartile,Q2,2,intermediate-low EFA,delta_radii_Ghosh08,$\delta r_{\mathrm{Ghosh}}$,0.8861788617886179
CHAOS_0466,Cu-Ni-Ti-Zn,EFA quartile,Q2,2,intermediate-low EFA,delta_radii_Ghosh08,$\delta r_{\mathrm{Ghosh}}$,0.3252032520325203
CHAOS_0467,Ca-Fe-Ti-Zn,EFA quartile,Q3,3,intermediate-high EFA,delta_radii_Ghosh08,$\delta r_{\mathrm{Ghosh}}$,0.451219512195122
CHAOS_0468,Mg-Nb-Sn-V,EFA quartile,Q1,1,low EFA,delta_radii_Ghosh08,$\delta r_{\mathrm{Ghosh}}$,0.7520325203252033
CHAOS_0469,Ca-Nb-V-Zn,EFA quartile,Q2,2,intermediate-low EFA,delta_radii_Ghosh08,$\delta r_{\mathrm{Ghosh}}$,0.4776422764227642
CHAOS_0470,Cd-Co-Mg-Mn,EFA quartile,Q4,4,high EFA,delta_radii_Ghosh08,$\delta r_{\mathrm{Ghosh}}$,0.08739837398373984
CHAOS_0471,Cd-Sn-V-Zn,EFA quartile,Q2,2,intermediate-low EFA,delta_radii_Ghosh08,$\delta r_{\mathrm{Ghosh}}$,0.3556910569105691
CHAOS_0472,Cd-Sn-Ti-Zn,EFA quartile,Q1,1,low EFA,delta_radii_Ghosh08,$\delta r_{\mathrm{Ghosh}}$,0.4959349593495935
CHAOS_0473,Sr-Ti-V-Zn,EFA quartile,Q2,2,intermediate-low EFA,delta_radii_Ghosh08,$\delta r_{\mathrm{Ghosh}}$,0.6788617886178862
CHAOS_0474,Mg-Mn-Ti-Zn,EFA quartile,Q3,3,intermediate-high EFA,delta_radii_Ghosh08,$\delta r_{\mathrm{Ghosh}}$,0.3394308943089431
CHAOS_0475,Cd-Fe-Ni-Zn,EFA quartile,Q4,4,high EFA,delta_radii_Ghosh08,$\delta r_{\mathrm{Ghosh}}$,0.06097560975609756
CHAOS_0476,Ca-Cd-Mn-Ti,EFA quartile,Q2,2,intermediate-low EFA,delta_radii_Ghosh08,$\delta r_{\mathrm{Ghosh}}$,0.2378048780487805
CHAOS_0477,Ca-Sr-V-Zn,EFA quartile,Q2,2,intermediate-low EFA,delta_radii_Ghosh08,$\delta r_{\mathrm{Ghosh}}$,0.6849593495934959
CHAOS_0478,Co-Cu-Mn-V,EFA quartile,Q3,3,intermediate-high EFA,delta_radii_Ghosh08,$\delta r_{\mathrm{Ghosh}}$,0.1544715447154472
CHAOS_0479,Ca-Cd-Ni-Sn,EFA quartile,Q4,4,high EFA,delta_radii_Ghosh08,$\delta r_{\mathrm{Ghosh}}$,0.6524390243902439
CHAOS_0480,Co-Fe-Mn-Sr,EFA quartile,Q2,2,intermediate-low EFA,delta_radii_Ghosh08,$\delta r_{\mathrm{Ghosh}}$,0.6991869918699187
CHAOS_0481,Cd-Mn-Sn-Zn,EFA quartile,Q3,3,intermediate-high EFA,delta_radii_Ghosh08,$\delta r_{\mathrm{Ghosh}}$,0.2865853658536585
CHAOS_0482,Cd-Fe-Mg-Ti,EFA quartile,Q2,2,intermediate-low EFA,delta_radii_Ghosh08,$\delta r_{\mathrm{Ghosh}}$,0.274390243902439
CHAOS_0483,Ca-Co-Fe-Mg,EFA quartile,Q3,3,intermediate-high EFA,delta_radii_Ghosh08,$\delta r_{\mathrm{Ghosh}}$,0.4878048780487805
CHAOS_0484,Cd-Nb-Sn-Sr,EFA quartile,Q1,1,low EFA,delta_radii_Ghosh08,$\delta r_{\mathrm{Ghosh}}$,0.9105691056910569
CHAOS_0485,Mn-Nb-Sr-V,EFA quartile,Q2,2,intermediate-low EFA,delta_radii_Ghosh08,$\delta r_{\mathrm{Ghosh}}$,0.3902439024390244
CHAOS_0486,Ca-Cd-Mn-Nb,EFA quartile,Q2,2,intermediate-low EFA,delta_radii_Ghosh08,$\delta r_{\mathrm{Ghosh}}$,0.3130081300813008
CHAOS_0487,Ca-Ni-Sn-Zn,EFA quartile,Q4,4,high EFA,delta_radii_Ghosh08,$\delta r_{\mathrm{Ghosh}}$,0.7479674796747967
CHAOS_0488,Fe-Ni-Sn-Sr,EFA quartile,Q2,2,intermediate-low EFA,delta_radii_Ghosh08,$\delta r_{\mathrm{Ghosh}}$,0.9573170731707317
CHAOS_0489,Ca-Cd-Fe-Ti,EFA quartile,Q2,2,intermediate-low EFA,delta_radii_Ghosh08,$\delta r_{\mathrm{Ghosh}}$,0.2886178861788618
CHAOS_0490,Ca-Cd-Sr-Zn,EFA quartile,Q4,4,high EFA,delta_radii_Ghosh08,$\delta r_{\mathrm{Ghosh}}$,0.8109756097560976
CHAOS_0491,Co-Cu-Fe-Zn,EFA quartile,Q4,4,high EFA,delta_radii_Ghosh08,$\delta r_{\mathrm{Ghosh}}$,0.0426829268292683
CHAOS_0492,Cd-Fe-Mn-Sn,EFA quartile,Q2,2,intermediate-low EFA,delta_radii_Ghosh08,$\delta r_{\mathrm{Ghosh}}$,0.2520325203252032
CHAOS_0493,Cu-Mn-Ni-Zn,EFA quartile,Q4,4,high EFA,delta_radii_Ghosh08,$\delta r_{\mathrm{Ghosh}}$,0.1077235772357724
CHAOS_0001,Ca-Cd-Co-Fe,EFA quartile,Q4,4,high EFA,param_geo_radii_Ghosh08,$\Lambda_{\mathrm{Ghosh}}$,0.6788617886178862
CHAOS_0002,Ca-Fe-Mn-Zn,EFA quartile,Q3,3,intermediate-high EFA,param_geo_radii_Ghosh08,$\Lambda_{\mathrm{Ghosh}}$,0.573170731707317
CHAOS_0003,Co-Mg-Mn-Sr,EFA quartile,Q2,2,intermediate-low EFA,param_geo_radii_Ghosh08,$\Lambda_{\mathrm{Ghosh}}$,0.1422764227642276
CHAOS_0004,Co-Mg-Mn-Ni,EFA quartile,Q4,4,high EFA,param_geo_radii_Ghosh08,$\Lambda_{\mathrm{Ghosh}}$,0.9227642276422764
CHAOS_0005,Fe-Mg-Mn-Sr,EFA quartile,Q3,3,intermediate-high EFA,param_geo_radii_Ghosh08,$\Lambda_{\mathrm{Ghosh}}$,0.1646341463414634
CHAOS_0006,Mg-Sn-Sr-Ti,EFA quartile,Q1,1,low EFA,param_geo_radii_Ghosh08,$\Lambda_{\mathrm{Ghosh}}$,0.03861788617886179
CHAOS_0007,Ca-Ni-Sn-Sr,EFA quartile,Q3,3,intermediate-high EFA,param_geo_radii_Ghosh08,$\Lambda_{\mathrm{Ghosh}}$,0.0508130081300813
CHAOS_0008,Cu-Fe-Mn-V,EFA quartile,Q2,2,intermediate-low EFA,param_geo_radii_Ghosh08,$\Lambda_{\mathrm{Ghosh}}$,0.8536585365853658
CHAOS_0009,Co-Mg-Sn-Zn,EFA quartile,Q4,4,high EFA,param_geo_radii_Ghosh08,$\Lambda_{\mathrm{Ghosh}}$,0.8821138211382114
CHAOS_0010,Cd-Fe-Ti-Zn,EFA quartile,Q2,2,intermediate-low EFA,param_geo_radii_Ghosh08,$\Lambda_{\mathrm{Ghosh}}$,0.7235772357723578
CHAOS_0011,Ca-Nb-Ti-V,EFA quartile,Q2,2,intermediate-low EFA,param_geo_radii_Ghosh08,$\Lambda_{\mathrm{Ghosh}}$,0.9288617886178862
CHAOS_0012,Mg-Nb-Sr-V,EFA quartile,Q1,1,low EFA,param_geo_radii_Ghosh08,$\Lambda_{\mathrm{Ghosh}}$,0.3170731707317073
CHAOS_0013,Ca-Mn-Sn-Zn,EFA quartile,Q4,4,high EFA,param_geo_radii_Ghosh08,$\Lambda_{\mathrm{Ghosh}}$,0.2967479674796748
CHAOS_0014,Ca-Fe-Mg-Sn,EFA quartile,Q4,4,high EFA,param_geo_radii_Ghosh08,$\Lambda_{\mathrm{Ghosh}}$,0.2947154471544716
CHAOS_0015,Cd-Mg-Sr-V,EFA quartile,Q2,2,intermediate-low EFA,param_geo_radii_Ghosh08,$\Lambda_{\mathrm{Ghosh}}$,0.2073170731707317
CHAOS_0016,Ca-Mg-Mn-Nb,EFA quartile,Q2,2,intermediate-low EFA,param_geo_radii_Ghosh08,$\Lambda_{\mathrm{Ghosh}}$,0.4796747967479675
CHAOS_0017,Ca-Cd-Mg-Nb,EFA quartile,Q2,2,intermediate-low EFA,param_geo_radii_Ghosh08,$\Lambda_{\mathrm{Ghosh}}$,0.4613821138211382
CHAOS_0018,Ca-Mg-Ni-Sr,EFA quartile,Q3,3,intermediate-high EFA,param_geo_radii_Ghosh08,$\Lambda_{\mathrm{Ghosh}}$,0.1341463414634146
CHAOS_0019,Ca-Co-Fe-Zn,EFA quartile,Q4,4,high EFA,param_geo_radii_Ghosh08,$\Lambda_{\mathrm{Ghosh}}$,0.5020325203252033
CHAOS_0020,Cd-Cu-Mg-Mn,EFA quartile,Q4,4,high EFA,param_geo_radii_Ghosh08,$\Lambda_{\mathrm{Ghosh}}$,0.8739837398373984
CHAOS_0021,Nb-Sn-Sr-V,EFA quartile,Q1,1,low EFA,param_geo_radii_Ghosh08,$\Lambda_{\mathrm{Ghosh}}$,0.1443089430894309
CHAOS_0022,Cd-Sr-Ti-V,EFA quartile,Q1,1,low EFA,param_geo_radii_Ghosh08,$\Lambda_{\mathrm{Ghosh}}$,0.5345528455284553
CHAOS_0023,Ca-Cd-Mn-Sr,EFA quartile,Q4,4,high EFA,param_geo_radii_Ghosh08,$\Lambda_{\mathrm{Ghosh}}$,0.4634146341463415
CHAOS_0024,Co-Cu-Mg-Mn,EFA quartile,Q4,4,high EFA,param_geo_radii_Ghosh08,$\Lambda_{\mathrm{Ghosh}}$,0.8943089430894309
CHAOS_0025,Cd-Cu-Fe-Zn,EFA quartile,Q4,4,high EFA,param_geo_radii_Ghosh08,$\Lambda_{\mathrm{Ghosh}}$,0.9166666666666666
CHAOS_0026,Ca-Co-Mn-Sr,EFA quartile,Q2,2,intermediate-low EFA,param_geo_radii_Ghosh08,$\Lambda_{\mathrm{Ghosh}}$,0.3963414634146342
CHAOS_0027,Cd-Co-Fe-Sr,EFA quartile,Q3,3,intermediate-high EFA,param_geo_radii_Ghosh08,$\Lambda_{\mathrm{Ghosh}}$,0.266260162601626
CHAOS_0028,Cd-Co-Sr-Zn,EFA quartile,Q3,3,intermediate-high EFA,param_geo_radii_Ghosh08,$\Lambda_{\mathrm{Ghosh}}$,0.1280487804878049
CHAOS_0029,Ca-Mg-Nb-Sn,EFA quartile,Q1,1,low EFA,param_geo_radii_Ghosh08,$\Lambda_{\mathrm{Ghosh}}$,0.1402439024390244
CHAOS_0030,Cd-Mn-Sn-V,EFA quartile,Q1,1,low EFA,param_geo_radii_Ghosh08,$\Lambda_{\mathrm{Ghosh}}$,0.676829268292683
CHAOS_0031,Mg-Ni-Sr-Zn,EFA quartile,Q2,2,intermediate-low EFA,param_geo_radii_Ghosh08,$\Lambda_{\mathrm{Ghosh}}$,0.04471544715447155
CHAOS_0032,Cd-Mn-Ni-Zn,EFA quartile,Q4,4,high EFA,param_geo_radii_Ghosh08,$\Lambda_{\mathrm{Ghosh}}$,0.8902439024390244
CHAOS_0033,Cd-Mn-Sr-V,EFA quartile,Q2,2,intermediate-low EFA,param_geo_radii_Ghosh08,$\Lambda_{\mathrm{Ghosh}}$,0.4451219512195122
CHAOS_0034,Cu-Fe-Sn-Zn,EFA quartile,Q4,4,high EFA,param_geo_radii_Ghosh08,$\Lambda_{\mathrm{Ghosh}}$,0.8434959349593496
CHAOS_0035,Ca-Mg-Mn-Ni,EFA quartile,Q4,4,high EFA,param_geo_radii_Ghosh08,$\Lambda_{\mathrm{Ghosh}}$,0.4939024390243902
CHAOS_0036,Ca-Cd-Fe-Ni,EFA quartile,Q3,3,intermediate-high EFA,param_geo_radii_Ghosh08,$\Lambda_{\mathrm{Ghosh}}$,0.6565040650406504
CHAOS_0037,Ca-Mg-Nb-Zn,EFA quartile,Q3,3,intermediate-high EFA,param_geo_radii_Ghosh08,$\Lambda_{\mathrm{Ghosh}}$,0.2804878048780488
CHAOS_0038,Nb-Tc-Ti-V,EFA quartile,Q1,1,low EFA,param_geo_radii_Ghosh08,$\Lambda_{\mathrm{Ghosh}}$,0.9634146341463414
CHAOS_0039,Ca-Cu-Mg-Mn,EFA quartile,Q4,4,high EFA,param_geo_radii_Ghosh08,$\Lambda_{\mathrm{Ghosh}}$,0.4695121951219512
CHAOS_0040,Co-Mg-Mn-Sn,EFA quartile,Q3,3,intermediate-high EFA,param_geo_radii_Ghosh08,$\Lambda_{\mathrm{Ghosh}}$,0.75
CHAOS_0041,Co-Mg-Ni-Sn,EFA quartile,Q4,4,high EFA,param_geo_radii_Ghosh08,$\Lambda_{\mathrm{Ghosh}}$,0.8658536585365854
CHAOS_0042,Cd-Co-Mg-Sr,EFA quartile,Q3,3,intermediate-high EFA,param_geo_radii_Ghosh08,$\Lambda_{\mathrm{Ghosh}}$,0.1321138211382114
CHAOS_0043,Cd-Mg-Nb-Sn,EFA quartile,Q1,1,low EFA,param_geo_radii_Ghosh08,$\Lambda_{\mathrm{Ghosh}}$,0.2682926829268293
CHAOS_0044,Ca-Mn-Nb-Sr,EFA quartile,Q2,2,intermediate-low EFA,param_geo_radii_Ghosh08,$\Lambda_{\mathrm{Ghosh}}$,0.6727642276422764
CHAOS_0045,Mg-Sn-Ti-V,EFA quartile,Q1,1,low EFA,param_geo_radii_Ghosh08,$\Lambda_{\mathrm{Ghosh}}$,0.459349593495935
CHAOS_0046,Cd-Fe-Sr-Ti,EFA quartile,Q1,1,low EFA,param_geo_radii_Ghosh08,$\Lambda_{\mathrm{Ghosh}}$,0.4288617886178862
CHAOS_0047,Ca-Cd-Sn-Zn,EFA quartile,Q4,4,high EFA,param_geo_radii_Ghosh08,$\Lambda_{\mathrm{Ghosh}}$,0.290650406504065
CHAOS_0048,Cd-Co-Sn-Zn,EFA quartile,Q3,3,intermediate-high EFA,param_geo_radii_Ghosh08,$\Lambda_{\mathrm{Ghosh}}$,0.8028455284552846
CHAOS_0049,Cu-Mn-V-Zn,EFA quartile,Q3,3,intermediate-high EFA,param_geo_radii_Ghosh08,$\Lambda_{\mathrm{Ghosh}}$,0.7296747967479674
CHAOS_0050,Cd-Ni-Sn-Zn,EFA quartile,Q3,3,intermediate-high EFA,param_geo_radii_Ghosh08,$\Lambda_{\mathrm{Ghosh}}$,0.8191056910569106
CHAOS_0051,Ca-Mg-Mn-Sn,EFA quartile,Q3,3,intermediate-high EFA,param_geo_radii_Ghosh08,$\Lambda_{\mathrm{Ghosh}}$,0.3028455284552846
CHAOS_0052,Co-Cu-Mg-Ni,EFA quartile,Q4,4,high EFA,param_geo_radii_Ghosh08,$\Lambda_{\mathrm{Ghosh}}$,0.9939024390243902
CHAOS_0053,Fe-Mn-Sn-Zn,EFA quartile,Q3,3,intermediate-high EFA,param_geo_radii_Ghosh08,$\Lambda_{\mathrm{Ghosh}}$,0.7215447154471545
CHAOS_0054,Ca-Mn-Nb-Zn,EFA quartile,Q2,2,intermediate-low EFA,param_geo_radii_Ghosh08,$\Lambda_{\mathrm{Ghosh}}$,0.475609756097561
CHAOS_0055,Ca-Mg-Ti-V,EFA quartile,Q4,4,high EFA,param_geo_radii_Ghosh08,$\Lambda_{\mathrm{Ghosh}}$,0.6422764227642277
CHAOS_0056,Mn-Nb-Ti-Zn,EFA quartile,Q1,1,low EFA,param_geo_radii_Ghosh08,$\Lambda_{\mathrm{Ghosh}}$,0.5691056910569106
CHAOS_0057,Cd-Fe-Nb-Ti,EFA quartile,Q1,1,low EFA,param_geo_radii_Ghosh08,$\Lambda_{\mathrm{Ghosh}}$,0.693089430894309
CHAOS_0058,Nb-Sn-Sr-Ti,EFA quartile,Q1,1,low EFA,param_geo_radii_Ghosh08,$\Lambda_{\mathrm{Ghosh}}$,0.1585365853658537
CHAOS_0059,Cu-Nb-Sn-Tc,EFA quartile,Q1,1,low EFA,param_geo_radii_Ghosh08,$\Lambda_{\mathrm{Ghosh}}$,0.2378048780487805
CHAOS_0060,Mg-Mn-Nb-Sr,EFA quartile,Q2,2,intermediate-low EFA,param_geo_radii_Ghosh08,$\Lambda_{\mathrm{Ghosh}}$,0.225609756097561
CHAOS_0061,Cu-Mn-Sn-Zn,EFA quartile,Q3,3,intermediate-high EFA,param_geo_radii_Ghosh08,$\Lambda_{\mathrm{Ghosh}}$,0.7682926829268293
CHAOS_0062,Ca-Mn-Sr-Ti,EFA quartile,Q1,1,low EFA,param_geo_radii_Ghosh08,$\Lambda_{\mathrm{Ghosh}}$,0.6544715447154471
CHAOS_0063,Cd-Co-Mg-Zn,EFA quartile,Q4,4,high EFA,param_geo_radii_Ghosh08,$\Lambda_{\mathrm{Ghosh}}$,0.9186991869918699
CHAOS_0064,Co-Mg-Mn-V,EFA quartile,Q4,4,high EFA,param_geo_radii_Ghosh08,$\Lambda_{\mathrm{Ghosh}}$,0.8008130081300813
CHAOS_0065,Co-Fe-Mn-Zn,EFA quartile,Q4,4,high EFA,param_geo_radii_Ghosh08,$\Lambda_{\mathrm{Ghosh}}$,0.9105691056910569
CHAOS_0066,Cd-Mg-Sn-Sr,EFA quartile,Q4,4,high EFA,param_geo_radii_Ghosh08,$\Lambda_{\mathrm{Ghosh}}$,0.01626016260162602
CHAOS_0067,Cu-Mg-Ni-Zn,EFA quartile,Q4,4,high EFA,param_geo_radii_Ghosh08,$\Lambda_{\mathrm{Ghosh}}$,0.9979674796747967
CHAOS_0068,Ca-Cd-Mg-Zn,EFA quartile,Q4,4,high EFA,param_geo_radii_Ghosh08,$\Lambda_{\mathrm{Ghosh}}$,0.4390243902439024
CHAOS_0069,Co-Mg-Sn-Sr,EFA quartile,Q3,3,intermediate-high EFA,param_geo_radii_Ghosh08,$\Lambda_{\mathrm{Ghosh}}$,0.008130081300813009
CHAOS_0070,Cd-Mg-Ti-V,EFA quartile,Q1,1,low EFA,param_geo_radii_Ghosh08,$\Lambda_{\mathrm{Ghosh}}$,0.6971544715447154
CHAOS_0071,Mg-Nb-V-Zn,EFA quartile,Q2,2,intermediate-low EFA,param_geo_radii_Ghosh08,$\Lambda_{\mathrm{Ghosh}}$,0.4004065040650406
CHAOS_0072,Cu-Nb-Sn-Ti,EFA quartile,Q1,1,low EFA,param_geo_radii_Ghosh08,$\Lambda_{\mathrm{Ghosh}}$,0.2601626016260163
CHAOS_0073,Cd-Mn-V-Zn,EFA quartile,Q2,2,intermediate-low EFA,param_geo_radii_Ghosh08,$\Lambda_{\mathrm{Ghosh}}$,0.8109756097560976
CHAOS_0074,Co-Mn-Sn-Sr,EFA quartile,Q3,3,intermediate-high EFA,param_geo_radii_Ghosh08,$\Lambda_{\mathrm{Ghosh}}$,0.05894308943089431
CHAOS_0075,Ca-Cd-V-Zn,EFA quartile,Q4,4,high EFA,param_geo_radii_Ghosh08,$\Lambda_{\mathrm{Ghosh}}$,0.5873983739837398
CHAOS_0076,Mg-Mn-Nb-Sn,EFA quartile,Q1,1,low EFA,param_geo_radii_Ghosh08,$\Lambda_{\mathrm{Ghosh}}$,0.274390243902439
CHAOS_0077,Ca-Fe-Sn-Sr,EFA quartile,Q3,3,intermediate-high EFA,param_geo_radii_Ghosh08,$\Lambda_{\mathrm{Ghosh}}$,0.08739837398373984
CHAOS_0078,Cd-Co-Mn-Zn,EFA quartile,Q4,4,high EFA,param_geo_radii_Ghosh08,$\Lambda_{\mathrm{Ghosh}}$,0.9065040650406504
CHAOS_0079,Co-Mn-Sn-Zn,EFA quartile,Q4,4,high EFA,param_geo_radii_Ghosh08,$\Lambda_{\mathrm{Ghosh}}$,0.7459349593495935
CHAOS_0080,Ca-Fe-Nb-Sn,EFA quartile,Q1,1,low EFA,param_geo_radii_Ghosh08,$\Lambda_{\mathrm{Ghosh}}$,0.2845528455284553
CHAOS_0081,Mn-Sn-Sr-Zn,EFA quartile,Q3,3,intermediate-high EFA,param_geo_radii_Ghosh08,$\Lambda_{\mathrm{Ghosh}}$,0.02642276422764228
CHAOS_0082,Cd-Co-Fe-Zn,EFA quartile,Q4,4,high EFA,param_geo_radii_Ghosh08,$\Lambda_{\mathrm{Ghosh}}$,0.9512195121951219
CHAOS_0083,Cd-Mg-Ni-Zn,EFA quartile,Q4,4,high EFA,param_geo_radii_Ghosh08,$\Lambda_{\mathrm{Ghosh}}$,0.9349593495934959
CHAOS_0084,Mn-Nb-Sn-Ti,EFA quartile,Q1,1,low EFA,param_geo_radii_Ghosh08,$\Lambda_{\mathrm{Ghosh}}$,0.3922764227642276
CHAOS_0085,Ca-Cd-Mg-Sr,EFA quartile,Q4,4,high EFA,param_geo_radii_Ghosh08,$\Lambda_{\mathrm{Ghosh}}$,0.1951219512195122
CHAOS_0086,Ca-Cd-Mn-Sn,EFA quartile,Q3,3,intermediate-high EFA,param_geo_radii_Ghosh08,$\Lambda_{\mathrm{Ghosh}}$,0.4268292682926829
CHAOS_0087,Cd-Sn-Sr-Zn,EFA quartile,Q3,3,intermediate-high EFA,param_geo_radii_Ghosh08,$\Lambda_{\mathrm{Ghosh}}$,0.01422764227642276
CHAOS_0088,Cd-Mn-Ni-Sn,EFA quartile,Q3,3,intermediate-high EFA,param_geo_radii_Ghosh08,$\Lambda_{\mathrm{Ghosh}}$,0.7520325203252033
CHAOS_0089,Nb-Sn-Ti-V,EFA quartile,Q1,1,low EFA,param_geo_radii_Ghosh08,$\Lambda_{\mathrm{Ghosh}}$,0.4308943089430894
CHAOS_0090,Ca-Fe-Nb-Sr,EFA quartile,Q2,2,intermediate-low EFA,param_geo_radii_Ghosh08,$\Lambda_{\mathrm{Ghosh}}$,0.6300813008130082
CHAOS_0091,Cd-Ti-V-Zn,EFA quartile,Q1,1,low EFA,param_geo_radii_Ghosh08,$\Lambda_{\mathrm{Ghosh}}$,0.6910569105691057
CHAOS_0092,Sn-Sr-Ti-V,EFA quartile,Q1,1,low EFA,param_geo_radii_Ghosh08,$\Lambda_{\mathrm{Ghosh}}$,0.1524390243902439
CHAOS_0093,Ca-Cd-Mg-V,EFA quartile,Q3,3,intermediate-high EFA,param_geo_radii_Ghosh08,$\Lambda_{\mathrm{Ghosh}}$,0.5975609756097561
CHAOS_0094,Mg-Mn-V-Zn,EFA quartile,Q2,2,intermediate-low EFA,param_geo_radii_Ghosh08,$\Lambda_{\mathrm{Ghosh}}$,0.6951219512195121
CHAOS_0095,Cd-Co-Mg-Ni,EFA quartile,Q4,4,high EFA,param_geo_radii_Ghosh08,$\Lambda_{\mathrm{Ghosh}}$,0.9735772357723578
CHAOS_0096,Fe-Mg-Sr-Zn,EFA quartile,Q3,3,intermediate-high EFA,param_geo_radii_Ghosh08,$\Lambda_{\mathrm{Ghosh}}$,0.06097560975609756
CHAOS_0097,Co-Fe-Sn-Sr,EFA quartile,Q2,2,intermediate-low EFA,param_geo_radii_Ghosh08,$\Lambda_{\mathrm{Ghosh}}$,0.05487804878048781
CHAOS_0098,Cd-Fe-Mg-Sr,EFA quartile,Q3,3,intermediate-high EFA,param_geo_radii_Ghosh08,$\Lambda_{\mathrm{Ghosh}}$,0.1504065040650407
CHAOS_0099,Sn-Ti-V-Zn,EFA quartile,Q1,1,low EFA,param_geo_radii_Ghosh08,$\Lambda_{\mathrm{Ghosh}}$,0.4532520325203252
CHAOS_0100,Cd-Fe-Mg-Ni,EFA quartile,Q4,4,high EFA,param_geo_radii_Ghosh08,$\Lambda_{\mathrm{Ghosh}}$,0.9491869918699187
CHAOS_0101,Ca-Fe-Mg-Ni,EFA quartile,Q4,4,high EFA,param_geo_radii_Ghosh08,$\Lambda_{\mathrm{Ghosh}}$,0.4878048780487805
CHAOS_0102,Mg-Mn-Sn-Ti,EFA quartile,Q1,1,low EFA,param_geo_radii_Ghosh08,$\Lambda_{\mathrm{Ghosh}}$,0.4979674796747968
CHAOS_0103,Ca-Mg-Sn-Zn,EFA quartile,Q4,4,high EFA,param_geo_radii_Ghosh08,$\Lambda_{\mathrm{Ghosh}}$,0.1971544715447154
CHAOS_0104,Ca-Fe-Mg-Ti,EFA quartile,Q2,2,intermediate-low EFA,param_geo_radii_Ghosh08,$\Lambda_{\mathrm{Ghosh}}$,0.556910569105691
CHAOS_0105,Sn-Tc-Ti-V,EFA quartile,Q1,1,low EFA,param_geo_radii_Ghosh08,$\Lambda_{\mathrm{Ghosh}}$,0.5
CHAOS_0106,Cd-Mn-Nb-Zn,EFA quartile,Q1,1,low EFA,param_geo_radii_Ghosh08,$\Lambda_{\mathrm{Ghosh}}$,0.5467479674796748
CHAOS_0107,Cd-Sn-Ti-V,EFA quartile,Q1,1,low EFA,param_geo_radii_Ghosh08,$\Lambda_{\mathrm{Ghosh}}$,0.5772357723577236
CHAOS_0108,Cd-Mg-Sn-Ti,EFA quartile,Q1,1,low EFA,param_geo_radii_Ghosh08,$\Lambda_{\mathrm{Ghosh}}$,0.5101626016260162
CHAOS_0109,Mg-Mn-Sr-V,EFA quartile,Q2,2,intermediate-low EFA,param_geo_radii_Ghosh08,$\Lambda_{\mathrm{Ghosh}}$,0.233739837398374
CHAOS_0110,Cd-Fe-Nb-Zn,EFA quartile,Q1,1,low EFA,param_geo_radii_Ghosh08,$\Lambda_{\mathrm{Ghosh}}$,0.516260162601626
CHAOS_0111,Ca-Co-Ni-Sr,EFA quartile,Q2,2,intermediate-low EFA,param_geo_radii_Ghosh08,$\Lambda_{\mathrm{Ghosh}}$,0.2398373983739837
CHAOS_0112,Ca-Cd-Nb-Ti,EFA quartile,Q1,1,low EFA,param_geo_radii_Ghosh08,$\Lambda_{\mathrm{Ghosh}}$,0.7764227642276422
CHAOS_0113,Cd-Mg-Ni-Sn,EFA quartile,Q4,4,high EFA,param_geo_radii_Ghosh08,$\Lambda_{\mathrm{Ghosh}}$,0.8252032520325203
CHAOS_0114,Cu-Fe-Mg-Ni,EFA quartile,Q4,4,high EFA,param_geo_radii_Ghosh08,$\Lambda_{\mathrm{Ghosh}}$,0.975609756097561
CHAOS_0115,Ca-Cu-Mg-Zn,EFA quartile,Q4,4,high EFA,param_geo_radii_Ghosh08,$\Lambda_{\mathrm{Ghosh}}$,0.3556910569105691
CHAOS_0116,Cd-Mg-Ti-Zn,EFA quartile,Q2,2,intermediate-low EFA,param_geo_radii_Ghosh08,$\Lambda_{\mathrm{Ghosh}}$,0.6646341463414634
CHAOS_0117,Cd-Fe-Mg-Nb,EFA quartile,Q1,1,low EFA,param_geo_radii_Ghosh08,$\Lambda_{\mathrm{Ghosh}}$,0.524390243902439
CHAOS_0118,Cu-Fe-V-Zn,EFA quartile,Q2,2,intermediate-low EFA,param_geo_radii_Ghosh08,$\Lambda_{\mathrm{Ghosh}}$,0.7439024390243902
CHAOS_0119,Ca-Mn-Nb-Ti,EFA quartile,Q1,1,low EFA,param_geo_radii_Ghosh08,$\Lambda_{\mathrm{Ghosh}}$,0.823170731707317
CHAOS_0120,Co-Fe-Ni-Sr,EFA quartile,Q2,2,intermediate-low EFA,param_geo_radii_Ghosh08,$\Lambda_{\mathrm{Ghosh}}$,0.1727642276422764
CHAOS_0121,Ca-Fe-Mn-Sn,EFA quartile,Q4,4,high EFA,param_geo_radii_Ghosh08,$\Lambda_{\mathrm{Ghosh}}$,0.4207317073170732
CHAOS_0122,Ca-Cd-Nb-Zn,EFA quartile,Q1,1,low EFA,param_geo_radii_Ghosh08,$\Lambda_{\mathrm{Ghosh}}$,0.4552845528455284
CHAOS_0123,Ni-Sn-Sr-Zn,EFA quartile,Q2,2,intermediate-low EFA,param_geo_radii_Ghosh08,$\Lambda_{\mathrm{Ghosh}}$,0.002032520325203252
CHAOS_0124,Ca-Co-Mg-Sn,EFA quartile,Q4,4,high EFA,param_geo_radii_Ghosh08,$\Lambda_{\mathrm{Ghosh}}$,0.282520325203252
CHAOS_0125,Ca-Mg-Mn-Sr,EFA quartile,Q3,3,intermediate-high EFA,param_geo_radii_Ghosh08,$\Lambda_{\mathrm{Ghosh}}$,0.2296747967479675
CHAOS_0126,Co-Fe-Mn-Ni,EFA quartile,Q4,4,high EFA,param_geo_radii_Ghosh08,$\Lambda_{\mathrm{Ghosh}}$,0.9878048780487805
CHAOS_0127,Cd-Mn-Nb-Ti,EFA quartile,Q1,1,low EFA,param_geo_radii_Ghosh08,$\Lambda_{\mathrm{Ghosh}}$,0.7357723577235772
CHAOS_0128,Nb-Sn-Tc-Zn,EFA quartile,Q1,1,low EFA,param_geo_radii_Ghosh08,$\Lambda_{\mathrm{Ghosh}}$,0.1930894308943089
CHAOS_0129,Fe-Nb-Sn-V,EFA quartile,Q1,1,low EFA,param_geo_radii_Ghosh08,$\Lambda_{\mathrm{Ghosh}}$,0.3821138211382114
CHAOS_0130,Ca-Fe-Sr-Ti,EFA quartile,Q2,2,intermediate-low EFA,param_geo_radii_Ghosh08,$\Lambda_{\mathrm{Ghosh}}$,0.5853658536585366
CHAOS_0131,Mg-Sn-Ti-Zn,EFA quartile,Q1,1,low EFA,param_geo_radii_Ghosh08,$\Lambda_{\mathrm{Ghosh}}$,0.4776422764227642
CHAOS_0132,Ca-Fe-Ni-Sr,EFA quartile,Q2,2,intermediate-low EFA,param_geo_radii_Ghosh08,$\Lambda_{\mathrm{Ghosh}}$,0.3048780487804878
CHAOS_0133,Cd-Nb-Sr-Ti,EFA quartile,Q1,1,low EFA,param_geo_radii_Ghosh08,$\Lambda_{\mathrm{Ghosh}}$,0.5995934959349594
CHAOS_0134,Fe-Mg-Sn-Sr,EFA quartile,Q2,2,intermediate-low EFA,param_geo_radii_Ghosh08,$\Lambda_{\mathrm{Ghosh}}$,0.01219512195121951
CHAOS_0135,Cd-Co-Ni-Sn,EFA quartile,Q3,3,intermediate-high EFA,param_geo_radii_Ghosh08,$\Lambda_{\mathrm{Ghosh}}$,0.8292682926829268
CHAOS_0136,Mg-Nb-Sr-Zn,EFA quartile,Q2,2,intermediate-low EFA,param_geo_radii_Ghosh08,$\Lambda_{\mathrm{Ghosh}}$,0.07317073170731707
CHAOS_0137,Cd-Fe-Sn-Zn,EFA quartile,Q3,3,intermediate-high EFA,param_geo_radii_Ghosh08,$\Lambda_{\mathrm{Ghosh}}$,0.774390243902439
CHAOS_0138,Cd-Mg-Sn-V,EFA quartile,Q1,1,low EFA,param_geo_radii_Ghosh08,$\Lambda_{\mathrm{Ghosh}}$,0.6483739837398373
CHAOS_0139,Mn-Ni-V-Zn,EFA quartile,Q3,3,intermediate-high EFA,param_geo_radii_Ghosh08,$\Lambda_{\mathrm{Ghosh}}$,0.7784552845528455
CHAOS_0140,Cd-Mg-Sr-Zn,EFA quartile,Q3,3,intermediate-high EFA,param_geo_radii_Ghosh08,$\Lambda_{\mathrm{Ghosh}}$,0.06504065040650407
CHAOS_0141,Nb-Ni-Sn-Ti,EFA quartile,Q1,1,low EFA,param_geo_radii_Ghosh08,$\Lambda_{\mathrm{Ghosh}}$,0.306910569105691
CHAOS_0142,Cd-Co-Ni-Zn,EFA quartile,Q4,4,high EFA,param_geo_radii_Ghosh08,$\Lambda_{\mathrm{Ghosh}}$,0.9654471544715447
CHAOS_0143,Mg-Sn-V-Zn,EFA quartile,Q1,1,low EFA,param_geo_radii_Ghosh08,$\Lambda_{\mathrm{Ghosh}}$,0.6239837398373984
CHAOS_0144,Ca-Fe-Mg-Zn,EFA quartile,Q3,3,intermediate-high EFA,param_geo_radii_Ghosh08,$\Lambda_{\mathrm{Ghosh}}$,0.4349593495934959
CHAOS_0145,Ca-Cd-Fe-Sn,EFA quartile,Q4,4,high EFA,param_geo_radii_Ghosh08,$\Lambda_{\mathrm{Ghosh}}$,0.3983739837398374
CHAOS_0146,Ca-Mn-Nb-V,EFA quartile,Q2,2,intermediate-low EFA,param_geo_radii_Ghosh08,$\Lambda_{\mathrm{Ghosh}}$,0.7967479674796748
CHAOS_0147,Cd-Fe-Ni-Sr,EFA quartile,Q2,2,intermediate-low EFA,param_geo_radii_Ghosh08,$\Lambda_{\mathrm{Ghosh}}$,0.217479674796748
CHAOS_0148,Ca-Mg-Nb-Ti,EFA quartile,Q2,2,intermediate-low EFA,param_geo_radii_Ghosh08,$\Lambda_{\mathrm{Ghosh}}$,0.5508130081300813
CHAOS_0149,Ca-Co-Mg-Sr,EFA quartile,Q3,3,intermediate-high EFA,param_geo_radii_Ghosh08,$\Lambda_{\mathrm{Ghosh}}$,0.1565040650406504
CHAOS_0150,Mg-Sr-Ti-Zn,EFA quartile,Q2,2,intermediate-low EFA,param_geo_radii_Ghosh08,$\Lambda_{\mathrm{Ghosh}}$,0.09552845528455285
CHAOS_0151,Cd-Mg-Mn-Nb,EFA quartile,Q1,1,low EFA,param_geo_radii_Ghosh08,$\Lambda_{\mathrm{Ghosh}}$,0.5548780487804879
CHAOS_0152,Fe-Mn-Sr-Zn,EFA quartile,Q3,3,intermediate-high EFA,param_geo_radii_Ghosh08,$\Lambda_{\mathrm{Ghosh}}$,0.1605691056910569
CHAOS_0153,Cd-Fe-Mg-Zn,EFA quartile,Q4,4,high EFA,param_geo_radii_Ghosh08,$\Lambda_{\mathrm{Ghosh}}$,0.8841463414634146
CHAOS_0154,Ca-Mn-Ni-Sr,EFA quartile,Q2,2,intermediate-low EFA,param_geo_radii_Ghosh08,$\Lambda_{\mathrm{Ghosh}}$,0.3394308943089431
CHAOS_0155,Cd-Mn-Nb-Sr,EFA quartile,Q1,1,low EFA,param_geo_radii_Ghosh08,$\Lambda_{\mathrm{Ghosh}}$,0.4573170731707317
CHAOS_0156,Cd-Cu-Fe-Mg,EFA quartile,Q4,4,high EFA,param_geo_radii_Ghosh08,$\Lambda_{\mathrm{Ghosh}}$,0.9247967479674797
CHAOS_0157,Ca-Sn-Ti-V,EFA quartile,Q1,1,low EFA,param_geo_radii_Ghosh08,$\Lambda_{\mathrm{Ghosh}}$,0.4410569105691057
CHAOS_0158,Fe-Mg-Mn-Ni,EFA quartile,Q4,4,high EFA,param_geo_radii_Ghosh08,$\Lambda_{\mathrm{Ghosh}}$,0.9024390243902439
CHAOS_0159,Cd-Fe-Ni-Sn,EFA quartile,Q3,3,intermediate-high EFA,param_geo_radii_Ghosh08,$\Lambda_{\mathrm{Ghosh}}$,0.7987804878048781
CHAOS_0160,Cd-Mg-V-Zn,EFA quartile,Q3,3,intermediate-high EFA,param_geo_radii_Ghosh08,$\Lambda_{\mathrm{Ghosh}}$,0.709349593495935
CHAOS_0161,Ca-Mg-Mn-Ti,EFA quartile,Q2,2,intermediate-low EFA,param_geo_radii_Ghosh08,$\Lambda_{\mathrm{Ghosh}}$,0.6077235772357723
CHAOS_0162,Co-Cu-Fe-Ni,EFA quartile,Q4,4,high EFA,param_geo_radii_Ghosh08,$\Lambda_{\mathrm{Ghosh}}$,0.991869918699187
CHAOS_0163,Ca-Cd-Nb-Sn,EFA quartile,Q1,1,low EFA,param_geo_radii_Ghosh08,$\Lambda_{\mathrm{Ghosh}}$,0.2865853658536585
CHAOS_0164,Fe-Mg-Nb-Sn,EFA quartile,Q1,1,low EFA,param_geo_radii_Ghosh08,$\Lambda_{\mathrm{Ghosh}}$,0.2642276422764228
CHAOS_0165,Cu-Mg-V-Zn,EFA quartile,Q4,4,high EFA,param_geo_radii_Ghosh08,$\Lambda_{\mathrm{Ghosh}}$,0.6890243902439024
CHAOS_0166,Fe-Mg-Nb-Sr,EFA quartile,Q2,2,intermediate-low EFA,param_geo_radii_Ghosh08,$\Lambda_{\mathrm{Ghosh}}$,0.1829268292682927
CHAOS_0167,Ca-Sn-Sr-Ti,EFA quartile,Q2,2,intermediate-low EFA,param_geo_radii_Ghosh08,$\Lambda_{\mathrm{Ghosh}}$,0.1626016260162602
CHAOS_0168,Cd-Mg-Sn-Zn,EFA quartile,Q4,4,high EFA,param_geo_radii_Ghosh08,$\Lambda_{\mathrm{Ghosh}}$,0.8272357723577236
CHAOS_0169,Ca-Cd-Nb-Sr,EFA quartile,Q2,2,intermediate-low EFA,param_geo_radii_Ghosh08,$\Lambda_{\mathrm{Ghosh}}$,0.6463414634146342
CHAOS_0170,Cd-Fe-Sn-Ti,EFA quartile,Q1,1,low EFA,param_geo_radii_Ghosh08,$\Lambda_{\mathrm{Ghosh}}$,0.6341463414634146
CHAOS_0171,Fe-Nb-Sn-Zn,EFA quartile,Q1,1,low EFA,param_geo_radii_Ghosh08,$\Lambda_{\mathrm{Ghosh}}$,0.258130081300813
CHAOS_0172,Cu-Nb-Sn-V,EFA quartile,Q1,1,low EFA,param_geo_radii_Ghosh08,$\Lambda_{\mathrm{Ghosh}}$,0.2926829268292683
CHAOS_0173,Cd-Nb-Ti-V,EFA quartile,Q1,1,low EFA,param_geo_radii_Ghosh08,$\Lambda_{\mathrm{Ghosh}}$,0.8089430894308943
CHAOS_0174,Cd-Fe-Mn-Ni,EFA quartile,Q4,4,high EFA,param_geo_radii_Ghosh08,$\Lambda_{\mathrm{Ghosh}}$,0.9898373983739838
CHAOS_0175,Ca-Fe-Sn-Ti,EFA quartile,Q1,1,low EFA,param_geo_radii_Ghosh08,$\Lambda_{\mathrm{Ghosh}}$,0.3780487804878049
CHAOS_0176,Ca-Cd-Mg-Ni,EFA quartile,Q4,4,high EFA,param_geo_radii_Ghosh08,$\Lambda_{\mathrm{Ghosh}}$,0.4898373983739837
CHAOS_0177,Ca-Mg-Nb-Sr,EFA quartile,Q3,3,intermediate-high EFA,param_geo_radii_Ghosh08,$\Lambda_{\mathrm{Ghosh}}$,0.3597560975609756
CHAOS_0178,Mg-Ni-Sn-Zn,EFA quartile,Q4,4,high EFA,param_geo_radii_Ghosh08,$\Lambda_{\mathrm{Ghosh}}$,0.9410569105691057
CHAOS_0179,Mg-Mn-Sn-Sr,EFA quartile,Q3,3,intermediate-high EFA,param_geo_radii_Ghosh08,$\Lambda_{\mathrm{Ghosh}}$,0.02845528455284553
CHAOS_0180,Fe-Mg-Ni-Sr,EFA quartile,Q2,2,intermediate-low EFA,param_geo_radii_Ghosh08,$\Lambda_{\mathrm{Ghosh}}$,0.1036585365853658
CHAOS_0181,Ca-Mg-Mn-V,EFA quartile,Q2,2,intermediate-low EFA,param_geo_radii_Ghosh08,$\Lambda_{\mathrm{Ghosh}}$,0.6178861788617886
CHAOS_0182,Co-Cu-Fe-V,EFA quartile,Q2,2,intermediate-low EFA,param_geo_radii_Ghosh08,$\Lambda_{\mathrm{Ghosh}}$,0.8475609756097561
CHAOS_0183,Ca-Co-Sn-Sr,EFA quartile,Q3,3,intermediate-high EFA,param_geo_radii_Ghosh08,$\Lambda_{\mathrm{Ghosh}}$,0.06910569105691057
CHAOS_0184,Fe-Mn-Ni-Zn,EFA quartile,Q4,4,high EFA,param_geo_radii_Ghosh08,$\Lambda_{\mathrm{Ghosh}}$,0.9004065040650406
CHAOS_0185,Ca-Co-Mg-Mn,EFA quartile,Q4,4,high EFA,param_geo_radii_Ghosh08,$\Lambda_{\mathrm{Ghosh}}$,0.5365853658536586
CHAOS_0186,Ca-Nb-Sn-Ti,EFA quartile,Q1,1,low EFA,param_geo_radii_Ghosh08,$\Lambda_{\mathrm{Ghosh}}$,0.3617886178861789
CHAOS_0187,Ca-Cd-Sr-V,EFA quartile,Q3,3,intermediate-high EFA,param_geo_radii_Ghosh08,$\Lambda_{\mathrm{Ghosh}}$,0.5447154471544715
CHAOS_0188,Ca-Mg-Sn-Ti,EFA quartile,Q1,1,low EFA,param_geo_radii_Ghosh08,$\Lambda_{\mathrm{Ghosh}}$,0.2357723577235772
CHAOS_0189,Mn-Nb-Ti-V,EFA quartile,Q2,2,intermediate-low EFA,param_geo_radii_Ghosh08,$\Lambda_{\mathrm{Ghosh}}$,0.8495934959349594
CHAOS_0190,Ca-Mg-Ni-Sn,EFA quartile,Q4,4,high EFA,param_geo_radii_Ghosh08,$\Lambda_{\mathrm{Ghosh}}$,0.2560975609756098
CHAOS_0191,Cd-Cu-V-Zn,EFA quartile,Q3,3,intermediate-high EFA,param_geo_radii_Ghosh08,$\Lambda_{\mathrm{Ghosh}}$,0.7398373983739838
CHAOS_0192,Cd-Mg-Nb-Zn,EFA quartile,Q1,1,low EFA,param_geo_radii_Ghosh08,$\Lambda_{\mathrm{Ghosh}}$,0.4044715447154472
CHAOS_0193,Cd-Co-Fe-Sn,EFA quartile,Q3,3,intermediate-high EFA,param_geo_radii_Ghosh08,$\Lambda_{\mathrm{Ghosh}}$,0.7947154471544715
CHAOS_0194,Nb-Sr-Tc-Ti,EFA quartile,Q1,1,low EFA,param_geo_radii_Ghosh08,$\Lambda_{\mathrm{Ghosh}}$,0.790650406504065
CHAOS_0195,Cu-Nb-Sn-Sr,EFA quartile,Q1,1,low EFA,param_geo_radii_Ghosh08,$\Lambda_{\mathrm{Ghosh}}$,0.04065040650406504
CHAOS_0196,Ca-Cd-Mg-Ti,EFA quartile,Q2,2,intermediate-low EFA,param_geo_radii_Ghosh08,$\Lambda_{\mathrm{Ghosh}}$,0.5670731707317073
CHAOS_0197,Ca-Nb-Sr-V,EFA quartile,Q2,2,intermediate-low EFA,param_geo_radii_Ghosh08,$\Lambda_{\mathrm{Ghosh}}$,0.7723577235772358
CHAOS_0198,Cd-Fe-Nb-Sn,EFA quartile,Q1,1,low EFA,param_geo_radii_Ghosh08,$\Lambda_{\mathrm{Ghosh}}$,0.3719512195121951
CHAOS_0199,Co-Mg-Ni-Sr,EFA quartile,Q2,2,intermediate-low EFA,param_geo_radii_Ghosh08,$\Lambda_{\mathrm{Ghosh}}$,0.08536585365853659
CHAOS_0200,Co-Mn-Sr-Zn,EFA quartile,Q3,3,intermediate-high EFA,param_geo_radii_Ghosh08,$\Lambda_{\mathrm{Ghosh}}$,0.1382113821138211
CHAOS_0201,Ca-Mn-Ti-V,EFA quartile,Q2,2,intermediate-low EFA,param_geo_radii_Ghosh08,$\Lambda_{\mathrm{Ghosh}}$,0.8577235772357723
CHAOS_0202,Ca-Cd-Co-Mg,EFA quartile,Q4,4,high EFA,param_geo_radii_Ghosh08,$\Lambda_{\mathrm{Ghosh}}$,0.5182926829268293
CHAOS_0203,Mn-Sr-Ti-V,EFA quartile,Q2,2,intermediate-low EFA,param_geo_radii_Ghosh08,$\Lambda_{\mathrm{Ghosh}}$,0.6036585365853658
CHAOS_0204,Cd-Sr-Ti-Zn,EFA quartile,Q1,1,low EFA,param_geo_radii_Ghosh08,$\Lambda_{\mathrm{Ghosh}}$,0.2113821138211382
CHAOS_0205,Fe-Ni-Sn-Zn,EFA quartile,Q3,3,intermediate-high EFA,param_geo_radii_Ghosh08,$\Lambda_{\mathrm{Ghosh}}$,0.8373983739837398
CHAOS_0206,Ca-Nb-Sn-Sr,EFA quartile,Q1,1,low EFA,param_geo_radii_Ghosh08,$\Lambda_{\mathrm{Ghosh}}$,0.1707317073170732
CHAOS_0207,Cd-Mg-Nb-V,EFA quartile,Q1,1,low EFA,param_geo_radii_Ghosh08,$\Lambda_{\mathrm{Ghosh}}$,0.5650406504065041
CHAOS_0208,Fe-Nb-Sn-Sr,EFA quartile,Q1,1,low EFA,param_geo_radii_Ghosh08,$\Lambda_{\mathrm{Ghosh}}$,0.08333333333333333
CHAOS_0209,Ca-Cu-Mg-V,EFA quartile,Q3,3,intermediate-high EFA,param_geo_radii_Ghosh08,$\Lambda_{\mathrm{Ghosh}}$,0.4654471544715447
CHAOS_0210,Ca-Fe-Mg-Sr,EFA quartile,Q3,3,intermediate-high EFA,param_geo_radii_Ghosh08,$\Lambda_{\mathrm{Ghosh}}$,0.1869918699186992
CHAOS_0211,Ca-Sn-Sr-Zn,EFA quartile,Q3,3,intermediate-high EFA,param_geo_radii_Ghosh08,$\Lambda_{\mathrm{Ghosh}}$,0.02235772357723577
CHAOS_0212,Cd-Mn-Sr-Ti,EFA quartile,Q2,2,intermediate-low EFA,param_geo_radii_Ghosh08,$\Lambda_{\mathrm{Ghosh}}$,0.467479674796748
CHAOS_0213,Mn-Ni-Sr-Zn,EFA quartile,Q3,3,intermediate-high EFA,param_geo_radii_Ghosh08,$\Lambda_{\mathrm{Ghosh}}$,0.1178861788617886
CHAOS_0214,Cd-Sr-V-Zn,EFA quartile,Q2,2,intermediate-low EFA,param_geo_radii_Ghosh08,$\Lambda_{\mathrm{Ghosh}}$,0.201219512195122
CHAOS_0215,Co-Fe-Mg-Sn,EFA quartile,Q3,3,intermediate-high EFA,param_geo_radii_Ghosh08,$\Lambda_{\mathrm{Ghosh}}$,0.8150406504065041
CHAOS_0216,Cu-Sn-Ti-V,EFA quartile,Q1,1,low EFA,param_geo_radii_Ghosh08,$\Lambda_{\mathrm{Ghosh}}$,0.4817073170731707
CHAOS_0217,Ca-Mn-Sr-Zn,EFA quartile,Q3,3,intermediate-high EFA,param_geo_radii_Ghosh08,$\Lambda_{\mathrm{Ghosh}}$,0.2235772357723577
CHAOS_0218,Mg-Nb-Ti-V,EFA quartile,Q2,2,intermediate-low EFA,param_geo_radii_Ghosh08,$\Lambda_{\mathrm{Ghosh}}$,0.6260162601626016
CHAOS_0219,Ca-Cd-Mn-Ni,EFA quartile,Q4,4,high EFA,param_geo_radii_Ghosh08,$\Lambda_{\mathrm{Ghosh}}$,0.6707317073170732
CHAOS_0220,Co-Fe-Sn-Zn,EFA quartile,Q3,3,intermediate-high EFA,param_geo_radii_Ghosh08,$\Lambda_{\mathrm{Ghosh}}$,0.8130081300813008
CHAOS_0221,Mg-Nb-Sn-Sr,EFA quartile,Q1,1,low EFA,param_geo_radii_Ghosh08,$\Lambda_{\mathrm{Ghosh}}$,0.02032520325203252
CHAOS_0222,Cd-Fe-Sr-Zn,EFA quartile,Q3,3,intermediate-high EFA,param_geo_radii_Ghosh08,$\Lambda_{\mathrm{Ghosh}}$,0.1463414634146341
CHAOS_0223,Ca-Fe-Sn-Zn,EFA quartile,Q3,3,intermediate-high EFA,param_geo_radii_Ghosh08,$\Lambda_{\mathrm{Ghosh}}$,0.2886178861788618
CHAOS_0224,Mg-Nb-Ti-Zn,EFA quartile,Q2,2,intermediate-low EFA,param_geo_radii_Ghosh08,$\Lambda_{\mathrm{Ghosh}}$,0.3678861788617886
CHAOS_0225,Ca-Cd-Mg-Mn,EFA quartile,Q4,4,high EFA,param_geo_radii_Ghosh08,$\Lambda_{\mathrm{Ghosh}}$,0.5894308943089431
CHAOS_0226,Nb-Sn-Sr-Zn,EFA quartile,Q1,1,low EFA,param_geo_radii_Ghosh08,$\Lambda_{\mathrm{Ghosh}}$,0.01829268292682927
CHAOS_0227,Ca-Mg-Sn-V,EFA quartile,Q2,2,intermediate-low EFA,param_geo_radii_Ghosh08,$\Lambda_{\mathrm{Ghosh}}$,0.2764227642276423
CHAOS_0228,Ca-Cd-Fe-Mg,EFA quartile,Q3,3,intermediate-high EFA,param_geo_radii_Ghosh08,$\Lambda_{\mathrm{Ghosh}}$,0.5630081300813008
CHAOS_0229,Ca-Cu-Mn-V,EFA quartile,Q2,2,intermediate-low EFA,param_geo_radii_Ghosh08,$\Lambda_{\mathrm{Ghosh}}$,0.6585365853658537
CHAOS_0230,Ca-Mg-Sr-Zn,EFA quartile,Q4,4,high EFA,param_geo_radii_Ghosh08,$\Lambda_{\mathrm{Ghosh}}$,0.07723577235772358
CHAOS_0231,Cd-Co-Sn-Sr,EFA quartile,Q3,3,intermediate-high EFA,param_geo_radii_Ghosh08,$\Lambda_{\mathrm{Ghosh}}$,0.05691056910569105
CHAOS_0232,Mg-Nb-Sn-Ti,EFA quartile,Q1,1,low EFA,param_geo_radii_Ghosh08,$\Lambda_{\mathrm{Ghosh}}$,0.2195121951219512
CHAOS_0233,Cd-Mg-Mn-Ni,EFA quartile,Q4,4,high EFA,param_geo_radii_Ghosh08,$\Lambda_{\mathrm{Ghosh}}$,0.8983739837398373
CHAOS_0234,Mg-Mn-Ni-Sn,EFA quartile,Q2,2,intermediate-low EFA,param_geo_radii_Ghosh08,$\Lambda_{\mathrm{Ghosh}}$,0.7703252032520326
CHAOS_0235,Cd-Nb-Sn-Zn,EFA quartile,Q1,1,low EFA,param_geo_radii_Ghosh08,$\Lambda_{\mathrm{Ghosh}}$,0.2621951219512195
CHAOS_0236,Cd-Co-Mn-Ni,EFA quartile,Q3,3,intermediate-high EFA,param_geo_radii_Ghosh08,$\Lambda_{\mathrm{Ghosh}}$,0.9857723577235772
CHAOS_0237,Ca-Fe-Mn-Sr,EFA quartile,Q2,2,intermediate-low EFA,param_geo_radii_Ghosh08,$\Lambda_{\mathrm{Ghosh}}$,0.4491869918699187
CHAOS_0238,Ca-Sn-Ti-Zn,EFA quartile,Q1,1,low EFA,param_geo_radii_Ghosh08,$\Lambda_{\mathrm{Ghosh}}$,0.2317073170731707
CHAOS_0239,Ca-Nb-Sr-Ti,EFA quartile,Q2,2,intermediate-low EFA,param_geo_radii_Ghosh08,$\Lambda_{\mathrm{Ghosh}}$,0.8333333333333334
CHAOS_0240,Co-Fe-Ni-V,EFA quartile,Q2,2,intermediate-low EFA,param_geo_radii_Ghosh08,$\Lambda_{\mathrm{Ghosh}}$,0.8699186991869918
CHAOS_0241,Cd-Mg-Mn-Sn,EFA quartile,Q3,3,intermediate-high EFA,param_geo_radii_Ghosh08,$\Lambda_{\mathrm{Ghosh}}$,0.717479674796748
CHAOS_0242,Co-Mg-Sr-Zn,EFA quartile,Q3,3,intermediate-high EFA,param_geo_radii_Ghosh08,$\Lambda_{\mathrm{Ghosh}}$,0.05284552845528456
CHAOS_0243,Ca-Sn-Sr-V,EFA quartile,Q3,3,intermediate-high EFA,param_geo_radii_Ghosh08,$\Lambda_{\mathrm{Ghosh}}$,0.1483739837398374
CHAOS_0244,Cu-Fe-Mg-Ti,EFA quartile,Q3,3,intermediate-high EFA,param_geo_radii_Ghosh08,$\Lambda_{\mathrm{Ghosh}}$,0.6808943089430894
CHAOS_0245,Cd-Mn-Nb-Sn,EFA quartile,Q1,1,low EFA,param_geo_radii_Ghosh08,$\Lambda_{\mathrm{Ghosh}}$,0.3902439024390244
CHAOS_0246,Mg-Nb-Sn-Zn,EFA quartile,Q1,1,low EFA,param_geo_radii_Ghosh08,$\Lambda_{\mathrm{Ghosh}}$,0.1747967479674797
CHAOS_0247,Ca-Cd-Co-Mn,EFA quartile,Q4,4,high EFA,param_geo_radii_Ghosh08,$\Lambda_{\mathrm{Ghosh}}$,0.6849593495934959
CHAOS_0248,Cu-Fe-Mg-Zn,EFA quartile,Q4,4,high EFA,param_geo_radii_Ghosh08,$\Lambda_{\mathrm{Ghosh}}$,0.943089430894309
CHAOS_0249,Fe-Mn-Sn-Sr,EFA quartile,Q2,2,intermediate-low EFA,param_geo_radii_Ghosh08,$\Lambda_{\mathrm{Ghosh}}$,0.07520325203252033
CHAOS_0250,Mg-Mn-Ti-V,EFA quartile,Q3,3,intermediate-high EFA,param_geo_radii_Ghosh08,$\Lambda_{\mathrm{Ghosh}}$,0.7154471544715447
CHAOS_0251,Ca-Mg-Mn-Zn,EFA quartile,Q2,2,intermediate-low EFA,param_geo_radii_Ghosh08,$\Lambda_{\mathrm{Ghosh}}$,0.443089430894309
CHAOS_0252,Cd-Sn-Sr-V,EFA quartile,Q2,2,intermediate-low EFA,param_geo_radii_Ghosh08,$\Lambda_{\mathrm{Ghosh}}$,0.09959349593495935
CHAOS_0253,Ca-Co-Ni-Sn,EFA quartile,Q4,4,high EFA,param_geo_radii_Ghosh08,$\Lambda_{\mathrm{Ghosh}}$,0.3313008130081301
CHAOS_0254,Fe-Mn-Ni-Sr,EFA quartile,Q2,2,intermediate-low EFA,param_geo_radii_Ghosh08,$\Lambda_{\mathrm{Ghosh}}$,0.2459349593495935
CHAOS_0255,Ca-Cd-Mg-Sn,EFA quartile,Q4,4,high EFA,param_geo_radii_Ghosh08,$\Lambda_{\mathrm{Ghosh}}$,0.298780487804878
CHAOS_0256,Ca-Mn-Ti-Zn,EFA quartile,Q2,2,intermediate-low EFA,param_geo_radii_Ghosh08,$\Lambda_{\mathrm{Ghosh}}$,0.5955284552845529
CHAOS_0257,Mg-Mn-Sr-Zn,EFA quartile,Q3,3,intermediate-high EFA,param_geo_radii_Ghosh08,$\Lambda_{\mathrm{Ghosh}}$,0.07113821138211382
CHAOS_0258,Mn-Nb-Sn-V,EFA quartile,Q1,1,low EFA,param_geo_radii_Ghosh08,$\Lambda_{\mathrm{Ghosh}}$,0.4126016260162602
CHAOS_0259,Mn-Sn-Sr-V,EFA quartile,Q2,2,intermediate-low EFA,param_geo_radii_Ghosh08,$\Lambda_{\mathrm{Ghosh}}$,0.1158536585365854
CHAOS_0260,Co-Nb-Sn-Sr,EFA quartile,Q1,1,low EFA,param_geo_radii_Ghosh08,$\Lambda_{\mathrm{Ghosh}}$,0.06300813008130081
CHAOS_0261,Cd-Mn-Ti-Zn,EFA quartile,Q2,2,intermediate-low EFA,param_geo_radii_Ghosh08,$\Lambda_{\mathrm{Ghosh}}$,0.7276422764227642
CHAOS_0262,Ca-Mg-Ti-Zn,EFA quartile,Q3,3,intermediate-high EFA,param_geo_radii_Ghosh08,$\Lambda_{\mathrm{Ghosh}}$,0.3943089430894309
CHAOS_0263,Cd-Co-Mn-Sr,EFA quartile,Q3,3,intermediate-high EFA,param_geo_radii_Ghosh08,$\Lambda_{\mathrm{Ghosh}}$,0.3089430894308943
CHAOS_0264,Mg-Mn-Nb-Zn,EFA quartile,Q3,3,intermediate-high EFA,param_geo_radii_Ghosh08,$\Lambda_{\mathrm{Ghosh}}$,0.4247967479674797
CHAOS_0265,Ca-Co-Mn-Zn,EFA quartile,Q4,4,high EFA,param_geo_radii_Ghosh08,$\Lambda_{\mathrm{Ghosh}}$,0.5304878048780488
CHAOS_0266,Cd-Fe-Nb-Sr,EFA quartile,Q1,1,low EFA,param_geo_radii_Ghosh08,$\Lambda_{\mathrm{Ghosh}}$,0.4065040650406504
CHAOS_0267,Co-Ni-Sn-Zn,EFA quartile,Q4,4,high EFA,param_geo_radii_Ghosh08,$\Lambda_{\mathrm{Ghosh}}$,0.8617886178861789
CHAOS_0268,Ca-Co-Fe-Mn,EFA quartile,Q4,4,high EFA,param_geo_radii_Ghosh08,$\Lambda_{\mathrm{Ghosh}}$,0.6829268292682927
CHAOS_0269,Ca-Fe-Nb-Zn,EFA quartile,Q2,2,intermediate-low EFA,param_geo_radii_Ghosh08,$\Lambda_{\mathrm{Ghosh}}$,0.4471544715447154
CHAOS_0270,Fe-Nb-Ti-Zn,EFA quartile,Q2,2,intermediate-low EFA,param_geo_radii_Ghosh08,$\Lambda_{\mathrm{Ghosh}}$,0.5203252032520326
CHAOS_0271,Fe-Mg-Nb-Ti,EFA quartile,Q2,2,intermediate-low EFA,param_geo_radii_Ghosh08,$\Lambda_{\mathrm{Ghosh}}$,0.5264227642276422
CHAOS_0272,Fe-Mn-Ni-Sn,EFA quartile,Q3,3,intermediate-high EFA,param_geo_radii_Ghosh08,$\Lambda_{\mathrm{Ghosh}}$,0.7601626016260162
CHAOS_0273,Cu-Fe-Mn-Zn,EFA quartile,Q4,4,high EFA,param_geo_radii_Ghosh08,$\Lambda_{\mathrm{Ghosh}}$,0.8760162601626016
CHAOS_0274,Mn-Sr-Ti-Zn,EFA quartile,Q1,1,low EFA,param_geo_radii_Ghosh08,$\Lambda_{\mathrm{Ghosh}}$,0.241869918699187
CHAOS_0275,Cd-Mg-Ni-Sr,EFA quartile,Q3,3,intermediate-high EFA,param_geo_radii_Ghosh08,$\Lambda_{\mathrm{Ghosh}}$,0.1117886178861789
CHAOS_0276,Mn-Sn-Ti-V,EFA quartile,Q1,1,low EFA,param_geo_radii_Ghosh08,$\Lambda_{\mathrm{Ghosh}}$,0.5934959349593496
CHAOS_0277,Ca-Co-Mn-Ni,EFA quartile,Q4,4,high EFA,param_geo_radii_Ghosh08,$\Lambda_{\mathrm{Ghosh}}$,0.6504065040650406
CHAOS_0278,Co-Ni-Sn-Sr,EFA quartile,Q2,2,intermediate-low EFA,param_geo_radii_Ghosh08,$\Lambda_{\mathrm{Ghosh}}$,0.03048780487804878
CHAOS_0279,Nb-Sr-Ti-V,EFA quartile,Q1,1,low EFA,param_geo_radii_Ghosh08,$\Lambda_{\mathrm{Ghosh}}$,0.7012195121951219
CHAOS_0280,Cd-Co-Mn-Sn,EFA quartile,Q3,3,intermediate-high EFA,param_geo_radii_Ghosh08,$\Lambda_{\mathrm{Ghosh}}$,0.758130081300813
CHAOS_0281,Ca-Cd-Fe-Sr,EFA quartile,Q3,3,intermediate-high EFA,param_geo_radii_Ghosh08,$\Lambda_{\mathrm{Ghosh}}$,0.4227642276422764
CHAOS_0282,Co-Mg-Ni-Zn,EFA quartile,Q4,4,high EFA,param_geo_radii_Ghosh08,$\Lambda_{\mathrm{Ghosh}}$,0.983739837398374
CHAOS_0283,Nb-Sn-Ti-Zn,EFA quartile,Q1,1,low EFA,param_geo_radii_Ghosh08,$\Lambda_{\mathrm{Ghosh}}$,0.2134146341463415
CHAOS_0284,Cd-Fe-Mg-Sn,EFA quartile,Q3,3,intermediate-high EFA,param_geo_radii_Ghosh08,$\Lambda_{\mathrm{Ghosh}}$,0.7804878048780488
CHAOS_0285,Co-Ni-Sr-Zn,EFA quartile,Q2,2,intermediate-low EFA,param_geo_radii_Ghosh08,$\Lambda_{\mathrm{Ghosh}}$,0.08130081300813008
CHAOS_0286,Ca-Mn-Ni-Zn,EFA quartile,Q3,3,intermediate-high EFA,param_geo_radii_Ghosh08,$\Lambda_{\mathrm{Ghosh}}$,0.491869918699187
CHAOS_0287,Fe-Sn-Ti-V,EFA quartile,Q1,1,low EFA,param_geo_radii_Ghosh08,$\Lambda_{\mathrm{Ghosh}}$,0.5711382113821138
CHAOS_0288,Cd-Mn-Sn-Sr,EFA quartile,Q3,3,intermediate-high EFA,param_geo_radii_Ghosh08,$\Lambda_{\mathrm{Ghosh}}$,0.07926829268292683
CHAOS_0289,Cd-Co-Cu-Fe,EFA quartile,Q4,4,high EFA,param_geo_radii_Ghosh08,$\Lambda_{\mathrm{Ghosh}}$,0.9817073170731707
CHAOS_0290,Co-Cu-Mn-Zn,EFA quartile,Q4,4,high EFA,param_geo_radii_Ghosh08,$\Lambda_{\mathrm{Ghosh}}$,0.8882113821138211
CHAOS_0291,Co-Nb-Sn-Ti,EFA quartile,Q1,1,low EFA,param_geo_radii_Ghosh08,$\Lambda_{\mathrm{Ghosh}}$,0.3333333333333333
CHAOS_0292,Cu-Mg-Ni-Sn,EFA quartile,Q3,3,intermediate-high EFA,param_geo_radii_Ghosh08,$\Lambda_{\mathrm{Ghosh}}$,0.9369918699186992
CHAOS_0293,Fe-Sn-Sr-Ti,EFA quartile,Q1,1,low EFA,param_geo_radii_Ghosh08,$\Lambda_{\mathrm{Ghosh}}$,0.0975609756097561
CHAOS_0294,Co-Fe-Sr-Zn,EFA quartile,Q2,2,intermediate-low EFA,param_geo_radii_Ghosh08,$\Lambda_{\mathrm{Ghosh}}$,0.1239837398373984
CHAOS_0295,Mg-Mn-Ni-Zn,EFA quartile,Q4,4,high EFA,param_geo_radii_Ghosh08,$\Lambda_{\mathrm{Ghosh}}$,0.8719512195121951
CHAOS_0296,Sn-Sr-V-Zn,EFA quartile,Q2,2,intermediate-low EFA,param_geo_radii_Ghosh08,$\Lambda_{\mathrm{Ghosh}}$,0.03252032520325204
CHAOS_0297,Cd-Mg-Mn-Zn,EFA quartile,Q4,4,high EFA,param_geo_radii_Ghosh08,$\Lambda_{\mathrm{Ghosh}}$,0.8516260162601627
CHAOS_0298,Fe-Mn-Ni-V,EFA quartile,Q3,3,intermediate-high EFA,param_geo_radii_Ghosh08,$\Lambda_{\mathrm{Ghosh}}$,0.8861788617886179
CHAOS_0299,Ca-Co-Ni-Zn,EFA quartile,Q4,4,high EFA,param_geo_radii_Ghosh08,$\Lambda_{\mathrm{Ghosh}}$,0.4715447154471545
CHAOS_0300,Cd-Ni-Sn-Sr,EFA quartile,Q4,4,high EFA,param_geo_radii_Ghosh08,$\Lambda_{\mathrm{Ghosh}}$,0.04674796747967479
CHAOS_0301,Cd-Nb-Sr-Zn,EFA quartile,Q1,1,low EFA,param_geo_radii_Ghosh08,$\Lambda_{\mathrm{Ghosh}}$,0.1849593495934959
CHAOS_0302,Fe-Mg-Sn-Ti,EFA quartile,Q1,1,low EFA,param_geo_radii_Ghosh08,$\Lambda_{\mathrm{Ghosh}}$,0.5142276422764228
CHAOS_0303,Ca-Cd-Mn-V,EFA quartile,Q3,3,intermediate-high EFA,param_geo_radii_Ghosh08,$\Lambda_{\mathrm{Ghosh}}$,0.782520325203252
CHAOS_0304,Fe-Mg-Ti-Zn,EFA quartile,Q3,3,intermediate-high EFA,param_geo_radii_Ghosh08,$\Lambda_{\mathrm{Ghosh}}$,0.6686991869918699
CHAOS_0305,Mg-Nb-Sn-Tc,EFA quartile,Q1,1,low EFA,param_geo_radii_Ghosh08,$\Lambda_{\mathrm{Ghosh}}$,0.1991869918699187
CHAOS_0306,Ca-Mg-V-Zn,EFA quartile,Q4,4,high EFA,param_geo_radii_Ghosh08,$\Lambda_{\mathrm{Ghosh}}$,0.4329268292682927
CHAOS_0307,Cd-Fe-Mn-Sr,EFA quartile,Q3,3,intermediate-high EFA,param_geo_radii_Ghosh08,$\Lambda_{\mathrm{Ghosh}}$,0.3414634146341464
CHAOS_0308,Co-Mn-V-Zn,EFA quartile,Q4,4,high EFA,param_geo_radii_Ghosh08,$\Lambda_{\mathrm{Ghosh}}$,0.7926829268292683
CHAOS_0309,Nb-Sr-V-Zn,EFA quartile,Q1,1,low EFA,param_geo_radii_Ghosh08,$\Lambda_{\mathrm{Ghosh}}$,0.3109756097560976
CHAOS_0310,Co-Mg-V-Zn,EFA quartile,Q4,4,high EFA,param_geo_radii_Ghosh08,$\Lambda_{\mathrm{Ghosh}}$,0.7195121951219512
CHAOS_0311,Mg-Mn-Nb-Ti,EFA quartile,Q2,2,intermediate-low EFA,param_geo_radii_Ghosh08,$\Lambda_{\mathrm{Ghosh}}$,0.5752032520325203
CHAOS_0312,Ca-Fe-Nb-Ti,EFA quartile,Q3,3,intermediate-high EFA,param_geo_radii_Ghosh08,$\Lambda_{\mathrm{Ghosh}}$,0.7540650406504065
CHAOS_0313,Ca-Mg-Sr-Ti,EFA quartile,Q3,3,intermediate-high EFA,param_geo_radii_Ghosh08,$\Lambda_{\mathrm{Ghosh}}$,0.3373983739837398
CHAOS_0314,Cd-Nb-Sr-V,EFA quartile,Q1,1,low EFA,param_geo_radii_Ghosh08,$\Lambda_{\mathrm{Ghosh}}$,0.5426829268292683
CHAOS_0315,Mn-Nb-Sn-Zn,EFA quartile,Q1,1,low EFA,param_geo_radii_Ghosh08,$\Lambda_{\mathrm{Ghosh}}$,0.2703252032520325
CHAOS_0316,Ca-Cd-Sn-Sr,EFA quartile,Q4,4,high EFA,param_geo_radii_Ghosh08,$\Lambda_{\mathrm{Ghosh}}$,0.09349593495934959
CHAOS_0317,Cd-Mn-Sn-Ti,EFA quartile,Q1,1,low EFA,param_geo_radii_Ghosh08,$\Lambda_{\mathrm{Ghosh}}$,0.6321138211382114
CHAOS_0318,Fe-Sn-Ti-Zn,EFA quartile,Q1,1,low EFA,param_geo_radii_Ghosh08,$\Lambda_{\mathrm{Ghosh}}$,0.5060975609756098
CHAOS_0319,Fe-Mg-Sr-Ti,EFA quartile,Q1,1,low EFA,param_geo_radii_Ghosh08,$\Lambda_{\mathrm{Ghosh}}$,0.209349593495935
CHAOS_0320,Mg-Sn-Sr-V,EFA quartile,Q2,2,intermediate-low EFA,param_geo_radii_Ghosh08,$\Lambda_{\mathrm{Ghosh}}$,0.03658536585365853
CHAOS_0321,Ca-Co-Fe-Sn,EFA quartile,Q3,3,intermediate-high EFA,param_geo_radii_Ghosh08,$\Lambda_{\mathrm{Ghosh}}$,0.3699186991869919
CHAOS_0322,Ca-Mg-Sr-V,EFA quartile,Q3,3,intermediate-high EFA,param_geo_radii_Ghosh08,$\Lambda_{\mathrm{Ghosh}}$,0.3231707317073171
CHAOS_0323,Mn-Sn-Sr-Ti,EFA quartile,Q1,1,low EFA,param_geo_radii_Ghosh08,$\Lambda_{\mathrm{Ghosh}}$,0.1219512195121951
CHAOS_0324,Ca-Mn-Nb-Sn,EFA quartile,Q1,1,low EFA,param_geo_radii_Ghosh08,$\Lambda_{\mathrm{Ghosh}}$,0.3191056910569106
CHAOS_0325,Mg-Ni-Sn-Sr,EFA quartile,Q3,3,intermediate-high EFA,param_geo_radii_Ghosh08,$\Lambda_{\mathrm{Ghosh}}$,0.004065040650406504
CHAOS_0326,Ca-Mn-Sn-Ti,EFA quartile,Q1,1,low EFA,param_geo_radii_Ghosh08,$\Lambda_{\mathrm{Ghosh}}$,0.4085365853658536
CHAOS_0327,Ca-Sr-Ti-V,EFA quartile,Q2,2,intermediate-low EFA,param_geo_radii_Ghosh08,$\Lambda_{\mathrm{Ghosh}}$,0.7032520325203252
CHAOS_0328,Cu-Mn-Ni-Sn,EFA quartile,Q2,2,intermediate-low EFA,param_geo_radii_Ghosh08,$\Lambda_{\mathrm{Ghosh}}$,0.7845528455284553
CHAOS_0329,Fe-Nb-Sr-Zn,EFA quartile,Q2,2,intermediate-low EFA,param_geo_radii_Ghosh08,$\Lambda_{\mathrm{Ghosh}}$,0.1788617886178862
CHAOS_0330,Ca-Mg-Nb-V,EFA quartile,Q2,2,intermediate-low EFA,param_geo_radii_Ghosh08,$\Lambda_{\mathrm{Ghosh}}$,0.532520325203252
CHAOS_0331,Ca-Cd-Sr-Ti,EFA quartile,Q2,2,intermediate-low EFA,param_geo_radii_Ghosh08,$\Lambda_{\mathrm{Ghosh}}$,0.6056910569105691
CHAOS_0332,Cd-Mg-Mn-V,EFA quartile,Q2,2,intermediate-low EFA,param_geo_radii_Ghosh08,$\Lambda_{\mathrm{Ghosh}}$,0.8170731707317073
CHAOS_0333,Nb-Sn-V-Zn,EFA quartile,Q1,1,low EFA,param_geo_radii_Ghosh08,$\Lambda_{\mathrm{Ghosh}}$,0.2439024390243902
CHAOS_0334,Co-Mn-Ni-Sr,EFA quartile,Q2,2,intermediate-low EFA,param_geo_radii_Ghosh08,$\Lambda_{\mathrm{Ghosh}}$,0.2052845528455285
CHAOS_0335,Fe-Sr-Ti-Zn,EFA quartile,Q2,2,intermediate-low EFA,param_geo_radii_Ghosh08,$\Lambda_{\mathrm{Ghosh}}$,0.2032520325203252
CHAOS_0336,Cu-Mg-Mn-V,EFA quartile,Q3,3,intermediate-high EFA,param_geo_radii_Ghosh08,$\Lambda_{\mathrm{Ghosh}}$,0.733739837398374
CHAOS_0337,Mn-Sr-V-Zn,EFA quartile,Q3,3,intermediate-high EFA,param_geo_radii_Ghosh08,$\Lambda_{\mathrm{Ghosh}}$,0.2276422764227642
CHAOS_0338,Co-Cu-Fe-Mg,EFA quartile,Q4,4,high EFA,param_geo_radii_Ghosh08,$\Lambda_{\mathrm{Ghosh}}$,0.9613821138211383
CHAOS_0339,Fe-Mg-Ni-Sn,EFA quartile,Q3,3,intermediate-high EFA,param_geo_radii_Ghosh08,$\Lambda_{\mathrm{Ghosh}}$,0.8394308943089431
CHAOS_0340,Co-Cu-Mn-Ni,EFA quartile,Q3,3,intermediate-high EFA,param_geo_radii_Ghosh08,$\Lambda_{\mathrm{Ghosh}}$,0.959349593495935
CHAOS_0341,Fe-Mg-Nb-Zn,EFA quartile,Q2,2,intermediate-low EFA,param_geo_radii_Ghosh08,$\Lambda_{\mathrm{Ghosh}}$,0.4024390243902439
CHAOS_0342,Mg-Sr-V-Zn,EFA quartile,Q3,3,intermediate-high EFA,param_geo_radii_Ghosh08,$\Lambda_{\mathrm{Ghosh}}$,0.09146341463414634
CHAOS_0343,Ca-Cd-Co-Sn,EFA quartile,Q4,4,high EFA,param_geo_radii_Ghosh08,$\Lambda_{\mathrm{Ghosh}}$,0.3760162601626016
CHAOS_0344,Cd-Mn-Ni-Sr,EFA quartile,Q3,3,intermediate-high EFA,param_geo_radii_Ghosh08,$\Lambda_{\mathrm{Ghosh}}$,0.2540650406504065
CHAOS_0345,Ca-Nb-Sn-V,EFA quartile,Q1,1,low EFA,param_geo_radii_Ghosh08,$\Lambda_{\mathrm{Ghosh}}$,0.3495934959349594
CHAOS_0346,Co-Mn-Ni-Sn,EFA quartile,Q2,2,intermediate-low EFA,param_geo_radii_Ghosh08,$\Lambda_{\mathrm{Ghosh}}$,0.7865853658536586
CHAOS_0347,Mn-Sn-V-Zn,EFA quartile,Q1,1,low EFA,param_geo_radii_Ghosh08,$\Lambda_{\mathrm{Ghosh}}$,0.6199186991869918
CHAOS_0348,Cd-Mn-Nb-V,EFA quartile,Q1,1,low EFA,param_geo_radii_Ghosh08,$\Lambda_{\mathrm{Ghosh}}$,0.741869918699187
CHAOS_0349,Cd-Co-Fe-Mg,EFA quartile,Q4,4,high EFA,param_geo_radii_Ghosh08,$\Lambda_{\mathrm{Ghosh}}$,0.9532520325203252
CHAOS_0350,Sn-Sr-Ti-Zn,EFA quartile,Q1,1,low EFA,param_geo_radii_Ghosh08,$\Lambda_{\mathrm{Ghosh}}$,0.03455284552845529
CHAOS_0351,Ca-Cd-Sn-V,EFA quartile,Q2,2,intermediate-low EFA,param_geo_radii_Ghosh08,$\Lambda_{\mathrm{Ghosh}}$,0.4186991869918699
CHAOS_0352,Cu-Mg-Mn-Zn,EFA quartile,Q4,4,high EFA,param_geo_radii_Ghosh08,$\Lambda_{\mathrm{Ghosh}}$,0.8597560975609756
CHAOS_0353,Cd-Mg-Sr-Ti,EFA quartile,Q1,1,low EFA,param_geo_radii_Ghosh08,$\Lambda_{\mathrm{Ghosh}}$,0.2154471544715447
CHAOS_0354,Co-Mn-Ni-Zn,EFA quartile,Q4,4,high EFA,param_geo_radii_Ghosh08,$\Lambda_{\mathrm{Ghosh}}$,0.9146341463414634
CHAOS_0355,Mn-Nb-Sn-Tc,EFA quartile,Q1,1,low EFA,param_geo_radii_Ghosh08,$\Lambda_{\mathrm{Ghosh}}$,0.3739837398373984
CHAOS_0356,Cd-Co-Fe-Ni,EFA quartile,Q3,3,intermediate-high EFA,param_geo_radii_Ghosh08,$\Lambda_{\mathrm{Ghosh}}$,0.9959349593495935
CHAOS_0357,Fe-Mg-Ni-Zn,EFA quartile,Q4,4,high EFA,param_geo_radii_Ghosh08,$\Lambda_{\mathrm{Ghosh}}$,0.9471544715447154
CHAOS_0358,Mg-Mn-Sn-V,EFA quartile,Q1,1,low EFA,param_geo_radii_Ghosh08,$\Lambda_{\mathrm{Ghosh}}$,0.6280487804878049
CHAOS_0359,Cd-Nb-V-Zn,EFA quartile,Q1,1,low EFA,param_geo_radii_Ghosh08,$\Lambda_{\mathrm{Ghosh}}$,0.5609756097560976
CHAOS_0360,Ca-Cd-Co-Sr,EFA quartile,Q4,4,high EFA,param_geo_radii_Ghosh08,$\Lambda_{\mathrm{Ghosh}}$,0.3536585365853658
CHAOS_0361,Ca-Mg-Ni-Zn,EFA quartile,Q4,4,high EFA,param_geo_radii_Ghosh08,$\Lambda_{\mathrm{Ghosh}}$,0.3800813008130081
CHAOS_0362,Ca-Fe-Sr-Zn,EFA quartile,Q3,3,intermediate-high EFA,param_geo_radii_Ghosh08,$\Lambda_{\mathrm{Ghosh}}$,0.1808943089430894
CHAOS_0363,Ca-Mn-Sr-V,EFA quartile,Q3,3,intermediate-high EFA,param_geo_radii_Ghosh08,$\Lambda_{\mathrm{Ghosh}}$,0.6138211382113821
CHAOS_0364,Mn-Nb-Sr-Zn,EFA quartile,Q2,2,intermediate-low EFA,param_geo_radii_Ghosh08,$\Lambda_{\mathrm{Ghosh}}$,0.2215447154471545
CHAOS_0365,Mg-Nb-Sr-Ti,EFA quartile,Q2,2,intermediate-low EFA,param_geo_radii_Ghosh08,$\Lambda_{\mathrm{Ghosh}}$,0.3353658536585366
CHAOS_0366,Cd-Ni-Sr-Zn,EFA quartile,Q3,3,intermediate-high EFA,param_geo_radii_Ghosh08,$\Lambda_{\mathrm{Ghosh}}$,0.1077235772357724
CHAOS_0367,Cd-Cu-Mn-Ni,EFA quartile,Q3,3,intermediate-high EFA,param_geo_radii_Ghosh08,$\Lambda_{\mathrm{Ghosh}}$,0.9451219512195121
CHAOS_0368,Ca-Mn-Sn-V,EFA quartile,Q2,2,intermediate-low EFA,param_geo_radii_Ghosh08,$\Lambda_{\mathrm{Ghosh}}$,0.4369918699186992
CHAOS_0369,Co-Cu-Fe-Mn,EFA quartile,Q4,4,high EFA,param_geo_radii_Ghosh08,$\Lambda_{\mathrm{Ghosh}}$,0.9695121951219512
CHAOS_0370,Ca-Cd-Ti-Zn,EFA quartile,Q2,2,intermediate-low EFA,param_geo_radii_Ghosh08,$\Lambda_{\mathrm{Ghosh}}$,0.5589430894308943
CHAOS_0371,Cd-Co-Ni-Sr,EFA quartile,Q2,2,intermediate-low EFA,param_geo_radii_Ghosh08,$\Lambda_{\mathrm{Ghosh}}$,0.1768292682926829
CHAOS_0372,Ca-Co-Fe-Ni,EFA quartile,Q4,4,high EFA,param_geo_radii_Ghosh08,$\Lambda_{\mathrm{Ghosh}}$,0.6361788617886179
CHAOS_0373,Cd-Mn-Sr-Zn,EFA quartile,Q4,4,high EFA,param_geo_radii_Ghosh08,$\Lambda_{\mathrm{Ghosh}}$,0.1666666666666667
CHAOS_0374,Cd-Co-Mg-Sn,EFA quartile,Q3,3,intermediate-high EFA,param_geo_radii_Ghosh08,$\Lambda_{\mathrm{Ghosh}}$,0.806910569105691
CHAOS_0375,Mg-Mn-Sn-Zn,EFA quartile,Q3,3,intermediate-high EFA,param_geo_radii_Ghosh08,$\Lambda_{\mathrm{Ghosh}}$,0.7560975609756098
CHAOS_0376,Ca-Ni-Sr-Zn,EFA quartile,Q3,3,intermediate-high EFA,param_geo_radii_Ghosh08,$\Lambda_{\mathrm{Ghosh}}$,0.1300813008130081
CHAOS_0377,Ca-Cd-Fe-Nb,EFA quartile,Q2,2,intermediate-low EFA,param_geo_radii_Ghosh08,$\Lambda_{\mathrm{Ghosh}}$,0.6666666666666666
CHAOS_0378,Co-Mg-Mn-Zn,EFA quartile,Q4,4,high EFA,param_geo_radii_Ghosh08,$\Lambda_{\mathrm{Ghosh}}$,0.8638211382113821
CHAOS_0379,Mn-Sn-Ti-Zn,EFA quartile,Q1,1,low EFA,param_geo_radii_Ghosh08,$\Lambda_{\mathrm{Ghosh}}$,0.4959349593495935
CHAOS_0380,Ca-Nb-Ti-Zn,EFA quartile,Q2,2,intermediate-low EFA,param_geo_radii_Ghosh08,$\Lambda_{\mathrm{Ghosh}}$,0.540650406504065
CHAOS_0381,Ca-Co-Sr-Zn,EFA quartile,Q3,3,intermediate-high EFA,param_geo_radii_Ghosh08,$\Lambda_{\mathrm{Ghosh}}$,0.1544715447154472
CHAOS_0382,Co-Sn-Sr-Zn,EFA quartile,Q3,3,intermediate-high EFA,param_geo_radii_Ghosh08,$\Lambda_{\mathrm{Ghosh}}$,0.006097560975609756
CHAOS_0383,Ca-Cd-Nb-V,EFA quartile,Q1,1,low EFA,param_geo_radii_Ghosh08,$\Lambda_{\mathrm{Ghosh}}$,0.7378048780487805
CHAOS_0384,Ca-Sr-Ti-Zn,EFA quartile,Q2,2,intermediate-low EFA,param_geo_radii_Ghosh08,$\Lambda_{\mathrm{Ghosh}}$,0.3292682926829268
CHAOS_0385,Cd-Mn-Ti-V,EFA quartile,Q1,1,low EFA,param_geo_radii_Ghosh08,$\Lambda_{\mathrm{Ghosh}}$,0.926829268292683
CHAOS_0386,Ca-Cd-Co-Ni,EFA quartile,Q3,3,intermediate-high EFA,param_geo_radii_Ghosh08,$\Lambda_{\mathrm{Ghosh}}$,0.6402439024390244
CHAOS_0387,Cd-Cu-Mg-Zn,EFA quartile,Q4,4,high EFA,param_geo_radii_Ghosh08,$\Lambda_{\mathrm{Ghosh}}$,0.9308943089430894
CHAOS_0388,Mn-Ni-Sn-Zn,EFA quartile,Q3,3,intermediate-high EFA,param_geo_radii_Ghosh08,$\Lambda_{\mathrm{Ghosh}}$,0.7642276422764228
CHAOS_0389,Mg-Mn-Sr-Ti,EFA quartile,Q2,2,intermediate-low EFA,param_geo_radii_Ghosh08,$\Lambda_{\mathrm{Ghosh}}$,0.25
CHAOS_0390,Ca-Co-Mg-Ni,EFA quartile,Q4,4,high EFA,param_geo_radii_Ghosh08,$\Lambda_{\mathrm{Ghosh}}$,0.4735772357723577
CHAOS_0391,Co-Fe-Mg-Sr,EFA quartile,Q2,2,intermediate-low EFA,param_geo_radii_Ghosh08,$\Lambda_{\mathrm{Ghosh}}$,0.1260162601626016
CHAOS_0392,Co-Fe-Ni-Sn,EFA quartile,Q3,3,intermediate-high EFA,param_geo_radii_Ghosh08,$\Lambda_{\mathrm{Ghosh}}$,0.8353658536585366
CHAOS_0393,Cd-Nb-Ti-Zn,EFA quartile,Q1,1,low EFA,param_geo_radii_Ghosh08,$\Lambda_{\mathrm{Ghosh}}$,0.5284552845528455
CHAOS_0394,Cd-Mg-Mn-Ti,EFA quartile,Q2,2,intermediate-low EFA,param_geo_radii_Ghosh08,$\Lambda_{\mathrm{Ghosh}}$,0.7317073170731707
CHAOS_0395,Nb-Sr-Ti-Zn,EFA quartile,Q1,1,low EFA,param_geo_radii_Ghosh08,$\Lambda_{\mathrm{Ghosh}}$,0.3272357723577236
CHAOS_0396,Fe-Ni-V-Zn,EFA quartile,Q2,2,intermediate-low EFA,param_geo_radii_Ghosh08,$\Lambda_{\mathrm{Ghosh}}$,0.7886178861788617
CHAOS_0397,Ca-Nb-Sr-Zn,EFA quartile,Q2,2,intermediate-low EFA,param_geo_radii_Ghosh08,$\Lambda_{\mathrm{Ghosh}}$,0.3516260162601626
CHAOS_0398,Co-Fe-Mn-Sn,EFA quartile,Q3,3,intermediate-high EFA,param_geo_radii_Ghosh08,$\Lambda_{\mathrm{Ghosh}}$,0.766260162601626
CHAOS_0399,Nb-Sn-Tc-Ti,EFA quartile,Q1,1,low EFA,param_geo_radii_Ghosh08,$\Lambda_{\mathrm{Ghosh}}$,0.4105691056910569
CHAOS_0400,Cd-Mg-Nb-Ti,EFA quartile,Q1,1,low EFA,param_geo_radii_Ghosh08,$\Lambda_{\mathrm{Ghosh}}$,0.5386178861788617
CHAOS_0401,Ca-Cd-Ti-V,EFA quartile,Q1,1,low EFA,param_geo_radii_Ghosh08,$\Lambda_{\mathrm{Ghosh}}$,0.8211382113821138
CHAOS_0402,Ca-Mn-Ni-Sn,EFA quartile,Q3,3,intermediate-high EFA,param_geo_radii_Ghosh08,$\Lambda_{\mathrm{Ghosh}}$,0.3577235772357724
CHAOS_0403,Cu-Mg-Mn-Ni,EFA quartile,Q4,4,high EFA,param_geo_radii_Ghosh08,$\Lambda_{\mathrm{Ghosh}}$,0.8963414634146342
CHAOS_0404,Fe-Sn-Sr-Zn,EFA quartile,Q2,2,intermediate-low EFA,param_geo_radii_Ghosh08,$\Lambda_{\mathrm{Ghosh}}$,0.01016260162601626
CHAOS_0405,Co-Fe-Mg-Zn,EFA quartile,Q4,4,high EFA,param_geo_radii_Ghosh08,$\Lambda_{\mathrm{Ghosh}}$,0.9329268292682927
CHAOS_0406,Fe-Ni-Sr-Zn,EFA quartile,Q2,2,intermediate-low EFA,param_geo_radii_Ghosh08,$\Lambda_{\mathrm{Ghosh}}$,0.1016260162601626
CHAOS_0407,Ca-Co-Mn-Sn,EFA quartile,Q4,4,high EFA,param_geo_radii_Ghosh08,$\Lambda_{\mathrm{Ghosh}}$,0.3841463414634146
CHAOS_0408,Ca-Mn-V-Zn,EFA quartile,Q2,2,intermediate-low EFA,param_geo_radii_Ghosh08,$\Lambda_{\mathrm{Ghosh}}$,0.6117886178861789
CHAOS_0409,Ca-Cd-Fe-Mn,EFA quartile,Q3,3,intermediate-high EFA,param_geo_radii_Ghosh08,$\Lambda_{\mathrm{Ghosh}}$,0.6991869918699187
CHAOS_0410,Mn-Nb-Sn-Sr,EFA quartile,Q1,1,low EFA,param_geo_radii_Ghosh08,$\Lambda_{\mathrm{Ghosh}}$,0.1097560975609756
CHAOS_0411,Co-Fe-V-Zn,EFA quartile,Q3,3,intermediate-high EFA,param_geo_radii_Ghosh08,$\Lambda_{\mathrm{Ghosh}}$,0.8048780487804879
CHAOS_0412,Co-Fe-Mg-Ni,EFA quartile,Q4,4,high EFA,param_geo_radii_Ghosh08,$\Lambda_{\mathrm{Ghosh}}$,0.9796747967479674
CHAOS_0413,Ca-Cd-Co-Zn,EFA quartile,Q4,4,high EFA,param_geo_radii_Ghosh08,$\Lambda_{\mathrm{Ghosh}}$,0.508130081300813
CHAOS_0414,Nb-Sn-Tc-V,EFA quartile,Q1,1,low EFA,param_geo_radii_Ghosh08,$\Lambda_{\mathrm{Ghosh}}$,0.4166666666666667
CHAOS_0415,Ca-Cd-Mn-Zn,EFA quartile,Q4,4,high EFA,param_geo_radii_Ghosh08,$\Lambda_{\mathrm{Ghosh}}$,0.5813008130081301
CHAOS_0416,Ca-Co-Mg-Zn,EFA quartile,Q4,4,high EFA,param_geo_radii_Ghosh08,$\Lambda_{\mathrm{Ghosh}}$,0.4146341463414634
CHAOS_0417,Cu-Fe-Ni-Zn,EFA quartile,Q4,4,high EFA,param_geo_radii_Ghosh08,$\Lambda_{\mathrm{Ghosh}}$,0.9715447154471545
CHAOS_0418,Cd-Mg-Nb-Sr,EFA quartile,Q1,1,low EFA,param_geo_radii_Ghosh08,$\Lambda_{\mathrm{Ghosh}}$,0.1910569105691057
CHAOS_0419,Ca-Nb-Sn-Zn,EFA quartile,Q1,1,low EFA,param_geo_radii_Ghosh08,$\Lambda_{\mathrm{Ghosh}}$,0.1361788617886179
CHAOS_0420,Ca-Fe-Ni-Zn,EFA quartile,Q4,4,high EFA,param_geo_radii_Ghosh08,$\Lambda_{\mathrm{Ghosh}}$,0.483739837398374
CHAOS_0421,Co-Fe-Mg-Mn,EFA quartile,Q4,4,high EFA,param_geo_radii_Ghosh08,$\Lambda_{\mathrm{Ghosh}}$,0.9207317073170732
CHAOS_0422,Fe-Nb-Sr-Ti,EFA quartile,Q1,1,low EFA,param_geo_radii_Ghosh08,$\Lambda_{\mathrm{Ghosh}}$,0.5792682926829268
CHAOS_0423,Cd-Nb-Sn-Ti,EFA quartile,Q1,1,low EFA,param_geo_radii_Ghosh08,$\Lambda_{\mathrm{Ghosh}}$,0.3658536585365854
CHAOS_0424,Mn-Nb-Sr-Ti,EFA quartile,Q1,1,low EFA,param_geo_radii_Ghosh08,$\Lambda_{\mathrm{Ghosh}}$,0.6524390243902439
CHAOS_0425,Ca-Ti-V-Zn,EFA quartile,Q2,2,intermediate-low EFA,param_geo_radii_Ghosh08,$\Lambda_{\mathrm{Ghosh}}$,0.6382113821138211
CHAOS_0426,Mn-Nb-V-Zn,EFA quartile,Q2,2,intermediate-low EFA,param_geo_radii_Ghosh08,$\Lambda_{\mathrm{Ghosh}}$,0.5914634146341463
CHAOS_0427,Cd-Cu-Fe-Mn,EFA quartile,Q3,3,intermediate-high EFA,param_geo_radii_Ghosh08,$\Lambda_{\mathrm{Ghosh}}$,0.967479674796748
CHAOS_0428,Mg-Ni-V-Zn,EFA quartile,Q4,4,high EFA,param_geo_radii_Ghosh08,$\Lambda_{\mathrm{Ghosh}}$,0.7052845528455285
CHAOS_0429,Ca-Co-Fe-Sr,EFA quartile,Q2,2,intermediate-low EFA,param_geo_radii_Ghosh08,$\Lambda_{\mathrm{Ghosh}}$,0.3434959349593496
CHAOS_0430,Ca-Fe-Ni-Sn,EFA quartile,Q3,3,intermediate-high EFA,param_geo_radii_Ghosh08,$\Lambda_{\mathrm{Ghosh}}$,0.3455284552845528
CHAOS_0431,Fe-Mg-Mn-Zn,EFA quartile,Q4,4,high EFA,param_geo_radii_Ghosh08,$\Lambda_{\mathrm{Ghosh}}$,0.8556910569105691
CHAOS_0432,Ca-Fe-Mg-Nb,EFA quartile,Q3,3,intermediate-high EFA,param_geo_radii_Ghosh08,$\Lambda_{\mathrm{Ghosh}}$,0.451219512195122
CHAOS_0433,Ca-Cd-Ni-Zn,EFA quartile,Q4,4,high EFA,param_geo_radii_Ghosh08,$\Lambda_{\mathrm{Ghosh}}$,0.4857723577235772
CHAOS_0434,Cu-Fe-Mg-Mn,EFA quartile,Q4,4,high EFA,param_geo_radii_Ghosh08,$\Lambda_{\mathrm{Ghosh}}$,0.8780487804878049
CHAOS_0435,Mn-Ti-V-Zn,EFA quartile,Q2,2,intermediate-low EFA,param_geo_radii_Ghosh08,$\Lambda_{\mathrm{Ghosh}}$,0.7073170731707317
CHAOS_0436,Cd-Cu-Ni-Zn,EFA quartile,Q4,4,high EFA,param_geo_radii_Ghosh08,$\Lambda_{\mathrm{Ghosh}}$,0.9552845528455285
CHAOS_0437,Cd-Sn-Sr-Ti,EFA quartile,Q1,1,low EFA,param_geo_radii_Ghosh08,$\Lambda_{\mathrm{Ghosh}}$,0.1056910569105691
CHAOS_0438,Cd-Nb-Sn-V,EFA quartile,Q1,1,low EFA,param_geo_radii_Ghosh08,$\Lambda_{\mathrm{Ghosh}}$,0.3882113821138211
CHAOS_0439,Cd-Fe-Mg-Mn,EFA quartile,Q4,4,high EFA,param_geo_radii_Ghosh08,$\Lambda_{\mathrm{Ghosh}}$,0.9085365853658537
CHAOS_0440,Cd-Mg-Mn-Sr,EFA quartile,Q4,4,high EFA,param_geo_radii_Ghosh08,$\Lambda_{\mathrm{Ghosh}}$,0.1686991869918699
CHAOS_0441,Co-Mn-Ni-V,EFA quartile,Q3,3,intermediate-high EFA,param_geo_radii_Ghosh08,$\Lambda_{\mathrm{Ghosh}}$,0.8678861788617886
CHAOS_0442,Ca-Co-Sn-Zn,EFA quartile,Q4,4,high EFA,param_geo_radii_Ghosh08,$\Lambda_{\mathrm{Ghosh}}$,0.2784552845528455
CHAOS_0443,Co-Cu-Sn-Zn,EFA quartile,Q3,3,intermediate-high EFA,param_geo_radii_Ghosh08,$\Lambda_{\mathrm{Ghosh}}$,0.8800813008130082
CHAOS_0444,Mg-Sr-Ti-V,EFA quartile,Q2,2,intermediate-low EFA,param_geo_radii_Ghosh08,$\Lambda_{\mathrm{Ghosh}}$,0.3252032520325203
CHAOS_0445,Ca-Cd-Sn-Ti,EFA quartile,Q1,1,low EFA,param_geo_radii_Ghosh08,$\Lambda_{\mathrm{Ghosh}}$,0.3861788617886179
CHAOS_0446,Ca-Fe-Mg-Mn,EFA quartile,Q4,4,high EFA,param_geo_radii_Ghosh08,$\Lambda_{\mathrm{Ghosh}}$,0.5833333333333334
CHAOS_0447,Cd-Fe-Sn-Sr,EFA quartile,Q3,3,intermediate-high EFA,param_geo_radii_Ghosh08,$\Lambda_{\mathrm{Ghosh}}$,0.06707317073170732
CHAOS_0448,Ca-Fe-Mn-Ni,EFA quartile,Q4,4,high EFA,param_geo_radii_Ghosh08,$\Lambda_{\mathrm{Ghosh}}$,0.6626016260162602
CHAOS_0449,Mg-Ti-V-Zn,EFA quartile,Q3,3,intermediate-high EFA,param_geo_radii_Ghosh08,$\Lambda_{\mathrm{Ghosh}}$,0.6219512195121951
CHAOS_0450,Nb-Ti-V-Zn,EFA quartile,Q2,2,intermediate-low EFA,param_geo_radii_Ghosh08,$\Lambda_{\mathrm{Ghosh}}$,0.6158536585365854
CHAOS_0451,Ca-Mg-Sn-Sr,EFA quartile,Q3,3,intermediate-high EFA,param_geo_radii_Ghosh08,$\Lambda_{\mathrm{Ghosh}}$,0.02439024390243903
CHAOS_0452,Cd-Co-Fe-Mn,EFA quartile,Q4,4,high EFA,param_geo_radii_Ghosh08,$\Lambda_{\mathrm{Ghosh}}$,1.0
CHAOS_0453,Ca-Sn-V-Zn,EFA quartile,Q2,2,intermediate-low EFA,param_geo_radii_Ghosh08,$\Lambda_{\mathrm{Ghosh}}$,0.2723577235772358
CHAOS_0454,Mg-Mn-Ni-Sr,EFA quartile,Q3,3,intermediate-high EFA,param_geo_radii_Ghosh08,$\Lambda_{\mathrm{Ghosh}}$,0.1199186991869919
CHAOS_0455,Ca-Cd-Fe-Zn,EFA quartile,Q3,3,intermediate-high EFA,param_geo_radii_Ghosh08,$\Lambda_{\mathrm{Ghosh}}$,0.5528455284552846
CHAOS_0456,Co-Fe-Ni-Zn,EFA quartile,Q4,4,high EFA,param_geo_radii_Ghosh08,$\Lambda_{\mathrm{Ghosh}}$,0.9776422764227642
CHAOS_0457,Ca-Cd-Ni-Sr,EFA quartile,Q4,4,high EFA,param_geo_radii_Ghosh08,$\Lambda_{\mathrm{Ghosh}}$,0.3130081300813008
CHAOS_0458,Cd-Fe-Mn-Zn,EFA quartile,Q4,4,high EFA,param_geo_radii_Ghosh08,$\Lambda_{\mathrm{Ghosh}}$,0.9044715447154471
CHAOS_0459,Mg-Mn-Nb-V,EFA quartile,Q2,2,intermediate-low EFA,param_geo_radii_Ghosh08,$\Lambda_{\mathrm{Ghosh}}$,0.6016260162601627
CHAOS_0460,Fe-Nb-Sn-Ti,EFA quartile,Q1,1,low EFA,param_geo_radii_Ghosh08,$\Lambda_{\mathrm{Ghosh}}$,0.3638211382113821
CHAOS_0461,Mn-Ni-Sn-Sr,EFA quartile,Q3,3,intermediate-high EFA,param_geo_radii_Ghosh08,$\Lambda_{\mathrm{Ghosh}}$,0.04878048780487805
CHAOS_0462,Co-Cu-Fe-Sn,EFA quartile,Q2,2,intermediate-low EFA,param_geo_radii_Ghosh08,$\Lambda_{\mathrm{Ghosh}}$,0.8313008130081301
CHAOS_0463,Mg-Sn-Sr-Zn,EFA quartile,Q3,3,intermediate-high EFA,param_geo_radii_Ghosh08,$\Lambda_{\mathrm{Ghosh}}$,0.0
CHAOS_0464,Fe-Mg-Sn-Zn,EFA quartile,Q3,3,intermediate-high EFA,param_geo_radii_Ghosh08,$\Lambda_{\mathrm{Ghosh}}$,0.8414634146341463
CHAOS_0465,Ca-Mn-Sn-Sr,EFA quartile,Q2,2,intermediate-low EFA,param_geo_radii_Ghosh08,$\Lambda_{\mathrm{Ghosh}}$,0.1138211382113821
CHAOS_0466,Cu-Ni-Ti-Zn,EFA quartile,Q2,2,intermediate-low EFA,param_geo_radii_Ghosh08,$\Lambda_{\mathrm{Ghosh}}$,0.6747967479674797
CHAOS_0467,Ca-Fe-Ti-Zn,EFA quartile,Q3,3,intermediate-high EFA,param_geo_radii_Ghosh08,$\Lambda_{\mathrm{Ghosh}}$,0.5487804878048781
CHAOS_0468,Mg-Nb-Sn-V,EFA quartile,Q1,1,low EFA,param_geo_radii_Ghosh08,$\Lambda_{\mathrm{Ghosh}}$,0.2479674796747967
CHAOS_0469,Ca-Nb-V-Zn,EFA quartile,Q2,2,intermediate-low EFA,param_geo_radii_Ghosh08,$\Lambda_{\mathrm{Ghosh}}$,0.5223577235772358
CHAOS_0470,Cd-Co-Mg-Mn,EFA quartile,Q4,4,high EFA,param_geo_radii_Ghosh08,$\Lambda_{\mathrm{Ghosh}}$,0.9126016260162602
CHAOS_0471,Cd-Sn-V-Zn,EFA quartile,Q2,2,intermediate-low EFA,param_geo_radii_Ghosh08,$\Lambda_{\mathrm{Ghosh}}$,0.6443089430894309
CHAOS_0472,Cd-Sn-Ti-Zn,EFA quartile,Q1,1,low EFA,param_geo_radii_Ghosh08,$\Lambda_{\mathrm{Ghosh}}$,0.5040650406504065
CHAOS_0473,Sr-Ti-V-Zn,EFA quartile,Q2,2,intermediate-low EFA,param_geo_radii_Ghosh08,$\Lambda_{\mathrm{Ghosh}}$,0.3211382113821138
CHAOS_0474,Mg-Mn-Ti-Zn,EFA quartile,Q3,3,intermediate-high EFA,param_geo_radii_Ghosh08,$\Lambda_{\mathrm{Ghosh}}$,0.6605691056910569
CHAOS_0475,Cd-Fe-Ni-Zn,EFA quartile,Q4,4,high EFA,param_geo_radii_Ghosh08,$\Lambda_{\mathrm{Ghosh}}$,0.9390243902439024
CHAOS_0476,Ca-Cd-Mn-Ti,EFA quartile,Q2,2,intermediate-low EFA,param_geo_radii_Ghosh08,$\Lambda_{\mathrm{Ghosh}}$,0.7621951219512195
CHAOS_0477,Ca-Sr-V-Zn,EFA quartile,Q2,2,intermediate-low EFA,param_geo_radii_Ghosh08,$\Lambda_{\mathrm{Ghosh}}$,0.3150406504065041
CHAOS_0478,Co-Cu-Mn-V,EFA quartile,Q3,3,intermediate-high EFA,param_geo_radii_Ghosh08,$\Lambda_{\mathrm{Ghosh}}$,0.8455284552845529
CHAOS_0479,Ca-Cd-Ni-Sn,EFA quartile,Q4,4,high EFA,param_geo_radii_Ghosh08,$\Lambda_{\mathrm{Ghosh}}$,0.3475609756097561
CHAOS_0480,Co-Fe-Mn-Sr,EFA quartile,Q2,2,intermediate-low EFA,param_geo_radii_Ghosh08,$\Lambda_{\mathrm{Ghosh}}$,0.3008130081300813
CHAOS_0481,Cd-Mn-Sn-Zn,EFA quartile,Q3,3,intermediate-high EFA,param_geo_radii_Ghosh08,$\Lambda_{\mathrm{Ghosh}}$,0.7134146341463414
CHAOS_0482,Cd-Fe-Mg-Ti,EFA quartile,Q2,2,intermediate-low EFA,param_geo_radii_Ghosh08,$\Lambda_{\mathrm{Ghosh}}$,0.725609756097561
CHAOS_0483,Ca-Co-Fe-Mg,EFA quartile,Q3,3,intermediate-high EFA,param_geo_radii_Ghosh08,$\Lambda_{\mathrm{Ghosh}}$,0.5121951219512195
CHAOS_0484,Cd-Nb-Sn-Sr,EFA quartile,Q1,1,low EFA,param_geo_radii_Ghosh08,$\Lambda_{\mathrm{Ghosh}}$,0.08943089430894309
CHAOS_0485,Mn-Nb-Sr-V,EFA quartile,Q2,2,intermediate-low EFA,param_geo_radii_Ghosh08,$\Lambda_{\mathrm{Ghosh}}$,0.6097560975609756
CHAOS_0486,Ca-Cd-Mn-Nb,EFA quartile,Q2,2,intermediate-low EFA,param_geo_radii_Ghosh08,$\Lambda_{\mathrm{Ghosh}}$,0.6869918699186992
CHAOS_0487,Ca-Ni-Sn-Zn,EFA quartile,Q4,4,high EFA,param_geo_radii_Ghosh08,$\Lambda_{\mathrm{Ghosh}}$,0.2520325203252032
CHAOS_0488,Fe-Ni-Sn-Sr,EFA quartile,Q2,2,intermediate-low EFA,param_geo_radii_Ghosh08,$\Lambda_{\mathrm{Ghosh}}$,0.0426829268292683
CHAOS_0489,Ca-Cd-Fe-Ti,EFA quartile,Q2,2,intermediate-low EFA,param_geo_radii_Ghosh08,$\Lambda_{\mathrm{Ghosh}}$,0.7113821138211383
CHAOS_0490,Ca-Cd-Sr-Zn,EFA quartile,Q4,4,high EFA,param_geo_radii_Ghosh08,$\Lambda_{\mathrm{Ghosh}}$,0.1890243902439024
CHAOS_0491,Co-Cu-Fe-Zn,EFA quartile,Q4,4,high EFA,param_geo_radii_Ghosh08,$\Lambda_{\mathrm{Ghosh}}$,0.9573170731707317
CHAOS_0492,Cd-Fe-Mn-Sn,EFA quartile,Q2,2,intermediate-low EFA,param_geo_radii_Ghosh08,$\Lambda_{\mathrm{Ghosh}}$,0.7479674796747967
CHAOS_0493,Cu-Mn-Ni-Zn,EFA quartile,Q4,4,high EFA,param_geo_radii_Ghosh08,$\Lambda_{\mathrm{Ghosh}}$,0.8922764227642277
CHAOS_0001,Ca-Cd-Co-Fe,EFA quartile,Q4,4,high EFA,delta_electronegativity_Ghosh,$\delta\chi_{\mathrm{Ghosh}}$,0.4186991869918699
CHAOS_0002,Ca-Fe-Mn-Zn,EFA quartile,Q3,3,intermediate-high EFA,delta_electronegativity_Ghosh,$\delta\chi_{\mathrm{Ghosh}}$,0.516260162601626
CHAOS_0003,Co-Mg-Mn-Sr,EFA quartile,Q2,2,intermediate-low EFA,delta_electronegativity_Ghosh,$\delta\chi_{\mathrm{Ghosh}}$,0.1849593495934959
CHAOS_0004,Co-Mg-Mn-Ni,EFA quartile,Q4,4,high EFA,delta_electronegativity_Ghosh,$\delta\chi_{\mathrm{Ghosh}}$,0.1808943089430894
CHAOS_0005,Fe-Mg-Mn-Sr,EFA quartile,Q3,3,intermediate-high EFA,delta_electronegativity_Ghosh,$\delta\chi_{\mathrm{Ghosh}}$,0.1565040650406504
CHAOS_0006,Mg-Sn-Sr-Ti,EFA quartile,Q1,1,low EFA,delta_electronegativity_Ghosh,$\delta\chi_{\mathrm{Ghosh}}$,0.9654471544715447
CHAOS_0007,Ca-Ni-Sn-Sr,EFA quartile,Q3,3,intermediate-high EFA,delta_electronegativity_Ghosh,$\delta\chi_{\mathrm{Ghosh}}$,0.9878048780487805
CHAOS_0008,Cu-Fe-Mn-V,EFA quartile,Q2,2,intermediate-low EFA,delta_electronegativity_Ghosh,$\delta\chi_{\mathrm{Ghosh}}$,0.1514227642276423
CHAOS_0009,Co-Mg-Sn-Zn,EFA quartile,Q4,4,high EFA,delta_electronegativity_Ghosh,$\delta\chi_{\mathrm{Ghosh}}$,0.7276422764227642
CHAOS_0010,Cd-Fe-Ti-Zn,EFA quartile,Q2,2,intermediate-low EFA,delta_electronegativity_Ghosh,$\delta\chi_{\mathrm{Ghosh}}$,0.3170731707317073
CHAOS_0011,Ca-Nb-Ti-V,EFA quartile,Q2,2,intermediate-low EFA,delta_electronegativity_Ghosh,$\delta\chi_{\mathrm{Ghosh}}$,0.0426829268292683
CHAOS_0012,Mg-Nb-Sr-V,EFA quartile,Q1,1,low EFA,delta_electronegativity_Ghosh,$\delta\chi_{\mathrm{Ghosh}}$,0.01219512195121951
CHAOS_0013,Ca-Mn-Sn-Zn,EFA quartile,Q4,4,high EFA,delta_electronegativity_Ghosh,$\delta\chi_{\mathrm{Ghosh}}$,0.8902439024390244
CHAOS_0014,Ca-Fe-Mg-Sn,EFA quartile,Q4,4,high EFA,delta_electronegativity_Ghosh,$\delta\chi_{\mathrm{Ghosh}}$,0.9512195121951219
CHAOS_0015,Cd-Mg-Sr-V,EFA quartile,Q2,2,intermediate-low EFA,delta_electronegativity_Ghosh,$\delta\chi_{\mathrm{Ghosh}}$,0.3455284552845528
CHAOS_0016,Ca-Mg-Mn-Nb,EFA quartile,Q2,2,intermediate-low EFA,delta_electronegativity_Ghosh,$\delta\chi_{\mathrm{Ghosh}}$,0.1117886178861789
CHAOS_0017,Ca-Cd-Mg-Nb,EFA quartile,Q2,2,intermediate-low EFA,delta_electronegativity_Ghosh,$\delta\chi_{\mathrm{Ghosh}}$,0.4288617886178862
CHAOS_0018,Ca-Mg-Ni-Sr,EFA quartile,Q3,3,intermediate-high EFA,delta_electronegativity_Ghosh,$\delta\chi_{\mathrm{Ghosh}}$,0.3556910569105691
CHAOS_0019,Ca-Co-Fe-Zn,EFA quartile,Q4,4,high EFA,delta_electronegativity_Ghosh,$\delta\chi_{\mathrm{Ghosh}}$,0.5365853658536586
CHAOS_0020,Cd-Cu-Mg-Mn,EFA quartile,Q4,4,high EFA,delta_electronegativity_Ghosh,$\delta\chi_{\mathrm{Ghosh}}$,0.3109756097560976
CHAOS_0021,Nb-Sn-Sr-V,EFA quartile,Q1,1,low EFA,delta_electronegativity_Ghosh,$\delta\chi_{\mathrm{Ghosh}}$,0.8983739837398373
CHAOS_0022,Cd-Sr-Ti-V,EFA quartile,Q1,1,low EFA,delta_electronegativity_Ghosh,$\delta\chi_{\mathrm{Ghosh}}$,0.3211382113821138
CHAOS_0023,Ca-Cd-Mn-Sr,EFA quartile,Q4,4,high EFA,delta_electronegativity_Ghosh,$\delta\chi_{\mathrm{Ghosh}}$,0.5040650406504065
CHAOS_0024,Co-Cu-Mg-Mn,EFA quartile,Q4,4,high EFA,delta_electronegativity_Ghosh,$\delta\chi_{\mathrm{Ghosh}}$,0.2276422764227642
CHAOS_0025,Cd-Cu-Fe-Zn,EFA quartile,Q4,4,high EFA,delta_electronegativity_Ghosh,$\delta\chi_{\mathrm{Ghosh}}$,0.06910569105691057
CHAOS_0026,Ca-Co-Mn-Sr,EFA quartile,Q2,2,intermediate-low EFA,delta_electronegativity_Ghosh,$\delta\chi_{\mathrm{Ghosh}}$,0.274390243902439
CHAOS_0027,Cd-Co-Fe-Sr,EFA quartile,Q3,3,intermediate-high EFA,delta_electronegativity_Ghosh,$\delta\chi_{\mathrm{Ghosh}}$,0.290650406504065
CHAOS_0028,Cd-Co-Sr-Zn,EFA quartile,Q3,3,intermediate-high EFA,delta_electronegativity_Ghosh,$\delta\chi_{\mathrm{Ghosh}}$,0.508130081300813
CHAOS_0029,Ca-Mg-Nb-Sn,EFA quartile,Q1,1,low EFA,delta_electronegativity_Ghosh,$\delta\chi_{\mathrm{Ghosh}}$,0.9695121951219512
CHAOS_0030,Cd-Mn-Sn-V,EFA quartile,Q1,1,low EFA,delta_electronegativity_Ghosh,$\delta\chi_{\mathrm{Ghosh}}$,0.6991869918699187
CHAOS_0031,Mg-Ni-Sr-Zn,EFA quartile,Q2,2,intermediate-low EFA,delta_electronegativity_Ghosh,$\delta\chi_{\mathrm{Ghosh}}$,0.6382113821138211
CHAOS_0032,Cd-Mn-Ni-Zn,EFA quartile,Q4,4,high EFA,delta_electronegativity_Ghosh,$\delta\chi_{\mathrm{Ghosh}}$,0.1097560975609756
CHAOS_0033,Cd-Mn-Sr-V,EFA quartile,Q2,2,intermediate-low EFA,delta_electronegativity_Ghosh,$\delta\chi_{\mathrm{Ghosh}}$,0.2845528455284553
CHAOS_0034,Cu-Fe-Sn-Zn,EFA quartile,Q4,4,high EFA,delta_electronegativity_Ghosh,$\delta\chi_{\mathrm{Ghosh}}$,0.5060975609756098
CHAOS_0035,Ca-Mg-Mn-Ni,EFA quartile,Q4,4,high EFA,delta_electronegativity_Ghosh,$\delta\chi_{\mathrm{Ghosh}}$,0.3313008130081301
CHAOS_0036,Ca-Cd-Fe-Ni,EFA quartile,Q3,3,intermediate-high EFA,delta_electronegativity_Ghosh,$\delta\chi_{\mathrm{Ghosh}}$,0.4735772357723577
CHAOS_0037,Ca-Mg-Nb-Zn,EFA quartile,Q3,3,intermediate-high EFA,delta_electronegativity_Ghosh,$\delta\chi_{\mathrm{Ghosh}}$,0.5873983739837398
CHAOS_0038,Nb-Tc-Ti-V,EFA quartile,Q1,1,low EFA,delta_electronegativity_Ghosh,$\delta\chi_{\mathrm{Ghosh}}$,0.01422764227642276
CHAOS_0039,Ca-Cu-Mg-Mn,EFA quartile,Q4,4,high EFA,delta_electronegativity_Ghosh,$\delta\chi_{\mathrm{Ghosh}}$,0.4878048780487805
CHAOS_0040,Co-Mg-Mn-Sn,EFA quartile,Q3,3,intermediate-high EFA,delta_electronegativity_Ghosh,$\delta\chi_{\mathrm{Ghosh}}$,0.7479674796747967
CHAOS_0041,Co-Mg-Ni-Sn,EFA quartile,Q4,4,high EFA,delta_electronegativity_Ghosh,$\delta\chi_{\mathrm{Ghosh}}$,0.7195121951219512
CHAOS_0042,Cd-Co-Mg-Sr,EFA quartile,Q3,3,intermediate-high EFA,delta_electronegativity_Ghosh,$\delta\chi_{\mathrm{Ghosh}}$,0.4695121951219512
CHAOS_0043,Cd-Mg-Nb-Sn,EFA quartile,Q1,1,low EFA,delta_electronegativity_Ghosh,$\delta\chi_{\mathrm{Ghosh}}$,0.8211382113821138
CHAOS_0044,Ca-Mn-Nb-Sr,EFA quartile,Q2,2,intermediate-low EFA,delta_electronegativity_Ghosh,$\delta\chi_{\mathrm{Ghosh}}$,0.1361788617886179
CHAOS_0045,Mg-Sn-Ti-V,EFA quartile,Q1,1,low EFA,delta_electronegativity_Ghosh,$\delta\chi_{\mathrm{Ghosh}}$,0.9024390243902439
CHAOS_0046,Cd-Fe-Sr-Ti,EFA quartile,Q1,1,low EFA,delta_electronegativity_Ghosh,$\delta\chi_{\mathrm{Ghosh}}$,0.3760162601626016
CHAOS_0047,Ca-Cd-Sn-Zn,EFA quartile,Q4,4,high EFA,delta_electronegativity_Ghosh,$\delta\chi_{\mathrm{Ghosh}}$,0.8434959349593496
CHAOS_0048,Cd-Co-Sn-Zn,EFA quartile,Q3,3,intermediate-high EFA,delta_electronegativity_Ghosh,$\delta\chi_{\mathrm{Ghosh}}$,0.4105691056910569
CHAOS_0049,Cu-Mn-V-Zn,EFA quartile,Q3,3,intermediate-high EFA,delta_electronegativity_Ghosh,$\delta\chi_{\mathrm{Ghosh}}$,0.2601626016260163
CHAOS_0050,Cd-Ni-Sn-Zn,EFA quartile,Q3,3,intermediate-high EFA,delta_electronegativity_Ghosh,$\delta\chi_{\mathrm{Ghosh}}$,0.3048780487804878
CHAOS_0051,Ca-Mg-Mn-Sn,EFA quartile,Q3,3,intermediate-high EFA,delta_electronegativity_Ghosh,$\delta\chi_{\mathrm{Ghosh}}$,0.9532520325203252
CHAOS_0052,Co-Cu-Mg-Ni,EFA quartile,Q4,4,high EFA,delta_electronegativity_Ghosh,$\delta\chi_{\mathrm{Ghosh}}$,0.2621951219512195
CHAOS_0053,Fe-Mn-Sn-Zn,EFA quartile,Q3,3,intermediate-high EFA,delta_electronegativity_Ghosh,$\delta\chi_{\mathrm{Ghosh}}$,0.6727642276422764
CHAOS_0054,Ca-Mn-Nb-Zn,EFA quartile,Q2,2,intermediate-low EFA,delta_electronegativity_Ghosh,$\delta\chi_{\mathrm{Ghosh}}$,0.5345528455284553
CHAOS_0055,Ca-Mg-Ti-V,EFA quartile,Q4,4,high EFA,delta_electronegativity_Ghosh,$\delta\chi_{\mathrm{Ghosh}}$,0.02032520325203252
CHAOS_0056,Mn-Nb-Ti-Zn,EFA quartile,Q1,1,low EFA,delta_electronegativity_Ghosh,$\delta\chi_{\mathrm{Ghosh}}$,0.3089430894308943
CHAOS_0057,Cd-Fe-Nb-Ti,EFA quartile,Q1,1,low EFA,delta_electronegativity_Ghosh,$\delta\chi_{\mathrm{Ghosh}}$,0.201219512195122
CHAOS_0058,Nb-Sn-Sr-Ti,EFA quartile,Q1,1,low EFA,delta_electronegativity_Ghosh,$\delta\chi_{\mathrm{Ghosh}}$,0.9288617886178862
CHAOS_0059,Cu-Nb-Sn-Tc,EFA quartile,Q1,1,low EFA,delta_electronegativity_Ghosh,$\delta\chi_{\mathrm{Ghosh}}$,0.6971544715447154
CHAOS_0060,Mg-Mn-Nb-Sr,EFA quartile,Q2,2,intermediate-low EFA,delta_electronegativity_Ghosh,$\delta\chi_{\mathrm{Ghosh}}$,0.08943089430894309
CHAOS_0061,Cu-Mn-Sn-Zn,EFA quartile,Q3,3,intermediate-high EFA,delta_electronegativity_Ghosh,$\delta\chi_{\mathrm{Ghosh}}$,0.6036585365853658
CHAOS_0062,Ca-Mn-Sr-Ti,EFA quartile,Q1,1,low EFA,delta_electronegativity_Ghosh,$\delta\chi_{\mathrm{Ghosh}}$,0.1219512195121951
CHAOS_0063,Cd-Co-Mg-Zn,EFA quartile,Q4,4,high EFA,delta_electronegativity_Ghosh,$\delta\chi_{\mathrm{Ghosh}}$,0.3841463414634146
CHAOS_0064,Co-Mg-Mn-V,EFA quartile,Q4,4,high EFA,delta_electronegativity_Ghosh,$\delta\chi_{\mathrm{Ghosh}}$,0.1463414634146341
CHAOS_0065,Co-Fe-Mn-Zn,EFA quartile,Q4,4,high EFA,delta_electronegativity_Ghosh,$\delta\chi_{\mathrm{Ghosh}}$,0.1178861788617886
CHAOS_0066,Cd-Mg-Sn-Sr,EFA quartile,Q4,4,high EFA,delta_electronegativity_Ghosh,$\delta\chi_{\mathrm{Ghosh}}$,0.9369918699186992
CHAOS_0067,Cu-Mg-Ni-Zn,EFA quartile,Q4,4,high EFA,delta_electronegativity_Ghosh,$\delta\chi_{\mathrm{Ghosh}}$,0.4166666666666667
CHAOS_0068,Ca-Cd-Mg-Zn,EFA quartile,Q4,4,high EFA,delta_electronegativity_Ghosh,$\delta\chi_{\mathrm{Ghosh}}$,0.6788617886178862
CHAOS_0069,Co-Mg-Sn-Sr,EFA quartile,Q3,3,intermediate-high EFA,delta_electronegativity_Ghosh,$\delta\chi_{\mathrm{Ghosh}}$,0.9166666666666666
CHAOS_0070,Cd-Mg-Ti-V,EFA quartile,Q1,1,low EFA,delta_electronegativity_Ghosh,$\delta\chi_{\mathrm{Ghosh}}$,0.2764227642276423
CHAOS_0071,Mg-Nb-V-Zn,EFA quartile,Q2,2,intermediate-low EFA,delta_electronegativity_Ghosh,$\delta\chi_{\mathrm{Ghosh}}$,0.4024390243902439
CHAOS_0072,Cu-Nb-Sn-Ti,EFA quartile,Q1,1,low EFA,delta_electronegativity_Ghosh,$\delta\chi_{\mathrm{Ghosh}}$,0.7926829268292683
CHAOS_0073,Cd-Mn-V-Zn,EFA quartile,Q2,2,intermediate-low EFA,delta_electronegativity_Ghosh,$\delta\chi_{\mathrm{Ghosh}}$,0.25
CHAOS_0074,Co-Mn-Sn-Sr,EFA quartile,Q3,3,intermediate-high EFA,delta_electronegativity_Ghosh,$\delta\chi_{\mathrm{Ghosh}}$,0.7947154471544715
CHAOS_0075,Ca-Cd-V-Zn,EFA quartile,Q4,4,high EFA,delta_electronegativity_Ghosh,$\delta\chi_{\mathrm{Ghosh}}$,0.6605691056910569
CHAOS_0076,Mg-Mn-Nb-Sn,EFA quartile,Q1,1,low EFA,delta_electronegativity_Ghosh,$\delta\chi_{\mathrm{Ghosh}}$,0.8191056910569106
CHAOS_0077,Ca-Fe-Sn-Sr,EFA quartile,Q3,3,intermediate-high EFA,delta_electronegativity_Ghosh,$\delta\chi_{\mathrm{Ghosh}}$,0.975609756097561
CHAOS_0078,Cd-Co-Mn-Zn,EFA quartile,Q4,4,high EFA,delta_electronegativity_Ghosh,$\delta\chi_{\mathrm{Ghosh}}$,0.1199186991869919
CHAOS_0079,Co-Mn-Sn-Zn,EFA quartile,Q4,4,high EFA,delta_electronegativity_Ghosh,$\delta\chi_{\mathrm{Ghosh}}$,0.6524390243902439
CHAOS_0080,Ca-Fe-Nb-Sn,EFA quartile,Q1,1,low EFA,delta_electronegativity_Ghosh,$\delta\chi_{\mathrm{Ghosh}}$,0.9004065040650406
CHAOS_0081,Mn-Sn-Sr-Zn,EFA quartile,Q3,3,intermediate-high EFA,delta_electronegativity_Ghosh,$\delta\chi_{\mathrm{Ghosh}}$,0.8353658536585366
CHAOS_0082,Cd-Co-Fe-Zn,EFA quartile,Q4,4,high EFA,delta_electronegativity_Ghosh,$\delta\chi_{\mathrm{Ghosh}}$,0.07723577235772358
CHAOS_0083,Cd-Mg-Ni-Zn,EFA quartile,Q4,4,high EFA,delta_electronegativity_Ghosh,$\delta\chi_{\mathrm{Ghosh}}$,0.3963414634146342
CHAOS_0084,Mn-Nb-Sn-Ti,EFA quartile,Q1,1,low EFA,delta_electronegativity_Ghosh,$\delta\chi_{\mathrm{Ghosh}}$,0.790650406504065
CHAOS_0085,Ca-Cd-Mg-Sr,EFA quartile,Q4,4,high EFA,delta_electronegativity_Ghosh,$\delta\chi_{\mathrm{Ghosh}}$,0.5020325203252033
CHAOS_0086,Ca-Cd-Mn-Sn,EFA quartile,Q3,3,intermediate-high EFA,delta_electronegativity_Ghosh,$\delta\chi_{\mathrm{Ghosh}}$,0.8800813008130082
CHAOS_0087,Cd-Sn-Sr-Zn,EFA quartile,Q3,3,intermediate-high EFA,delta_electronegativity_Ghosh,$\delta\chi_{\mathrm{Ghosh}}$,0.766260162601626
CHAOS_0088,Cd-Mn-Ni-Sn,EFA quartile,Q3,3,intermediate-high EFA,delta_electronegativity_Ghosh,$\delta\chi_{\mathrm{Ghosh}}$,0.6341463414634146
CHAOS_0089,Nb-Sn-Ti-V,EFA quartile,Q1,1,low EFA,delta_electronegativity_Ghosh,$\delta\chi_{\mathrm{Ghosh}}$,0.8475609756097561
CHAOS_0090,Ca-Fe-Nb-Sr,EFA quartile,Q2,2,intermediate-low EFA,delta_electronegativity_Ghosh,$\delta\chi_{\mathrm{Ghosh}}$,0.1727642276422764
CHAOS_0091,Cd-Ti-V-Zn,EFA quartile,Q1,1,low EFA,delta_electronegativity_Ghosh,$\delta\chi_{\mathrm{Ghosh}}$,0.4959349593495935
CHAOS_0092,Sn-Sr-Ti-V,EFA quartile,Q1,1,low EFA,delta_electronegativity_Ghosh,$\delta\chi_{\mathrm{Ghosh}}$,0.9308943089430894
CHAOS_0093,Ca-Cd-Mg-V,EFA quartile,Q3,3,intermediate-high EFA,delta_electronegativity_Ghosh,$\delta\chi_{\mathrm{Ghosh}}$,0.4308943089430894
CHAOS_0094,Mg-Mn-V-Zn,EFA quartile,Q2,2,intermediate-low EFA,delta_electronegativity_Ghosh,$\delta\chi_{\mathrm{Ghosh}}$,0.3719512195121951
CHAOS_0095,Cd-Co-Mg-Ni,EFA quartile,Q4,4,high EFA,delta_electronegativity_Ghosh,$\delta\chi_{\mathrm{Ghosh}}$,0.2540650406504065
CHAOS_0096,Fe-Mg-Sr-Zn,EFA quartile,Q3,3,intermediate-high EFA,delta_electronegativity_Ghosh,$\delta\chi_{\mathrm{Ghosh}}$,0.5650406504065041
CHAOS_0097,Co-Fe-Sn-Sr,EFA quartile,Q2,2,intermediate-low EFA,delta_electronegativity_Ghosh,$\delta\chi_{\mathrm{Ghosh}}$,0.774390243902439
CHAOS_0098,Cd-Fe-Mg-Sr,EFA quartile,Q3,3,intermediate-high EFA,delta_electronegativity_Ghosh,$\delta\chi_{\mathrm{Ghosh}}$,0.4126016260162602
CHAOS_0099,Sn-Ti-V-Zn,EFA quartile,Q1,1,low EFA,delta_electronegativity_Ghosh,$\delta\chi_{\mathrm{Ghosh}}$,0.8272357723577236
CHAOS_0100,Cd-Fe-Mg-Ni,EFA quartile,Q4,4,high EFA,delta_electronegativity_Ghosh,$\delta\chi_{\mathrm{Ghosh}}$,0.2479674796747967
CHAOS_0101,Ca-Fe-Mg-Ni,EFA quartile,Q4,4,high EFA,delta_electronegativity_Ghosh,$\delta\chi_{\mathrm{Ghosh}}$,0.3861788617886179
CHAOS_0102,Mg-Mn-Sn-Ti,EFA quartile,Q1,1,low EFA,delta_electronegativity_Ghosh,$\delta\chi_{\mathrm{Ghosh}}$,0.8739837398373984
CHAOS_0103,Ca-Mg-Sn-Zn,EFA quartile,Q4,4,high EFA,delta_electronegativity_Ghosh,$\delta\chi_{\mathrm{Ghosh}}$,0.991869918699187
CHAOS_0104,Ca-Fe-Mg-Ti,EFA quartile,Q2,2,intermediate-low EFA,delta_electronegativity_Ghosh,$\delta\chi_{\mathrm{Ghosh}}$,0.1585365853658537
CHAOS_0105,Sn-Tc-Ti-V,EFA quartile,Q1,1,low EFA,delta_electronegativity_Ghosh,$\delta\chi_{\mathrm{Ghosh}}$,0.8109756097560976
CHAOS_0106,Cd-Mn-Nb-Zn,EFA quartile,Q1,1,low EFA,delta_electronegativity_Ghosh,$\delta\chi_{\mathrm{Ghosh}}$,0.2378048780487805
CHAOS_0107,Cd-Sn-Ti-V,EFA quartile,Q1,1,low EFA,delta_electronegativity_Ghosh,$\delta\chi_{\mathrm{Ghosh}}$,0.8028455284552846
CHAOS_0108,Cd-Mg-Sn-Ti,EFA quartile,Q1,1,low EFA,delta_electronegativity_Ghosh,$\delta\chi_{\mathrm{Ghosh}}$,0.8861788617886179
CHAOS_0109,Mg-Mn-Sr-V,EFA quartile,Q2,2,intermediate-low EFA,delta_electronegativity_Ghosh,$\delta\chi_{\mathrm{Ghosh}}$,0.08536585365853659
CHAOS_0110,Cd-Fe-Nb-Zn,EFA quartile,Q1,1,low EFA,delta_electronegativity_Ghosh,$\delta\chi_{\mathrm{Ghosh}}$,0.2032520325203252
CHAOS_0111,Ca-Co-Ni-Sr,EFA quartile,Q2,2,intermediate-low EFA,delta_electronegativity_Ghosh,$\delta\chi_{\mathrm{Ghosh}}$,0.5203252032520326
CHAOS_0112,Ca-Cd-Nb-Ti,EFA quartile,Q1,1,low EFA,delta_electronegativity_Ghosh,$\delta\chi_{\mathrm{Ghosh}}$,0.3983739837398374
CHAOS_0113,Cd-Mg-Ni-Sn,EFA quartile,Q4,4,high EFA,delta_electronegativity_Ghosh,$\delta\chi_{\mathrm{Ghosh}}$,0.7134146341463414
CHAOS_0114,Cu-Fe-Mg-Ni,EFA quartile,Q4,4,high EFA,delta_electronegativity_Ghosh,$\delta\chi_{\mathrm{Ghosh}}$,0.258130081300813
CHAOS_0115,Ca-Cu-Mg-Zn,EFA quartile,Q4,4,high EFA,delta_electronegativity_Ghosh,$\delta\chi_{\mathrm{Ghosh}}$,0.6829268292682927
CHAOS_0116,Cd-Mg-Ti-Zn,EFA quartile,Q2,2,intermediate-low EFA,delta_electronegativity_Ghosh,$\delta\chi_{\mathrm{Ghosh}}$,0.5975609756097561
CHAOS_0117,Cd-Fe-Mg-Nb,EFA quartile,Q1,1,low EFA,delta_electronegativity_Ghosh,$\delta\chi_{\mathrm{Ghosh}}$,0.2357723577235772
CHAOS_0118,Cu-Fe-V-Zn,EFA quartile,Q2,2,intermediate-low EFA,delta_electronegativity_Ghosh,$\delta\chi_{\mathrm{Ghosh}}$,0.225609756097561
CHAOS_0119,Ca-Mn-Nb-Ti,EFA quartile,Q1,1,low EFA,delta_electronegativity_Ghosh,$\delta\chi_{\mathrm{Ghosh}}$,0.1056910569105691
CHAOS_0120,Co-Fe-Ni-Sr,EFA quartile,Q2,2,intermediate-low EFA,delta_electronegativity_Ghosh,$\delta\chi_{\mathrm{Ghosh}}$,0.2439024390243902
CHAOS_0121,Ca-Fe-Mn-Sn,EFA quartile,Q4,4,high EFA,delta_electronegativity_Ghosh,$\delta\chi_{\mathrm{Ghosh}}$,0.8638211382113821
CHAOS_0122,Ca-Cd-Nb-Zn,EFA quartile,Q1,1,low EFA,delta_electronegativity_Ghosh,$\delta\chi_{\mathrm{Ghosh}}$,0.6585365853658537
CHAOS_0123,Ni-Sn-Sr-Zn,EFA quartile,Q2,2,intermediate-low EFA,delta_electronegativity_Ghosh,$\delta\chi_{\mathrm{Ghosh}}$,0.7703252032520326
CHAOS_0124,Ca-Co-Mg-Sn,EFA quartile,Q4,4,high EFA,delta_electronegativity_Ghosh,$\delta\chi_{\mathrm{Ghosh}}$,0.9552845528455285
CHAOS_0125,Ca-Mg-Mn-Sr,EFA quartile,Q3,3,intermediate-high EFA,delta_electronegativity_Ghosh,$\delta\chi_{\mathrm{Ghosh}}$,0.1239837398373984
CHAOS_0126,Co-Fe-Mn-Ni,EFA quartile,Q4,4,high EFA,delta_electronegativity_Ghosh,$\delta\chi_{\mathrm{Ghosh}}$,0.0274390243902439
CHAOS_0127,Cd-Mn-Nb-Ti,EFA quartile,Q1,1,low EFA,delta_electronegativity_Ghosh,$\delta\chi_{\mathrm{Ghosh}}$,0.1869918699186992
CHAOS_0128,Nb-Sn-Tc-Zn,EFA quartile,Q1,1,low EFA,delta_electronegativity_Ghosh,$\delta\chi_{\mathrm{Ghosh}}$,0.7052845528455285
CHAOS_0129,Fe-Nb-Sn-V,EFA quartile,Q1,1,low EFA,delta_electronegativity_Ghosh,$\delta\chi_{\mathrm{Ghosh}}$,0.7378048780487805
CHAOS_0130,Ca-Fe-Sr-Ti,EFA quartile,Q2,2,intermediate-low EFA,delta_electronegativity_Ghosh,$\delta\chi_{\mathrm{Ghosh}}$,0.1646341463414634
CHAOS_0131,Mg-Sn-Ti-Zn,EFA quartile,Q1,1,low EFA,delta_electronegativity_Ghosh,$\delta\chi_{\mathrm{Ghosh}}$,0.9065040650406504
CHAOS_0132,Ca-Fe-Ni-Sr,EFA quartile,Q2,2,intermediate-low EFA,delta_electronegativity_Ghosh,$\delta\chi_{\mathrm{Ghosh}}$,0.4451219512195122
CHAOS_0133,Cd-Nb-Sr-Ti,EFA quartile,Q1,1,low EFA,delta_electronegativity_Ghosh,$\delta\chi_{\mathrm{Ghosh}}$,0.3150406504065041
CHAOS_0134,Fe-Mg-Sn-Sr,EFA quartile,Q2,2,intermediate-low EFA,delta_electronegativity_Ghosh,$\delta\chi_{\mathrm{Ghosh}}$,0.9146341463414634
CHAOS_0135,Cd-Co-Ni-Sn,EFA quartile,Q3,3,intermediate-high EFA,delta_electronegativity_Ghosh,$\delta\chi_{\mathrm{Ghosh}}$,0.4796747967479675
CHAOS_0136,Mg-Nb-Sr-Zn,EFA quartile,Q2,2,intermediate-low EFA,delta_electronegativity_Ghosh,$\delta\chi_{\mathrm{Ghosh}}$,0.5426829268292683
CHAOS_0137,Cd-Fe-Sn-Zn,EFA quartile,Q3,3,intermediate-high EFA,delta_electronegativity_Ghosh,$\delta\chi_{\mathrm{Ghosh}}$,0.5142276422764228
CHAOS_0138,Cd-Mg-Sn-V,EFA quartile,Q1,1,low EFA,delta_electronegativity_Ghosh,$\delta\chi_{\mathrm{Ghosh}}$,0.8333333333333334
CHAOS_0139,Mn-Ni-V-Zn,EFA quartile,Q3,3,intermediate-high EFA,delta_electronegativity_Ghosh,$\delta\chi_{\mathrm{Ghosh}}$,0.2134146341463415
CHAOS_0140,Cd-Mg-Sr-Zn,EFA quartile,Q3,3,intermediate-high EFA,delta_electronegativity_Ghosh,$\delta\chi_{\mathrm{Ghosh}}$,0.6626016260162602
CHAOS_0141,Nb-Ni-Sn-Ti,EFA quartile,Q1,1,low EFA,delta_electronegativity_Ghosh,$\delta\chi_{\mathrm{Ghosh}}$,0.7845528455284553
CHAOS_0142,Cd-Co-Ni-Zn,EFA quartile,Q4,4,high EFA,delta_electronegativity_Ghosh,$\delta\chi_{\mathrm{Ghosh}}$,0.02235772357723577
CHAOS_0143,Mg-Sn-V-Zn,EFA quartile,Q1,1,low EFA,delta_electronegativity_Ghosh,$\delta\chi_{\mathrm{Ghosh}}$,0.8617886178861789
CHAOS_0144,Ca-Fe-Mg-Zn,EFA quartile,Q3,3,intermediate-high EFA,delta_electronegativity_Ghosh,$\delta\chi_{\mathrm{Ghosh}}$,0.6219512195121951
CHAOS_0145,Ca-Cd-Fe-Sn,EFA quartile,Q4,4,high EFA,delta_electronegativity_Ghosh,$\delta\chi_{\mathrm{Ghosh}}$,0.8516260162601627
CHAOS_0146,Ca-Mn-Nb-V,EFA quartile,Q2,2,intermediate-low EFA,delta_electronegativity_Ghosh,$\delta\chi_{\mathrm{Ghosh}}$,0.09552845528455285
CHAOS_0147,Cd-Fe-Ni-Sr,EFA quartile,Q2,2,intermediate-low EFA,delta_electronegativity_Ghosh,$\delta\chi_{\mathrm{Ghosh}}$,0.3414634146341464
CHAOS_0148,Ca-Mg-Nb-Ti,EFA quartile,Q2,2,intermediate-low EFA,delta_electronegativity_Ghosh,$\delta\chi_{\mathrm{Ghosh}}$,0.03048780487804878
CHAOS_0149,Ca-Co-Mg-Sr,EFA quartile,Q3,3,intermediate-high EFA,delta_electronegativity_Ghosh,$\delta\chi_{\mathrm{Ghosh}}$,0.2296747967479675
CHAOS_0150,Mg-Sr-Ti-Zn,EFA quartile,Q2,2,intermediate-low EFA,delta_electronegativity_Ghosh,$\delta\chi_{\mathrm{Ghosh}}$,0.5670731707317073
CHAOS_0151,Cd-Mg-Mn-Nb,EFA quartile,Q1,1,low EFA,delta_electronegativity_Ghosh,$\delta\chi_{\mathrm{Ghosh}}$,0.217479674796748
CHAOS_0152,Fe-Mn-Sr-Zn,EFA quartile,Q3,3,intermediate-high EFA,delta_electronegativity_Ghosh,$\delta\chi_{\mathrm{Ghosh}}$,0.4085365853658536
CHAOS_0153,Cd-Fe-Mg-Zn,EFA quartile,Q4,4,high EFA,delta_electronegativity_Ghosh,$\delta\chi_{\mathrm{Ghosh}}$,0.3902439024390244
CHAOS_0154,Ca-Mn-Ni-Sr,EFA quartile,Q2,2,intermediate-low EFA,delta_electronegativity_Ghosh,$\delta\chi_{\mathrm{Ghosh}}$,0.3882113821138211
CHAOS_0155,Cd-Mn-Nb-Sr,EFA quartile,Q1,1,low EFA,delta_electronegativity_Ghosh,$\delta\chi_{\mathrm{Ghosh}}$,0.2784552845528455
CHAOS_0156,Cd-Cu-Fe-Mg,EFA quartile,Q4,4,high EFA,delta_electronegativity_Ghosh,$\delta\chi_{\mathrm{Ghosh}}$,0.2947154471544716
CHAOS_0157,Ca-Sn-Ti-V,EFA quartile,Q1,1,low EFA,delta_electronegativity_Ghosh,$\delta\chi_{\mathrm{Ghosh}}$,0.9613821138211383
CHAOS_0158,Fe-Mg-Mn-Ni,EFA quartile,Q4,4,high EFA,delta_electronegativity_Ghosh,$\delta\chi_{\mathrm{Ghosh}}$,0.1686991869918699
CHAOS_0159,Cd-Fe-Ni-Sn,EFA quartile,Q3,3,intermediate-high EFA,delta_electronegativity_Ghosh,$\delta\chi_{\mathrm{Ghosh}}$,0.5609756097560976
CHAOS_0160,Cd-Mg-V-Zn,EFA quartile,Q3,3,intermediate-high EFA,delta_electronegativity_Ghosh,$\delta\chi_{\mathrm{Ghosh}}$,0.532520325203252
CHAOS_0161,Ca-Mg-Mn-Ti,EFA quartile,Q2,2,intermediate-low EFA,delta_electronegativity_Ghosh,$\delta\chi_{\mathrm{Ghosh}}$,0.1036585365853658
CHAOS_0162,Co-Cu-Fe-Ni,EFA quartile,Q4,4,high EFA,delta_electronegativity_Ghosh,$\delta\chi_{\mathrm{Ghosh}}$,0.0274390243902439
CHAOS_0163,Ca-Cd-Nb-Sn,EFA quartile,Q1,1,low EFA,delta_electronegativity_Ghosh,$\delta\chi_{\mathrm{Ghosh}}$,0.9227642276422764
CHAOS_0164,Fe-Mg-Nb-Sn,EFA quartile,Q1,1,low EFA,delta_electronegativity_Ghosh,$\delta\chi_{\mathrm{Ghosh}}$,0.8130081300813008
CHAOS_0165,Cu-Mg-V-Zn,EFA quartile,Q4,4,high EFA,delta_electronegativity_Ghosh,$\delta\chi_{\mathrm{Ghosh}}$,0.5548780487804879
CHAOS_0166,Fe-Mg-Nb-Sr,EFA quartile,Q2,2,intermediate-low EFA,delta_electronegativity_Ghosh,$\delta\chi_{\mathrm{Ghosh}}$,0.1382113821138211
CHAOS_0167,Ca-Sn-Sr-Ti,EFA quartile,Q2,2,intermediate-low EFA,delta_electronegativity_Ghosh,$\delta\chi_{\mathrm{Ghosh}}$,0.9959349593495935
CHAOS_0168,Cd-Mg-Sn-Zn,EFA quartile,Q4,4,high EFA,delta_electronegativity_Ghosh,$\delta\chi_{\mathrm{Ghosh}}$,0.717479674796748
CHAOS_0169,Ca-Cd-Nb-Sr,EFA quartile,Q2,2,intermediate-low EFA,delta_electronegativity_Ghosh,$\delta\chi_{\mathrm{Ghosh}}$,0.475609756097561
CHAOS_0170,Cd-Fe-Sn-Ti,EFA quartile,Q1,1,low EFA,delta_electronegativity_Ghosh,$\delta\chi_{\mathrm{Ghosh}}$,0.7113821138211383
CHAOS_0171,Fe-Nb-Sn-Zn,EFA quartile,Q1,1,low EFA,delta_electronegativity_Ghosh,$\delta\chi_{\mathrm{Ghosh}}$,0.693089430894309
CHAOS_0172,Cu-Nb-Sn-V,EFA quartile,Q1,1,low EFA,delta_electronegativity_Ghosh,$\delta\chi_{\mathrm{Ghosh}}$,0.7439024390243902
CHAOS_0173,Cd-Nb-Ti-V,EFA quartile,Q1,1,low EFA,delta_electronegativity_Ghosh,$\delta\chi_{\mathrm{Ghosh}}$,0.209349593495935
CHAOS_0174,Cd-Fe-Mn-Ni,EFA quartile,Q4,4,high EFA,delta_electronegativity_Ghosh,$\delta\chi_{\mathrm{Ghosh}}$,0.07317073170731707
CHAOS_0175,Ca-Fe-Sn-Ti,EFA quartile,Q1,1,low EFA,delta_electronegativity_Ghosh,$\delta\chi_{\mathrm{Ghosh}}$,0.9349593495934959
CHAOS_0176,Ca-Cd-Mg-Ni,EFA quartile,Q4,4,high EFA,delta_electronegativity_Ghosh,$\delta\chi_{\mathrm{Ghosh}}$,0.6097560975609756
CHAOS_0177,Ca-Mg-Nb-Sr,EFA quartile,Q3,3,intermediate-high EFA,delta_electronegativity_Ghosh,$\delta\chi_{\mathrm{Ghosh}}$,0.03455284552845529
CHAOS_0178,Mg-Ni-Sn-Zn,EFA quartile,Q4,4,high EFA,delta_electronegativity_Ghosh,$\delta\chi_{\mathrm{Ghosh}}$,0.7215447154471545
CHAOS_0179,Mg-Mn-Sn-Sr,EFA quartile,Q3,3,intermediate-high EFA,delta_electronegativity_Ghosh,$\delta\chi_{\mathrm{Ghosh}}$,0.9186991869918699
CHAOS_0180,Fe-Mg-Ni-Sr,EFA quartile,Q2,2,intermediate-low EFA,delta_electronegativity_Ghosh,$\delta\chi_{\mathrm{Ghosh}}$,0.298780487804878
CHAOS_0181,Ca-Mg-Mn-V,EFA quartile,Q2,2,intermediate-low EFA,delta_electronegativity_Ghosh,$\delta\chi_{\mathrm{Ghosh}}$,0.1077235772357724
CHAOS_0182,Co-Cu-Fe-V,EFA quartile,Q2,2,intermediate-low EFA,delta_electronegativity_Ghosh,$\delta\chi_{\mathrm{Ghosh}}$,0.1514227642276423
CHAOS_0183,Ca-Co-Sn-Sr,EFA quartile,Q3,3,intermediate-high EFA,delta_electronegativity_Ghosh,$\delta\chi_{\mathrm{Ghosh}}$,0.9796747967479674
CHAOS_0184,Fe-Mn-Ni-Zn,EFA quartile,Q4,4,high EFA,delta_electronegativity_Ghosh,$\delta\chi_{\mathrm{Ghosh}}$,0.1300813008130081
CHAOS_0185,Ca-Co-Mg-Mn,EFA quartile,Q4,4,high EFA,delta_electronegativity_Ghosh,$\delta\chi_{\mathrm{Ghosh}}$,0.233739837398374
CHAOS_0186,Ca-Nb-Sn-Ti,EFA quartile,Q1,1,low EFA,delta_electronegativity_Ghosh,$\delta\chi_{\mathrm{Ghosh}}$,0.9573170731707317
CHAOS_0187,Ca-Cd-Sr-V,EFA quartile,Q3,3,intermediate-high EFA,delta_electronegativity_Ghosh,$\delta\chi_{\mathrm{Ghosh}}$,0.4776422764227642
CHAOS_0188,Ca-Mg-Sn-Ti,EFA quartile,Q1,1,low EFA,delta_electronegativity_Ghosh,$\delta\chi_{\mathrm{Ghosh}}$,0.983739837398374
CHAOS_0189,Mn-Nb-Ti-V,EFA quartile,Q2,2,intermediate-low EFA,delta_electronegativity_Ghosh,$\delta\chi_{\mathrm{Ghosh}}$,0.01829268292682927
CHAOS_0190,Ca-Mg-Ni-Sn,EFA quartile,Q4,4,high EFA,delta_electronegativity_Ghosh,$\delta\chi_{\mathrm{Ghosh}}$,0.967479674796748
CHAOS_0191,Cd-Cu-V-Zn,EFA quartile,Q3,3,intermediate-high EFA,delta_electronegativity_Ghosh,$\delta\chi_{\mathrm{Ghosh}}$,0.2317073170731707
CHAOS_0192,Cd-Mg-Nb-Zn,EFA quartile,Q1,1,low EFA,delta_electronegativity_Ghosh,$\delta\chi_{\mathrm{Ghosh}}$,0.524390243902439
CHAOS_0193,Cd-Co-Fe-Sn,EFA quartile,Q3,3,intermediate-high EFA,delta_electronegativity_Ghosh,$\delta\chi_{\mathrm{Ghosh}}$,0.5853658536585366
CHAOS_0194,Nb-Sr-Tc-Ti,EFA quartile,Q1,1,low EFA,delta_electronegativity_Ghosh,$\delta\chi_{\mathrm{Ghosh}}$,0.06707317073170732
CHAOS_0195,Cu-Nb-Sn-Sr,EFA quartile,Q1,1,low EFA,delta_electronegativity_Ghosh,$\delta\chi_{\mathrm{Ghosh}}$,0.8841463414634146
CHAOS_0196,Ca-Cd-Mg-Ti,EFA quartile,Q2,2,intermediate-low EFA,delta_electronegativity_Ghosh,$\delta\chi_{\mathrm{Ghosh}}$,0.4410569105691057
CHAOS_0197,Ca-Nb-Sr-V,EFA quartile,Q2,2,intermediate-low EFA,delta_electronegativity_Ghosh,$\delta\chi_{\mathrm{Ghosh}}$,0.0508130081300813
CHAOS_0198,Cd-Fe-Nb-Sn,EFA quartile,Q1,1,low EFA,delta_electronegativity_Ghosh,$\delta\chi_{\mathrm{Ghosh}}$,0.6910569105691057
CHAOS_0199,Co-Mg-Ni-Sr,EFA quartile,Q2,2,intermediate-low EFA,delta_electronegativity_Ghosh,$\delta\chi_{\mathrm{Ghosh}}$,0.3739837398373984
CHAOS_0200,Co-Mn-Sr-Zn,EFA quartile,Q3,3,intermediate-high EFA,delta_electronegativity_Ghosh,$\delta\chi_{\mathrm{Ghosh}}$,0.4329268292682927
CHAOS_0201,Ca-Mn-Ti-V,EFA quartile,Q2,2,intermediate-low EFA,delta_electronegativity_Ghosh,$\delta\chi_{\mathrm{Ghosh}}$,0.100609756097561
CHAOS_0202,Ca-Cd-Co-Mg,EFA quartile,Q4,4,high EFA,delta_electronegativity_Ghosh,$\delta\chi_{\mathrm{Ghosh}}$,0.556910569105691
CHAOS_0203,Mn-Sr-Ti-V,EFA quartile,Q2,2,intermediate-low EFA,delta_electronegativity_Ghosh,$\delta\chi_{\mathrm{Ghosh}}$,0.07520325203252033
CHAOS_0204,Cd-Sr-Ti-Zn,EFA quartile,Q1,1,low EFA,delta_electronegativity_Ghosh,$\delta\chi_{\mathrm{Ghosh}}$,0.6483739837398373
CHAOS_0205,Fe-Ni-Sn-Zn,EFA quartile,Q3,3,intermediate-high EFA,delta_electronegativity_Ghosh,$\delta\chi_{\mathrm{Ghosh}}$,0.5508130081300813
CHAOS_0206,Ca-Nb-Sn-Sr,EFA quartile,Q1,1,low EFA,delta_electronegativity_Ghosh,$\delta\chi_{\mathrm{Ghosh}}$,0.9857723577235772
CHAOS_0207,Cd-Mg-Nb-V,EFA quartile,Q1,1,low EFA,delta_electronegativity_Ghosh,$\delta\chi_{\mathrm{Ghosh}}$,0.241869918699187
CHAOS_0208,Fe-Nb-Sn-Sr,EFA quartile,Q1,1,low EFA,delta_electronegativity_Ghosh,$\delta\chi_{\mathrm{Ghosh}}$,0.8577235772357723
CHAOS_0209,Ca-Cu-Mg-V,EFA quartile,Q3,3,intermediate-high EFA,delta_electronegativity_Ghosh,$\delta\chi_{\mathrm{Ghosh}}$,0.451219512195122
CHAOS_0210,Ca-Fe-Mg-Sr,EFA quartile,Q3,3,intermediate-high EFA,delta_electronegativity_Ghosh,$\delta\chi_{\mathrm{Ghosh}}$,0.1666666666666667
CHAOS_0211,Ca-Sn-Sr-Zn,EFA quartile,Q3,3,intermediate-high EFA,delta_electronegativity_Ghosh,$\delta\chi_{\mathrm{Ghosh}}$,1.0
CHAOS_0212,Cd-Mn-Sr-Ti,EFA quartile,Q2,2,intermediate-low EFA,delta_electronegativity_Ghosh,$\delta\chi_{\mathrm{Ghosh}}$,0.3292682926829268
CHAOS_0213,Mn-Ni-Sr-Zn,EFA quartile,Q3,3,intermediate-high EFA,delta_electronegativity_Ghosh,$\delta\chi_{\mathrm{Ghosh}}$,0.491869918699187
CHAOS_0214,Cd-Sr-V-Zn,EFA quartile,Q2,2,intermediate-low EFA,delta_electronegativity_Ghosh,$\delta\chi_{\mathrm{Ghosh}}$,0.6077235772357723
CHAOS_0215,Co-Fe-Mg-Sn,EFA quartile,Q3,3,intermediate-high EFA,delta_electronegativity_Ghosh,$\delta\chi_{\mathrm{Ghosh}}$,0.733739837398374
CHAOS_0216,Cu-Sn-Ti-V,EFA quartile,Q1,1,low EFA,delta_electronegativity_Ghosh,$\delta\chi_{\mathrm{Ghosh}}$,0.8089430894308943
CHAOS_0217,Ca-Mn-Sr-Zn,EFA quartile,Q3,3,intermediate-high EFA,delta_electronegativity_Ghosh,$\delta\chi_{\mathrm{Ghosh}}$,0.6361788617886179
CHAOS_0218,Mg-Nb-Ti-V,EFA quartile,Q2,2,intermediate-low EFA,delta_electronegativity_Ghosh,$\delta\chi_{\mathrm{Ghosh}}$,0.0
CHAOS_0219,Ca-Cd-Mn-Ni,EFA quartile,Q4,4,high EFA,delta_electronegativity_Ghosh,$\delta\chi_{\mathrm{Ghosh}}$,0.4817073170731707
CHAOS_0220,Co-Fe-Sn-Zn,EFA quartile,Q3,3,intermediate-high EFA,delta_electronegativity_Ghosh,$\delta\chi_{\mathrm{Ghosh}}$,0.5813008130081301
CHAOS_0221,Mg-Nb-Sn-Sr,EFA quartile,Q1,1,low EFA,delta_electronegativity_Ghosh,$\delta\chi_{\mathrm{Ghosh}}$,0.9410569105691057
CHAOS_0222,Cd-Fe-Sr-Zn,EFA quartile,Q3,3,intermediate-high EFA,delta_electronegativity_Ghosh,$\delta\chi_{\mathrm{Ghosh}}$,0.5101626016260162
CHAOS_0223,Ca-Fe-Sn-Zn,EFA quartile,Q3,3,intermediate-high EFA,delta_electronegativity_Ghosh,$\delta\chi_{\mathrm{Ghosh}}$,0.8760162601626016
CHAOS_0224,Mg-Nb-Ti-Zn,EFA quartile,Q2,2,intermediate-low EFA,delta_electronegativity_Ghosh,$\delta\chi_{\mathrm{Ghosh}}$,0.4552845528455284
CHAOS_0225,Ca-Cd-Mg-Mn,EFA quartile,Q4,4,high EFA,delta_electronegativity_Ghosh,$\delta\chi_{\mathrm{Ghosh}}$,0.4471544715447154
CHAOS_0226,Nb-Sn-Sr-Zn,EFA quartile,Q1,1,low EFA,delta_electronegativity_Ghosh,$\delta\chi_{\mathrm{Ghosh}}$,0.8922764227642277
CHAOS_0227,Ca-Mg-Sn-V,EFA quartile,Q2,2,intermediate-low EFA,delta_electronegativity_Ghosh,$\delta\chi_{\mathrm{Ghosh}}$,0.9715447154471545
CHAOS_0228,Ca-Cd-Fe-Mg,EFA quartile,Q3,3,intermediate-high EFA,delta_electronegativity_Ghosh,$\delta\chi_{\mathrm{Ghosh}}$,0.5
CHAOS_0229,Ca-Cu-Mn-V,EFA quartile,Q2,2,intermediate-low EFA,delta_electronegativity_Ghosh,$\delta\chi_{\mathrm{Ghosh}}$,0.3943089430894309
CHAOS_0230,Ca-Mg-Sr-Zn,EFA quartile,Q4,4,high EFA,delta_electronegativity_Ghosh,$\delta\chi_{\mathrm{Ghosh}}$,0.6443089430894309
CHAOS_0231,Cd-Co-Sn-Sr,EFA quartile,Q3,3,intermediate-high EFA,delta_electronegativity_Ghosh,$\delta\chi_{\mathrm{Ghosh}}$,0.7642276422764228
CHAOS_0232,Mg-Nb-Sn-Ti,EFA quartile,Q1,1,low EFA,delta_electronegativity_Ghosh,$\delta\chi_{\mathrm{Ghosh}}$,0.8943089430894309
CHAOS_0233,Cd-Mg-Mn-Ni,EFA quartile,Q4,4,high EFA,delta_electronegativity_Ghosh,$\delta\chi_{\mathrm{Ghosh}}$,0.2560975609756098
CHAOS_0234,Mg-Mn-Ni-Sn,EFA quartile,Q2,2,intermediate-low EFA,delta_electronegativity_Ghosh,$\delta\chi_{\mathrm{Ghosh}}$,0.75
CHAOS_0235,Cd-Nb-Sn-Zn,EFA quartile,Q1,1,low EFA,delta_electronegativity_Ghosh,$\delta\chi_{\mathrm{Ghosh}}$,0.6849593495934959
CHAOS_0236,Cd-Co-Mn-Ni,EFA quartile,Q3,3,intermediate-high EFA,delta_electronegativity_Ghosh,$\delta\chi_{\mathrm{Ghosh}}$,0.05487804878048781
CHAOS_0237,Ca-Fe-Mn-Sr,EFA quartile,Q2,2,intermediate-low EFA,delta_electronegativity_Ghosh,$\delta\chi_{\mathrm{Ghosh}}$,0.1951219512195122
CHAOS_0238,Ca-Sn-Ti-Zn,EFA quartile,Q1,1,low EFA,delta_electronegativity_Ghosh,$\delta\chi_{\mathrm{Ghosh}}$,0.9817073170731707
CHAOS_0239,Ca-Nb-Sr-Ti,EFA quartile,Q2,2,intermediate-low EFA,delta_electronegativity_Ghosh,$\delta\chi_{\mathrm{Ghosh}}$,0.03658536585365853
CHAOS_0240,Co-Fe-Ni-V,EFA quartile,Q2,2,intermediate-low EFA,delta_electronegativity_Ghosh,$\delta\chi_{\mathrm{Ghosh}}$,0.1138211382113821
CHAOS_0241,Cd-Mg-Mn-Sn,EFA quartile,Q3,3,intermediate-high EFA,delta_electronegativity_Ghosh,$\delta\chi_{\mathrm{Ghosh}}$,0.7540650406504065
CHAOS_0242,Co-Mg-Sr-Zn,EFA quartile,Q3,3,intermediate-high EFA,delta_electronegativity_Ghosh,$\delta\chi_{\mathrm{Ghosh}}$,0.5934959349593496
CHAOS_0243,Ca-Sn-Sr-V,EFA quartile,Q3,3,intermediate-high EFA,delta_electronegativity_Ghosh,$\delta\chi_{\mathrm{Ghosh}}$,0.9898373983739838
CHAOS_0244,Cu-Fe-Mg-Ti,EFA quartile,Q3,3,intermediate-high EFA,delta_electronegativity_Ghosh,$\delta\chi_{\mathrm{Ghosh}}$,0.306910569105691
CHAOS_0245,Cd-Mn-Nb-Sn,EFA quartile,Q1,1,low EFA,delta_electronegativity_Ghosh,$\delta\chi_{\mathrm{Ghosh}}$,0.6951219512195121
CHAOS_0246,Mg-Nb-Sn-Zn,EFA quartile,Q1,1,low EFA,delta_electronegativity_Ghosh,$\delta\chi_{\mathrm{Ghosh}}$,0.8495934959349594
CHAOS_0247,Ca-Cd-Co-Mn,EFA quartile,Q4,4,high EFA,delta_electronegativity_Ghosh,$\delta\chi_{\mathrm{Ghosh}}$,0.4146341463414634
CHAOS_0248,Cu-Fe-Mg-Zn,EFA quartile,Q4,4,high EFA,delta_electronegativity_Ghosh,$\delta\chi_{\mathrm{Ghosh}}$,0.4065040650406504
CHAOS_0249,Fe-Mn-Sn-Sr,EFA quartile,Q2,2,intermediate-low EFA,delta_electronegativity_Ghosh,$\delta\chi_{\mathrm{Ghosh}}$,0.8048780487804879
CHAOS_0250,Mg-Mn-Ti-V,EFA quartile,Q3,3,intermediate-high EFA,delta_electronegativity_Ghosh,$\delta\chi_{\mathrm{Ghosh}}$,0.04674796747967479
CHAOS_0251,Ca-Mg-Mn-Zn,EFA quartile,Q2,2,intermediate-low EFA,delta_electronegativity_Ghosh,$\delta\chi_{\mathrm{Ghosh}}$,0.5995934959349594
CHAOS_0252,Cd-Sn-Sr-V,EFA quartile,Q2,2,intermediate-low EFA,delta_electronegativity_Ghosh,$\delta\chi_{\mathrm{Ghosh}}$,0.8882113821138211
CHAOS_0253,Ca-Co-Ni-Sn,EFA quartile,Q4,4,high EFA,delta_electronegativity_Ghosh,$\delta\chi_{\mathrm{Ghosh}}$,0.8313008130081301
CHAOS_0254,Fe-Mn-Ni-Sr,EFA quartile,Q2,2,intermediate-low EFA,delta_electronegativity_Ghosh,$\delta\chi_{\mathrm{Ghosh}}$,0.1991869918699187
CHAOS_0255,Ca-Cd-Mg-Sn,EFA quartile,Q4,4,high EFA,delta_electronegativity_Ghosh,$\delta\chi_{\mathrm{Ghosh}}$,0.9735772357723578
CHAOS_0256,Ca-Mn-Ti-Zn,EFA quartile,Q2,2,intermediate-low EFA,delta_electronegativity_Ghosh,$\delta\chi_{\mathrm{Ghosh}}$,0.5762195121951219
CHAOS_0257,Mg-Mn-Sr-Zn,EFA quartile,Q3,3,intermediate-high EFA,delta_electronegativity_Ghosh,$\delta\chi_{\mathrm{Ghosh}}$,0.5386178861788617
CHAOS_0258,Mn-Nb-Sn-V,EFA quartile,Q1,1,low EFA,delta_electronegativity_Ghosh,$\delta\chi_{\mathrm{Ghosh}}$,0.7520325203252033
CHAOS_0259,Mn-Sn-Sr-V,EFA quartile,Q2,2,intermediate-low EFA,delta_electronegativity_Ghosh,$\delta\chi_{\mathrm{Ghosh}}$,0.8780487804878049
CHAOS_0260,Co-Nb-Sn-Sr,EFA quartile,Q1,1,low EFA,delta_electronegativity_Ghosh,$\delta\chi_{\mathrm{Ghosh}}$,0.8556910569105691
CHAOS_0261,Cd-Mn-Ti-Zn,EFA quartile,Q2,2,intermediate-low EFA,delta_electronegativity_Ghosh,$\delta\chi_{\mathrm{Ghosh}}$,0.3516260162601626
CHAOS_0262,Ca-Mg-Ti-Zn,EFA quartile,Q3,3,intermediate-high EFA,delta_electronegativity_Ghosh,$\delta\chi_{\mathrm{Ghosh}}$,0.6178861788617886
CHAOS_0263,Cd-Co-Mn-Sr,EFA quartile,Q3,3,intermediate-high EFA,delta_electronegativity_Ghosh,$\delta\chi_{\mathrm{Ghosh}}$,0.2926829268292683
CHAOS_0264,Mg-Mn-Nb-Zn,EFA quartile,Q3,3,intermediate-high EFA,delta_electronegativity_Ghosh,$\delta\chi_{\mathrm{Ghosh}}$,0.3536585365853658
CHAOS_0265,Ca-Co-Mn-Zn,EFA quartile,Q4,4,high EFA,delta_electronegativity_Ghosh,$\delta\chi_{\mathrm{Ghosh}}$,0.5457317073170732
CHAOS_0266,Cd-Fe-Nb-Sr,EFA quartile,Q1,1,low EFA,delta_electronegativity_Ghosh,$\delta\chi_{\mathrm{Ghosh}}$,0.3008130081300813
CHAOS_0267,Co-Ni-Sn-Zn,EFA quartile,Q4,4,high EFA,delta_electronegativity_Ghosh,$\delta\chi_{\mathrm{Ghosh}}$,0.4491869918699187
CHAOS_0268,Ca-Co-Fe-Mn,EFA quartile,Q4,4,high EFA,delta_electronegativity_Ghosh,$\delta\chi_{\mathrm{Ghosh}}$,0.2154471544715447
CHAOS_0269,Ca-Fe-Nb-Zn,EFA quartile,Q2,2,intermediate-low EFA,delta_electronegativity_Ghosh,$\delta\chi_{\mathrm{Ghosh}}$,0.5630081300813008
CHAOS_0270,Fe-Nb-Ti-Zn,EFA quartile,Q2,2,intermediate-low EFA,delta_electronegativity_Ghosh,$\delta\chi_{\mathrm{Ghosh}}$,0.3191056910569106
CHAOS_0271,Fe-Mg-Nb-Ti,EFA quartile,Q2,2,intermediate-low EFA,delta_electronegativity_Ghosh,$\delta\chi_{\mathrm{Ghosh}}$,0.09146341463414634
CHAOS_0272,Fe-Mn-Ni-Sn,EFA quartile,Q3,3,intermediate-high EFA,delta_electronegativity_Ghosh,$\delta\chi_{\mathrm{Ghosh}}$,0.6707317073170732
CHAOS_0273,Cu-Fe-Mn-Zn,EFA quartile,Q4,4,high EFA,delta_electronegativity_Ghosh,$\delta\chi_{\mathrm{Ghosh}}$,0.1483739837398374
CHAOS_0274,Mn-Sr-Ti-Zn,EFA quartile,Q1,1,low EFA,delta_electronegativity_Ghosh,$\delta\chi_{\mathrm{Ghosh}}$,0.5121951219512195
CHAOS_0275,Cd-Mg-Ni-Sr,EFA quartile,Q3,3,intermediate-high EFA,delta_electronegativity_Ghosh,$\delta\chi_{\mathrm{Ghosh}}$,0.540650406504065
CHAOS_0276,Mn-Sn-Ti-V,EFA quartile,Q1,1,low EFA,delta_electronegativity_Ghosh,$\delta\chi_{\mathrm{Ghosh}}$,0.806910569105691
CHAOS_0277,Ca-Co-Mn-Ni,EFA quartile,Q4,4,high EFA,delta_electronegativity_Ghosh,$\delta\chi_{\mathrm{Ghosh}}$,0.3241869918699187
CHAOS_0278,Co-Ni-Sn-Sr,EFA quartile,Q2,2,intermediate-low EFA,delta_electronegativity_Ghosh,$\delta\chi_{\mathrm{Ghosh}}$,0.7621951219512195
CHAOS_0279,Nb-Sr-Ti-V,EFA quartile,Q1,1,low EFA,delta_electronegativity_Ghosh,$\delta\chi_{\mathrm{Ghosh}}$,0.01016260162601626
CHAOS_0280,Cd-Co-Mn-Sn,EFA quartile,Q3,3,intermediate-high EFA,delta_electronegativity_Ghosh,$\delta\chi_{\mathrm{Ghosh}}$,0.6504065040650406
CHAOS_0281,Ca-Cd-Fe-Sr,EFA quartile,Q3,3,intermediate-high EFA,delta_electronegativity_Ghosh,$\delta\chi_{\mathrm{Ghosh}}$,0.5528455284552846
CHAOS_0282,Co-Mg-Ni-Zn,EFA quartile,Q4,4,high EFA,delta_electronegativity_Ghosh,$\delta\chi_{\mathrm{Ghosh}}$,0.3373983739837398
CHAOS_0283,Nb-Sn-Ti-Zn,EFA quartile,Q1,1,low EFA,delta_electronegativity_Ghosh,$\delta\chi_{\mathrm{Ghosh}}$,0.8170731707317073
CHAOS_0284,Cd-Fe-Mg-Sn,EFA quartile,Q3,3,intermediate-high EFA,delta_electronegativity_Ghosh,$\delta\chi_{\mathrm{Ghosh}}$,0.7357723577235772
CHAOS_0285,Co-Ni-Sr-Zn,EFA quartile,Q2,2,intermediate-low EFA,delta_electronegativity_Ghosh,$\delta\chi_{\mathrm{Ghosh}}$,0.4715447154471545
CHAOS_0286,Ca-Mn-Ni-Zn,EFA quartile,Q3,3,intermediate-high EFA,delta_electronegativity_Ghosh,$\delta\chi_{\mathrm{Ghosh}}$,0.5762195121951219
CHAOS_0287,Fe-Sn-Ti-V,EFA quartile,Q1,1,low EFA,delta_electronegativity_Ghosh,$\delta\chi_{\mathrm{Ghosh}}$,0.7865853658536586
CHAOS_0288,Cd-Mn-Sn-Sr,EFA quartile,Q3,3,intermediate-high EFA,delta_electronegativity_Ghosh,$\delta\chi_{\mathrm{Ghosh}}$,0.8150406504065041
CHAOS_0289,Cd-Co-Cu-Fe,EFA quartile,Q4,4,high EFA,delta_electronegativity_Ghosh,$\delta\chi_{\mathrm{Ghosh}}$,0.04065040650406504
CHAOS_0290,Co-Cu-Mn-Zn,EFA quartile,Q4,4,high EFA,delta_electronegativity_Ghosh,$\delta\chi_{\mathrm{Ghosh}}$,0.1280487804878049
CHAOS_0291,Co-Nb-Sn-Ti,EFA quartile,Q1,1,low EFA,delta_electronegativity_Ghosh,$\delta\chi_{\mathrm{Ghosh}}$,0.7764227642276422
CHAOS_0292,Cu-Mg-Ni-Sn,EFA quartile,Q3,3,intermediate-high EFA,delta_electronegativity_Ghosh,$\delta\chi_{\mathrm{Ghosh}}$,0.7154471544715447
CHAOS_0293,Fe-Sn-Sr-Ti,EFA quartile,Q1,1,low EFA,delta_electronegativity_Ghosh,$\delta\chi_{\mathrm{Ghosh}}$,0.8963414634146342
CHAOS_0294,Co-Fe-Sr-Zn,EFA quartile,Q2,2,intermediate-low EFA,delta_electronegativity_Ghosh,$\delta\chi_{\mathrm{Ghosh}}$,0.4268292682926829
CHAOS_0295,Mg-Mn-Ni-Zn,EFA quartile,Q4,4,high EFA,delta_electronegativity_Ghosh,$\delta\chi_{\mathrm{Ghosh}}$,0.3638211382113821
CHAOS_0296,Sn-Sr-V-Zn,EFA quartile,Q2,2,intermediate-low EFA,delta_electronegativity_Ghosh,$\delta\chi_{\mathrm{Ghosh}}$,0.9085365853658537
CHAOS_0297,Cd-Mg-Mn-Zn,EFA quartile,Q4,4,high EFA,delta_electronegativity_Ghosh,$\delta\chi_{\mathrm{Ghosh}}$,0.4207317073170732
CHAOS_0298,Fe-Mn-Ni-V,EFA quartile,Q3,3,intermediate-high EFA,delta_electronegativity_Ghosh,$\delta\chi_{\mathrm{Ghosh}}$,0.0975609756097561
CHAOS_0299,Ca-Co-Ni-Zn,EFA quartile,Q4,4,high EFA,delta_electronegativity_Ghosh,$\delta\chi_{\mathrm{Ghosh}}$,0.5762195121951219
CHAOS_0300,Cd-Ni-Sn-Sr,EFA quartile,Q4,4,high EFA,delta_electronegativity_Ghosh,$\delta\chi_{\mathrm{Ghosh}}$,0.7601626016260162
CHAOS_0301,Cd-Nb-Sr-Zn,EFA quartile,Q1,1,low EFA,delta_electronegativity_Ghosh,$\delta\chi_{\mathrm{Ghosh}}$,0.5955284552845529
CHAOS_0302,Fe-Mg-Sn-Ti,EFA quartile,Q1,1,low EFA,delta_electronegativity_Ghosh,$\delta\chi_{\mathrm{Ghosh}}$,0.8658536585365854
CHAOS_0303,Ca-Cd-Mn-V,EFA quartile,Q3,3,intermediate-high EFA,delta_electronegativity_Ghosh,$\delta\chi_{\mathrm{Ghosh}}$,0.3800813008130081
CHAOS_0304,Fe-Mg-Ti-Zn,EFA quartile,Q3,3,intermediate-high EFA,delta_electronegativity_Ghosh,$\delta\chi_{\mathrm{Ghosh}}$,0.4573170731707317
CHAOS_0305,Mg-Nb-Sn-Tc,EFA quartile,Q1,1,low EFA,delta_electronegativity_Ghosh,$\delta\chi_{\mathrm{Ghosh}}$,0.823170731707317
CHAOS_0306,Ca-Mg-V-Zn,EFA quartile,Q4,4,high EFA,delta_electronegativity_Ghosh,$\delta\chi_{\mathrm{Ghosh}}$,0.5914634146341463
CHAOS_0307,Cd-Fe-Mn-Sr,EFA quartile,Q3,3,intermediate-high EFA,delta_electronegativity_Ghosh,$\delta\chi_{\mathrm{Ghosh}}$,0.266260162601626
CHAOS_0308,Co-Mn-V-Zn,EFA quartile,Q4,4,high EFA,delta_electronegativity_Ghosh,$\delta\chi_{\mathrm{Ghosh}}$,0.1910569105691057
CHAOS_0309,Nb-Sr-V-Zn,EFA quartile,Q1,1,low EFA,delta_electronegativity_Ghosh,$\delta\chi_{\mathrm{Ghosh}}$,0.4857723577235772
CHAOS_0310,Co-Mg-V-Zn,EFA quartile,Q4,4,high EFA,delta_electronegativity_Ghosh,$\delta\chi_{\mathrm{Ghosh}}$,0.4247967479674797
CHAOS_0311,Mg-Mn-Nb-Ti,EFA quartile,Q2,2,intermediate-low EFA,delta_electronegativity_Ghosh,$\delta\chi_{\mathrm{Ghosh}}$,0.04878048780487805
CHAOS_0312,Ca-Fe-Nb-Ti,EFA quartile,Q3,3,intermediate-high EFA,delta_electronegativity_Ghosh,$\delta\chi_{\mathrm{Ghosh}}$,0.1544715447154472
CHAOS_0313,Ca-Mg-Sr-Ti,EFA quartile,Q3,3,intermediate-high EFA,delta_electronegativity_Ghosh,$\delta\chi_{\mathrm{Ghosh}}$,0.004065040650406504
CHAOS_0314,Cd-Nb-Sr-V,EFA quartile,Q1,1,low EFA,delta_electronegativity_Ghosh,$\delta\chi_{\mathrm{Ghosh}}$,0.2865853658536585
CHAOS_0315,Mn-Nb-Sn-Zn,EFA quartile,Q1,1,low EFA,delta_electronegativity_Ghosh,$\delta\chi_{\mathrm{Ghosh}}$,0.7012195121951219
CHAOS_0316,Ca-Cd-Sn-Sr,EFA quartile,Q4,4,high EFA,delta_electronegativity_Ghosh,$\delta\chi_{\mathrm{Ghosh}}$,0.9939024390243902
CHAOS_0317,Cd-Mn-Sn-Ti,EFA quartile,Q1,1,low EFA,delta_electronegativity_Ghosh,$\delta\chi_{\mathrm{Ghosh}}$,0.7317073170731707
CHAOS_0318,Fe-Sn-Ti-Zn,EFA quartile,Q1,1,low EFA,delta_electronegativity_Ghosh,$\delta\chi_{\mathrm{Ghosh}}$,0.725609756097561
CHAOS_0319,Fe-Mg-Sr-Ti,EFA quartile,Q1,1,low EFA,delta_electronegativity_Ghosh,$\delta\chi_{\mathrm{Ghosh}}$,0.1402439024390244
CHAOS_0320,Mg-Sn-Sr-V,EFA quartile,Q2,2,intermediate-low EFA,delta_electronegativity_Ghosh,$\delta\chi_{\mathrm{Ghosh}}$,0.943089430894309
CHAOS_0321,Ca-Co-Fe-Sn,EFA quartile,Q3,3,intermediate-high EFA,delta_electronegativity_Ghosh,$\delta\chi_{\mathrm{Ghosh}}$,0.8394308943089431
CHAOS_0322,Ca-Mg-Sr-V,EFA quartile,Q3,3,intermediate-high EFA,delta_electronegativity_Ghosh,$\delta\chi_{\mathrm{Ghosh}}$,0.02439024390243903
CHAOS_0323,Mn-Sn-Sr-Ti,EFA quartile,Q1,1,low EFA,delta_electronegativity_Ghosh,$\delta\chi_{\mathrm{Ghosh}}$,0.9044715447154471
CHAOS_0324,Ca-Mn-Nb-Sn,EFA quartile,Q1,1,low EFA,delta_electronegativity_Ghosh,$\delta\chi_{\mathrm{Ghosh}}$,0.9105691056910569
CHAOS_0325,Mg-Ni-Sn-Sr,EFA quartile,Q3,3,intermediate-high EFA,delta_electronegativity_Ghosh,$\delta\chi_{\mathrm{Ghosh}}$,0.9247967479674797
CHAOS_0326,Ca-Mn-Sn-Ti,EFA quartile,Q1,1,low EFA,delta_electronegativity_Ghosh,$\delta\chi_{\mathrm{Ghosh}}$,0.9390243902439024
CHAOS_0327,Ca-Sr-Ti-V,EFA quartile,Q2,2,intermediate-low EFA,delta_electronegativity_Ghosh,$\delta\chi_{\mathrm{Ghosh}}$,0.03252032520325204
CHAOS_0328,Cu-Mn-Ni-Sn,EFA quartile,Q2,2,intermediate-low EFA,delta_electronegativity_Ghosh,$\delta\chi_{\mathrm{Ghosh}}$,0.6280487804878049
CHAOS_0329,Fe-Nb-Sr-Zn,EFA quartile,Q2,2,intermediate-low EFA,delta_electronegativity_Ghosh,$\delta\chi_{\mathrm{Ghosh}}$,0.467479674796748
CHAOS_0330,Ca-Mg-Nb-V,EFA quartile,Q2,2,intermediate-low EFA,delta_electronegativity_Ghosh,$\delta\chi_{\mathrm{Ghosh}}$,0.04471544715447155
CHAOS_0331,Ca-Cd-Sr-Ti,EFA quartile,Q2,2,intermediate-low EFA,delta_electronegativity_Ghosh,$\delta\chi_{\mathrm{Ghosh}}$,0.4939024390243902
CHAOS_0332,Cd-Mg-Mn-V,EFA quartile,Q2,2,intermediate-low EFA,delta_electronegativity_Ghosh,$\delta\chi_{\mathrm{Ghosh}}$,0.2235772357723577
CHAOS_0333,Nb-Sn-V-Zn,EFA quartile,Q1,1,low EFA,delta_electronegativity_Ghosh,$\delta\chi_{\mathrm{Ghosh}}$,0.758130081300813
CHAOS_0334,Co-Mn-Ni-Sr,EFA quartile,Q2,2,intermediate-low EFA,delta_electronegativity_Ghosh,$\delta\chi_{\mathrm{Ghosh}}$,0.2398373983739837
CHAOS_0335,Fe-Sr-Ti-Zn,EFA quartile,Q2,2,intermediate-low EFA,delta_electronegativity_Ghosh,$\delta\chi_{\mathrm{Ghosh}}$,0.5304878048780488
CHAOS_0336,Cu-Mg-Mn-V,EFA quartile,Q3,3,intermediate-high EFA,delta_electronegativity_Ghosh,$\delta\chi_{\mathrm{Ghosh}}$,0.2459349593495935
CHAOS_0337,Mn-Sr-V-Zn,EFA quartile,Q3,3,intermediate-high EFA,delta_electronegativity_Ghosh,$\delta\chi_{\mathrm{Ghosh}}$,0.4532520325203252
CHAOS_0338,Co-Cu-Fe-Mg,EFA quartile,Q4,4,high EFA,delta_electronegativity_Ghosh,$\delta\chi_{\mathrm{Ghosh}}$,0.2215447154471545
CHAOS_0339,Fe-Mg-Ni-Sn,EFA quartile,Q3,3,intermediate-high EFA,delta_electronegativity_Ghosh,$\delta\chi_{\mathrm{Ghosh}}$,0.7296747967479674
CHAOS_0340,Co-Cu-Mn-Ni,EFA quartile,Q3,3,intermediate-high EFA,delta_electronegativity_Ghosh,$\delta\chi_{\mathrm{Ghosh}}$,0.05995934959349594
CHAOS_0341,Fe-Mg-Nb-Zn,EFA quartile,Q2,2,intermediate-low EFA,delta_electronegativity_Ghosh,$\delta\chi_{\mathrm{Ghosh}}$,0.3780487804878049
CHAOS_0342,Mg-Sr-V-Zn,EFA quartile,Q3,3,intermediate-high EFA,delta_electronegativity_Ghosh,$\delta\chi_{\mathrm{Ghosh}}$,0.5487804878048781
CHAOS_0343,Ca-Cd-Co-Sn,EFA quartile,Q4,4,high EFA,delta_electronegativity_Ghosh,$\delta\chi_{\mathrm{Ghosh}}$,0.8373983739837398
CHAOS_0344,Cd-Mn-Ni-Sr,EFA quartile,Q3,3,intermediate-high EFA,delta_electronegativity_Ghosh,$\delta\chi_{\mathrm{Ghosh}}$,0.3475609756097561
CHAOS_0345,Ca-Nb-Sn-V,EFA quartile,Q1,1,low EFA,delta_electronegativity_Ghosh,$\delta\chi_{\mathrm{Ghosh}}$,0.9329268292682927
CHAOS_0346,Co-Mn-Ni-Sn,EFA quartile,Q2,2,intermediate-low EFA,delta_electronegativity_Ghosh,$\delta\chi_{\mathrm{Ghosh}}$,0.6565040650406504
CHAOS_0347,Mn-Sn-V-Zn,EFA quartile,Q1,1,low EFA,delta_electronegativity_Ghosh,$\delta\chi_{\mathrm{Ghosh}}$,0.7073170731707317
CHAOS_0348,Cd-Mn-Nb-V,EFA quartile,Q1,1,low EFA,delta_electronegativity_Ghosh,$\delta\chi_{\mathrm{Ghosh}}$,0.1707317073170732
CHAOS_0349,Cd-Co-Fe-Mg,EFA quartile,Q4,4,high EFA,delta_electronegativity_Ghosh,$\delta\chi_{\mathrm{Ghosh}}$,0.2073170731707317
CHAOS_0350,Sn-Sr-Ti-Zn,EFA quartile,Q1,1,low EFA,delta_electronegativity_Ghosh,$\delta\chi_{\mathrm{Ghosh}}$,0.9471544715447154
CHAOS_0351,Ca-Cd-Sn-V,EFA quartile,Q2,2,intermediate-low EFA,delta_electronegativity_Ghosh,$\delta\chi_{\mathrm{Ghosh}}$,0.926829268292683
CHAOS_0352,Cu-Mg-Mn-Zn,EFA quartile,Q4,4,high EFA,delta_electronegativity_Ghosh,$\delta\chi_{\mathrm{Ghosh}}$,0.4349593495934959
CHAOS_0353,Cd-Mg-Sr-Ti,EFA quartile,Q1,1,low EFA,delta_electronegativity_Ghosh,$\delta\chi_{\mathrm{Ghosh}}$,0.3821138211382114
CHAOS_0354,Co-Mn-Ni-Zn,EFA quartile,Q4,4,high EFA,delta_electronegativity_Ghosh,$\delta\chi_{\mathrm{Ghosh}}$,0.100609756097561
CHAOS_0355,Mn-Nb-Sn-Tc,EFA quartile,Q1,1,low EFA,delta_electronegativity_Ghosh,$\delta\chi_{\mathrm{Ghosh}}$,0.709349593495935
CHAOS_0356,Cd-Co-Fe-Ni,EFA quartile,Q3,3,intermediate-high EFA,delta_electronegativity_Ghosh,$\delta\chi_{\mathrm{Ghosh}}$,0.01626016260162602
CHAOS_0357,Fe-Mg-Ni-Zn,EFA quartile,Q4,4,high EFA,delta_electronegativity_Ghosh,$\delta\chi_{\mathrm{Ghosh}}$,0.3394308943089431
CHAOS_0358,Mg-Mn-Sn-V,EFA quartile,Q1,1,low EFA,delta_electronegativity_Ghosh,$\delta\chi_{\mathrm{Ghosh}}$,0.8252032520325203
CHAOS_0359,Cd-Nb-V-Zn,EFA quartile,Q1,1,low EFA,delta_electronegativity_Ghosh,$\delta\chi_{\mathrm{Ghosh}}$,0.366869918699187
CHAOS_0360,Ca-Cd-Co-Sr,EFA quartile,Q4,4,high EFA,delta_electronegativity_Ghosh,$\delta\chi_{\mathrm{Ghosh}}$,0.5894308943089431
CHAOS_0361,Ca-Mg-Ni-Zn,EFA quartile,Q4,4,high EFA,delta_electronegativity_Ghosh,$\delta\chi_{\mathrm{Ghosh}}$,0.6686991869918699
CHAOS_0362,Ca-Fe-Sr-Zn,EFA quartile,Q3,3,intermediate-high EFA,delta_electronegativity_Ghosh,$\delta\chi_{\mathrm{Ghosh}}$,0.6544715447154471
CHAOS_0363,Ca-Mn-Sr-V,EFA quartile,Q3,3,intermediate-high EFA,delta_electronegativity_Ghosh,$\delta\chi_{\mathrm{Ghosh}}$,0.1341463414634146
CHAOS_0364,Mn-Nb-Sr-Zn,EFA quartile,Q2,2,intermediate-low EFA,delta_electronegativity_Ghosh,$\delta\chi_{\mathrm{Ghosh}}$,0.443089430894309
CHAOS_0365,Mg-Nb-Sr-Ti,EFA quartile,Q2,2,intermediate-low EFA,delta_electronegativity_Ghosh,$\delta\chi_{\mathrm{Ghosh}}$,0.008130081300813009
CHAOS_0366,Cd-Ni-Sr-Zn,EFA quartile,Q3,3,intermediate-high EFA,delta_electronegativity_Ghosh,$\delta\chi_{\mathrm{Ghosh}}$,0.5264227642276422
CHAOS_0367,Cd-Cu-Mn-Ni,EFA quartile,Q3,3,intermediate-high EFA,delta_electronegativity_Ghosh,$\delta\chi_{\mathrm{Ghosh}}$,0.08739837398373984
CHAOS_0368,Ca-Mn-Sn-V,EFA quartile,Q2,2,intermediate-low EFA,delta_electronegativity_Ghosh,$\delta\chi_{\mathrm{Ghosh}}$,0.9126016260162602
CHAOS_0369,Co-Cu-Fe-Mn,EFA quartile,Q4,4,high EFA,delta_electronegativity_Ghosh,$\delta\chi_{\mathrm{Ghosh}}$,0.05995934959349594
CHAOS_0370,Ca-Cd-Ti-Zn,EFA quartile,Q2,2,intermediate-low EFA,delta_electronegativity_Ghosh,$\delta\chi_{\mathrm{Ghosh}}$,0.6747967479674797
CHAOS_0371,Cd-Co-Ni-Sr,EFA quartile,Q2,2,intermediate-low EFA,delta_electronegativity_Ghosh,$\delta\chi_{\mathrm{Ghosh}}$,0.3495934959349594
CHAOS_0372,Ca-Co-Fe-Ni,EFA quartile,Q4,4,high EFA,delta_electronegativity_Ghosh,$\delta\chi_{\mathrm{Ghosh}}$,0.3353658536585366
CHAOS_0373,Cd-Mn-Sr-Zn,EFA quartile,Q4,4,high EFA,delta_electronegativity_Ghosh,$\delta\chi_{\mathrm{Ghosh}}$,0.5284552845528455
CHAOS_0374,Cd-Co-Mg-Sn,EFA quartile,Q3,3,intermediate-high EFA,delta_electronegativity_Ghosh,$\delta\chi_{\mathrm{Ghosh}}$,0.7235772357723578
CHAOS_0375,Mg-Mn-Sn-Zn,EFA quartile,Q3,3,intermediate-high EFA,delta_electronegativity_Ghosh,$\delta\chi_{\mathrm{Ghosh}}$,0.7682926829268293
CHAOS_0376,Ca-Ni-Sr-Zn,EFA quartile,Q3,3,intermediate-high EFA,delta_electronegativity_Ghosh,$\delta\chi_{\mathrm{Ghosh}}$,0.6808943089430894
CHAOS_0377,Ca-Cd-Fe-Nb,EFA quartile,Q2,2,intermediate-low EFA,delta_electronegativity_Ghosh,$\delta\chi_{\mathrm{Ghosh}}$,0.4004065040650406
CHAOS_0378,Co-Mg-Mn-Zn,EFA quartile,Q4,4,high EFA,delta_electronegativity_Ghosh,$\delta\chi_{\mathrm{Ghosh}}$,0.3130081300813008
CHAOS_0379,Mn-Sn-Ti-Zn,EFA quartile,Q1,1,low EFA,delta_electronegativity_Ghosh,$\delta\chi_{\mathrm{Ghosh}}$,0.741869918699187
CHAOS_0380,Ca-Nb-Ti-Zn,EFA quartile,Q2,2,intermediate-low EFA,delta_electronegativity_Ghosh,$\delta\chi_{\mathrm{Ghosh}}$,0.5711382113821138
CHAOS_0381,Ca-Co-Sr-Zn,EFA quartile,Q3,3,intermediate-high EFA,delta_electronegativity_Ghosh,$\delta\chi_{\mathrm{Ghosh}}$,0.6646341463414634
CHAOS_0382,Co-Sn-Sr-Zn,EFA quartile,Q3,3,intermediate-high EFA,delta_electronegativity_Ghosh,$\delta\chi_{\mathrm{Ghosh}}$,0.7784552845528455
CHAOS_0383,Ca-Cd-Nb-V,EFA quartile,Q1,1,low EFA,delta_electronegativity_Ghosh,$\delta\chi_{\mathrm{Ghosh}}$,0.366869918699187
CHAOS_0384,Ca-Sr-Ti-Zn,EFA quartile,Q2,2,intermediate-low EFA,delta_electronegativity_Ghosh,$\delta\chi_{\mathrm{Ghosh}}$,0.6402439024390244
CHAOS_0385,Cd-Mn-Ti-V,EFA quartile,Q1,1,low EFA,delta_electronegativity_Ghosh,$\delta\chi_{\mathrm{Ghosh}}$,0.1971544715447154
CHAOS_0386,Ca-Cd-Co-Ni,EFA quartile,Q3,3,intermediate-high EFA,delta_electronegativity_Ghosh,$\delta\chi_{\mathrm{Ghosh}}$,0.4979674796747968
CHAOS_0387,Cd-Cu-Mg-Zn,EFA quartile,Q4,4,high EFA,delta_electronegativity_Ghosh,$\delta\chi_{\mathrm{Ghosh}}$,0.4390243902439024
CHAOS_0388,Mn-Ni-Sn-Zn,EFA quartile,Q3,3,intermediate-high EFA,delta_electronegativity_Ghosh,$\delta\chi_{\mathrm{Ghosh}}$,0.6239837398373984
CHAOS_0389,Mg-Mn-Sr-Ti,EFA quartile,Q2,2,intermediate-low EFA,delta_electronegativity_Ghosh,$\delta\chi_{\mathrm{Ghosh}}$,0.08333333333333333
CHAOS_0390,Ca-Co-Mg-Ni,EFA quartile,Q4,4,high EFA,delta_electronegativity_Ghosh,$\delta\chi_{\mathrm{Ghosh}}$,0.459349593495935
CHAOS_0391,Co-Fe-Mg-Sr,EFA quartile,Q2,2,intermediate-low EFA,delta_electronegativity_Ghosh,$\delta\chi_{\mathrm{Ghosh}}$,0.2195121951219512
CHAOS_0392,Co-Fe-Ni-Sn,EFA quartile,Q3,3,intermediate-high EFA,delta_electronegativity_Ghosh,$\delta\chi_{\mathrm{Ghosh}}$,0.6117886178861789
CHAOS_0393,Cd-Nb-Ti-Zn,EFA quartile,Q1,1,low EFA,delta_electronegativity_Ghosh,$\delta\chi_{\mathrm{Ghosh}}$,0.483739837398374
CHAOS_0394,Cd-Mg-Mn-Ti,EFA quartile,Q2,2,intermediate-low EFA,delta_electronegativity_Ghosh,$\delta\chi_{\mathrm{Ghosh}}$,0.2703252032520325
CHAOS_0395,Nb-Sr-Ti-Zn,EFA quartile,Q1,1,low EFA,delta_electronegativity_Ghosh,$\delta\chi_{\mathrm{Ghosh}}$,0.5182926829268293
CHAOS_0396,Fe-Ni-V-Zn,EFA quartile,Q2,2,intermediate-low EFA,delta_electronegativity_Ghosh,$\delta\chi_{\mathrm{Ghosh}}$,0.1890243902439024
CHAOS_0397,Ca-Nb-Sr-Zn,EFA quartile,Q2,2,intermediate-low EFA,delta_electronegativity_Ghosh,$\delta\chi_{\mathrm{Ghosh}}$,0.6300813008130082
CHAOS_0398,Co-Fe-Mn-Sn,EFA quartile,Q3,3,intermediate-high EFA,delta_electronegativity_Ghosh,$\delta\chi_{\mathrm{Ghosh}}$,0.676829268292683
CHAOS_0399,Nb-Sn-Tc-Ti,EFA quartile,Q1,1,low EFA,delta_electronegativity_Ghosh,$\delta\chi_{\mathrm{Ghosh}}$,0.7987804878048781
CHAOS_0400,Cd-Mg-Nb-Ti,EFA quartile,Q1,1,low EFA,delta_electronegativity_Ghosh,$\delta\chi_{\mathrm{Ghosh}}$,0.2723577235772358
CHAOS_0401,Ca-Cd-Ti-V,EFA quartile,Q1,1,low EFA,delta_electronegativity_Ghosh,$\delta\chi_{\mathrm{Ghosh}}$,0.4044715447154472
CHAOS_0402,Ca-Mn-Ni-Sn,EFA quartile,Q3,3,intermediate-high EFA,delta_electronegativity_Ghosh,$\delta\chi_{\mathrm{Ghosh}}$,0.8678861788617886
CHAOS_0403,Cu-Mg-Mn-Ni,EFA quartile,Q4,4,high EFA,delta_electronegativity_Ghosh,$\delta\chi_{\mathrm{Ghosh}}$,0.2682926829268293
CHAOS_0404,Fe-Sn-Sr-Zn,EFA quartile,Q2,2,intermediate-low EFA,delta_electronegativity_Ghosh,$\delta\chi_{\mathrm{Ghosh}}$,0.8008130081300813
CHAOS_0405,Co-Fe-Mg-Zn,EFA quartile,Q4,4,high EFA,delta_electronegativity_Ghosh,$\delta\chi_{\mathrm{Ghosh}}$,0.3028455284552846
CHAOS_0406,Fe-Ni-Sr-Zn,EFA quartile,Q2,2,intermediate-low EFA,delta_electronegativity_Ghosh,$\delta\chi_{\mathrm{Ghosh}}$,0.4654471544715447
CHAOS_0407,Ca-Co-Mn-Sn,EFA quartile,Q4,4,high EFA,delta_electronegativity_Ghosh,$\delta\chi_{\mathrm{Ghosh}}$,0.8597560975609756
CHAOS_0408,Ca-Mn-V-Zn,EFA quartile,Q2,2,intermediate-low EFA,delta_electronegativity_Ghosh,$\delta\chi_{\mathrm{Ghosh}}$,0.5457317073170732
CHAOS_0409,Ca-Cd-Fe-Mn,EFA quartile,Q3,3,intermediate-high EFA,delta_electronegativity_Ghosh,$\delta\chi_{\mathrm{Ghosh}}$,0.3617886178861789
CHAOS_0410,Mn-Nb-Sn-Sr,EFA quartile,Q1,1,low EFA,delta_electronegativity_Ghosh,$\delta\chi_{\mathrm{Ghosh}}$,0.8699186991869918
CHAOS_0411,Co-Fe-V-Zn,EFA quartile,Q3,3,intermediate-high EFA,delta_electronegativity_Ghosh,$\delta\chi_{\mathrm{Ghosh}}$,0.1829268292682927
CHAOS_0412,Co-Fe-Mg-Ni,EFA quartile,Q4,4,high EFA,delta_electronegativity_Ghosh,$\delta\chi_{\mathrm{Ghosh}}$,0.1788617886178862
CHAOS_0413,Ca-Cd-Co-Zn,EFA quartile,Q4,4,high EFA,delta_electronegativity_Ghosh,$\delta\chi_{\mathrm{Ghosh}}$,0.6158536585365854
CHAOS_0414,Nb-Sn-Tc-V,EFA quartile,Q1,1,low EFA,delta_electronegativity_Ghosh,$\delta\chi_{\mathrm{Ghosh}}$,0.7560975609756098
CHAOS_0415,Ca-Cd-Mn-Zn,EFA quartile,Q4,4,high EFA,delta_electronegativity_Ghosh,$\delta\chi_{\mathrm{Ghosh}}$,0.6199186991869918
CHAOS_0416,Ca-Co-Mg-Zn,EFA quartile,Q4,4,high EFA,delta_electronegativity_Ghosh,$\delta\chi_{\mathrm{Ghosh}}$,0.6463414634146342
CHAOS_0417,Cu-Fe-Ni-Zn,EFA quartile,Q4,4,high EFA,delta_electronegativity_Ghosh,$\delta\chi_{\mathrm{Ghosh}}$,0.06300813008130081
CHAOS_0418,Cd-Mg-Nb-Sr,EFA quartile,Q1,1,low EFA,delta_electronegativity_Ghosh,$\delta\chi_{\mathrm{Ghosh}}$,0.3434959349593496
CHAOS_0419,Ca-Nb-Sn-Zn,EFA quartile,Q1,1,low EFA,delta_electronegativity_Ghosh,$\delta\chi_{\mathrm{Ghosh}}$,0.9451219512195121
CHAOS_0420,Ca-Fe-Ni-Zn,EFA quartile,Q4,4,high EFA,delta_electronegativity_Ghosh,$\delta\chi_{\mathrm{Ghosh}}$,0.5691056910569106
CHAOS_0421,Co-Fe-Mg-Mn,EFA quartile,Q4,4,high EFA,delta_electronegativity_Ghosh,$\delta\chi_{\mathrm{Ghosh}}$,0.1443089430894309
CHAOS_0422,Fe-Nb-Sr-Ti,EFA quartile,Q1,1,low EFA,delta_electronegativity_Ghosh,$\delta\chi_{\mathrm{Ghosh}}$,0.1321138211382114
CHAOS_0423,Cd-Nb-Sn-Ti,EFA quartile,Q1,1,low EFA,delta_electronegativity_Ghosh,$\delta\chi_{\mathrm{Ghosh}}$,0.7886178861788617
CHAOS_0424,Mn-Nb-Sr-Ti,EFA quartile,Q1,1,low EFA,delta_electronegativity_Ghosh,$\delta\chi_{\mathrm{Ghosh}}$,0.07926829268292683
CHAOS_0425,Ca-Ti-V-Zn,EFA quartile,Q2,2,intermediate-low EFA,delta_electronegativity_Ghosh,$\delta\chi_{\mathrm{Ghosh}}$,0.5762195121951219
CHAOS_0426,Mn-Nb-V-Zn,EFA quartile,Q2,2,intermediate-low EFA,delta_electronegativity_Ghosh,$\delta\chi_{\mathrm{Ghosh}}$,0.2520325203252032
CHAOS_0427,Cd-Cu-Fe-Mn,EFA quartile,Q3,3,intermediate-high EFA,delta_electronegativity_Ghosh,$\delta\chi_{\mathrm{Ghosh}}$,0.09349593495934959
CHAOS_0428,Mg-Ni-V-Zn,EFA quartile,Q4,4,high EFA,delta_electronegativity_Ghosh,$\delta\chi_{\mathrm{Ghosh}}$,0.4898373983739837
CHAOS_0429,Ca-Co-Fe-Sr,EFA quartile,Q2,2,intermediate-low EFA,delta_electronegativity_Ghosh,$\delta\chi_{\mathrm{Ghosh}}$,0.3272357723577236
CHAOS_0430,Ca-Fe-Ni-Sn,EFA quartile,Q3,3,intermediate-high EFA,delta_electronegativity_Ghosh,$\delta\chi_{\mathrm{Ghosh}}$,0.8414634146341463
CHAOS_0431,Fe-Mg-Mn-Zn,EFA quartile,Q4,4,high EFA,delta_electronegativity_Ghosh,$\delta\chi_{\mathrm{Ghosh}}$,0.2967479674796748
CHAOS_0432,Ca-Fe-Mg-Nb,EFA quartile,Q3,3,intermediate-high EFA,delta_electronegativity_Ghosh,$\delta\chi_{\mathrm{Ghosh}}$,0.1605691056910569
CHAOS_0433,Ca-Cd-Ni-Zn,EFA quartile,Q4,4,high EFA,delta_electronegativity_Ghosh,$\delta\chi_{\mathrm{Ghosh}}$,0.6260162601626016
CHAOS_0434,Cu-Fe-Mg-Mn,EFA quartile,Q4,4,high EFA,delta_electronegativity_Ghosh,$\delta\chi_{\mathrm{Ghosh}}$,0.2052845528455285
CHAOS_0435,Mn-Ti-V-Zn,EFA quartile,Q2,2,intermediate-low EFA,delta_electronegativity_Ghosh,$\delta\chi_{\mathrm{Ghosh}}$,0.3241869918699187
CHAOS_0436,Cd-Cu-Ni-Zn,EFA quartile,Q4,4,high EFA,delta_electronegativity_Ghosh,$\delta\chi_{\mathrm{Ghosh}}$,0.002032520325203252
CHAOS_0437,Cd-Sn-Sr-Ti,EFA quartile,Q1,1,low EFA,delta_electronegativity_Ghosh,$\delta\chi_{\mathrm{Ghosh}}$,0.9207317073170732
CHAOS_0438,Cd-Nb-Sn-V,EFA quartile,Q1,1,low EFA,delta_electronegativity_Ghosh,$\delta\chi_{\mathrm{Ghosh}}$,0.7398373983739838
CHAOS_0439,Cd-Fe-Mg-Mn,EFA quartile,Q4,4,high EFA,delta_electronegativity_Ghosh,$\delta\chi_{\mathrm{Ghosh}}$,0.1930894308943089
CHAOS_0440,Cd-Mg-Mn-Sr,EFA quartile,Q4,4,high EFA,delta_electronegativity_Ghosh,$\delta\chi_{\mathrm{Ghosh}}$,0.3577235772357724
CHAOS_0441,Co-Mn-Ni-V,EFA quartile,Q3,3,intermediate-high EFA,delta_electronegativity_Ghosh,$\delta\chi_{\mathrm{Ghosh}}$,0.1260162601626016
CHAOS_0442,Ca-Co-Sn-Zn,EFA quartile,Q4,4,high EFA,delta_electronegativity_Ghosh,$\delta\chi_{\mathrm{Ghosh}}$,0.8536585365853658
CHAOS_0443,Co-Cu-Sn-Zn,EFA quartile,Q3,3,intermediate-high EFA,delta_electronegativity_Ghosh,$\delta\chi_{\mathrm{Ghosh}}$,0.3922764227642276
CHAOS_0444,Mg-Sr-Ti-V,EFA quartile,Q2,2,intermediate-low EFA,delta_electronegativity_Ghosh,$\delta\chi_{\mathrm{Ghosh}}$,0.006097560975609756
CHAOS_0445,Ca-Cd-Sn-Ti,EFA quartile,Q1,1,low EFA,delta_electronegativity_Ghosh,$\delta\chi_{\mathrm{Ghosh}}$,0.959349593495935
CHAOS_0446,Ca-Fe-Mg-Mn,EFA quartile,Q4,4,high EFA,delta_electronegativity_Ghosh,$\delta\chi_{\mathrm{Ghosh}}$,0.1768292682926829
CHAOS_0447,Cd-Fe-Sn-Sr,EFA quartile,Q3,3,intermediate-high EFA,delta_electronegativity_Ghosh,$\delta\chi_{\mathrm{Ghosh}}$,0.7804878048780488
CHAOS_0448,Ca-Fe-Mn-Ni,EFA quartile,Q4,4,high EFA,delta_electronegativity_Ghosh,$\delta\chi_{\mathrm{Ghosh}}$,0.282520325203252
CHAOS_0449,Mg-Ti-V-Zn,EFA quartile,Q3,3,intermediate-high EFA,delta_electronegativity_Ghosh,$\delta\chi_{\mathrm{Ghosh}}$,0.4613821138211382
CHAOS_0450,Nb-Ti-V-Zn,EFA quartile,Q2,2,intermediate-low EFA,delta_electronegativity_Ghosh,$\delta\chi_{\mathrm{Ghosh}}$,0.3597560975609756
CHAOS_0451,Ca-Mg-Sn-Sr,EFA quartile,Q3,3,intermediate-high EFA,delta_electronegativity_Ghosh,$\delta\chi_{\mathrm{Ghosh}}$,0.9979674796747967
CHAOS_0452,Cd-Co-Fe-Mn,EFA quartile,Q4,4,high EFA,delta_electronegativity_Ghosh,$\delta\chi_{\mathrm{Ghosh}}$,0.05284552845528456
CHAOS_0453,Ca-Sn-V-Zn,EFA quartile,Q2,2,intermediate-low EFA,delta_electronegativity_Ghosh,$\delta\chi_{\mathrm{Ghosh}}$,0.9491869918699187
CHAOS_0454,Mg-Mn-Ni-Sr,EFA quartile,Q3,3,intermediate-high EFA,delta_electronegativity_Ghosh,$\delta\chi_{\mathrm{Ghosh}}$,0.2642276422764228
CHAOS_0455,Ca-Cd-Fe-Zn,EFA quartile,Q3,3,intermediate-high EFA,delta_electronegativity_Ghosh,$\delta\chi_{\mathrm{Ghosh}}$,0.6138211382113821
CHAOS_0456,Co-Fe-Ni-Zn,EFA quartile,Q4,4,high EFA,delta_electronegativity_Ghosh,$\delta\chi_{\mathrm{Ghosh}}$,0.06504065040650407
CHAOS_0457,Ca-Cd-Ni-Sr,EFA quartile,Q4,4,high EFA,delta_electronegativity_Ghosh,$\delta\chi_{\mathrm{Ghosh}}$,0.6422764227642277
CHAOS_0458,Cd-Fe-Mn-Zn,EFA quartile,Q4,4,high EFA,delta_electronegativity_Ghosh,$\delta\chi_{\mathrm{Ghosh}}$,0.1422764227642276
CHAOS_0459,Mg-Mn-Nb-V,EFA quartile,Q2,2,intermediate-low EFA,delta_electronegativity_Ghosh,$\delta\chi_{\mathrm{Ghosh}}$,0.03861788617886179
CHAOS_0460,Fe-Nb-Sn-Ti,EFA quartile,Q1,1,low EFA,delta_electronegativity_Ghosh,$\delta\chi_{\mathrm{Ghosh}}$,0.782520325203252
CHAOS_0461,Mn-Ni-Sn-Sr,EFA quartile,Q3,3,intermediate-high EFA,delta_electronegativity_Ghosh,$\delta\chi_{\mathrm{Ghosh}}$,0.7967479674796748
CHAOS_0462,Co-Cu-Fe-Sn,EFA quartile,Q2,2,intermediate-low EFA,delta_electronegativity_Ghosh,$\delta\chi_{\mathrm{Ghosh}}$,0.5833333333333334
CHAOS_0463,Mg-Sn-Sr-Zn,EFA quartile,Q3,3,intermediate-high EFA,delta_electronegativity_Ghosh,$\delta\chi_{\mathrm{Ghosh}}$,0.9634146341463414
CHAOS_0464,Fe-Mg-Sn-Zn,EFA quartile,Q3,3,intermediate-high EFA,delta_electronegativity_Ghosh,$\delta\chi_{\mathrm{Ghosh}}$,0.7459349593495935
CHAOS_0465,Ca-Mn-Sn-Sr,EFA quartile,Q2,2,intermediate-low EFA,delta_electronegativity_Ghosh,$\delta\chi_{\mathrm{Ghosh}}$,0.9776422764227642
CHAOS_0466,Cu-Ni-Ti-Zn,EFA quartile,Q2,2,intermediate-low EFA,delta_electronegativity_Ghosh,$\delta\chi_{\mathrm{Ghosh}}$,0.3333333333333333
CHAOS_0467,Ca-Fe-Ti-Zn,EFA quartile,Q3,3,intermediate-high EFA,delta_electronegativity_Ghosh,$\delta\chi_{\mathrm{Ghosh}}$,0.6016260162601627
CHAOS_0468,Mg-Nb-Sn-V,EFA quartile,Q1,1,low EFA,delta_electronegativity_Ghosh,$\delta\chi_{\mathrm{Ghosh}}$,0.8719512195121951
CHAOS_0469,Ca-Nb-V-Zn,EFA quartile,Q2,2,intermediate-low EFA,delta_electronegativity_Ghosh,$\delta\chi_{\mathrm{Ghosh}}$,0.5589430894308943
CHAOS_0470,Cd-Co-Mg-Mn,EFA quartile,Q4,4,high EFA,delta_electronegativity_Ghosh,$\delta\chi_{\mathrm{Ghosh}}$,0.2113821138211382
CHAOS_0471,Cd-Sn-V-Zn,EFA quartile,Q2,2,intermediate-low EFA,delta_electronegativity_Ghosh,$\delta\chi_{\mathrm{Ghosh}}$,0.6869918699186992
CHAOS_0472,Cd-Sn-Ti-Zn,EFA quartile,Q1,1,low EFA,delta_electronegativity_Ghosh,$\delta\chi_{\mathrm{Ghosh}}$,0.7032520325203252
CHAOS_0473,Sr-Ti-V-Zn,EFA quartile,Q2,2,intermediate-low EFA,delta_electronegativity_Ghosh,$\delta\chi_{\mathrm{Ghosh}}$,0.5223577235772358
CHAOS_0474,Mg-Mn-Ti-Zn,EFA quartile,Q3,3,intermediate-high EFA,delta_electronegativity_Ghosh,$\delta\chi_{\mathrm{Ghosh}}$,0.4369918699186992
CHAOS_0475,Cd-Fe-Ni-Zn,EFA quartile,Q4,4,high EFA,delta_electronegativity_Ghosh,$\delta\chi_{\mathrm{Ghosh}}$,0.05691056910569105
CHAOS_0476,Ca-Cd-Mn-Ti,EFA quartile,Q2,2,intermediate-low EFA,delta_electronegativity_Ghosh,$\delta\chi_{\mathrm{Ghosh}}$,0.4227642276422764
CHAOS_0477,Ca-Sr-V-Zn,EFA quartile,Q2,2,intermediate-low EFA,delta_electronegativity_Ghosh,$\delta\chi_{\mathrm{Ghosh}}$,0.6321138211382114
CHAOS_0478,Co-Cu-Mn-V,EFA quartile,Q3,3,intermediate-high EFA,delta_electronegativity_Ghosh,$\delta\chi_{\mathrm{Ghosh}}$,0.1626016260162602
CHAOS_0479,Ca-Cd-Ni-Sn,EFA quartile,Q4,4,high EFA,delta_electronegativity_Ghosh,$\delta\chi_{\mathrm{Ghosh}}$,0.8292682926829268
CHAOS_0480,Co-Fe-Mn-Sr,EFA quartile,Q2,2,intermediate-low EFA,delta_electronegativity_Ghosh,$\delta\chi_{\mathrm{Ghosh}}$,0.1747967479674797
CHAOS_0481,Cd-Mn-Sn-Zn,EFA quartile,Q3,3,intermediate-high EFA,delta_electronegativity_Ghosh,$\delta\chi_{\mathrm{Ghosh}}$,0.6056910569105691
CHAOS_0482,Cd-Fe-Mg-Ti,EFA quartile,Q2,2,intermediate-low EFA,delta_electronegativity_Ghosh,$\delta\chi_{\mathrm{Ghosh}}$,0.2886178861788618
CHAOS_0483,Ca-Co-Fe-Mg,EFA quartile,Q3,3,intermediate-high EFA,delta_electronegativity_Ghosh,$\delta\chi_{\mathrm{Ghosh}}$,0.2804878048780488
CHAOS_0484,Cd-Nb-Sn-Sr,EFA quartile,Q1,1,low EFA,delta_electronegativity_Ghosh,$\delta\chi_{\mathrm{Ghosh}}$,0.8821138211382114
CHAOS_0485,Mn-Nb-Sr-V,EFA quartile,Q2,2,intermediate-low EFA,delta_electronegativity_Ghosh,$\delta\chi_{\mathrm{Ghosh}}$,0.07113821138211382
CHAOS_0486,Ca-Cd-Mn-Nb,EFA quartile,Q2,2,intermediate-low EFA,delta_electronegativity_Ghosh,$\delta\chi_{\mathrm{Ghosh}}$,0.3699186991869919
CHAOS_0487,Ca-Ni-Sn-Zn,EFA quartile,Q4,4,high EFA,delta_electronegativity_Ghosh,$\delta\chi_{\mathrm{Ghosh}}$,0.8455284552845529
CHAOS_0488,Fe-Ni-Sn-Sr,EFA quartile,Q2,2,intermediate-low EFA,delta_electronegativity_Ghosh,$\delta\chi_{\mathrm{Ghosh}}$,0.7723577235772358
CHAOS_0489,Ca-Cd-Fe-Ti,EFA quartile,Q2,2,intermediate-low EFA,delta_electronegativity_Ghosh,$\delta\chi_{\mathrm{Ghosh}}$,0.4634146341463415
CHAOS_0490,Ca-Cd-Sr-Zn,EFA quartile,Q4,4,high EFA,delta_electronegativity_Ghosh,$\delta\chi_{\mathrm{Ghosh}}$,0.6890243902439024
CHAOS_0491,Co-Cu-Fe-Zn,EFA quartile,Q4,4,high EFA,delta_electronegativity_Ghosh,$\delta\chi_{\mathrm{Ghosh}}$,0.08130081300813008
CHAOS_0492,Cd-Fe-Mn-Sn,EFA quartile,Q2,2,intermediate-low EFA,delta_electronegativity_Ghosh,$\delta\chi_{\mathrm{Ghosh}}$,0.6666666666666666
CHAOS_0493,Cu-Mn-Ni-Zn,EFA quartile,Q4,4,high EFA,delta_electronegativity_Ghosh,$\delta\chi_{\mathrm{Ghosh}}$,0.1158536585365854
