name,Metal1,Metal2,Metal3,Metal4,enthalpy_mix_atom,entropy_forming_ability,lat_distortion_misfit_mean,lat_distortion_misfit_stdev,lat_distortion_relax_distance_mean,lat_distortion_relax_distance_stdev,solubility_parameter,S_config_atom,S_config_cell,S_config_partial_atom,S_config_rfu,S_config_species,S_config_sublattice,VEC,delta_electronegativity_Allen,delta_electronegativity_Ghosh,delta_electronegativity_Pauling,delta_electronegativity_Pearson,delta_radii_Ghosh08,delta_radii_Pyykko,delta_radii_Slatter,delta_radius_PT,delta_radius_Saxena,delta_radius_covalent_PT,delta_radius_covalent,param_geo_radii_Ghosh08,param_geo_radii_Pyykko,param_geo_radii_Slatter,param_geo_radius_PT,param_geo_radius_Saxena,param_geo_radius_covalent_PT,param_geo_radius_covalent,EFA,efa_original_row,match_count,Metal5,cation_count,full_cation_key,efa_join_status
Ca_svCdCoFe_pvO:PAW_PBE/AB_cF8_225_a_b.AB:POCC_P0-1xE_P1-0.25xA-0.25xB-0.25xC-0.25xD,Ca,Cd,Co,Fe,,21.42211110312,0.08947777046787,0.055631912073,0.1768026629097,0.102619972053,0.034404907920226,0.6931471805599,1.38629436112,0.6931471805599,1.38629436112,1.38629436112,1.38629436112,6.875,0.3216158422715,0.35750480766,0.3533411948811,0.8852224296752,13.28127190438,17.66663133344,11.47540983607,10.0264795503,19.86962596388,13.36106199052,12.01688576804,0.007859159824505,0.004441687133028,0.01052734962801,0.0137898172895,0.00351136578565,0.007765572859497,0.009600007914677,21.4224203562065,517,1,,4,"Ca,Cd,Co,Fe",Exact four-cation match
Ca_svFe_pvMn_pvOZn:PAW_PBE/AB_cF8_225_a_b.AB:POCC_P0-1xD_P1-0.25xA-0.25xB-0.25xC-0.25xE,Ca,Fe,Mn,Zn,,16.0527197258,0.04143623890601,0.01866252879685,0.0842234253755,0.03998904591627,0.007624034991918,0.6931471805599,1.38629436112,0.6931471805599,1.38629436112,1.38629436112,1.38629436112,6.625,0.304214973333,0.3853926569098,0.3097075233184,0.852683264759,15.60743262045,17.64828705603,12.20658743389,11.68183310539,23.24916487575,14.34142285306,12.90681449567,0.005691051547622,0.004450925637264,0.009303940496597,0.01015859068965,0.002564724626651,0.006740171927475,0.008321800887404,16.0526356228036,481,1,,4,"Ca,Fe,Mn,Zn",Exact four-cation match
CoMg_pvMn_pvOSr_sv:PAW_PBE/AB_cF8_225_a_b.AB:POCC_P0-1xD_P1-0.25xA-0.25xB-0.25xC-0.25xE,Co,Mg,Mn,Sr,,11.73096290951,0.1369897836383,0.0600225905048,0.2780910811301,0.1306997440602,0.027625454011806,0.6931471805599,1.38629436112,0.6931471805599,1.38629436112,1.38629436112,1.38629436112,5.5,0.3547495595487,0.2733599961589,0.3396597562267,0.8642446123639,23.56422565497,20.73535087476,16.53118265582,17.29853152169,26.05786533235,17.61763890239,16.59046533896,0.002496600831318,0.003224279479672,0.005072798452576,0.004632729917883,0.002041633513649,0.004466425024805,0.005036609979286,11.730902228506,110,1,,4,"Co,Mg,Mn,Sr",Exact four-cation match
CoMg_pvMn_pvNi_pvO:PAW_PBE/AB_cF8_225_a_b.AB:POCC_P0-1xE_P1-0.25xA-0.25xB-0.25xC-0.25xD,Co,Mg,Mn,Ni,,24.00201754836,0.04099467482553,0.03416586666927,0.05797475967515,0.04495448979606,0.003109126951106,0.6931471805599,1.38629436112,0.6931471805599,1.38629436112,1.38629436112,1.38629436112,6.5,0.2344177627655,0.2655808492719,0.2477271684737,0.3097075233184,6.736276672803,9.727346770123,4.374088826399,3.881126520392,13.67016304591,5.71047016997,10.73589303625,0.03055031019537,0.01465097947995,0.07245698527453,0.09203221100185,0.007418362778778,0.04251201812648,0.01202760355953,24.0018864282876,524,1,,4,"Co,Mg,Mn,Ni",Exact four-cation match
Fe_pvMg_pvMn_pvOSr_sv:PAW_PBE/AB_cF8_225_a_b.AB:POCC_P0-1xD_P1-0.25xA-0.25xB-0.25xC-0.25xE,Fe,Mg,Mn,Sr,,17.22311689634,0.1355112328323,0.05527485658926,0.2783283381419,0.1004820422984,0.123975306999756,0.6931471805599,1.38629436112,0.6931471805599,1.38629436112,1.38629436112,1.38629436112,5.375,0.3443504755333,0.2387471204015,0.3231098884281,0.8092087184404,22.93703965014,19.73564494354,15.79345138264,16.87799035493,26.21673795263,16.60165072919,12.44454414007,0.002635000646202,0.003559203420073,0.00555778012049,0.004866469299881,0.002016964017256,0.005029825416645,0.008951534128439,17.2228580065797,410,1,,4,"Fe,Mg,Mn,Sr",Exact four-cation match
Mg_pvOSnSr_svTi_sv:PAW_PBE/AB_cF8_225_a_b.AB:POCC_P0-1xB_P1-0.25xA-0.25xC-0.25xD-0.25xE,Mg,Sn,Sr,Ti,,6.375121912517,0.2655170214877,0.07416391208587,0.4622749788004,0.1144342872495,0.049523550109775,0.6931471805599,1.38629436112,0.6931471805599,1.38629436112,1.38629436112,1.38629436112,4.5,0.3072840705276,0.6718271262014,0.3665378561622,0.8503675675847,27.46657749639,13.50719972624,15.16642542068,17.71363063633,15.55768371228,14.15834739359,14.15834739359,0.001837580453673,0.007598446559122,0.006026830660513,0.004418148282256,0.005727506366886,0.006915607370563,0.006915607370563,6.37511910979828,86,1,,4,"Mg,Sn,Sr,Ti",Exact four-cation match
Ca_svNi_pvOSnSr_sv:PAW_PBE/AB_cF8_225_a_b.AB:POCC_P0-1xC_P1-0.25xA-0.25xB-0.25xD-0.25xE,Ca,Ni,Sn,Sr,,18.43655036927,0.1602322379827,0.1113435299821,0.3404647329205,0.2344229846615,0.105914381870376,0.6931471805599,1.38629436112,0.6931471805599,1.38629436112,1.38629436112,1.38629436112,5.25,0.4279458931921,0.6892421109451,0.4806506007486,1.127774356864,26.62262520007,19.12198803547,15.89104315409,17.57706755684,20.07542323033,17.8700429505,17.8700429505,0.001955931768031,0.003791310664285,0.005489725670035,0.004487067604166,0.003439743328607,0.004341144719681,0.004341144719681,18.436384156062,527,1,,4,"Ca,Ni,Sn,Sr",Exact four-cation match
Cu_pvFe_pvMn_pvOV_sv:PAW_PBE/AB_cF8_225_a_b.AB:POCC_P0-1xD_P1-0.25xA-0.25xB-0.25xC-0.25xE,Cu,Fe,Mn,V,,9.114596181131,0.185187653919,0.09245232300998,0.2746374357482,0.1558481729938,0.115554811844745,0.6931471805599,1.38629436112,0.6931471805599,1.38629436112,1.38629436112,1.38629436112,6.875,0.1221423350031,0.2338268590218,0.1425438529015,0.3418698582794,8.585359414686,6.917174536222,1.818181818182,5.917320947971,6.03493126899,6.167779927871,7.149685059007,0.01880782151149,0.02897330168772,0.4193540442388,0.03959179624111,0.03806368231532,0.03644162360707,0.02711949719442,9.1145797912973,239,1,,4,"Cu,Fe,Mn,V",Exact four-cation match
CoMg_pvOSnZn:PAW_PBE/AB_cF8_225_a_b.AB:POCC_P0-1xC_P1-0.25xA-0.25xB-0.25xD-0.25xE,Co,Mg,Sn,Zn,,22.16834102821,0.1174998924979,0.08164659883766,0.2072747512029,0.1280184182078,0.099141780321434,0.6931471805599,1.38629436112,0.6931471805599,1.38629436112,1.38629436112,1.38629436112,6.375,0.2217671921182,0.5548083002263,0.2522895162309,0.2669269563008,7.590525415009,10.03743998739,4.598364975847,2.516599050805,10.61160193746,6.177843344811,6.177843344811,0.02406089507542,0.01375971800031,0.06556145443385,0.2188907451973,0.01231100636924,0.03632299691452,0.03632299691452,22.1676739235626,97,1,,4,"Co,Mg,Sn,Zn",Exact four-cation match
CdFe_pvOTi_svZn:PAW_PBE/AB_cF8_225_a_b.AB:POCC_P0-1xC_P1-0.25xA-0.25xB-0.25xD-0.25xE,Cd,Fe,Ti,Zn,,7.611890663654,0.08874730800297,0.03356513532012,0.1804142893247,0.06482890496177,0.207605034279939,0.6931471805599,1.38629436112,0.6931471805599,1.38629436112,1.38629436112,1.38629436112,7.5,0.1515544456623,0.332893657945,0.1037725879026,0.3861589698557,11.4947551834,7.530655685082,5.263157894737,7.655228096212,7.615531808566,10.15672208982,9.805278418896,0.01049194498324,0.02444499056775,0.05004522643643,0.02365588420493,0.02390314158076,0.01343842333299,0.01441901511022,7.61182373058968,101,1,,4,"Cd,Fe,Ti,Zn",Exact four-cation match
Ca_svNb_svOTi_svV_sv:PAW_PBE/AB_cF8_225_a_b.AB:POCC_P0-1xC_P1-0.25xA-0.25xB-0.25xD-0.25xE,Ca,Nb,Ti,V,,13.12056421982,0.1078658624989,0.04909618031854,0.1800444619996,0.06431331093787,0.042385303396346,0.6931471805599,1.38629436112,0.6931471805599,1.38629436112,1.38629436112,1.38629436112,5,0.1845447100298,0.1369733094438,0.2575242707008,0.6730295312986,6.571830852328,10.00948229222,11.78511301978,6.211376139393,16.1575119346,5.113570553465,5.113570553465,0.03209834960125,0.01383669046163,0.009981319400063,0.03593186819123,0.005310146293123,0.05301599930321,0.05301599930321,13.1204470670891,245,1,,4,"Ca,Nb,Ti,V",Exact four-cation match
Mg_pvNb_svOSr_svV_sv:PAW_PBE/AB_cF8_225_a_b.AB:POCC_P0-1xC_P1-0.25xA-0.25xB-0.25xD-0.25xE,Mg,Nb,Sr,V,,6.60748715485,0.141092103823,0.04529954294575,0.2800918236123,0.1079067492654,0.105720378894843,0.6931471805599,1.38629436112,0.6931471805599,1.38629436112,1.38629436112,1.38629436112,4.75,0.211313747778,0.1082459583541,0.2740779998468,0.7853144274748,20.36690243105,13.2427540489,15.95218352559,15.21314204048,19.63694139767,12.28460210455,12.28460210455,0.003341992654016,0.007904944594624,0.005447725068599,0.005989873027678,0.003595073456747,0.009186144401411,0.009186144401411,6.60746397724222,16,1,,4,"Mg,Nb,Sr,V",Exact four-cation match
Ca_svMn_pvOSnZn:PAW_PBE/AB_cF8_225_a_b.AB:POCC_P0-1xC_P1-0.25xA-0.25xB-0.25xD-0.25xE,Ca,Mn,Sn,Zn,,23.93681754698,0.1497934274848,0.09784772085128,0.3183403755268,0.2051201170116,0.05717315307492,0.6931471805599,1.38629436112,0.6931471805599,1.38629436112,1.38629436112,1.38629436112,6.125,0.3094070942949,0.6327586427699,0.3464823227814,0.8900386227575,20.6866631328,15.69767384497,11.78511301978,12.86344101063,21.09765653126,13.70538496944,13.79370610522,0.003239474547365,0.005625807321916,0.009981319400063,0.008378015088807,0.003114490576655,0.007380282380535,0.007286073026366,23.9358841181954,484,1,,4,"Ca,Mn,Sn,Zn",Exact four-cation match
Ca_svFe_pvMg_pvOSn:PAW_PBE/AB_cF8_225_a_b.AB:POCC_P0-1xD_P1-0.25xA-0.25xB-0.25xC-0.25xE,Ca,Fe,Mg,Sn,,20.73519368732,0.1867787636738,0.1112462469781,0.3460526586328,0.2177096681992,0.124426648329451,0.6931471805599,1.38629436112,0.6931471805599,1.38629436112,1.38629436112,1.38629436112,5,0.337038851618,0.6641690296905,0.3886193510365,0.8188520928715,20.70420936833,13.81711293005,10.12186959186,12.5856441035,16.16899712032,11.61453814896,9.680223006291,0.003233986146721,0.007261408050211,0.01353112734799,0.008751944671928,0.005302605150603,0.01027665003411,0.01479396993964,20.7354349223353,117,1,,4,"Ca,Fe,Mg,Sn",Exact four-cation match
CdMg_pvOSr_svV_sv:PAW_PBE/AB_cF8_225_a_b.AB:POCC_P0-1xC_P1-0.25xA-0.25xB-0.25xD-0.25xE,Cd,Mg,Sr,V,,10.90254291667,0.1365764750038,0.06879823786753,0.257593786587,0.1064296884238,0.081941637218076,0.6931471805599,1.38629436112,0.6931471805599,1.38629436112,1.38629436112,1.38629436112,5.625,0.2302764642772,0.340013510761,0.2947456530638,0.8639733792195,22.05488018115,14.24127002192,15.14899955443,15.85415428061,18.85586138925,13.69496045194,13.69496045194,0.002850007817716,0.006835306836223,0.006040703939518,0.005515301981244,0.003899084998261,0.007391522305559,0.007391522305559,10.9025388772712,409,1,,4,"Cd,Mg,Sr,V",Exact four-cation match
Ca_svMg_pvMn_pvNb_svO:PAW_PBE/AB_cF8_225_a_b.AB:POCC_P0-1xE_P1-0.25xA-0.25xB-0.25xC-0.25xD,Ca,Mg,Mn,Nb,,8.174533519453,0.1428144202131,0.05572871745138,0.24522313701,0.1094398414352,0.012394457623601,0.6931471805599,1.38629436112,0.6931471805599,1.38629436112,1.38629436112,1.38629436112,5,0.2572998008161,0.2011355264492,0.2375394704044,0.7112796566752,17.10969393244,12.93606667375,10.12186959186,12.76599966186,20.05481829094,10.06741066731,7.837847741688,0.004735555984558,0.00828420745596,0.01353112734799,0.008506399973741,0.003446815156607,0.01367791458969,0.02256637555516,8.17450195380349,180,1,,4,"Ca,Mg,Mn,Nb",Exact four-cation match
Ca_svCdMg_pvNb_svO:PAW_PBE/AB_cF8_225_a_b.AB:POCC_P0-1xE_P1-0.25xA-0.25xB-0.25xC-0.25xD,Ca,Cd,Mg,Nb,,7.40978737059,0.1063042087796,0.0539591405863,0.1736640628942,0.08053190758881,0.130982327638931,0.6931471805599,1.38629436112,0.6931471805599,1.38629436112,1.38629436112,1.38629436112,5.625,0.1806189012811,0.3596449638185,0.2702776350348,0.8172820810467,17.65589003587,9.265670737144,8.547880646245,12.76599966186,12.80902049015,9.234370579525,9.234370579525,0.004447093147178,0.01614736753208,0.01897311144581,0.008506399973741,0.008449356139255,0.01625701695624,0.01625701695624,7.40984925625944,384,1,,4,"Ca,Cd,Mg,Nb",Exact four-cation match
Ca_svMg_pvNi_pvOSr_sv:PAW_PBE/AB_cF8_225_a_b.AB:POCC_P0-1xD_P1-0.25xA-0.25xB-0.25xC-0.25xE,Ca,Mg,Ni,Sr,,17.1517825586,0.102975188836,0.03698609786858,0.2222617423681,0.07265580353244,0.044423324725332,0.6931471805599,1.38629436112,0.6931471805599,1.38629436112,1.38629436112,1.38629436112,5,0.3607454088412,0.3430561178583,0.3822548233836,1.016350702268,23.92963767739,19.22122884407,15.24295859603,17.57706755684,19.89403991901,17.60444654375,17.60444654375,0.002420935455223,0.003752262024173,0.005966462519185,0.004487067604166,0.003502752781408,0.004473121600954,0.004473121600954,17.1516905745611,228,1,,4,"Ca,Mg,Ni,Sr",Exact four-cation match
Ca_svCoFe_pvOZn:PAW_PBE/AB_cF8_225_a_b.AB:POCC_P0-1xD_P1-0.25xA-0.25xB-0.25xC-0.25xE,Ca,Co,Fe,Zn,,24.04631391483,0.08064166055257,0.04190228349242,0.1488564294192,0.0798309859334,0.024858047035164,0.6931471805599,1.38629436112,0.6931471805599,1.38629436112,1.38629436112,1.38629436112,6.875,0.3214933902898,0.3928861158147,0.3512121865767,0.9070660119308,16.41092118033,18.901062543,12.79632955131,12.25036206417,20.97930240846,15.58014951634,15.11912573408,0.005147419191995,0.003880458278115,0.008466123984313,0.009237567129714,0.003149730314579,0.005711000714541,0.006064599129152,24.0459182759469,316,1,,4,"Ca,Co,Fe,Zn",Exact four-cation match
CdCu_pvMg_pvMn_pvO:PAW_PBE/AB_cF8_225_a_b.AB:POCC_P0-1xE_P1-0.25xA-0.25xB-0.25xC-0.25xD,Cd,Cu,Mg,Mn,,19.98410472043,0.198352630307,0.1895403467137,0.3475194858548,0.338579121896,0.047015098127888,0.6931471805599,1.38629436112,0.6931471805599,1.38629436112,1.38629436112,1.38629436112,7,0.2154105092608,0.3309368330966,0.2145198126048,0.3393375900191,7.825077225013,8.952372848147,5.452202862359,5.228758169935,13.62059694569,3.17689239796,7.266435986159,0.02264009225474,0.017297332507,0.04663494230807,0.0507058823429,0.007472452677098,0.1373568889805,0.02625503204877,22.276790367606,175,1,,4,"Cd,Cu,Mg,Mn",Exact four-cation match
Nb_svOSnSr_svV_sv:PAW_PBE/AB_cF8_225_a_b.AB:POCC_P0-1xB_P1-0.25xA-0.25xC-0.25xD-0.25xE,Nb,Sn,Sr,V,,4.258614170597,0.1425227470862,0.1130510971497,0.2485122127993,0.2164185213999,0.28142384012799,0.6931471805599,1.38629436112,0.6931471805599,1.38629436112,1.38629436112,1.38629436112,5,0.3097227590927,0.6375735251718,0.3660942501597,0.8870597499605,23.4738055359,13.12270320269,16.37559159237,15.21314204048,19.72895903024,12.66978505045,12.66978505045,0.002515871479216,0.008050240290959,0.005169653792959,0.005989873027678,0.003561616173591,0.008636086087564,0.008636086087564,4.25858709286989,107,1,,4,"Nb,Sn,Sr,V",Exact four-cation match
CdOSr_svTi_svV_sv:PAW_PBE/AB_cF8_225_a_b.AB:POCC_P0-1xB_P1-0.25xA-0.25xC-0.25xD-0.25xE,Cd,Sr,Ti,V,,5.340649737366,0.2563515307844,0.07876991556671,0.3729534341495,0.08907070835859,0.179664620933545,0.6931471805599,1.38629436112,0.6931471805599,1.38629436112,1.38629436112,1.38629436112,5.875,0.2301938042172,0.3331846334992,0.2949894065895,0.8448816485165,16.1087381513,14.56635619785,16.26500121581,12.20029028879,19.82232720153,11.85653257061,11.85653257061,0.005342350928152,0.006533615986322,0.005240192685033,0.009313547380047,0.003528142968541,0.00986143370297,0.00986143370297,5.34066153321516,290,1,,4,"Cd,Sr,Ti,V",Exact four-cation match
Ca_svCdMn_pvOSr_sv:PAW_PBE/AB_cF8_225_a_b.AB:POCC_P0-1xD_P1-0.25xA-0.25xB-0.25xC-0.25xE,Ca,Cd,Mn,Sr,,52.32891369128,0.07400017935913,0.03696587383959,0.1605662505977,0.08507892470932,0.001758229072445,0.6931471805599,1.38629436112,0.6931471805599,1.38629436112,1.38629436112,1.38629436112,5.875,0.3294323716637,0.3823626387345,0.3267548775458,0.9888977449666,17.6392854949,17.29835540347,13.63848343668,13.28256334308,23.94017026888,14.11042445879,11.12520454258,0.004455469529034,0.004632824251971,0.007452865702481,0.007857631636093,0.002418805719742,0.006962661800854,0.01120055254539,52.3302757334249,275,1,,4,"Ca,Cd,Mn,Sr",Exact four-cation match
CoCu_pvMg_pvMn_pvO:PAW_PBE/AB_cF8_225_a_b.AB:POCC_P0-1xE_P1-0.25xA-0.25xB-0.25xC-0.25xD,Co,Cu,Mg,Mn,,51.76165204556,0.1062184778999,0.07032951626955,0.1672077394202,0.1126936870009,0.010936277152679,0.6931471805599,1.38629436112,0.6931471805599,1.38629436112,1.38629436112,1.38629436112,6.625,0.2286518915295,0.2965378348542,0.2452549693686,0.3337944726924,7.260213828004,9.36012821995,4.374088826399,4.359349727395,13.45117988739,4.414253563955,9.462600928208,0.02630005357801,0.0158231104925,0.07245698527453,0.07294777226519,0.007661868523835,0.07114442997517,0.0154822618108,51.7628385742137,3,1,,4,"Co,Cu,Mg,Mn",Exact four-cation match
CdCu_pvFe_pvOZn:PAW_PBE/AB_cF8_225_a_b.AB:POCC_P0-1xD_P1-0.25xA-0.25xB-0.25xC-0.25xE,Cd,Cu,Fe,Zn,,21.59239585566,0.1477582280217,0.09414528633204,0.2330851902389,0.1384293672439,0.171584301689686,0.6931471805599,1.38629436112,0.6931471805599,1.38629436112,1.38629436112,1.38629436112,8.375,0.138383525031,0.160818803316,0.1015812482696,0.1656804152578,6.818949037602,7.639814373246,5.80304294186,5.151109002021,7.408568666395,5.882436704951,8.316070273476,0.02981402198089,0.0237514344508,0.04116649464451,0.05224611194693,0.02525729494026,0.04006276605335,0.02004560440912,35.2967124870506,70,1,,4,"Cd,Cu,Fe,Zn",Exact four-cation match
Ca_svCoMn_pvOSr_sv:PAW_PBE/AB_cF8_225_a_b.AB:POCC_P0-1xD_P1-0.25xA-0.25xB-0.25xC-0.25xE,Ca,Co,Mn,Sr,,12.8472039649,0.1508270773831,0.06402542141061,0.3019303504066,0.1377589753137,0.021497922400986,0.6931471805599,1.38629436112,0.6931471805599,1.38629436112,1.38629436112,1.38629436112,5.5,0.4003069915702,0.3141586979538,0.3883619445826,0.9793237462658,18.81111201223,21.85100109558,16.63701886848,14.71445769815,27.39519654414,17.43511481211,15.36984423072,0.003917657973628,0.00290343948787,0.005008462638143,0.006402755754308,0.001847168932328,0.004560430415546,0.005868356978568,12.84705614156,370,1,,4,"Ca,Co,Mn,Sr",Exact four-cation match
CdCoFe_pvOSr_sv:PAW_PBE/AB_cF8_225_a_b.AB:POCC_P0-1xD_P1-0.25xA-0.25xB-0.25xC-0.25xE,Cd,Co,Fe,Sr,,13.34099106772,0.1415834400025,0.06538037187307,0.2835341483771,0.1260024654192,0.135130730315807,0.6931471805599,1.38629436112,0.6931471805599,1.38629436112,1.38629436112,1.38629436112,6.875,0.3502094908765,0.322645316098,0.3745914441094,0.9712717179039,21.12243543976,21.34958511271,16.26500121581,15.88497220037,24.10643532518,18.22257725072,16.42879654191,0.003107187592046,0.003041421258195,0.005240192685033,0.005493922622823,0.002385555180595,0.004174801748647,0.005136223980928,13.3408202813817,95,1,,4,"Cd,Co,Fe,Sr",Exact four-cation match
CdCoOSr_svZn:PAW_PBE/AB_cF8_225_a_b.AB:POCC_P0-1xC_P1-0.25xA-0.25xB-0.25xD-0.25xE,Cd,Co,Sr,Zn,,16.3544094899,0.1442251463769,0.08172319608912,0.2929193858656,0.1434797461161,0.064178978128516,0.6931471805599,1.38629436112,0.6931471805599,1.38629436112,1.38629436112,1.38629436112,7.375,0.3203813157786,0.3840327948236,0.352942984064,1.023450047633,24.0405533021,21.01868511508,16.98940846528,17.75710896187,22.71537455168,19.80477550053,19.80477550053,0.002398648103331,0.00313793807422,0.004802849089246,0.004396539075622,0.002686678204859,0.003534399272784,0.003534399272784,16.3543341801285,126,1,,4,"Cd,Co,Sr,Zn",Exact four-cation match
Ca_svMg_pvNb_svOSn:PAW_PBE/AB_cF8_225_a_b.AB:POCC_P0-1xD_P1-0.25xA-0.25xB-0.25xC-0.25xE,Ca,Mg,Nb,Sn,,6.713380361249,0.2563431569618,0.08040782269327,0.453033214602,0.1640101074278,0.083534385271318,0.6931471805599,1.38629436112,0.6931471805599,1.38629436112,1.38629436112,1.38629436112,4.625,0.2850003289472,0.6750648117033,0.3547798613225,0.8103818544365,23.60144694076,8.663383947059,9.404761120718,14.97899447404,12.08565066995,10.06741066731,10.06741066731,0.002488732380114,0.01847057147486,0.01567328095337,0.006178600789781,0.009491074506134,0.01367791458969,0.01367791458969,6.71341017585171,430,1,,4,"Ca,Mg,Nb,Sn",Exact four-cation match
CdMn_pvOSnV_sv:PAW_PBE/AB_cF8_225_a_b.AB:POCC_P0-1xC_P1-0.25xA-0.25xB-0.25xD-0.25xE,Cd,Mn,Sn,V,,6.886954822748,0.227775673304,0.1106325750272,0.2799081969105,0.123176687003,0.036065943065026,0.6931471805599,1.38629436112,0.6931471805599,1.38629436112,1.38629436112,1.38629436112,6.5,0.1336338280526,0.5265206548655,0.1540089283126,0.3304069460529,13.38784460812,6.010628769597,5.144417202695,5.839478373103,12.84061242512,3.977251000358,5.653111233061,0.007734533608857,0.0383721068556,0.05238212264517,0.04065438054234,0.00840783115069,0.08763739448284,0.04337908577282,6.88692776312148,42,1,,4,"Cd,Mn,Sn,V",Exact four-cation match
Mg_pvNi_pvOSr_svZn:PAW_PBE/AB_cF8_225_a_b.AB:POCC_P0-1xC_P1-0.25xA-0.25xB-0.25xD-0.25xE,Mg,Ni,Sr,Zn,,12.23772317433,0.1479507266425,0.06066546784622,0.3052481070641,0.1257476655011,0.113448321250125,0.6931471805599,1.38629436112,0.6931471805599,1.38629436112,1.38629436112,1.38629436112,6.25,0.3409358444048,0.4309504031788,0.3609362824655,0.9918417212439,27.11783957158,21.1079879183,17.22109395489,19.53900263506,22.26703726175,20.28655964694,20.28655964694,0.001885147265519,0.00311144252365,0.004674487301881,0.003631204214418,0.002795957624517,0.003368516292511,0.003368516292511,12.2379534772544,40,1,,4,"Mg,Ni,Sr,Zn",Exact four-cation match
CdMn_pvNi_pvOZn:PAW_PBE/AB_cF8_225_a_b.AB:POCC_P0-1xD_P1-0.25xA-0.25xB-0.25xC-0.25xE,Cd,Mn,Ni,Zn,,35.80372678313,0.1067684068524,0.1020756319029,0.189572383423,0.150767066177,0.020416987953651,0.6931471805599,1.38629436112,0.6931471805599,1.38629436112,1.38629436112,1.38629436112,8.125,0.1400892572612,0.1998241414344,0.1315294643797,0.2946608219632,7.312610971387,7.842938685249,5.80304294186,5.308691711345,10.58915376764,7.140955299631,11.57405354882,0.02592450765809,0.0225370888649,0.04116649464451,0.04919041036673,0.01236325841843,0.02718584445061,0.01034866865823,35.8046637434426,487,1,,4,"Cd,Mn,Ni,Zn",Exact four-cation match
CdMn_pvOSr_svV_sv:PAW_PBE/AB_cF8_225_a_b.AB:POCC_P0-1xC_P1-0.25xA-0.25xB-0.25xD-0.25xE,Cd,Mn,Sr,V,,11.51219987018,0.1656941689861,0.08156449026287,0.3003691175857,0.1239992991478,0.043943065840933,0.6931471805599,1.38629436112,0.6931471805599,1.38629436112,1.38629436112,1.38629436112,6.25,0.2907433361231,0.3191535680515,0.2957617284234,0.861201921735,17.90468665947,17.31325191471,16.26500121581,13.49484511176,25.3804823508,13.9991428187,11.81755688865,0.004324361643902,0.004624855416407,0.005240192685033,0.007612365777768,0.002152066631562,0.007073796605381,0.009926589290189,11.5121715520637,178,1,,4,"Cd,Mn,Sr,V",Exact four-cation match
Cu_pvFe_pvOSnZn:PAW_PBE/AB_cF8_225_a_b.AB:POCC_P0-1xC_P1-0.25xA-0.25xB-0.25xD-0.25xE,Cu,Fe,Sn,Zn,,18.88538408319,0.1512287339196,0.07469252490882,0.2284518655305,0.11285108207,0.231380663378112,0.6931471805599,1.38629436112,0.6931471805599,1.38629436112,1.38629436112,1.38629436112,7.375,0.103140680626,0.3827070518033,0.1162970334961,0.1661888985462,9.087464176084,8.968927867368,2.987950261581,3.631659269398,9.750159478416,4.614872929366,8.012699288403,0.0167868818222,0.01723353594311,0.1552775711214,0.1051102977173,0.01458250110888,0.06509325098529,0.02159224345106,21.4849822088388,443,1,,4,"Cu,Fe,Sn,Zn",Exact four-cation match
Ca_svMg_pvMn_pvNi_pvO:PAW_PBE/AB_cF8_225_a_b.AB:POCC_P0-1xE_P1-0.25xA-0.25xB-0.25xC-0.25xD,Ca,Mg,Mn,Ni,,40.51373938167,0.06466509643725,0.03743543646034,0.1192360661854,0.06493918081884,0.005753679233072,0.6931471805599,1.38629436112,0.6931471805599,1.38629436112,1.38629436112,1.38629436112,5.625,0.3414830705906,0.3349858205954,0.3329695932063,0.807724427017,16.67630439153,17.37543916917,11.54069425105,11.86640769152,22.25535740022,13.14874204478,13.09239900016,0.004984892870025,0.004591809646413,0.01040858243136,0.009845027334312,0.00279889309453,0.008018387604552,0.008087550251888,40.5155783296336,64,1,,4,"Ca,Mg,Mn,Ni",Exact four-cation match
Ca_svCdFe_pvNi_pvO:PAW_PBE/AB_cF8_225_a_b.AB:POCC_P0-1xE_P1-0.25xA-0.25xB-0.25xC-0.25xD,Ca,Cd,Fe,Ni,,19.76292085087,0.1102304767529,0.07015061624231,0.214363677484,0.1326986076688,0.058263606955532,0.6931471805599,1.38629436112,0.6931471805599,1.38629436112,1.38629436112,1.38629436112,7,0.3310086856866,0.3728648381116,0.3594700961137,0.9024238194995,14.09765134228,17.88082068988,11.47540983607,10.47100154132,19.86962596388,13.74929852307,12.50197047664,0.006975284496336,0.004335913010637,0.01052734962801,0.01264384052981,0.00351136578565,0.007333214253108,0.008869487351937,19.7631181268411,433,1,,4,"Ca,Cd,Fe,Ni",Exact four-cation match
Ca_svMg_pvNb_svOZn:PAW_PBE/AB_cF8_225_a_b.AB:POCC_P0-1xD_P1-0.25xA-0.25xB-0.25xC-0.25xE,Ca,Mg,Nb,Zn,,13.24268332213,0.1086766700621,0.03926333419695,0.1709217784423,0.05734451112718,0.438559515681385,0.6931471805599,1.38629436112,0.6931471805599,1.38629436112,1.38629436112,1.38629436112,5.625,0.2018494178837,0.4126277832381,0.2599038283673,0.8463155439905,20.97938004285,13.19334196524,10.99705562705,15.49894343141,15.39696894492,13.81437151932,13.81437151932,0.003149707003412,0.007964267126764,0.01146311403939,0.005771002605373,0.005847698718421,0.007264290335098,0.007264290335098,13.2427513453093,352,1,,4,"Ca,Mg,Nb,Zn",Exact four-cation match
Nb_svOTc_pvTi_svV_sv:PAW_PBE/AB_cF8_225_a_b.AB:POCC_P0-1xB_P1-0.25xA-0.25xC-0.25xD-0.25xE,Nb,Tc,Ti,V,,5.498637293447,0.1764929378943,0.09678204328181,0.2246420223728,0.1279800085121,0.057302938390103,0.6931471805599,1.38629436112,0.6931471805599,1.38629436112,1.38629436112,1.38629436112,5.625,0.06378675411087,0.1082716491054,0.1380896447964,,5.740118789694,5.041699693224,2.987950261581,5.589832403675,,4.178975900771,4.178975900771,0.04207398972875,0.05453828908763,0.1552775711214,0.0443667772152,,0.07938084605227,0.07938084605227,5.49866088220195,13,1,,4,"Nb,Tc,Ti,V",Exact four-cation match
Ca_svCu_pvMg_pvMn_pvO:PAW_PBE/AB_cF8_225_a_b.AB:POCC_P0-1xE_P1-0.25xA-0.25xB-0.25xC-0.25xD,Ca,Cu,Mg,Mn,,15.86701235843,0.09253259868772,0.05386694989543,0.1765198395874,0.08374365082126,0.061729489943499,0.6931471805599,1.38629436112,0.6931471805599,1.38629436112,1.38629436112,1.38629436112,5.75,0.3330438221916,0.3739471887847,0.3294692701907,0.8300112951039,17.37391610974,16.92801582698,11.54069425105,12.40600741136,21.8006555379,11.61453814896,11.2483388842,0.004592614750508,0.004837749134457,0.01040858243136,0.009007232728173,0.002916865145241,0.01027665003411,0.01095667229764,21.1553146466854,455,1,,4,"Ca,Cu,Mg,Mn",Exact four-cation match
CoMg_pvMn_pvOSn:PAW_PBE/AB_cF8_225_a_b.AB:POCC_P0-1xD_P1-0.25xA-0.25xB-0.25xC-0.25xE,Co,Mg,Mn,Sn,,14.68501137046,0.1310713551384,0.09022880923714,0.1774963747698,0.1420886337741,0.141724560088475,0.6931471805599,1.38629436112,0.6931471805599,1.38629436112,1.38629436112,1.38629436112,5.75,0.2241443452332,0.5667170259486,0.2608160271149,0.2826990449223,10.9830487466,9.883898804012,3.922926276315,4.359349727395,14.97447981923,4.384514915724,8.83067920079,0.01149237091618,0.01419053849756,0.09008140758557,0.07294777226519,0.006182326923179,0.07211279905633,0.01777735890954,14.6850363450378,79,1,,4,"Co,Mg,Mn,Sn",Exact four-cation match
CoMg_pvNi_pvOSn:PAW_PBE/AB_cF8_225_a_b.AB:POCC_P0-1xD_P1-0.25xA-0.25xB-0.25xC-0.25xE,Co,Mg,Ni,Sn,,27.84703760448,0.135143930024,0.09416323569068,0.2115931031459,0.1633968487039,0.067925863653466,0.6931471805599,1.38629436112,0.6931471805599,1.38629436112,1.38629436112,1.38629436112,6.125,0.2411860018741,0.5477104047761,0.2642442052345,0.2558686186307,7.983424293617,11.60689450284,4.598364975847,1.99489443698,11.98218276562,5.71047016997,5.71047016997,0.02175089010723,0.01029018973515,0.06556145443385,0.3483498422635,0.009655695854101,0.04251201812648,0.04251201812648,27.8469943186678,492,1,,4,"Co,Mg,Ni,Sn",Exact four-cation match
CdCoMg_pvOSr_sv:PAW_PBE/AB_cF8_225_a_b.AB:POCC_P0-1xD_P1-0.25xA-0.25xB-0.25xC-0.25xE,Cd,Co,Mg,Sr,,18.19070832111,0.1045558513455,0.04522793089673,0.2233188496942,0.08728761804101,0.060125315780768,0.6931471805599,1.38629436112,0.6931471805599,1.38629436112,1.38629436112,1.38629436112,6.125,0.3202943958298,0.3715093370294,0.3577272005314,0.9493813775296,23.96538151967,18.70793035372,15.14899955443,17.29853152169,20.23530221226,17.17757581475,17.17757581475,0.002413719296068,0.003960992023433,0.006040703939518,0.004632729917883,0.00338560328077,0.004698202251755,0.004698202251755,18.1901200524782,30,1,,4,"Cd,Co,Mg,Sr",Exact four-cation match
CdMg_pvNb_svOSn:PAW_PBE/AB_cF8_225_a_b.AB:POCC_P0-1xD_P1-0.25xA-0.25xB-0.25xC-0.25xE,Cd,Mg,Nb,Sn,,3.988978621942,0.08844324186469,0.03789139315969,0.1544841982527,0.07558558037181,0.071413463859394,0.6931471805599,1.38629436112,0.6931471805599,1.38629436112,1.38629436112,1.38629436112,5.875,0.1973402835206,0.6012854459406,0.2320560277174,0.2373288857261,21.10734284498,2.869130871281,2.787079655761,13.34310734719,4.425042826382,6.785692973898,6.785692973898,0.003111632707632,0.1684049062283,0.1784664949802,0.007786485814083,0.07079792027191,0.03010696969793,0.03010696969793,3.98899885558659,432,1,,4,"Cd,Mg,Nb,Sn",Exact four-cation match
Ca_svMn_pvNb_svOSr_sv:PAW_PBE/AB_cF8_225_a_b.AB:POCC_P0-1xD_P1-0.25xA-0.25xB-0.25xC-0.25xE,Ca,Mn,Nb,Sr,,11.17014626943,0.1719628123221,0.09969688276923,0.3488005029923,0.1900962835776,0.060063558671139,0.6931471805599,1.38629436112,0.6931471805599,1.38629436112,1.38629436112,1.38629436112,5,0.3156195296556,0.214021465045,0.3010398644698,0.8883692925805,13.49360376404,16.12532979822,14.94331346944,10.76299382272,24.73490512443,12.049816323,7.678384606832,0.007613766445474,0.005331362898683,0.006208142013633,0.01196710976995,0.002265869841009,0.009547608508067,0.02351341628978,11.1700176678724,305,1,,4,"Ca,Mn,Nb,Sr",Exact four-cation match
Mg_pvOSnTi_svV_sv:PAW_PBE/AB_cF8_225_a_b.AB:POCC_P0-1xB_P1-0.25xA-0.25xC-0.25xD-0.25xE,Mg,Sn,Ti,V,,4.765300058413,0.2949332923444,0.03233220004457,0.5033600428515,0.05489042312751,0.215074057855287,0.6931471805599,1.38629436112,0.6931471805599,1.38629436112,1.38629436112,1.38629436112,4.875,0.201830838823,0.6379981876934,0.2333452377916,0.3211308144666,17.68790653307,1.737594173801,3.922926276315,9.016785231255,7.451583390129,5.829472518531,5.829472518531,0.004431008543244,0.4591544030065,0.09008140758557,0.01705108446854,0.02496653799658,0.04079406073585,0.04079406073585,4.76528482019439,439,1,,4,"Mg,Sn,Ti,V",Exact four-cation match
CdFe_pvOSr_svTi_sv:PAW_PBE/AB_cF8_225_a_b.AB:POCC_P0-1xC_P1-0.25xA-0.25xB-0.25xD-0.25xE,Cd,Fe,Sr,Ti,,5.149248034861,0.1374031826377,0.09241039100239,0.2241473457831,0.1411467998844,0.57401325826686,0.6931471805599,1.38629436112,0.6931471805599,1.38629436112,1.38629436112,1.38629436112,6.25,0.3019837537021,0.3454779298305,0.3350652921447,0.9011936528849,18.41857484868,17.76593738416,15.49001226213,13.92646658005,21.29560119917,15.01704999181,11.95692451946,0.004086423848274,0.004392170619436,0.005777659367055,0.007147819452843,0.003056860684123,0.006147325416169,0.009696533034114,5.14927431488745,382,1,,4,"Cd,Fe,Sr,Ti",Exact four-cation match
Ca_svCdOSnZn:PAW_PBE/AB_cF8_225_a_b.AB:POCC_P0-1xC_P1-0.25xA-0.25xB-0.25xD-0.25xE,Ca,Cd,Sn,Zn,,25.57111319348,0.1360365985536,0.1116310046346,0.2998487907086,0.2250528502265,0.063411622294208,0.6931471805599,1.38629436112,0.6931471805599,1.38629436112,1.38629436112,1.38629436112,6.75,0.2873917187394,0.6101348211666,0.3527392804891,0.9369898612045,20.73905770443,13.50130445631,10.87730744737,12.86344101063,14.70683900406,13.45048138008,13.45048138008,0.003223126988863,0.007605083647164,0.0117168979829,0.008378015088807,0.00640939120772,0.00766266433329,0.00766266433329,25.5711565601915,281,1,,4,"Ca,Cd,Sn,Zn",Exact four-cation match
CdCoOSnZn:PAW_PBE/AB_cF8_225_a_b.AB:POCC_P0-1xC_P1-0.25xA-0.25xB-0.25xD-0.25xE,Cd,Co,Sn,Zn,,19.57401641319,0.1606542019765,0.1374395171398,0.300499716952,0.2335517791236,0.206826325436162,0.6931471805599,1.38629436112,0.6931471805599,1.38629436112,1.38629436112,1.38629436112,7.625,0.1408074926984,0.3547022518959,0.1289379695823,0.06184658438427,9.954132882137,9.57687310047,5.81863998308,4.876246279443,9.275197702054,6.808371933155,6.808371933155,0.01399099458927,0.01511499441832,0.04094609435708,0.05830209929943,0.01611421322028,0.02990672871888,0.02990672871888,19.5739182412044,483,1,,4,"Cd,Co,Sn,Zn",Exact four-cation match
Cu_pvMn_pvOV_svZn:PAW_PBE/AB_cF8_225_a_b.AB:POCC_P0-1xC_P1-0.25xA-0.25xB-0.25xD-0.25xE,Cu,Mn,V,Zn,,20.20647126345,0.1558392668721,0.08015233628586,0.2437023427282,0.1204227530681,0.135843617864525,0.6931471805599,1.38629436112,0.6931471805599,1.38629436112,1.38629436112,1.38629436112,7.375,0.1268857754045,0.3093132514135,0.1310295768138,0.4048688059112,11.3368803097,6.712035228757,1.589037438137,7.651101929702,6.682984962648,8.264112947017,11.03411240563,0.01078619664213,0.03077138203723,0.5490187768155,0.02368140587165,0.03103948370892,0.02029845431039,0.01138624826787,20.2070559498424,225,1,,4,"Cu,Mn,V,Zn",Exact four-cation match
CdNi_pvOSnZn:PAW_PBE/AB_cF8_225_a_b.AB:POCC_P0-1xC_P1-0.25xA-0.25xB-0.25xD-0.25xE,Cd,Ni,Sn,Zn,,18.14930220052,0.1714022179567,0.1361282714011,0.31044608468,0.2149713209263,0.124327868798368,0.6931471805599,1.38629436112,0.6931471805599,1.38629436112,1.38629436112,1.38629436112,7.75,0.1518444928208,0.3288908443542,0.1344200505877,0.05873670062235,9.524003967963,9.848947338088,5.81863998308,4.840262404288,9.275197702054,7.140955299631,7.140955299631,0.015283271259,0.01429143459555,0.04094609435708,0.05917219005418,0.01611421322028,0.02718584445061,0.02718584445061,18.1493987935127,23,1,,4,"Cd,Ni,Sn,Zn",Exact four-cation match
Ca_svMg_pvMn_pvOSn:PAW_PBE/AB_cF8_225_a_b.AB:POCC_P0-1xD_P1-0.25xA-0.25xB-0.25xC-0.25xE,Ca,Mg,Mn,Sn,,14.3495227118,0.1909123994704,0.1314239227015,0.3742757460545,0.2482939821713,0.032446346105734,0.6931471805599,1.38629436112,0.6931471805599,1.38629436112,1.38629436112,1.38629436112,4.875,0.3259719121335,0.6650830775174,0.3507491981459,0.7811329912377,20.62289587253,13.07042058921,10.12186959186,12.40600741136,19.2309052201,10.59090269189,9.867931565568,0.003259538827879,0.008114772168695,0.01353112734799,0.009007232728173,0.003748486937841,0.01235917555264,0.01423649889507,14.3495622524346,90,1,,4,"Ca,Mg,Mn,Sn",Exact four-cation match
CoCu_pvMg_pvNi_pvO:PAW_PBE/AB_cF8_225_a_b.AB:POCC_P0-1xE_P1-0.25xA-0.25xB-0.25xC-0.25xD,Co,Cu,Mg,Ni,,26.03312979628,0.07658751920503,0.06356625492493,0.122674754739,0.09654806841221,0.138878851574709,0.6931471805599,1.38629436112,0.6931471805599,1.38629436112,1.38629436112,1.38629436112,7,0.244518276413,0.3104821854793,0.2542636427018,0.2857774483755,3.961942545782,10.29233711991,4.681218398835,1.99489443698,10.98385628453,5.055183199389,5.055183199389,0.0883159429129,0.01308661876897,0.0632612326791,0.3483498422635,0.01149068113001,0.05424774110197,0.05424774110197,26.0328254880412,365,1,,4,"Co,Cu,Mg,Ni",Exact four-cation match
Fe_pvMn_pvOSnZn:PAW_PBE/AB_cF8_225_a_b.AB:POCC_P0-1xC_P1-0.25xA-0.25xB-0.25xD-0.25xE,Fe,Mn,Sn,Zn,,14.03219747548,0.1777963570761,0.09779450922077,0.2491816987554,0.1332727453305,0.14565902461388,0.6931471805599,1.38629436112,0.6931471805599,1.38629436112,1.38629436112,1.38629436112,6.875,0.09117565464531,0.457574788969,0.158488958606,0.275805638086,11.57924570833,7.895132030843,2.525381361381,5.151109002021,12.81783330079,5.23623619443,10.22397264886,0.01033939000694,0.02224009624923,0.2173709558236,0.05224611194693,0.008437741543271,0.05056115660588,0.01326221605471,14.0321933515907,74,1,,4,"Fe,Mn,Sn,Zn",Exact four-cation match
Ca_svMn_pvNb_svOZn:PAW_PBE/AB_cF8_225_a_b.AB:POCC_P0-1xD_P1-0.25xA-0.25xB-0.25xC-0.25xE,Ca,Mn,Nb,Zn,,11.23170283279,0.122727121302,0.07163929343076,0.1976809338048,0.1257761884076,0.194443248399223,0.6931471805599,1.38629436112,0.6931471805599,1.38629436112,1.38629436112,1.38629436112,6.25,0.2665483070665,0.3918462708767,0.2622022120425,0.8450850548909,17.21179592811,15.82613922911,11.78511301978,13.40139281309,21.44532842332,14.02712560013,13.01942777008,0.004679539098693,0.005534845373739,0.009981319400063,0.007718902983054,0.003014324847413,0.007045601653734,0.008178462442424,11.2317875079567,449,1,,4,"Ca,Mn,Nb,Zn",Exact four-cation match
Ca_svMg_pvOTi_svV_sv:PAW_PBE/AB_cF8_225_a_b.AB:POCC_P0-1xC_P1-0.25xA-0.25xB-0.25xD-0.25xE,Ca,Mg,Ti,V,,25.92840427976,0.08916319854359,0.06231009266402,0.1681462812186,0.1190094030767,0.005106240411462,0.6931471805599,1.38629436112,0.6931471805599,1.38629436112,1.38629436112,1.38629436112,4.625,0.1801129853731,0.1171302693585,0.2434132288928,0.6154266812546,14.60719011557,10.42497686747,11.54069425105,10.22072778015,15.14012970718,8.037453270585,8.037453270586,0.006497138028575,0.01275572820243,0.01040858243136,0.01327063834755,0.006047783907415,0.02145944742311,0.02145944742311,25.9276023683711,516,1,,4,"Ca,Mg,Ti,V",Exact four-cation match
Mn_pvNb_svOTi_svZn:PAW_PBE/AB_cF8_225_a_b.AB:POCC_P0-1xC_P1-0.25xA-0.25xB-0.25xD-0.25xE,Mn,Nb,Ti,Zn,,5.164475314666,0.2254723301412,0.0473107997568,0.2666068239227,0.0604861007862,0.609547788245216,0.6931471805599,1.38629436112,0.6931471805599,1.38629436112,1.38629436112,1.38629436112,6.5,0.1490595518576,0.3301373767085,0.04387482193696,0.3698986347636,15.67413143535,9.342275231916,2.525381361381,12.11856304636,10.13318592032,11.56723225348,11.36021549131,0.005642719841329,0.01588364386639,0.2173709558236,0.009439591564964,0.01350092220182,0.01036087765307,0.01074192999075,5.16450584206816,171,1,,4,"Mn,Nb,Ti,Zn",Exact four-cation match
CdFe_pvNb_svOTi_sv:PAW_PBE/AB_cF8_225_a_b.AB:POCC_P0-1xD_P1-0.25xA-0.25xB-0.25xC-0.25xE,Cd,Fe,Nb,Ti,,4.640864862051,0.1487870667696,0.03772049477488,0.1176515230416,0.02078596663494,0.145832742296645,0.6931471805599,1.38629436112,0.6931471805599,1.38629436112,1.38629436112,1.38629436112,6.625,0.1657369904397,0.2849561369755,0.1092016483392,0.3196091362899,12.08424814804,8.365399626393,4.223258177212,9.453296378611,7.180303805431,8.537498983244,4.955577901851,0.009493277740002,0.01980989034007,0.07772490384679,0.01551275410925,0.02688870067651,0.01901928239341,0.05645037631509,4.64088837733473,93,1,,4,"Cd,Fe,Nb,Ti",Exact four-cation match
Nb_svOSnSr_svTi_sv:PAW_PBE/AB_cF8_225_a_b.AB:POCC_P0-1xB_P1-0.25xA-0.25xC-0.25xD-0.25xE,Nb,Sn,Sr,Ti,,4.209980628661,0.2677520418213,0.1023557174227,0.468907755141,0.2130036530454,0.231042834314996,0.6931471805599,1.38629436112,0.6931471805599,1.38629436112,1.38629436112,1.38629436112,4.875,0.304595120611,0.6514192198577,0.3623102951891,0.8841486017633,23.05934357617,12.79939240681,15.6331076219,14.85579411779,17.47215798761,12.16185350987,12.16185350987,0.002607123332144,0.008462072633901,0.005672373525036,0.006281505041745,0.004541113540674,0.009372510177513,0.009372510177513,4.2099699834088,152,1,,4,"Nb,Sn,Sr,Ti",Exact four-cation match
Cu_pvNb_svOSnTc_pv:PAW_PBE/AB_cF8_225_a_b.AB:POCC_P0-1xC_P1-0.25xA-0.25xB-0.25xD-0.25xE,Cu,Nb,Sn,Tc,,4.154162790766,0.341134746257,0.05725301496678,0.5914710450013,0.1051513748278,0.051652271000012,0.6931471805599,1.38629436112,0.6931471805599,1.38629436112,1.38629436112,1.38629436112,6.375,0.1920071613248,0.5257611149562,0.1407124727947,,21.50120965687,10.07481134911,3.571428571429,13.92545755668,,8.19715494287,8.19715494287,0.002998676862777,0.01365782712378,0.1086854779118,0.007148855336674,,0.02063142228365,0.02063142228365,4.15416372251631,14,1,,4,"Cu,Nb,Sn,Tc",Exact four-cation match
Mg_pvMn_pvNb_svOSr_sv:PAW_PBE/AB_cF8_225_a_b.AB:POCC_P0-1xD_P1-0.25xA-0.25xB-0.25xC-0.25xE,Mg,Mn,Nb,Sr,,9.480195156402,0.1906336050917,0.07449892196162,0.3675517639441,0.1742029341271,0.029471019117066,0.6931471805599,1.38629436112,0.6931471805599,1.38629436112,1.38629436112,1.38629436112,5,0.2813156590025,0.1749005074321,0.2569411411199,0.796974748659,21.67938979775,16.22521755088,15.16642542068,16.19793338891,23.74170234703,14.14610075792,11.69020362902,0.002949587937317,0.005265921727475,0.006026830660513,0.005283676741479,0.002459414589346,0.00692758658459,0.01014404820892,9.48016897039771,112,1,,4,"Mg,Mn,Nb,Sr",Exact four-cation match
Cu_pvMn_pvOSnZn:PAW_PBE/AB_cF8_225_a_b.AB:POCC_P0-1xC_P1-0.25xA-0.25xB-0.25xD-0.25xE,Cu,Mn,Sn,Zn,,15.75400463367,0.1768831937767,0.1210290965389,0.2704238757184,0.1906324133934,0.084468718481986,0.6931471805599,1.38629436112,0.6931471805599,1.38629436112,1.38629436112,1.38629436112,7.25,0.1012756140441,0.4160855531018,0.1700735135169,0.30646166155,10.74231396593,8.664098226714,2.987950261581,5.033663256863,12.43936139651,5.23623619443,10.34407854288,0.01201322950263,0.01846752612397,0.1552775711214,0.05471257304079,0.008958994828231,0.05056115660588,0.01295602680078,14.7885252337946,394,1,,4,"Cu,Mn,Sn,Zn",Exact four-cation match
Ca_svMn_pvOSr_svTi_sv:PAW_PBE/AB_cF8_225_a_b.AB:POCC_P0-1xC_P1-0.25xA-0.25xB-0.25xD-0.25xE,Ca,Mn,Sr,Ti,,6.297392599531,0.1918747726954,0.1020324834661,0.3995243772163,0.1906714847273,0.045262208236028,0.6931471805599,1.38629436112,0.6931471805599,1.38629436112,1.38629436112,1.38629436112,4.875,0.3130066892256,0.2057503037665,0.2855696062259,0.7519433156828,14.30277116028,17.29835540347,15.74591643244,11.52851537132,24.26374141139,12.29691338749,8.205242524034,0.006776650322317,0.004632824251971,0.005591387256517,0.01043058558226,0.002354723504904,0.009167759851307,0.02059077118311,6.29744302398058,189,1,,4,"Ca,Mn,Sr,Ti",Exact four-cation match
CdCoMg_pvOZn:PAW_PBE/AB_cF8_225_a_b.AB:POCC_P0-1xD_P1-0.25xA-0.25xB-0.25xC-0.25xE,Cd,Co,Mg,Zn,,33.39395232009,0.07497899889891,0.06527319846428,0.1369906722696,0.1029228897987,0.019119467960638,0.6931471805599,1.38629436112,0.6931471805599,1.38629436112,1.38629436112,1.38629436112,7.375,0.1950556010475,0.3491135202194,0.2054720175596,0.2700347199899,6.781234272865,9.373818897633,6.20993776395,4.876246279443,9.694295702772,7.067470244592,7.067470244592,0.03014657372948,0.015776924213,0.03594851554081,0.05830209929943,0.01475104986682,0.02775412112447,0.02775412112447,33.3923694423624,313,1,,4,"Cd,Co,Mg,Zn",Exact four-cation match
CoMg_pvMn_pvOV_sv:PAW_PBE/AB_cF8_225_a_b.AB:POCC_P0-1xD_P1-0.25xA-0.25xB-0.25xC-0.25xE,Co,Mg,Mn,V,,51.35600194911,0.05771060328803,0.03312873880068,0.09357292950706,0.05163249089592,0.00274254773174,0.6931471805599,1.38629436112,0.6931471805599,1.38629436112,1.38629436112,1.38629436112,5.875,0.2116640911917,0.2216657111508,0.2035159698893,0.2700347199899,9.992212325648,8.950738914108,4.374088826399,6.204393100505,13.2743061354,6.851777460539,9.086410474228,0.01388456087824,0.01730364824926,0.07245698527453,0.03601279627891,0.0078674102679,0.02952901487778,0.01679077541564,53.1007895397239,312,1,,4,"Co,Mg,Mn,V",Exact four-cation match
CoFe_pvMn_pvOZn:PAW_PBE/AB_cF8_225_a_b.AB:POCC_P0-1xD_P1-0.25xA-0.25xB-0.25xC-0.25xE,Co,Fe,Mn,Zn,,106.8346916929,0.06496230667333,0.04319547325539,0.0897876953732,0.05923993116987,0.014414205075158,0.6931471805599,1.38629436112,0.6931471805599,1.38629436112,1.38629436112,1.38629436112,7.5,0.095,0.2024504569024,0.1334868907421,0.275805638086,6.885355267319,2.65707500128,1.818181818182,4.568014971179,6.072874493927,4.946241870132,11.84947583217,0.02924170889392,0.1963576518235,0.4193540442388,0.06643553237325,0.03758952563447,0.05666367760328,0.009873182793076,106.824814646469,456,1,,4,"Co,Fe,Mn,Zn",Exact four-cation match
CdMg_pvOSnSr_sv:PAW_PBE/AB_cF8_225_a_b.AB:POCC_P0-1xC_P1-0.25xA-0.25xB-0.25xD-0.25xE,Cd,Mg,Sn,Sr,,22.40114606384,0.1476425133536,0.09886360136891,0.3328079928713,0.2051135112482,0.036562393656407,0.6931471805599,1.38629436112,0.6931471805599,1.38629436112,1.38629436112,1.38629436112,5.5,0.3148785480149,0.6576410019912,0.3821894163893,0.9493813775296,28.23195737318,13.50719972624,13.49994521137,18.17466798793,15.1216939428,15.06066768711,15.06066768711,0.001739295917062,0.007598446559122,0.007606615163288,0.004196840698049,0.006062539329,0.006111770034531,0.006111770034531,22.4005890777446,530,1,,4,"Cd,Mg,Sn,Sr",Exact four-cation match
Cu_pvMg_pvNi_pvOZn:PAW_PBE/AB_cF8_225_a_b.AB:POCC_P0-1xD_P1-0.25xA-0.25xB-0.25xC-0.25xE,Cu,Mg,Ni,Zn,,41.60878757126,0.04945195167277,0.03751534678189,0.08461611805413,0.05700947206726,0.003367249558475,0.6931471805599,1.38629436112,0.6931471805599,1.38629436112,1.38629436112,1.38629436112,7.375,0.2365939295502,0.3562137700876,0.2441695107912,0.301579177,2.906454517911,9.601070803814,4.681218398835,1.71254292101,10.15782023726,5.777134624495,5.777134624495,0.1641074866754,0.01503890139526,0.0632612326791,0.4726857685192,0.01343551787255,0.04153655566247,0.04153655566247,41.6090300177349,94,1,,4,"Cu,Mg,Ni,Zn",Exact four-cation match
Ca_svCdMg_pvOZn:PAW_PBE/AB_cF8_225_a_b.AB:POCC_P0-1xD_P1-0.25xA-0.25xB-0.25xC-0.25xE,Ca,Cd,Mg,Zn,,33.93611965173,0.05251220398729,0.02463822665885,0.1218607481061,0.04981404068825,0.003726571509871,0.6931471805599,1.38629436112,0.6931471805599,1.38629436112,1.38629436112,1.38629436112,6.5,0.2175216943204,0.4723152416554,0.2802119733345,0.8959178254728,18.23491689915,13.54034261847,10.45280757808,12.86344101063,14.65088521216,13.30741242824,13.30741242824,0.004169153447019,0.007561294428923,0.01268789410511,0.008378015088807,0.006458441427601,0.007828313741596,0.007828313741596,33.9371886288623,22,1,,4,"Ca,Cd,Mg,Zn",Exact four-cation match
CoMg_pvOSnSr_sv:PAW_PBE/AB_cF8_225_a_b.AB:POCC_P0-1xC_P1-0.25xA-0.25xB-0.25xD-0.25xE,Co,Mg,Sn,Sr,,14.38639474802,0.1623521322568,0.07975377873615,0.3451309507385,0.1591492421273,0.082774360837994,0.6931471805599,1.38629436112,0.6931471805599,1.38629436112,1.38629436112,1.38629436112,5.125,0.3708753159756,0.6462733071232,0.4159627387159,0.9436465175054,28.7571485982,18.44052412641,15.95218352559,18.85862713296,19.63488194469,17.61763890239,17.61763890239,0.00167634658309,0.004076701709021,0.005447725068599,0.003897941428373,0.003595827652576,0.004466425024805,0.004466425024805,14.3864288701137,490,1,,4,"Co,Mg,Sn,Sr",Exact four-cation match
CdMg_pvOTi_svV_sv:PAW_PBE/AB_cF8_225_a_b.AB:POCC_P0-1xC_P1-0.25xA-0.25xB-0.25xD-0.25xE,Cd,Mg,Ti,V,,6.706971256024,0.03560871843579,0.0329818517903,0.05367162578892,0.05384328673014,0.245938695318291,0.6931471805599,1.38629436112,0.6931471805599,1.38629436112,1.38629436112,1.38629436112,5.875,0.09920527959741,0.3149471185771,0.1444602021319,0.333419780457,11.97330559893,1.3103538401,5.452202862359,7.252729088033,6.814476142747,5.016722408027,5.016722408027,0.009670018882284,0.8073805541405,0.04663494230807,0.02635436434377,0.02985317356015,0.05508271207932,0.05508271207932,6.70702326018937,155,1,,4,"Cd,Mg,Ti,V",Exact four-cation match
Mg_pvNb_svOV_svZn:PAW_PBE/AB_cF8_225_a_b.AB:POCC_P0-1xC_P1-0.25xA-0.25xB-0.25xD-0.25xE,Mg,Nb,V,Zn,,8.639245745163,0.2344218343121,0.1084827069757,0.3267154050763,0.1695961483771,0.176907592959108,0.6931471805599,1.38629436112,0.6931471805599,1.38629436112,1.38629436112,1.38629436112,6,0.1141454664014,0.3538195161378,0.1382705680902,0.3221024681681,18.74534595138,7.877182193464,4.598364975847,13.80394075936,7.92057878817,10.73959413958,10.73959413958,0.003945195571532,0.02234156932405,0.06556145443385,0.007275272807157,0.02209742252776,0.01201931502785,0.01201931502785,8.63929198647957,405,1,,4,"Mg,Nb,V,Zn",Exact four-cation match
Cu_pvNb_svOSnTi_sv:PAW_PBE/AB_cF8_225_a_b.AB:POCC_P0-1xC_P1-0.25xA-0.25xB-0.25xD-0.25xE,Cu,Nb,Sn,Ti,,4.289474269817,0.3560646252743,0.07957868025604,0.6534889687836,0.1568507927407,0.315152350811123,0.6931471805599,1.38629436112,0.6931471805599,1.38629436112,1.38629436112,1.38629436112,6,0.2214452528279,0.5906496423431,0.1824828759089,0.3904084399702,21.19737675976,9.839306308973,2.935066186155,13.49047932323,7.463258770904,9.111352046003,9.111352046003,0.00308525609356,0.0143194551971,0.160923569974,0.007617293602197,0.02488848473782,0.01669897452179,0.01669897452179,4.29588776308201,5,1,,4,"Cu,Nb,Sn,Ti",Exact four-cation match
CdMn_pvOV_svZn:PAW_PBE/AB_cF8_225_a_b.AB:POCC_P0-1xC_P1-0.25xA-0.25xB-0.25xD-0.25xE,Cd,Mn,V,Zn,,11.70097019979,0.07479099541135,0.05476169602273,0.1303219323327,0.09335643619038,0.128584759175962,0.6931471805599,1.38629436112,0.6931471805599,1.38629436112,1.38629436112,1.38629436112,7.5,0.09202581159653,0.305486804134,0.05099019513593,0.3698986347636,9.738640565727,6.538692092407,5.80304294186,6.612298196919,10.21676707854,8.086390087942,10.05336533594,0.01461701802045,0.03242452950241,0.04116649464451,0.03170666725823,0.0132809295143,0.02120049889272,0.01371615950237,11.7010601470211,58,1,,4,"Cd,Mn,V,Zn",Exact four-cation match
CoMn_pvOSnSr_sv:PAW_PBE/AB_cF8_225_a_b.AB:POCC_P0-1xC_P1-0.25xA-0.25xB-0.25xD-0.25xE,Co,Mn,Sn,Sr,,13.73741833442,0.1772251234075,0.07611835327812,0.3691505290789,0.1643978388704,0.092719297606169,0.6931471805599,1.38629436112,0.6931471805599,1.38629436112,1.38629436112,1.38629436112,5.75,0.3660303095373,0.5907715294426,0.397523584206,0.9424436322667,26.11467095123,20.7034789213,16.91627174468,17.29853152169,26.09185189453,17.80215210358,16.83597789928,0.002032761097258,0.003234214349647,0.004844468658314,0.004632729917883,0.002036318221114,0.004374318908312,0.004890787153203,13.7375462151321,279,1,,4,"Co,Mn,Sn,Sr",Exact four-cation match
Ca_svCdOV_svZn:PAW_PBE/AB_cF8_225_a_b.AB:POCC_P0-1xC_P1-0.25xA-0.25xB-0.25xD-0.25xE,Ca,Cd,V,Zn,,23.20818390745,0.07750043227791,0.0503202383896,0.1641736525856,0.08630452283124,0.11558446639744,0.6931471805599,1.38629436112,0.6931471805599,1.38629436112,1.38629436112,1.38629436112,6.875,0.223599530411,0.4450162918366,0.2851644262526,0.8954468158411,15.45307716314,13.84180801108,12.23028808839,11.22654686183,17.24920682405,13.01300593886,13.01300593886,0.00580531126383,0.007235521100002,0.009267915863542,0.01099924991103,0.004659262699132,0.00818653646698,0.00818653646698,23.2086397792343,17,1,,4,"Ca,Cd,V,Zn",Exact four-cation match
Mg_pvMn_pvNb_svOSn:PAW_PBE/AB_cF8_225_a_b.AB:POCC_P0-1xD_P1-0.25xA-0.25xB-0.25xC-0.25xE,Mg,Mn,Nb,Sn,,3.988040950371,0.1081953659719,0.05895563696705,0.2031231470049,0.09974607402982,0.037539686737508,0.6931471805599,1.38629436112,0.6931471805599,1.38629436112,1.38629436112,1.38629436112,5.25,0.2231830806759,0.6003854491075,0.2324327859834,0.2332782673118,21.03395114936,7.65161815119,2.438299245471,13.34310734719,13.4040048442,7.250930150205,7.485614462297,0.003133384817819,0.02367821061597,0.2331747115404,0.007786485814083,0.007715894919345,0.02636744287111,0.02474004844119,3.98804583180247,514,1,,4,"Mg,Mn,Nb,Sn",Exact four-cation match
Ca_svFe_pvOSnSr_sv:PAW_PBE/AB_cF8_225_a_b.AB:POCC_P0-1xC_P1-0.25xA-0.25xB-0.25xD-0.25xE,Ca,Fe,Sn,Sr,,14.22959194829,0.1877136298557,0.1216121724167,0.4060851346039,0.2369228447719,0.117824011041905,0.6931471805599,1.38629436112,0.6931471805599,1.38629436112,1.38629436112,1.38629436112,5,0.4076121778112,0.6797556086565,0.462628360566,1.045848937467,25.20083621454,17.55604708309,14.94331346944,16.59294478389,20.30626977516,16.20237211707,13.04702288924,0.00218285834367,0.004497819085164,0.006208142013633,0.005035104874049,0.003361980216074,0.005280782153943,0.008143903297515,14.2296164868836,134,1,,4,"Ca,Fe,Sn,Sr",Exact four-cation match
CdCoMn_pvOZn:PAW_PBE/AB_cF8_225_a_b.AB:POCC_P0-1xD_P1-0.25xA-0.25xB-0.25xC-0.25xE,Cd,Co,Mn,Zn,,44.22181802322,0.08959161653775,0.06830613303098,0.1618200845758,0.1066984068142,0.012196316529738,0.6931471805599,1.38629436112,0.6931471805599,1.38629436112,1.38629436112,1.38629436112,8,0.1265898890117,0.2045976233977,0.1196609794377,0.282754310312,6.978242045829,7.597015004484,5.80304294186,5.092333487454,10.58915376764,6.808371933155,11.23342675624,0.02846842221812,0.02401980561084,0.04116649464451,0.05345911718426,0.01236325841843,0.02990672871888,0.01098578109043,44.2222382412671,128,1,,4,"Cd,Co,Mn,Zn",Exact four-cation match
CoMn_pvOSnZn:PAW_PBE/AB_cF8_225_a_b.AB:POCC_P0-1xC_P1-0.25xA-0.25xB-0.25xD-0.25xE,Co,Mn,Sn,Zn,,20.68033115727,0.1232162057348,0.1004163840855,0.1840423437488,0.1437233078406,0.118506664491976,0.6931471805599,1.38629436112,0.6931471805599,1.38629436112,1.38629436112,1.38629436112,7,0.09895958771135,0.4392245297112,0.1662828914832,0.279586748613,11.03000817541,8.885034175688,2.987950261581,4.876246279443,12.7105770724,5.80393061691,11.10592996694,0.01139472341635,0.01756051512418,0.1552775711214,0.05830209929943,0.008580743498456,0.0411539032894,0.01123946387208,20.6805252370705,519,1,,4,"Co,Mn,Sn,Zn",Exact four-cation match
Ca_svFe_pvNb_svOSn:PAW_PBE/AB_cF8_225_a_b.AB:POCC_P0-1xD_P1-0.25xA-0.25xB-0.25xC-0.25xE,Ca,Fe,Nb,Sn,,5.866711929222,0.2505931115055,0.06375154638469,0.4334729287967,0.1419961656975,0.353329402510493,0.6931471805599,1.38629436112,0.6931471805599,1.38629436112,1.38629436112,1.38629436112,5.375,0.3236803979236,0.6375932774897,0.3682645109157,0.8389278872466,20.91724646474,13.66013643478,10.4969249794,13.34678831118,17.24684029827,11.74183231371,8.719204249432,0.003168446872306,0.007429257009179,0.0125814666286,0.007782191474383,0.004660541428637,0.01005503783151,0.01823483148721,5.86668054731416,233,1,,4,"Ca,Fe,Nb,Sn",Exact four-cation match
Mn_pvOSnSr_svZn:PAW_PBE/AB_cF8_225_a_b.AB:POCC_P0-1xB_P1-0.25xA-0.25xC-0.25xD-0.25xE,Mn,Sn,Sr,Zn,,15.61972772582,0.1720373736123,0.0658949346782,0.3714390169444,0.1438032970888,0.100253304692628,0.6931471805599,1.38629436112,0.6931471805599,1.38629436112,1.38629436112,1.38629436112,6.125,0.3390843368544,0.6052918201165,0.366085714007,0.9728405573371,27.99695259753,19.32551456567,16.91627174468,18.60218729391,24.94429860523,18.54764818407,17.6913860424,0.001768617560342,0.003711874840569,0.004844468658314,0.004006152075507,0.002227988081032,0.004029746787055,0.004429265749395,15.6194460354045,46,1,,4,"Mn,Sn,Sr,Zn",Exact four-cation match
CdCoFe_pvOZn:PAW_PBE/AB_cF8_225_a_b.AB:POCC_P0-1xD_P1-0.25xA-0.25xB-0.25xC-0.25xE,Cd,Co,Fe,Zn,,24.90492946008,0.1312651253792,0.08690983061918,0.2117343940629,0.1517852157901,0.185730658250548,0.6931471805599,1.38629436112,0.6931471805599,1.38629436112,1.38629436112,1.38629436112,8.125,0.1355313616843,0.1681240241607,0.0952299847737,0.1415097169808,6.051594026713,7.853566223503,5.80304294186,4.568014971179,7.831829569925,6.340934246502,9.124760033817,0.03785435805079,0.02247613522656,0.04116649464451,0.06643553237325,0.02260107000355,0.03447854714664,0.01664993539174,24.904839678142,297,1,,4,"Cd,Co,Fe,Zn",Exact four-cation match
CdMg_pvNi_pvOZn:PAW_PBE/AB_cF8_225_a_b.AB:POCC_P0-1xD_P1-0.25xA-0.25xB-0.25xC-0.25xE,Cd,Mg,Ni,Zn,,31.93961769741,0.04905090857311,0.02127169755248,0.1173508604118,0.04942212711561,0.004843574910703,0.6931471805599,1.38629436112,0.6931471805599,1.38629436112,1.38629436112,1.38629436112,7.5,0.20959887285,0.3534943422461,0.2147091055358,0.2818133247382,6.462224944306,9.647781756303,6.20993776395,4.840262404288,9.694295702772,7.407141408398,7.407141408398,0.03319642484465,0.01489362845064,0.03594851554081,0.05917219005418,0.01475104986682,0.02526702937012,0.02526702937012,31.9392737316762,278,1,,4,"Cd,Mg,Ni,Zn",Exact four-cation match
Mn_pvNb_svOSnTi_sv:PAW_PBE/AB_cF8_225_a_b.AB:POCC_P0-1xC_P1-0.25xA-0.25xB-0.25xD-0.25xE,Mn,Nb,Sn,Ti,,3.155139122178,0.1958782781401,0.1440769901497,0.2530241178864,0.175378514573,0.283251112635924,0.6931471805599,1.38629436112,0.6931471805599,1.38629436112,1.38629436112,1.38629436112,5.5,0.1980227259685,0.5904667645177,0.17325919889,0.3164944707258,18.89239518984,7.607205951324,1.754385964912,11.48942646154,12.1952650564,7.69875762542,6.361997833743,0.003884019607109,0.02395549274706,0.4504070379279,0.01050167943286,0.009321224520738,0.023389135086,0.03425061885504,3.15513776956625,218,1,,4,"Mn,Nb,Sn,Ti",Exact four-cation match
Ca_svCdMg_pvOSr_sv:PAW_PBE/AB_cF8_225_a_b.AB:POCC_P0-1xD_P1-0.25xA-0.25xB-0.25xC-0.25xE,Ca,Cd,Mg,Sr,,37.6663822975,0.06082229013999,0.02770506546985,0.155578765256,0.06434565075918,0.002868292456874,0.6931471805599,1.38629436112,0.6931471805599,1.38629436112,1.38629436112,1.38629436112,5.25,0.2206518751337,0.3806303981555,0.2954128467078,0.9939567395013,22.20819524053,13.23177727964,11.74706345944,15.98596861156,14.69188986834,13.74996619973,13.74996619973,0.002810793386624,0.007918065544654,0.01004608450342,0.005424722725145,0.006422441074849,0.007332502091776,0.007332502091776,37.6659199153725,119,1,,4,"Ca,Cd,Mg,Sr",Exact four-cation match
Ca_svCdMn_pvOSn:PAW_PBE/AB_cF8_225_a_b.AB:POCC_P0-1xD_P1-0.25xA-0.25xB-0.25xC-0.25xE,Ca,Cd,Mn,Sn,,13.73622518491,0.1238249349561,0.108717573676,0.2590152081788,0.2091656166157,0.020996281251324,0.6931471805599,1.38629436112,0.6931471805599,1.38629436112,1.38629436112,1.38629436112,6.125,0.3086000648088,0.6223975317271,0.3500714212843,0.8648229587609,18.50938461756,13.26383348348,9.942603230595,10.79443931277,19.56945378401,10.32464818758,9.42686399755,0.00404642501432,0.007879838828086,0.01402346190564,0.0118974880879,0.003619912298788,0.01300483758431,0.01559986980136,13.7362889986195,438,1,,4,"Ca,Cd,Mn,Sn",Exact four-cation match
CdOSnSr_svZn:PAW_PBE/AB_cF8_225_a_b.AB:POCC_P0-1xB_P1-0.25xA-0.25xC-0.25xD-0.25xE,Cd,Sn,Sr,Zn,,19.0645519865,0.1422285072509,0.07371541867755,0.3072207347702,0.1493250629743,0.087938933948205,0.6931471805599,1.38629436112,0.6931471805599,1.38629436112,1.38629436112,1.38629436112,6.75,0.3159085112814,0.5778249626833,0.3731872854211,1.023450047633,28.29543362516,17.04427839485,15.64929678295,18.60218729391,18.77910194443,18.15366507225,18.15366507225,0.001731501009193,0.004771975643456,0.00566064348114,0.004006152075507,0.003931025106661,0.004206557400566,0.004206557400566,19.0647202801171,321,1,,4,"Cd,Sn,Sr,Zn",Exact four-cation match
CdMn_pvNi_pvOSn:PAW_PBE/AB_cF8_225_a_b.AB:POCC_P0-1xD_P1-0.25xA-0.25xB-0.25xC-0.25xE,Cd,Mn,Ni,Sn,,14.92447463695,0.1646680122901,0.112734502058,0.2831357414984,0.2191964721201,0.113743123975978,0.6931471805599,1.38629436112,0.6931471805599,1.38629436112,1.38629436112,1.38629436112,7.125,0.1370282817523,0.4263554854813,0.1660383991732,0.2723394022172,10.93638693908,9.707010676258,5.144417202695,4.637291187365,13.61636034029,5.494505494505,9.302707615227,0.01159064812789,0.01471243110464,0.05238212264517,0.06446540601631,0.007477103370467,0.04591961441774,0.01601904842271,14.9244670776022,293,1,,4,"Cd,Mn,Ni,Sn",Exact four-cation match
Nb_svOSnTi_svV_sv:PAW_PBE/AB_cF8_225_a_b.AB:POCC_P0-1xB_P1-0.25xA-0.25xC-0.25xD-0.25xE,Nb,Sn,Ti,V,,4.065801649442,0.199137243607,0.1106598597595,0.2669871608406,0.1817301287477,0.489085629470393,0.6931471805599,1.38629436112,0.6931471805599,1.38629436112,1.38629436112,1.38629436112,5.25,0.1754935896265,0.6121984972213,0.1634587103828,0.334243548928,18.41747389485,3.568152049255,2.935066186155,10.92642134781,6.414163875082,6.177369347546,6.177369347546,0.004086912416736,0.1088851744919,0.160923569974,0.01161180058637,0.03369576756364,0.03632857134621,0.03632857134621,4.06577574684051,381,1,,4,"Nb,Sn,Ti,V",Exact four-cation match
Ca_svFe_pvNb_svOSr_sv:PAW_PBE/AB_cF8_225_a_b.AB:POCC_P0-1xD_P1-0.25xA-0.25xB-0.25xC-0.25xE,Ca,Fe,Nb,Sr,,8.009634054659,0.2148382928366,0.08765330652952,0.4265155851052,0.1745177887568,0.104667792220316,0.6931471805599,1.38629436112,0.6931471805599,1.38629436112,1.38629436112,1.38629436112,5.125,0.3340706325016,0.2531752110693,0.379242666376,0.9678197146163,14.82413960331,16.91508007424,14.94331346944,11.84863630872,22.03970408116,13.73676650712,9.246237242013,0.006308359927164,0.004845151269735,0.006208142013633,0.009874581951917,0.002853934085935,0.007346600500587,0.01621531507617,8.0096343068311,396,1,,4,"Ca,Fe,Nb,Sr",Exact four-cation match
CdOTi_svV_svZn:PAW_PBE/AB_cF8_225_a_b.AB:POCC_P0-1xB_P1-0.25xA-0.25xC-0.25xD-0.25xE,Cd,Ti,V,Zn,,4.71214013272,0.06787998334309,0.02503759299185,0.105600835969,0.05026620213964,0.204979059569943,0.6931471805599,1.38629436112,0.6931471805599,1.38629436112,1.38629436112,1.38629436112,7.125,0.0769740215917,0.3779599019737,0.05494315243959,0.4377998972133,12.08527966067,5.763232393336,5.80304294186,8.005914973082,5.749286270962,9.883871452728,9.883871452728,0.009491657253221,0.04173718865119,0.04116649464451,0.02162885404628,0.04193991917563,0.01419061703561,0.01419061703561,4.71215284605656,325,1,,4,"Cd,Ti,V,Zn",Exact four-cation match
OSnSr_svTi_svV_sv:PAW_PBE/AB_cF8_225_a_b.AB:POCC_P0-1xA_P1-0.25xB-0.25xC-0.25xD-0.25xE,Sn,Sr,Ti,V,,5.346092785428,0.2446574663607,0.04539326749281,0.4424316774288,0.07291096041502,0.218976887801654,0.6931471805599,1.38629436112,0.6931471805599,1.38629436112,1.38629436112,1.38629436112,4.875,0.3105208326345,0.6533391156207,0.3643487340447,0.8361930100162,23.28650159225,14.14463207305,16.91627174468,14.94502352403,19.26907825097,12.75560786057,12.75560786057,0.002556506850515,0.006929025288656,0.004844468658314,0.006206721386305,0.003733649759817,0.008520265691,0.008520265691,5.34613388124046,369,1,,4,"Sn,Sr,Ti,V",Exact four-cation match
Ca_svCdMg_pvOV_sv:PAW_PBE/AB_cF8_225_a_b.AB:POCC_P0-1xD_P1-0.25xA-0.25xB-0.25xC-0.25xE,Ca,Cd,Mg,V,,18.94292613847,0.05379791498887,0.02611693391123,0.126992197677,0.05938255230506,0.080626570046725,0.6931471805599,1.38629436112,0.6931471805599,1.38629436112,1.38629436112,1.38629436112,5.625,0.2026528743936,0.3600548569316,0.2760774347896,0.782272331097,15.35349634326,10.42497686747,10.45280757808,10.59171201862,14.85544400496,8.938386145936,8.938386145936,0.005880860490686,0.01275572820243,0.01268789410511,0.0123572868629,0.006281801130028,0.01735150826576,0.01735150826576,18.9426500854264,249,1,,4,"Ca,Cd,Mg,V",Exact four-cation match
Mg_pvMn_pvOV_svZn:PAW_PBE/AB_cF8_225_a_b.AB:POCC_P0-1xC_P1-0.25xA-0.25xB-0.25xD-0.25xE,Mg,Mn,V,Zn,,11.28145094806,0.05540021421649,0.04017710557699,0.08892384680639,0.06434070268228,0.025819628520116,0.6931471805599,1.38629436112,0.6931471805599,1.38629436112,1.38629436112,1.38629436112,6.25,0.1640935327793,0.3451264261108,0.135185058346,0.3338412796525,12.04664506599,7.199043039485,4.374088826399,7.651101929702,12.71077612408,7.966735484481,10.18114602615,0.009552635950236,0.02674889935662,0.07245698527453,0.02368140587165,0.008580474750414,0.02184211358486,0.01337402478566,11.2816133794622,211,1,,4,"Mg,Mn,V,Zn",Exact four-cation match
CdCoMg_pvNi_pvO:PAW_PBE/AB_cF8_225_a_b.AB:POCC_P0-1xE_P1-0.25xA-0.25xB-0.25xC-0.25xD,Cd,Co,Mg,Ni,,25.90757751258,0.07816649400483,0.05561399451844,0.1435449233426,0.09585534570052,0.016773548392866,0.6931471805599,1.38629436112,0.6931471805599,1.38629436112,1.38629436112,1.38629436112,7.125,0.2409495538489,0.3060338012377,0.2390998745295,0.2594706149066,5.540196451583,10.92436869689,6.20993776395,3.881126520392,11.00788214816,6.611117451898,6.611117451898,0.04516532369639,0.01161616463029,0.03594851554081,0.09203221100185,0.01144057662229,0.03171799388581,0.03171799388581,25.9084711295295,400,1,,4,"Cd,Co,Mg,Ni",Exact four-cation match
Fe_pvMg_pvOSr_svZn:PAW_PBE/AB_cF8_225_a_b.AB:POCC_P0-1xC_P1-0.25xA-0.25xB-0.25xD-0.25xE,Fe,Mg,Sr,Zn,,15.75820767919,0.1239491422864,0.04686572728005,0.2765825162107,0.1045662174112,0.257277858536825,0.6931471805599,1.38629436112,0.6931471805599,1.38629436112,1.38629436112,1.38629436112,6,0.3154318468386,0.4006248244929,0.3365635155509,0.9369765205169,26.06593399882,19.90780512831,16.53118265582,18.92743819659,22.45274908236,19.14279037762,17.56165474209,0.002040369740769,0.003497910514228,0.005072798452576,0.003869650866208,0.00274989689559,0.003783075157619,0.004494947122453,15.7582670025011,387,1,,4,"Fe,Mg,Sr,Zn",Exact four-cation match
CoFe_pvOSnSr_sv:PAW_PBE/AB_cF8_225_a_b.AB:POCC_P0-1xC_P1-0.25xA-0.25xB-0.25xD-0.25xE,Co,Fe,Sn,Sr,,10.82640029742,0.150327479939,0.09303654143612,0.3065823276574,0.2095345245876,0.512982681983555,0.6931471805599,1.38629436112,0.6931471805599,1.38629436112,1.38629436112,1.38629436112,5.875,0.3719417797183,0.582,0.4096644968752,0.9662685961988,26.55232350699,21.20726177777,16.91627174468,17.68267949704,23.7789992212,18.59643100611,16.94941500639,0.001966302788774,0.003082380596984,0.004844468658314,0.004433628560708,0.002451705556809,0.004008632565805,0.00482554121925,10.8263207718763,159,1,,4,"Co,Fe,Sn,Sr",Exact four-cation match
CdFe_pvMg_pvOSr_sv:PAW_PBE/AB_cF8_225_a_b.AB:POCC_P0-1xD_P1-0.25xA-0.25xB-0.25xC-0.25xE,Cd,Fe,Mg,Sr,,16.13854911071,0.09856570313917,0.03424645547862,0.2259035227527,0.0695368799672,0.04421922894009,0.6931471805599,1.38629436112,0.6931471805599,1.38629436112,1.38629436112,1.38629436112,6,0.3068688645008,0.3547614515417,0.3433292880021,0.909684011072,23.36270280651,17.54760940069,14.27283150351,16.87799035493,20.44318918457,16.10948698545,13.75763615145,0.002539857130869,0.004502145633858,0.006805110461179,0.004866469299881,0.003317096922105,0.005341854271515,0.007324328556825,16.1384475572847,185,1,,4,"Cd,Fe,Mg,Sr",Exact four-cation match
OSnTi_svV_svZn:PAW_PBE/AB_cF8_225_a_b.AB:POCC_P0-1xA_P1-0.25xB-0.25xC-0.25xD-0.25xE,Sn,Ti,V,Zn,,4.256992990615,0.08656571828287,0.1388494277285,0.1325997690644,0.2115231632775,0.173904710315465,0.6931471805599,1.38629436112,0.6931471805599,1.38629436112,1.38629436112,1.38629436112,6.125,0.159790487827,0.6041321771765,0.1585086748415,0.4315669125408,17.75527390142,6.338333534349,2.987950261581,9.552683867335,7.533652825819,10.12853090854,10.12853090854,0.004397447913409,0.03450684706879,0.1552775711214,0.01519163948251,0.02442554435617,0.01351333493859,0.01351333493859,4.25699143316646,106,1,,4,"Sn,Ti,V,Zn",Exact four-cation match
CdFe_pvMg_pvNi_pvO:PAW_PBE/AB_cF8_225_a_b.AB:POCC_P0-1xE_P1-0.25xA-0.25xB-0.25xC-0.25xD,Cd,Fe,Mg,Ni,,24.7835115169,0.164424347121,0.104099502755,0.2808711115626,0.1704040410793,0.041202441227517,0.6931471805599,1.38629436112,0.6931471805599,1.38629436112,1.38629436112,1.38629436112,7,0.2328555077725,0.3033532388157,0.2303801206702,0.2559785147234,6.143935995121,9.962059651471,5.452202862359,4.045566970314,11.20462552042,5.807126828985,7.277880806629,0.03672502424731,0.01396873829528,0.04663494230807,0.08470258546443,0.01104233107971,0.04110861397233,0.02617252235309,24.7841382978259,331,1,,4,"Cd,Fe,Mg,Ni",Exact four-cation match
Ca_svFe_pvMg_pvNi_pvO:PAW_PBE/AB_cF8_225_a_b.AB:POCC_P0-1xE_P1-0.25xA-0.25xB-0.25xC-0.25xD,Ca,Fe,Mg,Ni,,24.81579656949,0.0728013944048,0.03785659518676,0.1380927044726,0.07399382499721,0.03601939486769,0.6931471805599,1.38629436112,0.6931471805599,1.38629436112,1.38629436112,1.38629436112,5.75,0.3515653388774,0.349772068639,0.3749916665741,0.8417355582367,16.91018616683,17.87153733556,11.54069425105,12.08389842133,19.80473028208,13.85100168832,12.73047578422,0.004847956106137,0.004340418752968,0.01040858243136,0.00949382724824,0.003534415412387,0.007225919055281,0.00855393974019,24.8160614339105,98,1,,4,"Ca,Fe,Mg,Ni",Exact four-cation match
Mg_pvMn_pvOSnTi_sv:PAW_PBE/AB_cF8_225_a_b.AB:POCC_P0-1xC_P1-0.25xA-0.25xB-0.25xD-0.25xE,Mg,Mn,Sn,Ti,,4.908426315174,0.2996799981594,0.05859923763462,0.4758233950949,0.08635520847453,0.112636790701688,0.6931471805599,1.38629436112,0.6931471805599,1.38629436112,1.38629436112,1.38629436112,5.125,0.2288409655197,0.6209916968044,0.2342007685726,0.3087474696253,16.53240840462,6.367041198502,2.884021556831,8.224161457323,13.3561365178,6.108718198213,6.8422246905,0.005072046263786,0.03419638017643,0.1666703902346,0.02049614576505,0.007771301487679,0.03714969687579,0.02961152628805,4.90839589964508,298,1,,4,"Mg,Mn,Sn,Ti",Exact four-cation match
Ca_svMg_pvOSnZn:PAW_PBE/AB_cF8_225_a_b.AB:POCC_P0-1xC_P1-0.25xA-0.25xB-0.25xD-0.25xE,Ca,Mg,Sn,Zn,,21.3070761071,0.1658039994549,0.1148068686508,0.3343021425327,0.2137824570957,0.051060408555937,0.6931471805599,1.38629436112,0.6931471805599,1.38629436112,1.38629436112,1.38629436112,5.5,0.2984588539481,0.6929442167303,0.3600694377478,0.8905756565278,22.16101755631,13.31526084591,10.99705562705,13.85638878096,14.09652746502,13.58324320165,13.58324320165,0.002822773691496,0.007819087971363,0.01146311403939,0.007220301555798,0.00697639678106,0.007513607484432,0.007513607484432,21.3068690572487,124,1,,4,"Ca,Mg,Sn,Zn",Exact four-cation match
Ca_svFe_pvMg_pvOTi_sv:PAW_PBE/AB_cF8_225_a_b.AB:POCC_P0-1xD_P1-0.25xA-0.25xB-0.25xC-0.25xE,Ca,Fe,Mg,Ti,,9.59670102078,0.1530501070977,0.08955214014778,0.2782918223821,0.1560064300732,0.030761689517186,0.6931471805599,1.38629436112,0.6931471805599,1.38629436112,1.38629436112,1.38629436112,5,0.27551894218,0.2391997073577,0.3045488466568,0.7063462323818,15.83271137315,14.02424234537,10.74989922017,11.2031495527,16.84589956107,11.18876234215,8.111224813243,0.005530251308906,0.007048498972852,0.01199628213425,0.01104524083251,0.004885027835203,0.0110736644184,0.02107087542558,9.59678853086578,390,1,,4,"Ca,Fe,Mg,Ti",Exact four-cation match
OSnTc_pvTi_svV_sv:PAW_PBE/AB_cF8_225_a_b.AB:POCC_P0-1xA_P1-0.25xB-0.25xC-0.25xD-0.25xE,Sn,Tc,Ti,V,,3.866695070357,0.01570232766426,0,0.01967565696879,0,0.194134590511504,0.6931471805599,1.38629436112,0.6931471805599,1.38629436112,1.38629436112,1.38629436112,5.5,0.1623976600817,0.5950653325476,0.1766882848408,,16.48939534413,3.219425292879,2.987950261581,8.509173618237,,5.159110898285,5.159110898285,0.005098541932312,0.1337515283533,0.1552775711214,0.01914611604381,,0.05208416786012,0.05208416786012,3.54022884967733,238,1,,4,"Sn,Tc,Ti,V",Exact four-cation match
CdMn_pvNb_svOZn:PAW_PBE/AB_cF8_225_a_b.AB:POCC_P0-1xD_P1-0.25xA-0.25xB-0.25xC-0.25xE,Cd,Mn,Nb,Zn,,5.766353929176,0.09114660485101,0.08214888964076,0.1395794515675,0.126624779403,0.209292993631306,0.6931471805599,1.38629436112,0.6931471805599,1.38629436112,1.38629436112,1.38629436112,7.5,0.1233642979148,0.2989894437936,0.05261891294962,0.2860506948078,15.93970966705,9.342275231916,5.144417202695,12.26824199652,10.65170913152,10.52575899627,11.30890342572,0.00545625480252,0.01588364386639,0.05238212264517,0.009210660794339,0.01221847092144,0.01251263029413,0.01083963019356,5.76631281725218,445,1,,4,"Cd,Mn,Nb,Zn",Exact four-cation match
CdOSnTi_svV_sv:PAW_PBE/AB_cF8_225_a_b.AB:POCC_P0-1xB_P1-0.25xA-0.25xC-0.25xD-0.25xE,Cd,Sn,Ti,V,,3.812373404383,0.07124402886117,0.04073218645315,0.09952591258513,0.0599935163046,0.23343855540825,0.6931471805599,1.38629436112,0.6931471805599,1.38629436112,1.38629436112,1.38629436112,6.125,0.1616686425996,0.5932849231187,0.1566045976337,0.398685339585,15.55551992322,1.596666279685,5.144417202695,7.252729088033,6.417311142023,5.431682569208,5.431682569208,0.005729099881941,0.5437849075784,0.05238212264517,0.02635436434377,0.03366272457482,0.04698797116217,0.04698797116217,3.812366903009,362,1,,4,"Cd,Sn,Ti,V",Exact four-cation match
CdMg_pvOSnTi_sv:PAW_PBE/AB_cF8_225_a_b.AB:POCC_P0-1xC_P1-0.25xA-0.25xB-0.25xD-0.25xE,Cd,Mg,Sn,Ti,,4.373449604558,0.05603290200816,0.05309219910667,0.1192189705773,0.1140877348706,0.086036994992304,0.6931471805599,1.38629436112,0.6931471805599,1.38629436112,1.38629436112,1.38629436112,5.75,0.2015891552143,0.6271396873903,0.2360614326823,0.3730532803769,16.33902430668,1.296085014255,3.789945724576,8.224161457323,3.513850859345,5.668816903167,5.668816903167,0.005192819404661,0.8252555967262,0.09651381342117,0.02049614576505,0.1122764849539,0.04313905197318,0.04313905197318,4.37346164908464,344,1,,4,"Cd,Mg,Sn,Ti",Exact four-cation match
Mg_pvMn_pvOSr_svV_sv:PAW_PBE/AB_cF8_225_a_b.AB:POCC_P0-1xC_P1-0.25xA-0.25xB-0.25xD-0.25xE,Mg,Mn,Sr,V,,8.24266036666,0.1135012157184,0.05674191396714,0.2462382835066,0.1035616386762,0.023277104864596,0.6931471805599,1.38629436112,0.6931471805599,1.38629436112,1.38629436112,1.38629436112,5,0.2918878209176,0.1734003676467,0.264386081328,0.7339405629886,21.54233008407,17.08930219976,16.53118265582,15.85415428061,25.03309081237,14.3841908161,12.34992753255,0.002987239920921,0.004746864088792,0.005072798452576,0.005515301981244,0.002212210793807,0.006700150922989,0.009089220477547,8.24263050996307,65,1,,4,"Mg,Mn,Sr,V",Exact four-cation match
CdFe_pvNb_svOZn:PAW_PBE/AB_cF8_225_a_b.AB:POCC_P0-1xD_P1-0.25xA-0.25xB-0.25xC-0.25xE,Cd,Fe,Nb,Zn,,5.73827984948,0.3958338123544,0.1690123616883,0.7859375673089,0.3309667390403,0.40752335010321,0.6931471805599,1.38629436112,0.6931471805599,1.38629436112,1.38629436112,1.38629436112,7.625,0.1423024947076,0.2852405782844,0.08554969316134,0.1861451046899,16.2953720647,9.958967630063,5.144417202695,12.59829037849,7.172030153933,11.13486679513,10.5302772825,0.005220677844774,0.01397741356052,0.05238212264517,0.008734382932171,0.02695077405133,0.01118112247685,0.01250189486624,5.73825865834781,51,1,,4,"Cd,Fe,Nb,Zn",Exact four-cation match
Ca_svCoNi_pvOSr_sv:PAW_PBE/AB_cF8_225_a_b.AB:POCC_P0-1xD_P1-0.25xA-0.25xB-0.25xC-0.25xE,Ca,Co,Ni,Sr,,11.62822114202,0.1632532926478,0.06439505814489,0.3280077911056,0.1454828101127,0.044511238796258,0.6931471805599,1.38629436112,0.6931471805599,1.38629436112,1.38629436112,1.38629436112,5.875,0.4317125056099,0.3873101954506,0.4604617247937,1.127774356864,21.45440256705,23.64843268106,17.47356414092,16.460009179,24.77157166535,19.96454703227,19.96454703227,0.003011775568077,0.002478852759833,0.004540382694366,0.005116763105426,0.002259166986444,0.003478055713465,0.003478055713465,11.6280689287347,36,1,,4,"Ca,Co,Ni,Sr",Exact four-cation match
Ca_svCdNb_svOTi_sv:PAW_PBE/AB_cF8_225_a_b.AB:POCC_P0-1xD_P1-0.25xA-0.25xB-0.25xC-0.25xE,Ca,Cd,Nb,Ti,,5.49556110825,0.05909245002076,0.005951585312097,0.09070108311565,0.007281580897912,0.117184473579117,0.6931471805599,1.38629436112,0.6931471805599,1.38629436112,1.38629436112,1.38629436112,5.875,0.181983515737,0.3537360421275,0.2694786633483,0.811064115838,10.65202657679,9.689224357937,9.942603230595,8.12344706145,13.77455975826,7.109020585254,7.109020585254,0.01221774267729,0.01476649532148,0.01402346190564,0.02100751815135,0.007306342078416,0.02743063827068,0.02743063827068,5.49554187201998,129,1,,4,"Ca,Cd,Nb,Ti",Exact four-cation match
CdMg_pvNi_pvOSn:PAW_PBE/AB_cF8_225_a_b.AB:POCC_P0-1xD_P1-0.25xA-0.25xB-0.25xC-0.25xE,Cd,Mg,Ni,Sn,,29.73674552088,0.1332301344818,0.1075853034181,0.2600455517711,0.2062247660145,0.064361450170962,0.6931471805599,1.38629436112,0.6931471805599,1.38629436112,1.38629436112,1.38629436112,6.5,0.2375935342134,0.5437822978914,0.2562591461782,0.2594706149066,9.487310669204,9.414612080958,5.056478447094,4.371625682868,9.399741996204,5.630382708227,5.630382708227,0.01540171960034,0.01564049870175,0.05421995288391,0.07253865843069,0.01569002335994,0.04373001489724,0.04373001489724,29.7373849091915,523,1,,4,"Cd,Mg,Ni,Sn",Exact four-cation match
Cu_pvFe_pvMg_pvNi_pvO:PAW_PBE/AB_cF8_225_a_b.AB:POCC_P0-1xE_P1-0.25xA-0.25xB-0.25xC-0.25xD,Cu,Fe,Mg,Ni,,30.68752192721,0.06017698190457,0.04279586212492,0.09534007405017,0.0584946799248,0.028848136848803,0.6931471805599,1.38629436112,0.6931471805599,1.38629436112,1.38629436112,1.38629436112,6.875,0.2400087237998,0.3082785874822,0.2487342959867,0.2904629924792,5.480545823694,9.732070765983,4.374088826399,3.02053794212,11.12809025574,4.548661404732,7.595868656464,0.04615383892977,0.01463675961444,0.07245698527453,0.1519451582649,0.01119474429072,0.06700207259243,0.02402705616653,30.6868435562345,412,1,,4,"Cu,Fe,Mg,Ni",Exact four-cation match
Ca_svCu_pvMg_pvOZn:PAW_PBE/AB_cF8_225_a_b.AB:POCC_P0-1xD_P1-0.25xA-0.25xB-0.25xC-0.25xE,Ca,Cu,Mg,Zn,,61.49603845395,0.08134874866286,0.05932286285118,0.1507791915209,0.1087051815635,0.004943097880328,0.6931471805599,1.38629436112,0.6931471805599,1.38629436112,1.38629436112,1.38629436112,6.375,0.3070149629904,0.4766279340324,0.3404776057247,0.9249054005681,19.50918233654,17.09330482847,12.24744871392,13.85638878096,17.7286031389,14.24820261376,14.24820261376,0.003642313480708,0.004744641264115,0.009241962407466,0.007220301555798,0.004410688833525,0.006828656893698,0.006828656893698,67.728669214227,15,1,,4,"Ca,Cu,Mg,Zn",Exact four-cation match
CdMg_pvOTi_svZn:PAW_PBE/AB_cF8_225_a_b.AB:POCC_P0-1xC_P1-0.25xA-0.25xB-0.25xD-0.25xE,Cd,Mg,Ti,Zn,,7.027650965387,0.1030373470455,0.02198840448471,0.1479791771468,0.0439529507035,0.244135141047569,0.6931471805599,1.38629436112,0.6931471805599,1.38629436112,1.38629436112,1.38629436112,6.75,0.1161644846758,0.4148496715679,0.1477117124672,0.4111873052515,13.68886719899,6.289529209684,5.452202862359,8.7306656871,6.546850140959,9.522176357455,9.522176357455,0.007398104068433,0.03504444447246,0.04663494230807,0.0181869862923,0.03234377125374,0.01528913852014,0.01528913852014,7.02759845403239,307,1,,4,"Cd,Mg,Ti,Zn",Exact four-cation match
CdFe_pvMg_pvNb_svO:PAW_PBE/AB_cF8_225_a_b.AB:POCC_P0-1xE_P1-0.25xA-0.25xB-0.25xC-0.25xD,Cd,Fe,Mg,Nb,,4.871816198243,0.1253353768449,0.05534017323313,0.1497667046117,0.04029196473425,0.330203991318807,0.6931471805599,1.38629436112,0.6931471805599,1.38629436112,1.38629436112,1.38629436112,6.375,0.1878940858569,0.2987108760993,0.1903122434317,0.206215906273,16.20723864463,8.485287888857,3.789945724576,12.06806530408,9.123100303814,8.049117350148,5.922619544279,0.005277611322173,0.01925405878407,0.09651381342117,0.009518755102519,0.01665599405822,0.02139729816342,0.03952098733472,4.87184631763444,440,1,,4,"Cd,Fe,Mg,Nb",Exact four-cation match
Cu_pvFe_pvOV_svZn:PAW_PBE/AB_cF8_225_a_b.AB:POCC_P0-1xC_P1-0.25xA-0.25xB-0.25xD-0.25xE,Cu,Fe,V,Zn,,8.21728834785,0.2863598599017,0.1512788609615,0.4297619842264,0.2496483403892,0.172073476481192,0.6931471805599,1.38629436112,0.6931471805599,1.38629436112,1.38629436112,1.38629436112,7.5,0.1353467768364,0.296044232337,0.1154068888758,0.3568875873437,11.03945688926,6.972166887784,1.589037438137,7.406395440327,2.755862059724,8.385817721699,9.471085146296,0.01137522618813,0.02851805542875,0.5490187768155,0.02527211938901,0.1825326273347,0.01971354009236,0.01545453614902,8.21728930786135,181,1,,4,"Cu,Fe,V,Zn",Exact four-cation match
Ca_svMn_pvNb_svOTi_sv:PAW_PBE/AB_cF8_225_a_b.AB:POCC_P0-1xD_P1-0.25xA-0.25xB-0.25xC-0.25xE,Ca,Mn,Nb,Ti,,6.721920363489,0.1549350383131,0.05729684142197,0.2552549333955,0.1053298285468,0.019284087401328,0.6931471805599,1.38629436112,0.6931471805599,1.38629436112,1.38629436112,1.38629436112,5.25,0.2533707757418,0.1966232120071,0.2449872445659,0.6876908825919,9.49009649429,13.17482048873,11.05709765311,8.12344706145,20.33920723475,8.355986900915,3.860015377359,0.01539267855439,0.007986675579788,0.01133895851461,0.02100751815135,0.003351100202548,0.01985454576734,0.0930416464754,6.72196685839265,414,1,,4,"Ca,Mn,Nb,Ti",Exact four-cation match
CoFe_pvNi_pvOSr_sv:PAW_PBE/AB_cF8_225_a_b.AB:POCC_P0-1xD_P1-0.25xA-0.25xB-0.25xC-0.25xE,Co,Fe,Ni,Sr,,9.976111231216,0.2321364595283,0.098493100401,0.4238729255761,0.1826209781346,0.077058372634815,0.6931471805599,1.38629436112,0.6931471805599,1.38629436112,1.38629436112,1.38629436112,6.625,0.3808040014233,0.3008388272813,0.4008350658313,0.9835141076772,22.6431741283,24.17439318674,18.03278688525,17.14445348456,26.56544049126,20.41459096948,19.18270359793,0.002703839099854,0.002372161722528,0.004263141584898,0.004716373227867,0.001964361500037,0.003326397083627,0.003767348737723,9.97608754415316,7,1,,4,"Co,Fe,Ni,Sr",Exact four-cation match
Ca_svFe_pvMn_pvOSn:PAW_PBE/AB_cF8_225_a_b.AB:POCC_P0-1xD_P1-0.25xA-0.25xB-0.25xC-0.25xE,Ca,Fe,Mn,Sn,,23.57791749331,0.174666814786,0.101876499441,0.3439541509573,0.2069902370631,0.094467033530507,0.6931471805599,1.38629436112,0.6931471805599,1.38629436112,1.38629436112,1.38629436112,5.625,0.3290197562457,0.617586178197,0.3688156721182,0.8173738434768,18.57226352391,16.0880522022,11.05709765311,11.13535510229,22.37792629035,11.78833859329,8.581015022489,0.004019071959853,0.005356098104713,0.01133895851461,0.01118014187007,0.002768316738587,0.00997585788833,0.01882687036212,23.5772509660166,317,1,,4,"Ca,Fe,Mn,Sn",Exact four-cation match
Ca_svCdNb_svOZn:PAW_PBE/AB_cF8_225_a_b.AB:POCC_P0-1xD_P1-0.25xA-0.25xB-0.25xC-0.25xE,Ca,Cd,Nb,Zn,,6.563735963077,0.1788982606527,0.09350414042471,0.3327344372801,0.196650398418,0.463088778957492,0.6931471805599,1.38629436112,0.6931471805599,1.38629436112,1.38629436112,1.38629436112,6.875,0.2144918413367,0.4421136731656,0.2818244134208,0.9070970179645,17.7541839241,13.42402365067,10.87730744737,13.40139281309,15.77531486998,13.5394003279,13.5394003279,0.004397987872396,0.007692899156185,0.0117168979829,0.007718902983054,0.005570566767648,0.007562346939991,0.007562346939991,6.56374226545406,182,1,,4,"Ca,Cd,Nb,Zn",Exact four-cation match
Ni_pvOSnSr_svZn:PAW_PBE/AB_cF8_225_a_b.AB:POCC_P0-1xB_P1-0.25xA-0.25xC-0.25xD-0.25xE,Ni,Sn,Sr,Zn,,13.19736974049,0.232385215475,0.1267883603062,0.4685303522292,0.223525312252,0.076229127788407,0.6931471805599,1.38629436112,0.6931471805599,1.38629436112,1.38629436112,1.38629436112,6.5,0.3637762877099,0.579203494033,0.4029500589403,1.033425735116,29.31791271014,21.07835217556,17.56925429673,19.53900263506,22.32861756871,20.41775357667,20.41775357667,0.001612832854736,0.003120197926545,0.004491059398155,0.003631204214418,0.002780556894453,0.003325366679127,0.003325366679127,13.1972104805326,360,1,,4,"Ni,Sn,Sr,Zn",Exact four-cation match
Ca_svCoMg_pvOSn:PAW_PBE/AB_cF8_225_a_b.AB:POCC_P0-1xD_P1-0.25xA-0.25xB-0.25xC-0.25xE,Ca,Co,Mg,Sn,,29.807494375,0.1201566164559,0.1014071273598,0.2441940672535,0.2003771286354,0.069325027995922,0.6931471805599,1.38629436112,0.6931471805599,1.38629436112,1.38629436112,1.38629436112,5.125,0.3466124456796,0.6665429468534,0.3988969165085,0.8597783144509,20.9247940302,15.1368283647,10.99705562705,12.83542869934,15.92830617172,12.7333383599,12.7333383599,0.003166161569307,0.006050422238608,0.01146311403939,0.008414623707916,0.005464070153144,0.008550094158339,0.008550094158339,29.806982960841,505,1,,4,"Ca,Co,Mg,Sn",Exact four-cation match
Ca_svMg_pvMn_pvOSr_sv:PAW_PBE/AB_cF8_225_a_b.AB:POCC_P0-1xD_P1-0.25xA-0.25xB-0.25xC-0.25xE,Ca,Mg,Mn,Sr,,14.54686410751,0.1070086504958,0.0559059207771,0.2420803587143,0.1216246596878,0.012335530484827,0.6931471805599,1.38629436112,0.6931471805599,1.38629436112,1.38629436112,1.38629436112,4.625,0.3084128726237,0.2063988856559,0.2434517405976,0.8206209539123,21.60438912147,16.92244326757,14.23789852861,15.98596861156,23.04939435674,14.58161093574,11.77791635321,0.002970102757582,0.00484093579997,0.006838544381393,0.005424722725145,0.002609374535791,0.006519952686017,0.009993520908605,14.5468481336597,436,1,,4,"Ca,Mg,Mn,Sr",Exact four-cation match
CoFe_pvMn_pvNi_pvO:PAW_PBE/AB_cF8_225_a_b.AB:POCC_P0-1xE_P1-0.25xA-0.25xB-0.25xC-0.25xD,Co,Fe,Mn,Ni,,45.52872920607,0.06037116628199,0.0325667428014,0.08388755783387,0.04125067303385,0.012367240425262,0.6931471805599,1.38629436112,0.6931471805599,1.38629436112,1.38629436112,1.38629436112,7.25,0.04815340071065,0.120747670785,0.1428941916244,0.2619160170742,4.39322922606,3.223012819452,1.818181818182,2.912621359223,4.526748971193,4.489065475442,11.42718657653,0.07182700014868,0.1334539371638,0.4193540442388,0.1634132986347,0.06765231052047,0.06879289354237,0.01061638891882,45.5286321308993,248,1,,4,"Co,Fe,Mn,Ni",Exact four-cation match
CdMn_pvNb_svOTi_sv:PAW_PBE/AB_cF8_225_a_b.AB:POCC_P0-1xD_P1-0.25xA-0.25xB-0.25xC-0.25xE,Cd,Mn,Nb,Ti,,3.593182310662,0.02890820512662,0.002775831161793,0.05376035319931,0.01490545799705,0.100671137566685,0.6931471805599,1.38629436112,0.6931471805599,1.38629436112,1.38629436112,1.38629436112,6.5,0.1453444185375,0.2784869835378,0.05937171043519,0.3268409399081,11.17404963088,7.444232116915,4.223258177212,8.70646977445,11.02545221355,6.917313599742,4.954033847658,0.01110284468738,0.02501587188653,0.07772490384679,0.01828821266983,0.01140414246789,0.02897213675895,0.05648557027063,3.59318345945901,253,1,,4,"Cd,Mn,Nb,Ti",Exact four-cation match
Nb_svOSnTc_pvZn:PAW_PBE/AB_cF8_225_a_b.AB:POCC_P0-1xB_P1-0.25xA-0.25xC-0.25xD-0.25xE,Nb,Sn,Tc,Zn,,4.118546606079,0.1658195324487,0.07767195687411,0.2863646764094,0.1540195088962,0.102133648530096,0.6931471805599,1.38629436112,0.6931471805599,1.38629436112,1.38629436112,1.38629436112,6.5,0.1527964332044,0.5323731656461,0.1549798373983,,22.21334467643,8.34633261521,3.571428571429,14.43970724765,,10.57078073974,10.57078073974,0.002809490357034,0.01990050423225,0.1086854779118,0.006648729739858,,0.01240627281862,0.01240627281862,4.1185466857892,57,1,,4,"Nb,Sn,Tc,Zn",Exact four-cation match
Fe_pvNb_svOSnV_sv:PAW_PBE/AB_cF8_225_a_b.AB:POCC_P0-1xC_P1-0.25xA-0.25xB-0.25xD-0.25xE,Fe,Nb,Sn,V,,4.368213441501,0.08849940009513,0.09472017660251,0.1446945793098,0.1615214879441,0.441906720706879,0.6931471805599,1.38629436112,0.6931471805599,1.38629436112,1.38629436112,1.38629436112,5.75,0.1763887751531,0.5627459462315,0.1477328670269,0.2515949125082,18.99270898145,8.564083640646,2.935066186155,11.86919125497,9.159713478509,8.428239247186,5.828962219299,0.003843099504143,0.01890138622325,0.160923569974,0.009840410162978,0.01652310561825,0.01951559273579,0.04080120371887,4.10781117331566,475,1,,4,"Fe,Nb,Sn,V",Exact four-cation match
Ca_svFe_pvOSr_svTi_sv:PAW_PBE/AB_cF8_225_a_b.AB:POCC_P0-1xC_P1-0.25xA-0.25xB-0.25xD-0.25xE,Ca,Fe,Sr,Ti,,11.27867218213,0.2038985299818,0.09289977712752,0.4149808900274,0.1825940591167,0.072427346532876,0.6931471805599,1.38629436112,0.6931471805599,1.38629436112,1.38629436112,1.38629436112,5,0.3318858049089,0.2497072035405,0.3699324262619,0.8580610409522,15.49558106612,18.02319412079,15.74591643244,12.45576832585,21.5117351409,13.93113313269,9.635480751844,0.005773507361276,0.004267680868663,0.005591387256517,0.008935408521433,0.002995743133481,0.007143031602662,0.0149316802176,11.2786832154981,32,1,,4,"Ca,Fe,Sr,Ti",Exact four-cation match
Mg_pvOSnTi_svZn:PAW_PBE/AB_cF8_225_a_b.AB:POCC_P0-1xB_P1-0.25xA-0.25xC-0.25xD-0.25xE,Mg,Sn,Ti,Zn,,4.815243300137,0.2251200236916,0.07851894094103,0.3169833438881,0.1276792235679,0.148740302978918,0.6931471805599,1.38629436112,0.6931471805599,1.38629436112,1.38629436112,1.38629436112,5.75,0.2052027960336,0.6393686338882,0.2339337513058,0.4052391269362,17.14986255185,6.699276199384,3.922926276315,9.151597199502,7.18090653966,9.582143784937,9.582143784937,0.004713398608454,0.03088870421617,0.09008140758557,0.01655242631489,0.02688418702353,0.01509837090323,0.01509837090323,4.81522782911216,144,1,,4,"Mg,Sn,Ti,Zn",Exact four-cation match
Ca_svFe_pvNi_pvOSr_sv:PAW_PBE/AB_cF8_225_a_b.AB:POCC_P0-1xD_P1-0.25xA-0.25xB-0.25xC-0.25xE,Ca,Fe,Ni,Sr,,11.13846532629,0.1347795554856,0.03944955204446,0.2715686755078,0.09371180714488,0.054608056129588,0.6931471805599,1.38629436112,0.6931471805599,1.38629436112,1.38629436112,1.38629436112,5.75,0.4224460764405,0.3665551629701,0.4487412951802,1.074092640325,20.60760381289,22.64132839867,16.63701886848,15.88720805749,24.95942771255,18.92154787513,16.44080197744,0.003264378163551,0.002704279953789,0.005008462638143,0.005492376377359,0.002225287918567,0.003872060503678,0.005128725552046,11.1386023369252,454,1,,4,"Ca,Fe,Ni,Sr",Exact four-cation match
CdNb_svOSr_svTi_sv:PAW_PBE/AB_cF8_225_a_b.AB:POCC_P0-1xC_P1-0.25xA-0.25xB-0.25xD-0.25xE,Cd,Nb,Sr,Ti,,4.642372390899,0.05414426984299,0.01236872861764,0.08842709505134,0.02024285962365,0.065874326836616,0.6931471805599,1.38629436112,0.6931471805599,1.38629436112,1.38629436112,1.38629436112,5.875,0.2116227480683,0.3322453912397,0.2907318352021,0.8915295844783,15.30880263435,13.33578183152,14.82317653204,11.66204134588,18.13326603515,11.14404914755,11.14404914755,0.005915248698209,0.007795042596275,0.006309179670163,0.01019310042688,0.004216027066559,0.0111627042686,0.0111627042686,4.64237969386884,469,1,,4,"Cd,Nb,Sr,Ti",Exact four-cation match
Fe_pvMg_pvOSnSr_sv:PAW_PBE/AB_cF8_225_a_b.AB:POCC_P0-1xC_P1-0.25xA-0.25xB-0.25xD-0.25xE,Fe,Mg,Sn,Sr,,13.0646677227,0.1758799104053,0.06199579898768,0.3548849614104,0.1321180365049,0.085009120483825,0.6931471805599,1.38629436112,0.6931471805599,1.38629436112,1.38629436112,1.38629436112,5,0.3614533164878,0.6447151987506,0.4057323625249,0.9031991751546,28.30859305109,17.24827448331,15.16642542068,18.5170126041,19.85178452921,16.60165072919,14.43799669698,0.001729891585282,0.004659766417673,0.006026830660513,0.00404309189373,0.003517680175669,0.005029825416645,0.006650305257995,13.0649046135607,48,1,,4,"Fe,Mg,Sn,Sr",Exact four-cation match
CdCoNi_pvOSn:PAW_PBE/AB_cF8_225_a_b.AB:POCC_P0-1xD_P1-0.25xA-0.25xB-0.25xC-0.25xE,Cd,Co,Ni,Sn,,14.25714801193,0.1590517239313,0.1286373294637,0.272261155212,0.2157068989592,0.113502570975012,0.6931471805599,1.38629436112,0.6931471805599,1.38629436112,1.38629436112,1.38629436112,7.375,0.1434851908735,0.3731313441672,0.1022252415013,0.04085033659592,9.471708516292,11.12841594288,5.81863998308,3.881126520392,10.59016967935,6.35410664986,6.35410664986,0.01545250196964,0.01119408904367,0.04094609435708,0.09203221100185,0.01236088652508,0.03433574357072,0.03433574357072,14.2571267219436,300,1,,4,"Cd,Co,Ni,Sn",Exact four-cation match
Mg_pvNb_svOSr_svZn:PAW_PBE/AB_cF8_225_a_b.AB:POCC_P0-1xC_P1-0.25xA-0.25xB-0.25xD-0.25xE,Mg,Nb,Sr,Zn,,7.009344542356,0.1490022849648,0.09085675090586,0.2169710016854,0.1231035355674,0.286863095210511,0.6931471805599,1.38629436112,0.6931471805599,1.38629436112,1.38629436112,1.38629436112,5.625,0.2286011810993,0.3932534170227,0.2788704896542,0.9293815147721,25.62297734675,16.45633415744,15.95218352559,18.95122736382,19.46121984899,17.50862172355,17.50862172355,0.00211152521252,0.005119048707334,0.005447725068599,0.003859941944274,0.003660288683178,0.004522218445257,0.004522218445257,7.00930302940773,21,1,,4,"Mg,Nb,Sr,Zn",Exact four-cation match
CdFe_pvOSnZn:PAW_PBE/AB_cF8_225_a_b.AB:POCC_P0-1xC_P1-0.25xA-0.25xB-0.25xD-0.25xE,Cd,Fe,Sn,Zn,,15.62139394053,0.2454845287004,0.1312722025063,0.3986756234854,0.2272367683734,0.477725795023221,0.6931471805599,1.38629436112,0.6931471805599,1.38629436112,1.38629436112,1.38629436112,7.5,0.1311363793918,0.3844895154617,0.1223468430324,0.1415097169808,10.68699393284,8.328141404547,5.144417202695,5.151109002021,9.516463758421,6.150891830508,7.889254054837,0.01213792168455,0.01998753676981,0.05238212264517,0.05224611194693,0.0153074997381,0.03664200903958,0.02227324905454,15.6212789591552,485,1,,4,"Cd,Fe,Sn,Zn",Exact four-cation match
CdMg_pvOSnV_sv:PAW_PBE/AB_cF8_225_a_b.AB:POCC_P0-1xC_P1-0.25xA-0.25xB-0.25xD-0.25xE,Cd,Mg,Sn,V,,5.848016079982,0.03362417579939,0.03595074456772,0.06897138046384,0.06785135848284,0.098144626210712,0.6931471805599,1.38629436112,0.6931471805599,1.38629436112,1.38629436112,1.38629436112,5.875,0.188515748679,0.6050633747799,0.2311249661979,0.3245381333526,14.52795930285,1.737594173801,5.056478447094,7.124925982688,7.363574011458,3.713047709814,3.713047709814,0.006568197868459,0.4591544030065,0.05421995288391,0.027308304868,0.02556690420098,0.1005528530181,0.1005528530181,5.84804810029111,272,1,,4,"Cd,Mg,Sn,V",Exact four-cation match
Mn_pvNi_pvOV_svZn:PAW_PBE/AB_cF8_225_a_b.AB:POCC_P0-1xC_P1-0.25xA-0.25xB-0.25xD-0.25xE,Mn,Ni,V,Zn,,14.86355187438,0.1140049016456,0.1206648829081,0.1561243036742,0.1695785560282,0.127622334036092,0.6931471805599,1.38629436112,0.6931471805599,1.38629436112,1.38629436112,1.38629436112,7.25,0.1371814491832,0.2911240070829,0.135185058346,0.3852515412039,10.64422972852,7.210871183378,1.589037438137,7.140602381873,6.678507814438,9.323372642368,12.32013450761,0.01223564811093,0.02666121776252,0.5490187768155,0.02718853178813,0.03108111425086,0.01594811546343,0.009133233437966,14.863741080155,420,1,,4,"Mn,Ni,V,Zn",Exact four-cation match
CdMg_pvOSr_svZn:PAW_PBE/AB_cF8_225_a_b.AB:POCC_P0-1xC_P1-0.25xA-0.25xB-0.25xD-0.25xE,Cd,Mg,Sr,Zn,,19.5198596535,0.1053454074681,0.05169717513499,0.2319953901934,0.09526088821992,0.075408422174309,0.6931471805599,1.38629436112,0.6931471805599,1.38629436112,1.38629436112,1.38629436112,6.5,0.2445552084908,0.4483394361419,0.2988310559497,0.9789886362977,25.97945446807,17.10966825616,15.14899955443,18.60218729391,18.67013699445,17.96786349899,17.96786349899,0.00205397617725,0.004735570197754,0.006040703939518,0.004006152075507,0.003977044472356,0.004294005313225,0.004294005313225,19.5194590918645,164,1,,4,"Cd,Mg,Sr,Zn",Exact four-cation match
Nb_svNi_pvOSnTi_sv:PAW_PBE/AB_cF8_225_a_b.AB:POCC_P0-1xC_P1-0.25xA-0.25xB-0.25xD-0.25xE,Nb,Ni,Sn,Ti,,3.814661522713,0.07489865561861,0,0.09457951006193,0,0.782182232185977,0.6931471805599,1.38629436112,0.6931471805599,1.38629436112,1.38629436112,1.38629436112,5.875,0.2296012848396,0.5850230764679,0.1845772196128,0.3697549864437,20.52639581754,10.49818749234,2.935066186155,12.87773243569,8.294753674217,11.04438643184,11.04438643184,0.003290258790648,0.01257844071403,0.160923569974,0.008359429932383,0.02014876676813,0.01136507403561,0.01136507403561,3.72711182611272,314,1,,4,"Nb,Ni,Sn,Ti",Exact four-cation match
CdCoNi_pvOZn:PAW_PBE/AB_cF8_225_a_b.AB:POCC_P0-1xD_P1-0.25xA-0.25xB-0.25xC-0.25xE,Cd,Co,Ni,Zn,,25.94340308744,0.09021922212924,0.08254517749803,0.1632355815287,0.136661599844,0.028463703721959,0.6931471805599,1.38629436112,0.6931471805599,1.38629436112,1.38629436112,1.38629436112,8.375,0.155141064841,0.1191582456232,0.1138804197393,0.05873670062235,5.658137022029,8.779225036629,6.185895741317,4.5159542043,7.660208503787,6.802297974723,6.802297974723,0.04330205783753,0.01798635222701,0.03622849263727,0.06797612414601,0.02362513369863,0.02996016164077,0.02996016164077,25.9433961395703,474,1,,4,"Cd,Co,Ni,Zn",Exact four-cation match
Mg_pvOSnV_svZn:PAW_PBE/AB_cF8_225_a_b.AB:POCC_P0-1xB_P1-0.25xA-0.25xC-0.25xD-0.25xE,Mg,Sn,V,Zn,,6.723119244124,0.2467264448235,0.07974760470281,0.3736521235987,0.1367276367743,0.136339318911112,0.6931471805599,1.38629436112,0.6931471805599,1.38629436112,1.38629436112,1.38629436112,5.875,0.1889330238471,0.6163183025029,0.2299320551815,0.3579455265819,14.90857413827,6.639586653034,4.598364975847,7.797889184417,9.107076468239,7.966735484481,7.966735484481,0.006237107623362,0.03144657637616,0.06556145443385,0.02279824090242,0.01671465782571,0.02184211358486,0.02184211358486,6.72312066571662,392,1,,4,"Mg,Sn,V,Zn",Exact four-cation match
Ca_svFe_pvMg_pvOZn:PAW_PBE/AB_cF8_225_a_b.AB:POCC_P0-1xD_P1-0.25xA-0.25xB-0.25xC-0.25xE,Ca,Fe,Mg,Zn,,20.16083366658,0.05117665612016,0.02190901501318,0.1068704236096,0.04560056773754,0.02463295101572,0.6931471805599,1.38629436112,0.6931471805599,1.38629436112,1.38629436112,1.38629436112,6,0.2907244184791,0.4234898906704,0.3187769596442,0.8537710465927,18.27696754835,16.26812271312,11.54069425105,13.01658080987,18.49807278762,14.24820261376,13.21422921365,0.004149991194822,0.005238181920996,0.01040858243136,0.00818204038716,0.004051375418331,0.006828656893698,0.007939109374427,20.1610290299612,148,1,,4,"Ca,Fe,Mg,Zn",Exact four-cation match
Ca_svCdFe_pvOSn:PAW_PBE/AB_cF8_225_a_b.AB:POCC_P0-1xD_P1-0.25xA-0.25xB-0.25xC-0.25xE,Ca,Cd,Fe,Sn,,21.3739600415,0.17453777848,0.1239067022262,0.3581646418797,0.2396587440931,0.12527998012593,0.6931471805599,1.38629436112,0.6931471805599,1.38629436112,1.38629436112,1.38629436112,6.25,0.31804520119,0.6128565798782,0.3704726710569,0.8852224296752,18.74591733281,13.98918764748,9.942603230595,11.13535510229,16.64008519551,11.40972024872,9.29733056414,0.003944955073603,0.007083868085601,0.01402346190564,0.01118014187007,0.005006616954156,0.01064891754445,0.01603758280718,21.3737237020948,222,1,,4,"Ca,Cd,Fe,Sn",Exact four-cation match
Ca_svMn_pvNb_svOV_sv:PAW_PBE/AB_cF8_225_a_b.AB:POCC_P0-1xD_P1-0.25xA-0.25xB-0.25xC-0.25xE,Ca,Mn,Nb,V,,8.511657317439,0.1660460675795,0.07319992835783,0.2879632816248,0.1510336606998,0.044160832794903,0.6931471805599,1.38629436112,0.6931471805599,1.38629436112,1.38629436112,1.38629436112,5.375,0.2596208774348,0.1941009724345,0.2585053190942,0.6965629906907,10.05906079542,13.36861452251,11.78511301978,8.550158862178,21.55630819432,8.643354609967,5.052817015859,0.01370063166802,0.007756801094798,0.009981319400063,0.01896300190591,0.002983367047111,0.01855627476193,0.05429856034439,8.51165899111973,141,1,,4,"Ca,Mn,Nb,V",Exact four-cation match
CdFe_pvNi_pvOSr_sv:PAW_PBE/AB_cF8_225_a_b.AB:POCC_P0-1xD_P1-0.25xA-0.25xB-0.25xC-0.25xE,Cd,Fe,Ni,Sr,,11.91973959616,0.125621569205,0.04303010887035,0.2562984686572,0.08480508384174,0.141812309375152,0.6931471805599,1.38629436112,0.6931471805599,1.38629436112,1.38629436112,1.38629436112,7,0.3593489773187,0.3378919945781,0.3806244868634,0.9882402288917,21.87900553391,21.55283733173,16.26500121581,16.28964219552,24.10643532518,18.57808162514,16.85026772019,0.002896011622343,0.002984328005585,0.005240192685033,0.005224351229592,0.002385555180595,0.004016555047021,0.00488249543472,11.9195146025589,168,1,,4,"Cd,Fe,Ni,Sr",Exact four-cation match
Ca_svMg_pvNb_svOTi_sv:PAW_PBE/AB_cF8_225_a_b.AB:POCC_P0-1xD_P1-0.25xA-0.25xB-0.25xC-0.25xE,Ca,Mg,Nb,Ti,,11.5920246709,0.1401007498782,0.04606197645877,0.2258543855634,0.0798127921618,0.020337440305184,0.6931471805599,1.38629436112,0.6931471805599,1.38629436112,1.38629436112,1.38629436112,4.625,0.1479719145649,0.1235495851875,0.2356241710861,0.6919176251549,15.90114188065,9.265670737144,10.12186959186,11.7301706312,13.16843357927,7.848524947336,7.848524947336,0.005482754895951,0.01614736753208,0.01353112734799,0.01007504042985,0.007994424799753,0.02250501830863,0.02250501830863,11.5918381105401,45,1,,4,"Ca,Mg,Nb,Ti",Exact four-cation match
Ca_svCoMg_pvOSr_sv:PAW_PBE/AB_cF8_225_a_b.AB:POCC_P0-1xD_P1-0.25xA-0.25xB-0.25xC-0.25xE,Ca,Co,Mg,Sr,,18.94397707004,0.1126044709907,0.05473392170251,0.2548714802302,0.1195861809184,0.01905457831277,0.6931471805599,1.38629436112,0.6931471805599,1.38629436112,1.38629436112,1.38629436112,4.875,0.3445101595019,0.2971270771909,0.3701688803776,0.9844890806911,23.13313867228,18.95607984261,15.24295859603,17.13685766113,19.89403991901,17.1613989883,17.1613989883,0.00259051632941,0.003857966020008,0.005966462519185,0.004720555170498,0.003502752781408,0.004707063746477,0.004707063746477,18.9439998722434,31,1,,4,"Ca,Co,Mg,Sr",Exact four-cation match
Mg_pvOSr_svTi_svZn:PAW_PBE/AB_cF8_225_a_b.AB:POCC_P0-1xB_P1-0.25xA-0.25xC-0.25xD-0.25xE,Mg,Sr,Ti,Zn,,8.04300127603,0.1808564662554,0.07927315089888,0.2796292830329,0.0767821511004,0.120434302297548,0.6931471805599,1.38629436112,0.6931471805599,1.38629436112,1.38629436112,1.38629436112,5.5,0.2258035650737,0.403177690355,0.2678969018111,0.8925910317721,25.03157073875,17.10966825616,16.53118265582,18.18418298877,18.98723575185,17.4547398837,17.4547398837,0.002212479480533,0.004735570197754,0.005072798452576,0.004192449794678,0.003845315434664,0.004550181227023,0.004550181227023,8.0429794716573,354,1,,4,"Mg,Sr,Ti,Zn",Exact four-cation match
CdMg_pvMn_pvNb_svO:PAW_PBE/AB_cF8_225_a_b.AB:POCC_P0-1xE_P1-0.25xA-0.25xB-0.25xC-0.25xD,Cd,Mg,Mn,Nb,,5.157748190437,0.1243504354815,0.0572110121015,0.1352367797207,0.06988832050268,0.170502001916527,0.6931471805599,1.38629436112,0.6931471805599,1.38629436112,1.38629436112,1.38629436112,6.25,0.1685724992399,0.2914595812458,0.1406013869064,0.2448468909339,15.84744352572,7.546933701513,3.789945724576,11.70519979273,12.69780450208,6.785692973898,6.630737185625,0.005519973987329,0.02433965326376,0.09651381342117,0.01011807268272,0.008598014715922,0.03010696969793,0.03153057040175,5.15772246416277,466,1,,4,"Cd,Mg,Mn,Nb",Exact four-cation match
Fe_pvMn_pvOSr_svZn:PAW_PBE/AB_cF8_225_a_b.AB:POCC_P0-1xC_P1-0.25xA-0.25xB-0.25xD-0.25xE,Fe,Mn,Sr,Zn,,17.53052652209,0.1357824122396,0.06311834597922,0.2953397304609,0.1343623836421,0.178576314801378,0.6931471805599,1.38629436112,0.6931471805599,1.38629436112,1.38629436112,1.38629436112,6.625,0.3340347100228,0.3546014488126,0.3302650450774,0.9355847102214,23.0166253717,21.69233377085,17.4181181184,17.35406027148,27.75874538241,19.29504027712,16.52319197419,0.002616809806774,0.002946068906461,0.004569334943221,0.004603130143723,0.00179910201532,0.003723609055244,0.005077706090148,17.5309418030683,413,1,,4,"Fe,Mn,Sr,Zn",Exact four-cation match
CdFe_pvMg_pvOZn:PAW_PBE/AB_cF8_225_a_b.AB:POCC_P0-1xD_P1-0.25xA-0.25xB-0.25xC-0.25xE,Cd,Fe,Mg,Zn,,33.12616374768,0.08455687711414,0.08138457541623,0.1532562883211,0.1387498492496,0.015651582191054,0.6931471805599,1.38629436112,0.6931471805599,1.38629436112,1.38629436112,1.38629436112,7.25,0.1810018991613,0.3509647418189,0.1910497317454,0.2694786633483,7.517125988916,8.117064149357,5.452202862359,5.151109002021,9.931504920847,6.370421043929,7.877294760753,0.02453306436902,0.02104056996914,0.04663494230807,0.05224611194693,0.01405482143999,0.03416010382417,0.02234093080233,33.1249812010442,147,1,,4,"Cd,Fe,Mg,Zn",Exact four-cation match
Ca_svMn_pvNi_pvOSr_sv:PAW_PBE/AB_cF8_225_a_b.AB:POCC_P0-1xD_P1-0.25xA-0.25xB-0.25xC-0.25xE,Ca,Mn,Ni,Sr,,11.67908114187,0.1275201695531,0.04193981110264,0.2464056919043,0.0894638808342,0.030523253335469,0.6931471805599,1.38629436112,0.6931471805599,1.38629436112,1.38629436112,1.38629436112,5.625,0.41159529577,0.350842111925,0.3987715511418,1.011533489312,19.7903336729,22.07909198475,16.63701886848,15.24390446871,27.39519654414,17.8700429505,15.88294668004,0.003539559550534,0.002843760640977,0.005008462638143,0.005965722113228,0.001847168932328,0.004341144719681,0.005495323970034,11.678897073468,367,1,,4,"Ca,Mn,Ni,Sr",Exact four-cation match
CdMn_pvNb_svOSr_sv:PAW_PBE/AB_cF8_225_a_b.AB:POCC_P0-1xD_P1-0.25xA-0.25xB-0.25xC-0.25xE,Cd,Mn,Nb,Sr,,6.073418004839,0.1868555148014,0.07979654971041,0.3401016119305,0.1135302291027,0.132507035193472,0.6931471805599,1.38629436112,0.6931471805599,1.38629436112,1.38629436112,1.38629436112,6.25,0.2861410272925,0.3168974597563,0.2915797489539,0.8995380759034,17.70478249891,16.51240343907,14.82317653204,13.4687298807,24.17848993735,13.71070472565,11.08335511625,0.004422565410966,0.005084343392408,0.006309179670163,0.00764191443211,0.002371357922813,0.007374556389476,0.01128529613442,6.07341411597664,75,1,,4,"Cd,Mn,Nb,Sr",Exact four-cation match
CdCu_pvFe_pvMg_pvO:PAW_PBE/AB_cF8_225_a_b.AB:POCC_P0-1xE_P1-0.25xA-0.25xB-0.25xC-0.25xD,Cd,Cu,Fe,Mg,,21.75101313161,0.1484411572793,0.08054740935619,0.2351787333897,0.128410786211,0.030404201037639,0.6931471805599,1.38629436112,0.6931471805599,1.38629436112,1.38629436112,1.38629436112,7.125,0.2248092246773,0.3245314892272,0.2279665545645,0.2780737312297,6.718301684291,9.449093151742,5.452202862359,4.598117211517,10.67022373706,3.902419906308,5.029556422233,0.03071400516523,0.01552655821216,0.04663494230807,0.06556852003341,0.01217610556712,0.0910306114893,0.05480195954219,21.0620423024446,24,1,,4,"Cd,Cu,Fe,Mg",Exact four-cation match
Ca_svOSnTi_svV_sv:PAW_PBE/AB_cF8_225_a_b.AB:POCC_P0-1xB_P1-0.25xA-0.25xC-0.25xD-0.25xE,Ca,Sn,Ti,V,,5.912163559239,0.2446403233606,0.06620294623331,0.4476194283526,0.1117632419164,0.211696692918818,0.6931471805599,1.38629436112,0.6931471805599,1.38629436112,1.38629436112,1.38629436112,4.875,0.2845944482944,0.670351913177,0.344918468627,0.7569469928601,18.17038972299,10.34278773671,11.78511301978,10.22072778015,15.18461393888,8.485931588837,8.485931588837,0.004198817244562,0.01295926089266,0.009981319400063,0.01327063834755,0.006012401124496,0.01925113786324,0.01925113786324,5.91215908168779,267,1,,4,"Ca,Sn,Ti,V",Exact four-cation match
Fe_pvMg_pvMn_pvNi_pvO:PAW_PBE/AB_cF8_225_a_b.AB:POCC_P0-1xE_P1-0.25xA-0.25xB-0.25xC-0.25xD,Fe,Mg,Mn,Ni,,65.4650116157,0.03418883193286,0.01244388436002,0.05539314604142,0.02133921559967,0.001142540473013,0.6931471805599,1.38629436112,0.6931471805599,1.38629436112,1.38629436112,1.38629436112,6.375,0.2286190882232,0.2516697985456,0.2374868417408,0.2753520473866,7.086522967016,8.99650456904,3.857432693399,4.045566970314,13.75946619426,4.978232859749,9.545407767567,0.02760508309334,0.01712804703895,0.09316627735337,0.08470258546443,0.007322380378999,0.05593775628824,0.01521480832261,65.4626793082006,37,1,,4,"Fe,Mg,Mn,Ni",Exact four-cation match
CdFe_pvNi_pvOSn:PAW_PBE/AB_cF8_225_a_b.AB:POCC_P0-1xD_P1-0.25xA-0.25xB-0.25xC-0.25xE,Cd,Fe,Ni,Sn,,14.78381240859,0.1778964618199,0.1082393520548,0.2937749169762,0.2022067888165,0.115475202113628,0.6931471805599,1.38629436112,0.6931471805599,1.38629436112,1.38629436112,1.38629436112,7.25,0.1393125981381,0.3978894318778,0.102072278313,0.1279404158192,10.04520088515,10.16521977862,5.144417202695,4.045566970314,10.78843747761,5.587465805705,7.303919736169,0.01373846476428,0.01341596483025,0.05238212264517,0.08470258546443,0.01191072941687,0.04440436869756,0.0259862416471,14.7838352921842,133,1,,4,"Cd,Fe,Ni,Sn",Exact four-cation match
CdMg_pvOV_svZn:PAW_PBE/AB_cF8_225_a_b.AB:POCC_P0-1xC_P1-0.25xA-0.25xB-0.25xD-0.25xE,Cd,Mg,V,Zn,,13.83195787217,0.04875832869938,0.02669728720147,0.08667180039342,0.05021424080035,0.195222324553977,0.6931471805599,1.38629436112,0.6931471805599,1.38629436112,1.38629436112,1.38629436112,6.875,0.1130561254422,0.3915459743121,0.151657508881,0.3638938718912,11.7519920189,6.175005728756,6.20993776395,7.651101929702,8.207147974954,8.065421279026,8.065421279026,0.01003766000101,0.03635638778276,0.03594851554081,0.02368140587165,0.02058121118748,0.02131087802192,0.02131087802192,13.8321387263302,292,1,,4,"Cd,Mg,V,Zn",Exact four-cation match
Ca_svMg_pvMn_pvOTi_sv:PAW_PBE/AB_cF8_225_a_b.AB:POCC_P0-1xD_P1-0.25xA-0.25xB-0.25xC-0.25xE,Ca,Mg,Mn,Ti,,9.441085452362,0.1044588827003,0.06595313728372,0.201785197089,0.1225367251852,0.011208152617635,0.6931471805599,1.38629436112,0.6931471805599,1.38629436112,1.38629436112,1.38629436112,4.875,0.256511573813,0.1958149636774,0.223718573212,0.6343894702783,15.25623152677,13.30497938029,10.74989922017,10.72459701798,19.74389064352,9.815724972618,7.78667231873,0.005956085383139,0.007831177091285,0.01199628213425,0.01205295380455,0.003556231159364,0.01438834007366,0.02286397090469,9.44100989734332,296,1,,4,"Ca,Mg,Mn,Ti",Exact four-cation match
CoCu_pvFe_pvNi_pvO:PAW_PBE/AB_cF8_225_a_b.AB:POCC_P0-1xE_P1-0.25xA-0.25xB-0.25xC-0.25xD,Co,Cu,Fe,Ni,,33.43954650548,0.1270548685105,0.1089947110012,0.1910020422721,0.1888899906656,0.010831639823871,0.6931471805599,1.38629436112,0.6931471805599,1.38629436112,1.38629436112,1.38629436112,7.75,0.02861380785565,0.120747670785,0.03082207001484,0.1577973383806,4.224058305085,2.02904979491,1.589037438137,2.678490946279,1.195219123506,2.778765925503,8.29907108845,0.07769546108469,0.336720878911,0.5490187768155,0.1932302390951,0.9704214560546,0.179535992662,0.02012780829122,33.4396332581764,303,1,,4,"Co,Cu,Fe,Ni",Exact four-cation match
Ca_svCdNb_svOSn:PAW_PBE/AB_cF8_225_a_b.AB:POCC_P0-1xD_P1-0.25xA-0.25xB-0.25xC-0.25xE,Ca,Cd,Nb,Sn,,4.537598412995,0.06794256449839,0.008372222929294,0.07171453776226,0.0111203605233,0.081459332842299,0.6931471805599,1.38629436112,0.6931471805599,1.38629436112,1.38629436112,1.38629436112,5.875,0.2825756535868,0.64802715028,0.3507402885327,0.8798685981441,20.80601814581,9.140654518854,9.156418513808,12.76599966186,12.89665581221,9.613413914728,9.613413914728,0.003202414259297,0.01659208131615,0.01653499953626,0.008506399973741,0.008334916200053,0.01500030789203,0.01500030789203,4.53758873444999,100,1,,4,"Ca,Cd,Nb,Sn",Exact four-cation match
Fe_pvMg_pvNb_svOSn:PAW_PBE/AB_cF8_225_a_b.AB:POCC_P0-1xD_P1-0.25xA-0.25xB-0.25xC-0.25xE,Fe,Mg,Nb,Sn,,5.161494903416,0.05127854929423,0.02250364207339,0.06566622155048,0.038184987738,0.250945520479011,0.6931471805599,1.38629436112,0.6931471805599,1.38629436112,1.38629436112,1.38629436112,5.375,0.2340901268742,0.5954747580712,0.2470323865407,0.1956240015949,21.13789112587,8.614477881866,2.438299245471,13.55831052978,9.865780533681,8.347788389008,6.694609846732,0.003102645402028,0.01868088883945,0.2331747115404,0.007541266764866,0.0142427075273,0.01989356392539,0.03093178001128,5.16153498243286,122,1,,4,"Fe,Mg,Nb,Sn",Exact four-cation match
Cu_pvMg_pvOV_svZn:PAW_PBE/AB_cF8_225_a_b.AB:POCC_P0-1xC_P1-0.25xA-0.25xB-0.25xD-0.25xE,Cu,Mg,V,Zn,,26.11182622116,0.1375879654603,0.07163842342907,0.2194392461082,0.1162217263126,0.122926771009205,0.6931471805599,1.38629436112,0.6931471805599,1.38629436112,1.38629436112,1.38629436112,6.75,0.1981519303464,0.395712332383,0.2094486810653,0.398685339585,12.19566514333,8.8262317616,4.681218398835,7.797889184417,9.183337378369,8.33843770715,8.33843770715,0.009320612952801,0.01779527904681,0.0632612326791,0.02279824090242,0.01643820443116,0.01993820602595,0.01993820602595,26.112170970969,512,1,,4,"Cu,Mg,V,Zn",Exact four-cation match
Fe_pvMg_pvNb_svOSr_sv:PAW_PBE/AB_cF8_225_a_b.AB:POCC_P0-1xD_P1-0.25xA-0.25xB-0.25xC-0.25xE,Fe,Mg,Nb,Sr,,7.832122158608,0.2597908256375,0.1108404796082,0.5075878007865,0.2298452679858,0.113265402950762,0.6931471805599,1.38629436112,0.6931471805599,1.38629436112,1.38629436112,1.38629436112,5.125,0.2991776228263,0.2158418112878,0.3291940916845,0.846621964043,22.43213121776,16.92896670728,15.16642542068,16.81722434331,21.14941317445,15.40590056283,12.38443511545,0.002754954199957,0.004837205688271,0.006026830660513,0.004901701057764,0.003099265724976,0.005840920241518,0.009038639234502,7.83207546112589,191,1,,4,"Fe,Mg,Nb,Sr",Exact four-cation match
Ca_svOSnSr_svTi_sv:PAW_PBE/AB_cF8_225_a_b.AB:POCC_P0-1xB_P1-0.25xA-0.25xC-0.25xD-0.25xE,Ca,Sn,Sr,Ti,,8.157656815264,0.2243251700031,0.08202372380953,0.4418368836884,0.1605875421979,0.045563882934557,0.6931471805599,1.38629436112,0.6931471805599,1.38629436112,1.38629436112,1.38629436112,4.5,0.3410647849016,0.6989861854858,0.41535376488,0.9396641687326,23.01189342283,13.07080786586,14.94331346944,14.69622513369,15.49247580048,12.29691338749,12.29691338749,0.002617886109632,0.008114291308557,0.006208142013633,0.006418652499308,0.005775822042416,0.009167759851307,0.009167759851307,8.15771094744911,254,1,,4,"Ca,Sn,Sr,Ti",Exact four-cation match
CdMg_pvOSnZn:PAW_PBE/AB_cF8_225_a_b.AB:POCC_P0-1xC_P1-0.25xA-0.25xB-0.25xD-0.25xE,Cd,Mg,Sn,Zn,,20.36997140778,0.1906796648591,0.1231822781668,0.3654974815132,0.2379577181034,0.067419868768216,0.6931471805599,1.38629436112,0.6931471805599,1.38629436112,1.38629436112,1.38629436112,6.75,0.189369183079,0.5460844714877,0.2309085316743,0.2700347199899,9.477395254715,6.699276199384,5.056478447094,5.033663256863,7.08083954441,6.270052296199,6.270052296199,0.01543396354835,0.03088870421617,0.05421995288391,0.05471257304079,0.02764941521429,0.03526250253922,0.03526250253922,20.3693653774475,83,1,,4,"Cd,Mg,Sn,Zn",Exact four-cation match
Ca_svCdNb_svOSr_sv:PAW_PBE/AB_cF8_225_a_b.AB:POCC_P0-1xD_P1-0.25xA-0.25xB-0.25xC-0.25xE,Ca,Cd,Nb,Sr,,6.924489637565,0.1663379259019,0.06818165782874,0.3588383671018,0.1126482512674,0.123483410131212,0.6931471805599,1.38629436112,0.6931471805599,1.38629436112,1.38629436112,1.38629436112,5.625,0.2377986280448,0.3729231656789,0.3369718089099,1.041474315574,14.57897119153,12.08457959453,12.65047833389,10.76299382272,17.31832991599,10.91329632403,10.91329632403,0.00652231397274,0.009492756998605,0.008662466386241,0.01196710976995,0.004622143656239,0.01163974756046,0.01163974756046,6.92449656561552,59,1,,4,"Ca,Cd,Nb,Sr",Exact four-cation match
CdFe_pvOSnTi_sv:PAW_PBE/AB_cF8_225_a_b.AB:POCC_P0-1xC_P1-0.25xA-0.25xB-0.25xD-0.25xE,Cd,Fe,Sn,Ti,,5.75736543041,0.06561260363896,0.01903870731089,0.1042541130795,0.03096614703331,0.120304275752605,0.6931471805599,1.38629436112,0.6931471805599,1.38629436112,1.38629436112,1.38629436112,6.5,0.1878376958973,0.5428812024744,0.1566045976337,0.3535887441647,14.79882541992,7.106690545187,4.223258177212,6.988556993608,8.730053164836,7.168509163661,5.365004941013,0.006329959960347,0.02744862835017,0.07772490384679,0.02838444677705,0.0181895384703,0.0269772556295,0.04816318559327,5.75735961776858,54,1,,4,"Cd,Fe,Sn,Ti",Exact four-cation match
Fe_pvNb_svOSnZn:PAW_PBE/AB_cF8_225_a_b.AB:POCC_P0-1xC_P1-0.25xA-0.25xB-0.25xD-0.25xE,Fe,Nb,Sn,Zn,,5.19795314606,0.3735154835203,0.03839606360734,0.5921956538492,0.06217271233128,0.316045590248697,0.6931471805599,1.38629436112,0.6931471805599,1.38629436112,1.38629436112,1.38629436112,6.625,0.1686949910341,0.510877859669,0.143701078632,0.1817106215938,21.19908301583,10.36290593988,2.935066186155,13.98411256103,9.046185995788,11.14118957566,10.81072455719,0.00308475946594,0.01290899237313,0.160923569974,0.00708901074538,0.01694043004143,0.01116843519198,0.01186167040229,5.19794756057557,435,1,,4,"Fe,Nb,Sn,Zn",Exact four-cation match
Cu_pvNb_svOSnV_sv:PAW_PBE/AB_cF8_225_a_b.AB:POCC_P0-1xC_P1-0.25xA-0.25xB-0.25xD-0.25xE,Cu,Nb,Sn,V,,4.161323888764,0.3095979478146,0.04938028833315,0.5588971683226,0.09832275411721,0.124985411353047,0.6931471805599,1.38629436112,0.6931471805599,1.38629436112,1.38629436112,1.38629436112,6.125,0.1885649755389,0.5648291777166,0.159275704362,0.3332791622649,20.73446330206,9.833364113605,3.571428571429,13.31471102581,8.290207453999,8.428239247186,8.428239247186,0.00322455552672,0.01433676660925,0.1086854779118,0.007819733750377,0.02017087136505,0.01951559273579,0.01951559273579,4.0738945349095,403,1,,4,"Cu,Nb,Sn,V",Exact four-cation match
CdNb_svOTi_svV_sv:PAW_PBE/AB_cF8_225_a_b.AB:POCC_P0-1xC_P1-0.25xA-0.25xB-0.25xD-0.25xE,Cd,Nb,Ti,V,,4.798307296108,0.06455632283764,0.004149092056436,0.09708217406519,0.01341943789937,0.221012260568565,0.6931471805599,1.38629436112,0.6931471805599,1.38629436112,1.38629436112,1.38629436112,6.25,0.06595452979136,0.2887680730275,0.05408326913196,0.3447100230629,9.86266886687,3.701535170065,5.144417202695,7.669680663275,4.768594998946,4.892256853772,4.892256853772,0.0142516960784,0.1011793060333,0.05238212264517,0.02356681501293,0.06096415782912,0.05792112066269,0.05792112066269,4.79829219425658,411,1,,4,"Cd,Nb,Ti,V",Exact four-cation match
CdFe_pvMn_pvNi_pvO:PAW_PBE/AB_cF8_225_a_b.AB:POCC_P0-1xE_P1-0.25xA-0.25xB-0.25xC-0.25xD,Cd,Fe,Mn,Ni,,20.99165624471,0.09878379762065,0.1055434328896,0.1625140845015,0.1529175748894,0.085454731763793,0.6931471805599,1.38629436112,0.6931471805599,1.38629436112,1.38629436112,1.38629436112,7.625,0.1338609353023,0.164544826719,0.1373863166403,0.2673363985693,4.247090901058,8.027748264577,5.263157894737,3.137530394403,10.82352783485,5.587465805705,9.406790651938,0.07685503841938,0.02151136483454,0.05004522643643,0.1408249395072,0.0118336243828,0.04440436869756,0.01566651860844,20.9917476204562,82,1,,4,"Cd,Fe,Mn,Ni",Exact four-cation match
Ca_svFe_pvOSnTi_sv:PAW_PBE/AB_cF8_225_a_b.AB:POCC_P0-1xC_P1-0.25xA-0.25xB-0.25xD-0.25xE,Ca,Fe,Sn,Ti,,6.592273064295,0.3469891289931,0.2531227532823,0.6902204311079,0.5364180044762,0.314758507634565,0.6931471805599,1.38629436112,0.6931471805599,1.38629436112,1.38629436112,1.38629436112,5.25,0.3264088693648,0.6562782851047,0.369078243737,0.813338029358,19.05342064466,13.98918764748,11.05709765311,11.2031495527,16.87251875592,11.45538126273,8.551678863448,0.003818647282033,0.007083868085601,0.01133895851461,0.01104524083251,0.004869626112031,0.01056419381717,0.01895626142235,6.59223271348911,53,1,,4,"Ca,Fe,Sn,Ti",Exact four-cation match
Ca_svCdMg_pvNi_pvO:PAW_PBE/AB_cF8_225_a_b.AB:POCC_P0-1xE_P1-0.25xA-0.25xB-0.25xC-0.25xD,Ca,Cd,Mg,Ni,,23.07431673704,0.05577079467708,0.02031463719226,0.1269940244456,0.0457816219483,0.007096310558854,0.6931471805599,1.38629436112,0.6931471805599,1.38629436112,1.38629436112,1.38629436112,6.25,0.3107139963053,0.4175218557154,0.3493833854092,0.885409509775,16.85388552954,15.57184231792,10.45280757808,11.86640769152,16.37639118093,12.85010829036,12.85010829036,0.00488039953324,0.005717095699295,0.01268789410511,0.009845027334312,0.005169148981478,0.008395409444952,0.008395409444952,23.0745804113079,501,1,,4,"Ca,Cd,Mg,Ni",Exact four-cation match
Ca_svMg_pvNb_svOSr_sv:PAW_PBE/AB_cF8_225_a_b.AB:POCC_P0-1xD_P1-0.25xA-0.25xB-0.25xC-0.25xE,Ca,Mg,Nb,Sr,,14.96596545742,0.09340563561999,0.02657929101655,0.1901532158742,0.05445045907709,0.009992337133122,0.6931471805599,1.38629436112,0.6931471805599,1.38629436112,1.38629436112,1.38629436112,4.375,0.183012294669,0.127622490181,0.2615817271906,0.8946891918426,19.45260185419,11.46739085315,13.31274130045,14.349260976,16.01200097631,11.5876662885,11.5876662885,0.003663532602583,0.01054207802687,0.007822047904461,0.006732810451878,0.005407097999264,0.01032436851315,0.01032436851315,14.9658905550423,153,1,,4,"Ca,Mg,Nb,Sr",Exact four-cation match
Mg_pvNi_pvOSnZn:PAW_PBE/AB_cF8_225_a_b.AB:POCC_P0-1xC_P1-0.25xA-0.25xB-0.25xD-0.25xE,Mg,Ni,Sn,Zn,,24.7740880531,0.1017191736867,0.06360210852411,0.182744560589,0.1149438295939,0.186762083345778,0.6931471805599,1.38629436112,0.6931471805599,1.38629436112,1.38629436112,1.38629436112,6.5,0.231399411192,0.5483960703725,0.257912291293,0.2795084971875,6.24118798104,10.3074892548,4.598364975847,1.71254292101,10.61160193746,6.508457326473,6.508457326473,0.03558942158757,0.01304817206999,0.06556145443385,0.4726857685192,0.01231100636924,0.03272648282058,0.03272648282058,24.7742448896668,50,1,,4,"Mg,Ni,Sn,Zn",Exact four-cation match
Mg_pvMn_pvOSnSr_sv:PAW_PBE/AB_cF8_225_a_b.AB:POCC_P0-1xC_P1-0.25xA-0.25xB-0.25xD-0.25xE,Mg,Mn,Sn,Sr,,13.3997478989,0.1749428597897,0.0756824297,0.3719829628408,0.16239547871,0.044129816847453,0.6931471805599,1.38629436112,0.6931471805599,1.38629436112,1.38629436112,1.38629436112,4.875,0.350524250231,0.646544807032,0.3672448093575,0.8642446123639,27.93206751445,16.57607232316,15.16642542068,18.17466798793,22.63087981831,15.6182046837,14.14744890466,0.001776843960708,0.005045360360924,0.006026830660513,0.004196840698049,0.002706777639203,0.005683203881739,0.006926266352465,13.3995530741229,437,1,,4,"Mg,Mn,Sn,Sr",Exact four-cation match
Fe_pvMg_pvNi_pvOSr_sv:PAW_PBE/AB_cF8_225_a_b.AB:POCC_P0-1xD_P1-0.25xA-0.25xB-0.25xC-0.25xE,Fe,Mg,Ni,Sr,,11.14767547108,0.1414136334391,0.07472042884607,0.2751050632887,0.1283744466376,0.121357019726744,0.6931471805599,1.38629436112,0.6931471805599,1.38629436112,1.38629436112,1.38629436112,5.75,0.375697351601,0.3252732505141,0.3923009049187,0.9253479075461,24.70596131151,21.44221525499,16.53118265582,18.01862444787,23.73093892361,18.77965149958,17.1373994799,0.002271182026856,0.00301520020304,0.005072798452576,0.004269845781826,0.002461646083343,0.003930795040255,0.004720256683557,11.147594086231,256,1,,4,"Fe,Mg,Ni,Sr",Exact four-cation match
Ca_svMg_pvMn_pvOV_sv:PAW_PBE/AB_cF8_225_a_b.AB:POCC_P0-1xD_P1-0.25xA-0.25xB-0.25xC-0.25xE,Ca,Mg,Mn,V,,12.95102523011,0.04951010958426,0.03043348973785,0.1102194014259,0.06704676696579,0.005928837140788,0.6931471805599,1.38629436112,0.6931471805599,1.38629436112,1.38629436112,1.38629436112,5,0.2668298849454,0.1993000250878,0.2451912518831,0.6476254704689,14.94387867587,13.46518125141,11.54069425105,10.59171201862,21.24773120153,9.668511724148,8.060627560082,0.006207672414607,0.00764594288063,0.01040858243136,0.0123572868629,0.003070650086042,0.0148298309474,0.02133623305442,12.9510356538849,80,1,,4,"Ca,Mg,Mn,V",Exact four-cation match
CoCu_pvFe_pvOV_sv:PAW_PBE/AB_cF8_225_a_b.AB:POCC_P0-1xD_P1-0.25xA-0.25xB-0.25xC-0.25xE,Co,Cu,Fe,V,,12.46967160982,0.3563279980879,0.2499613102847,0.5509988168449,0.4071222589604,0.101482349031592,0.6931471805599,1.38629436112,0.6931471805599,1.38629436112,1.38629436112,1.38629436112,7.125,0.1312440474841,0.2338268590218,0.1070046727952,0.33,8.897633344031,7.850927960942,1.589037438137,6.098172304628,2.445952769742,7.555134989601,8.486811591759,0.01751081848402,0.02249124373597,0.5490187768155,0.03727829786985,0.231717760886,0.02428683933938,0.01924714574463,12.4696945352065,345,1,,4,"Co,Cu,Fe,V",Exact four-cation match
Ca_svCoOSnSr_sv:PAW_PBE/AB_cF8_225_a_b.AB:POCC_P0-1xC_P1-0.25xA-0.25xB-0.25xD-0.25xE,Ca,Co,Sn,Sr,,17.90812213199,0.1371518238887,0.1046653669013,0.30368905702,0.2161508018618,0.117675192915133,0.6931471805599,1.38629436112,0.6931471805599,1.38629436112,1.38629436112,1.38629436112,5.125,0.4175436354442,0.6829159446813,0.4736757857438,1.102270384252,25.90156855231,18.8551668565,15.89104315409,17.13685766113,20.07542323033,17.43511481211,17.43511481211,0.002066347346085,0.00389937225025,0.005489725670035,0.004720555170498,0.003439743328607,0.004560430415546,0.004560430415546,17.9081407118293,285,1,,4,"Ca,Co,Sn,Sr",Exact four-cation match
Fe_pvMn_pvNi_pvOZn:PAW_PBE/AB_cF8_225_a_b.AB:POCC_P0-1xD_P1-0.25xA-0.25xB-0.25xC-0.25xE,Fe,Mn,Ni,Zn,,85.61267679531,0.04589441337017,0.07016397580045,0.06927314760623,0.09191115681291,0.007117158153178,0.6931471805599,1.38629436112,0.6931471805599,1.38629436112,1.38629436112,1.38629436112,7.625,0.1059481005021,0.207749097471,0.142390308659,0.2938005275693,7.198133070337,3.016034566689,1.818181818182,4.721282925792,6.072874493927,5.229596067542,12.2105309099,0.02675566283583,0.1523992491789,0.4193540442388,0.06219212605692,0.03758952563447,0.05068963522426,0.009297931922239,85.6160880053439,61,1,,4,"Fe,Mn,Ni,Zn",Exact four-cation match
Ca_svCoMg_pvMn_pvO:PAW_PBE/AB_cF8_225_a_b.AB:POCC_P0-1xE_P1-0.25xA-0.25xB-0.25xC-0.25xD,Ca,Co,Mg,Mn,,50.43887023527,0.06081683910264,0.03904271753993,0.1240754771598,0.07755313028429,0.005451986833966,0.6931471805599,1.38629436112,0.6931471805599,1.38629436112,1.38629436112,1.38629436112,5.5,0.3302963631347,0.2982758790114,0.3225290684574,0.7811329912377,16.0466116905,17.14938800413,11.54069425105,11.51839469664,22.25535740022,12.7333383599,12.60889587064,0.005383798164581,0.004713659464815,0.01040858243136,0.01044892337038,0.00279889309453,0.008550094158339,0.008719695924936,50.4384813031527,241,1,,4,"Ca,Co,Mg,Mn",Exact four-cation match
Ca_svNb_svOSnTi_sv:PAW_PBE/AB_cF8_225_a_b.AB:POCC_P0-1xC_P1-0.25xA-0.25xB-0.25xD-0.25xE,Ca,Nb,Sn,Ti,,5.432017556054,0.2653383852462,0.0302900166721,0.5071322513761,0.09101013391892,0.251910017517114,0.6931471805599,1.38629436112,0.6931471805599,1.38629436112,1.38629436112,1.38629436112,4.875,0.280024998884,0.6686398040051,0.3430378987809,0.8034106982111,19.44549021993,9.140654518854,10.4969249794,11.7301706312,13.24561010781,8.355986900915,8.355986900915,0.003666212758018,0.01659208131615,0.0125814666286,0.01007504042985,0.007901535985545,0.01985454576734,0.01985454576734,5.43206591956708,356,1,,4,"Ca,Nb,Sn,Ti",Exact four-cation match
Ca_svCdOSr_svV_sv:PAW_PBE/AB_cF8_225_a_b.AB:POCC_P0-1xC_P1-0.25xA-0.25xB-0.25xD-0.25xE,Ca,Cd,Sr,V,,16.23996239587,0.1725784280939,0.1124465873026,0.348519466297,0.2102472455921,0.041144441191723,0.6931471805599,1.38629436112,0.6931471805599,1.38629436112,1.38629436112,1.38629436112,5.625,0.2644677437798,0.3730337618769,0.3436113356687,0.9701385210371,15.95069640251,14.104626233,14.69978776387,12.01398521424,19.43696683449,11.93856409424,11.93856409424,0.005448740925853,0.006968387494333,0.006415541636152,0.00960464396181,0.003669428835526,0.009726380738937,0.009726380738937,16.2397293089352,508,1,,4,"Ca,Cd,Sr,V",Exact four-cation match
Ca_svMg_pvOSnTi_sv:PAW_PBE/AB_cF8_225_a_b.AB:POCC_P0-1xC_P1-0.25xA-0.25xB-0.25xD-0.25xE,Ca,Mg,Sn,Ti,,6.753163509316,0.2392581442072,0.08056214750047,0.3927007614059,0.1294250023605,0.071758989960979,0.6931471805599,1.38629436112,0.6931471805599,1.38629436112,1.38629436112,1.38629436112,4.5,0.2847765571461,0.687185928261,0.3500982005095,0.7701460900375,21.51986101876,9.707483039814,10.12186959186,12.72005567383,11.38856605738,9.815724972618,9.815724972618,0.002993481181434,0.01471099933347,0.01353112734799,0.008567960041201,0.01068851488379,0.01438834007366,0.01438834007366,6.75319022445639,342,1,,4,"Ca,Mg,Sn,Ti",Exact four-cation match
Mn_pvNb_svOTi_svV_sv:PAW_PBE/AB_cF8_225_a_b.AB:POCC_P0-1xC_P1-0.25xA-0.25xB-0.25xD-0.25xE,Mn,Nb,Ti,V,,13.20301033604,0.1379131928164,0.08432622499684,0.1928794861304,0.1197619794235,0.049562080242867,0.6931471805599,1.38629436112,0.6931471805599,1.38629436112,1.38629436112,1.38629436112,5.625,0.1454948452695,0.1168588892639,0.03674234614175,0.2016649448962,8.825679610742,7.444006471366,2.525381361381,7.669680663275,10.16769435243,6.177369347546,2.527353526112,0.01779750572767,0.02501738849072,0.2173709558236,0.02356681501293,0.01340943537447,0.03632857134621,0.2170318468953,13.2029908091387,464,1,,4,"Mn,Nb,Ti,V",Exact four-cation match
Ca_svMg_pvNi_pvOSn:PAW_PBE/AB_cF8_225_a_b.AB:POCC_P0-1xD_P1-0.25xA-0.25xB-0.25xC-0.25xE,Ca,Mg,Ni,Sn,,28.70208163348,0.1166941610069,0.09916306128677,0.2505564729705,0.2000231496914,0.069644966101726,0.6931471805599,1.38629436112,0.6931471805599,1.38629436112,1.38629436112,1.38629436112,5.25,0.3567704969585,0.6721699933797,0.4054935264588,0.8798970110189,21.25603337679,15.41103500742,10.99705562705,13.0835829269,15.92830617172,13.14874204478,13.14874204478,0.003068251887263,0.005837028888926,0.01146311403939,0.008098453145688,0.005464070153144,0.008018387604552,0.008018387604552,28.7022506999004,522,1,,4,"Ca,Mg,Ni,Sn",Exact four-cation match
CdCu_pvOV_svZn:PAW_PBE/AB_cF8_225_a_b.AB:POCC_P0-1xC_P1-0.25xA-0.25xB-0.25xD-0.25xE,Cd,Cu,V,Zn,,11.84238279002,0.154276432207,0.1007826391168,0.2523396745142,0.1491569324221,0.152114273224659,0.6931471805599,1.38629436112,0.6931471805599,1.38629436112,1.38629436112,1.38629436112,8,0.1340475661845,0.2975167012119,0.1075581238215,0.3594787893604,11.07208940273,8.197560612768,6.185895741317,7.651101929702,6.215299090492,8.533806131041,8.533806131041,0.01130827311532,0.02062938037381,0.03622849263727,0.02368140587165,0.03588652379999,0.01903574646451,0.01903574646451,14.7734483765617,209,1,,4,"Cd,Cu,V,Zn",Exact four-cation match
CdMg_pvNb_svOZn:PAW_PBE/AB_cF8_225_a_b.AB:POCC_P0-1xD_P1-0.25xA-0.25xB-0.25xC-0.25xE,Cd,Mg,Nb,Zn,,5.580423970217,0.0572685831535,0.07109318421419,0.0638635206089,0.08150371808553,0.241576841570493,0.6931471805599,1.38629436112,0.6931471805599,1.38629436112,1.38629436112,1.38629436112,6.875,0.1125907966932,0.387696079423,0.1492271758092,0.2755335732719,18.68009842558,7.856742013184,5.056478447094,13.79360334981,6.731427618879,10.43024442685,10.43024442685,0.00397280397099,0.02245796865014,0.05421995288391,0.007286181581928,0.03059434051614,0.01274284747093,0.01274284747093,5.58042537057348,351,1,,4,"Cd,Mg,Nb,Zn",Exact four-cation match
CdCoFe_pvOSn:PAW_PBE/AB_cF8_225_a_b.AB:POCC_P0-1xD_P1-0.25xA-0.25xB-0.25xC-0.25xE,Cd,Co,Fe,Sn,,15.26420880855,0.1642603612315,0.1276784018879,0.2901655258205,0.2449158839457,0.125591718100936,0.6931471805599,1.38629436112,0.6931471805599,1.38629436112,1.38629436112,1.38629436112,7.125,0.1312554760762,0.4124499969693,0.09823441352194,0.1089437928475,10.07103556561,9.906502984732,5.144417202695,3.812605834111,10.78843747761,5.051996439452,6.733628081114,0.01366807009534,0.01412585380639,0.05238212264517,0.09536996878919,0.01191072941687,0.05431620079075,0.03057434811675,15.2642254513052,502,1,,4,"Cd,Co,Fe,Sn",Exact four-cation match
Nb_svOSr_svTc_pvTi_sv:PAW_PBE/AB_cF8_225_a_b.AB:POCC_P0-1xB_P1-0.25xA-0.25xC-0.25xD-0.25xE,Nb,Sr,Tc,Ti,,5.623229013061,0.3537247239031,0.1143433931179,0.7109945825343,0.2962459128861,0.112142045824414,0.6931471805599,1.38629436112,0.6931471805599,1.38629436112,1.38629436112,1.38629436112,5.25,0.2092706083042,0.1603207722037,0.3442655225259,,10.37193762713,14.66561972041,16.91627174468,8.493431470765,,10.57892790019,10.57892790019,0.01288652034836,0.006445470389785,0.004844468658314,0.01921715453963,,0.01238717126593,0.01238717126593,5.62322914039296,130,1,,4,"Nb,Sr,Tc,Ti",Exact four-cation match
Cu_pvNb_svOSnSr_sv:PAW_PBE/AB_cF8_225_a_b.AB:POCC_P0-1xC_P1-0.25xA-0.25xB-0.25xD-0.25xE,Cu,Nb,Sn,Sr,,4.992269341506,0.5168053325037,0.1727484775263,1.268701304698,0.3747773290863,0.295348396114496,0.6931471805599,1.38629436112,0.6931471805599,1.38629436112,1.38629436112,1.38629436112,5.75,0.3617294396369,0.6255173858495,0.4006479127613,0.9935164819972,27.44659181359,17.84111818854,16.37559159237,18.44783937156,20.454501615,15.68459597084,15.68459597084,0.001840257556271,0.004355232218369,0.005169653792959,0.00407346922645,0.003313428873637,0.005635192871041,0.005635192871041,4.87793496418726,193,1,,4,"Cu,Nb,Sn,Sr",Exact four-cation match
Ca_svCdMg_pvOTi_sv:PAW_PBE/AB_cF8_225_a_b.AB:POCC_P0-1xD_P1-0.25xA-0.25xB-0.25xC-0.25xE,Ca,Cd,Mg,Ti,,8.944098929303,0.1210139337965,0.08115766913733,0.1996223232674,0.1088509264735,0.119708724476207,0.6931471805599,1.38629436112,0.6931471805599,1.38629436112,1.38629436112,1.38629436112,5.5,0.1770753723701,0.3658203110818,0.2602402735935,0.7787289322993,15.71538875849,10.15346165134,9.431860898041,10.72459701798,12.19029445137,9.010521631908,9.010521631908,0.005613131272818,0.01344705530286,0.01558334488669,0.01205295380455,0.009328827548155,0.01707479858565,0.01707479858565,8.94413267612964,215,1,,4,"Ca,Cd,Mg,Ti",Exact four-cation match
Ca_svNb_svOSr_svV_sv:PAW_PBE/AB_cF8_225_a_b.AB:POCC_P0-1xC_P1-0.25xA-0.25xB-0.25xD-0.25xE,Ca,Nb,Sr,V,,8.074148880988,0.1631299745429,0.09937980162338,0.3305018225797,0.1710572032089,0.06306298731501,0.6931471805599,1.38629436112,0.6931471805599,1.38629436112,1.38629436112,1.38629436112,4.75,0.2408488893477,0.1494730326848,0.3206633748965,0.8645808232895,10.69645267238,12.51463953995,15.89104315409,8.714437359284,20.40910566968,9.053727617673,9.053727617673,0.01211646435079,0.00885153857777,0.005489725670035,0.01825478623793,0.0033281853773,0.01691221953788,0.01691221953788,8.07426322544864,515,1,,4,"Ca,Nb,Sr,V",Exact four-cation match
CdFe_pvNb_svOSn:PAW_PBE/AB_cF8_225_a_b.AB:POCC_P0-1xD_P1-0.25xA-0.25xB-0.25xC-0.25xE,Cd,Fe,Nb,Sn,,4.454260819089,0.162275007168,0.02452526747574,0.2438760324627,0.0431308041988,0.15626864873319,0.6931471805599,1.38629436112,0.6931471805599,1.38629436112,1.38629436112,1.38629436112,6.625,0.1780077245515,0.5052682455884,0.1369306393763,0.1444602021319,19.14698875212,8.548427483123,3.725554652599,12.06806530408,8.749399115204,8.223320108544,6.306453010859,0.003781416304087,0.01897068413033,0.09987886057563,0.009518755102519,0.01810918898243,0.02050034000513,0.03485660848382,4.45425836997853,234,1,,4,"Cd,Fe,Nb,Sn",Exact four-cation match
CoMg_pvNi_pvOSr_sv:PAW_PBE/AB_cF8_225_a_b.AB:POCC_P0-1xD_P1-0.25xA-0.25xB-0.25xC-0.25xE,Co,Mg,Ni,Sr,,10.8287037199,0.1872820037849,0.08211604754803,0.3741934991857,0.1649468988573,0.059006964748982,0.6931471805599,1.38629436112,0.6931471805599,1.38629436112,1.38629436112,1.38629436112,5.875,0.3844066856859,0.3451871774849,0.4032601517631,0.9633113463465,25.25006888947,22.35446813508,17.22109395489,18.37972962164,23.55589098294,19.63273313074,19.63273313074,0.002174354352253,0.00277412977573,0.004674487301881,0.00410371526773,0.00249836786534,0.003596614826467,0.003596614826467,10.8284568923471,282,1,,4,"Co,Mg,Ni,Sr",Exact four-cation match
CoMn_pvOSr_svZn:PAW_PBE/AB_cF8_225_a_b.AB:POCC_P0-1xC_P1-0.25xA-0.25xB-0.25xD-0.25xE,Co,Mn,Sr,Zn,,16.35939499647,0.1261532816635,0.06659588126999,0.2637898758047,0.1455318926917,0.04023527376895,0.6931471805599,1.38629436112,0.6931471805599,1.38629436112,1.38629436112,1.38629436112,6.75,0.342584569851,0.3621542316472,0.3433929964341,0.9728405573371,23.6412764971,22.54141553975,18.03278688525,17.75710896187,27.61993285774,20.11116823148,19.59526440465,0.002480353678039,0.002728306053039,0.004263141584898,0.004396539075622,0.001817231346896,0.003427526796905,0.003610382378971,16.3596840982046,89,1,,4,"Co,Mn,Sr,Zn",Exact four-cation match
Ca_svMn_pvOTi_svV_sv:PAW_PBE/AB_cF8_225_a_b.AB:POCC_P0-1xC_P1-0.25xA-0.25xB-0.25xD-0.25xE,Ca,Mn,Ti,V,,10.94151861096,0.1101336132652,0.05995321465834,0.1932293266768,0.1194581280345,0.01702259997851,0.6931471805599,1.38629436112,0.6931471805599,1.38629436112,1.38629436112,1.38629436112,5.25,0.2605508587589,0.1950466290403,0.2506990227344,0.6094413425425,8.459812840047,13.61833997496,12.20658743389,6.819777323981,21.37721954078,8.485931588837,5.157862958228,0.01937019293868,0.007474929705076,0.009303940496597,0.02980678038121,0.003033563022728,0.01925113786324,0.05210937433925,10.9416099279842,230,1,,4,"Ca,Mn,Ti,V",Exact four-cation match
Ca_svCdCoMg_pvO:PAW_PBE/AB_cF8_225_a_b.AB:POCC_P0-1xE_P1-0.25xA-0.25xB-0.25xC-0.25xD,Ca,Cd,Co,Mg,,26.89586825526,0.05652462502871,0.02043168480097,0.1277494484109,0.04626999398769,0.005681420819414,0.6931471805599,1.38629436112,0.6931471805599,1.38629436112,1.38629436112,1.38629436112,6.125,0.2964425534568,0.3957770837226,0.3402205167241,0.8656356046282,16.2620507263,15.30461415008,10.45280757808,11.51839469664,16.37639118093,12.41041894829,12.41041894829,0.005242094356154,0.005918486847985,0.01268789410511,0.01044892337038,0.005169148981478,0.00900083025658,0.00900083025658,26.8958104268501,353,1,,4,"Ca,Cd,Co,Mg",Exact four-cation match
Mn_pvOSr_svTi_svV_sv:PAW_PBE/AB_cF8_225_a_b.AB:POCC_P0-1xB_P1-0.25xA-0.25xC-0.25xD-0.25xE,Mn,Sr,Ti,V,,8.326662811509,0.1994500467371,0.1092881695135,0.3649457620558,0.2122131672633,0.055491108802523,0.6931471805599,1.38629436112,0.6931471805599,1.38629436112,1.38629436112,1.38629436112,5.25,0.2875051086503,0.1670059879166,0.2721557458515,0.695103409573,15.28019209542,17.31325191471,17.4181181184,12.20029028879,25.54932968048,12.75560786057,9.755009625716,0.005937420787756,0.004624855416407,0.004569334943221,0.009313547380047,0.002123715985317,0.008520265691,0.01456800400463,8.32665811373413,350,1,,4,"Mn,Sr,Ti,V",Exact four-cation match
CdOSr_svTi_svZn:PAW_PBE/AB_cF8_225_a_b.AB:POCC_P0-1xB_P1-0.25xA-0.25xC-0.25xD-0.25xE,Cd,Sr,Ti,Zn,,6.741520113632,0.1902537768634,0.08329488501151,0.472219765026,0.2952308046778,0.610688186048185,0.6931471805599,1.38629436112,0.6931471805599,1.38629436112,1.38629436112,1.38629436112,6.75,0.2431392348018,0.4381366082628,0.2981086211434,0.9786055129622,21.97583110821,17.3381797306,16.26500121581,16.2618494254,19.6520419356,17.14730123846,17.14730123846,0.002870548171341,0.004611566285796,0.005240192685033,0.005242224137807,0.003589550703833,0.004714806805862,0.004714806805862,6.74148150696932,498,1,,4,"Cd,Sr,Ti,Zn",Exact four-cation match
Fe_pvNi_pvOSnZn:PAW_PBE/AB_cF8_225_a_b.AB:POCC_P0-1xC_P1-0.25xA-0.25xB-0.25xD-0.25xE,Fe,Ni,Sn,Zn,,13.88675893512,0.1761330696813,0.143610331184,0.2729161745958,0.2345849255539,0.324675310450988,0.6931471805599,1.38629436112,0.6931471805599,1.38629436112,1.38629436112,1.38629436112,7.25,0.1098487596653,0.3945011882111,0.1177656571331,0.1500624869846,9.260896871131,9.386625364959,2.987950261581,3.54327313571,10.17002238352,5.229596067542,9.067581991762,0.01616401931826,0.01573390367531,0.1552775711214,0.1104196061308,0.01340329693974,0.05068963522426,0.01686057860067,13.8867738794298,447,1,,4,"Fe,Ni,Sn,Zn",Exact four-cation match
Ca_svNb_svOSnSr_sv:PAW_PBE/AB_cF8_225_a_b.AB:POCC_P0-1xC_P1-0.25xA-0.25xB-0.25xD-0.25xE,Ca,Nb,Sn,Sr,,5.671414782358,0.1213719202256,0.03841911037889,0.2598423484871,0.1351716864541,0.0887554519978,0.6931471805599,1.38629436112,0.6931471805599,1.38629436112,1.38629436112,1.38629436112,4.625,0.3430600348336,0.6880622700744,0.4225147926404,1.032896413006,22.74173218986,11.26963982239,14.08056885382,14.349260976,16.24690146674,12.049816323,12.049816323,0.002680454100688,0.01091529265494,0.006992219536031,0.006732810451878,0.005251874789986,0.009547608508067,0.009547608508067,5.67141078557878,507,1,,4,"Ca,Nb,Sn,Sr",Exact four-cation match
CdMg_pvNb_svOV_sv:PAW_PBE/AB_cF8_225_a_b.AB:POCC_P0-1xD_P1-0.25xA-0.25xB-0.25xC-0.25xE,Cd,Mg,Nb,V,,5.156395721269,0.2114561462484,0.1116980652709,0.3164333826475,0.1320558370555,0.166644898396141,0.6931471805599,1.38629436112,0.6931471805599,1.38629436112,1.38629436112,1.38629436112,6,0.09617269622923,0.2991850388973,0.1465221826209,0.276495931254,15.71541116073,3.560969401659,5.056478447094,11.41702336411,6.979301081229,5.952316567166,5.952316567166,0.005613115269848,0.1093248708212,0.05421995288391,0.01063529833786,0.02845978330739,0.03912761850836,0.03912761850836,5.15638364817624,210,1,,4,"Cd,Mg,Nb,V",Exact four-cation match
Fe_pvNb_svOSnSr_sv:PAW_PBE/AB_cF8_225_a_b.AB:POCC_P0-1xC_P1-0.25xA-0.25xB-0.25xD-0.25xE,Fe,Nb,Sn,Sr,,5.298468070303,0.2544841842241,0.04495635374876,0.6324077541623,0.1770701772725,0.322116947132636,0.6931471805599,1.38629436112,0.6931471805599,1.38629436112,1.38629436112,1.38629436112,5.375,0.3505148891274,0.6157946086156,0.3886193510365,0.924824307639,25.28225206981,16.84961370952,15.6331076219,16.81722434331,21.22700962218,15.68459597084,12.76459600781,0.002168822163203,0.004882874466086,0.005672373525036,0.004901701057764,0.00307664808363,0.005635192871041,0.008508270882817,5.29850690721235,60,1,,4,"Fe,Nb,Sn,Sr",Exact four-cation match
Ca_svCu_pvMg_pvOV_sv:PAW_PBE/AB_cF8_225_a_b.AB:POCC_P0-1xD_P1-0.25xA-0.25xB-0.25xC-0.25xE,Ca,Cu,Mg,V,,16.10773347439,0.1644938217346,0.09103881569215,0.3071784371051,0.1597351823614,0.025360971850395,0.6931471805599,1.38629436112,0.6931471805599,1.38629436112,1.38629436112,1.38629436112,5.5,0.3008083900093,0.3682723177215,0.3378609181305,0.8250265147254,17.58084733324,15.16774722468,12.24744871392,12.48085766964,17.88630578529,10.9634551495,10.9634551495,0.004485138426494,0.006025780281484,0.009241962407466,0.00889952024958,0.004333254077021,0.01153348534544,0.01153348534544,14.6598270028208,446,1,,4,"Ca,Cu,Mg,V",Exact four-cation match
Ca_svFe_pvMg_pvOSr_sv:PAW_PBE/AB_cF8_225_a_b.AB:POCC_P0-1xD_P1-0.25xA-0.25xB-0.25xC-0.25xE,Ca,Fe,Mg,Sr,,16.86436663235,0.1273956540461,0.05738633872993,0.2879216519465,0.1428381636568,0.080486749233386,0.6931471805599,1.38629436112,0.6931471805599,1.38629436112,1.38629436112,1.38629436112,4.75,0.3283858249072,0.2515064611496,0.3501696017646,0.9118764993134,22.35142346358,17.66608805823,14.23789852861,16.59294478389,20.127254032,15.90231939688,12.64342883242,0.002774885601341,0.004441960322613,0.006838544381393,0.005035104874049,0.003422050393581,0.00548194296485,0.008672128811582,16.8646133057555,470,1,,4,"Ca,Fe,Mg,Sr",Exact four-cation match
Ca_svOSnSr_svZn:PAW_PBE/AB_cF8_225_a_b.AB:POCC_P0-1xB_P1-0.25xA-0.25xC-0.25xD-0.25xE,Ca,Sn,Sr,Zn,,17.74295675076,0.167780929308,0.09149149816685,0.3644090374303,0.1780635705262,0.052065014073019,0.6931471805599,1.38629436112,0.6931471805599,1.38629436112,1.38629436112,1.38629436112,5.5,0.3646473467612,0.7111395784233,0.4295928304802,1.140928897872,28.09021910907,17.05360275271,15.89104315409,18.70501406095,18.29360504727,18.316197631,18.316197631,0.001756892557606,0.004766758746486,0.005489725670035,0.003962227233719,0.004142446036125,0.004132233126089,0.004132233126089,17.7428544714973,271,1,,4,"Ca,Sn,Sr,Zn",Exact four-cation match
CdMn_pvOSr_svTi_sv:PAW_PBE/AB_cF8_225_a_b.AB:POCC_P0-1xC_P1-0.25xA-0.25xB-0.25xD-0.25xE,Cd,Mn,Sr,Ti,,7.253751966184,0.1221112223141,0.1145274211838,0.2008945538584,0.1894670740864,0.107655628794184,0.6931471805599,1.38629436112,0.6931471805599,1.38629436112,1.38629436112,1.38629436112,6.125,0.2864553848333,0.3349626844889,0.284813535493,0.8554677083327,17.57179269208,17.13041164381,15.49001226213,13.25111934905,23.84322424795,13.73956551775,11.26523048209,0.00448976194819,0.004724108442429,0.005777659367055,0.007894967118797,0.002438515328675,0.007343607521183,0.01092383906845,7.25377378396042,471,1,,4,"Cd,Mn,Sr,Ti",Exact four-cation match
Mn_pvNi_pvOSr_svZn:PAW_PBE/AB_cF8_225_a_b.AB:POCC_P0-1xC_P1-0.25xA-0.25xB-0.25xD-0.25xE,Mn,Ni,Sr,Zn,,13.72466791526,0.1499291506248,0.06756505701451,0.2792799636685,0.1051520588299,0.046500627466943,0.6931471805599,1.38629436112,0.6931471805599,1.38629436112,1.38629436112,1.38629436112,6.875,0.3517800271476,0.375424010287,0.3516745654721,0.9911703940292,24.30654578391,22.72493422512,18.03278688525,18.0979473297,27.61993285774,20.41775357667,19.9473927605,0.002346437365518,0.002684418276283,0.004263141584898,0.004232498538313,0.001817231346896,0.003325366679127,0.003484040372034,13.7245104206884,323,1,,4,"Mn,Ni,Sr,Zn",Exact four-cation match
CdOSr_svV_svZn:PAW_PBE/AB_cF8_225_a_b.AB:POCC_P0-1xB_P1-0.25xA-0.25xC-0.25xD-0.25xE,Cd,Sr,V,Zn,,13.13615387995,0.1939398569256,0.122239877879,0.373036722577,0.2266927295224,0.152311430497657,0.6931471805599,1.38629436112,0.6931471805599,1.38629436112,1.38629436112,1.38629436112,6.875,0.2541489474698,0.4175154937245,0.3067572330036,0.9766396469528,22.13974437287,17.51732975557,16.98940846528,16.38871061705,21.561609361,17.25154746171,17.25154746171,0.002828200875393,0.004517723486771,0.004802849089246,0.005161380577048,0.002981900238069,0.004657998475622,0.004657998475622,13.1364620184338,372,1,,4,"Cd,Sr,V,Zn",Exact four-cation match
CoFe_pvMg_pvOSn:PAW_PBE/AB_cF8_225_a_b.AB:POCC_P0-1xD_P1-0.25xA-0.25xB-0.25xC-0.25xE,Co,Fe,Mg,Sn,,19.0575360471,0.165544306823,0.0988122695152,0.2556554499447,0.1755654069953,0.216518803169314,0.6931471805599,1.38629436112,0.6931471805599,1.38629436112,1.38629436112,1.38629436112,5.875,0.229217554956,0.5565372292129,0.2553918557824,0.2258733051956,9.688734181239,10.37502351653,3.922926276315,3.155177636139,12.18208567148,4.414253563955,6.618704413125,0.01476798950531,0.01287885569825,0.09008140758557,0.1392540473916,0.009341404063343,0.07114442997517,0.03164531946156,19.0574842905242,105,1,,4,"Co,Fe,Mg,Sn",Exact four-cation match
Cu_pvOSnTi_svV_sv:PAW_PBE/AB_cF8_225_a_b.AB:POCC_P0-1xB_P1-0.25xA-0.25xC-0.25xD-0.25xE,Cu,Sn,Ti,V,,4.510201828472,0.1516635177916,0.06350299343876,0.2576047767387,0.1239362772754,0.088098846031608,0.6931471805599,1.38629436112,0.6931471805599,1.38629436112,1.38629436112,1.38629436112,6,0.1984389074753,0.5946360231268,0.1766882848408,0.4403620669404,17.09478091002,8.350381117894,2.987950261581,9.016785231255,8.486351925477,7.580802609993,7.580802609993,0.004743821929242,0.01988121224713,0.1552775711214,0.01705108446854,0.01924923085813,0.02412265355235,0.02412265355235,4.42047388443248,450,1,,4,"Cu,Sn,Ti,V",Exact four-cation match
Ca_svMn_pvOSr_svZn:PAW_PBE/AB_cF8_225_a_b.AB:POCC_P0-1xC_P1-0.25xA-0.25xB-0.25xD-0.25xE,Ca,Mn,Sr,Zn,,18.44354912922,0.1283153107401,0.06391617463887,0.2640789515733,0.1472087319816,0.010942382264646,0.6931471805599,1.38629436112,0.6931471805599,1.38629436112,1.38629436112,1.38629436112,5.875,0.3414061913616,0.4304979674749,0.3149900792089,1.027943943024,21.69632360048,20.34470568376,16.63701886848,16.56780181714,26.10649591649,18.316197631,16.40295820416,0.002944985475695,0.00334928908137,0.005008462638143,0.005050398820312,0.002034034381464,0.004132233126089,0.005152418134869,18.4430612352423,78,1,,4,"Ca,Mn,Sr,Zn",Exact four-cation match
Mg_pvNb_svOTi_svV_sv:PAW_PBE/AB_cF8_225_a_b.AB:POCC_P0-1xC_P1-0.25xA-0.25xB-0.25xD-0.25xE,Mg,Nb,Ti,V,,12.07624693177,0.1942229840571,0.08808278399612,0.2738317434392,0.1206649129107,0.028591021736137,0.6931471805599,1.38629436112,0.6931471805599,1.38629436112,1.38629436112,1.38629436112,5,0.08486275684893,0.07301840521403,0.1254990039801,0.2031009601159,14.88549579176,3.560969401659,3.922926276315,10.92642134781,6.881437936255,5.651860581415,5.651860581415,0.006256462533178,0.1093248708212,0.09008140758557,0.01161180058637,0.02927501067182,0.04339828586691,0.04339828586691,12.0764284684619,284,1,,4,"Mg,Nb,Ti,V",Exact four-cation match
Ca_svCdMn_pvNi_pvO:PAW_PBE/AB_cF8_225_a_b.AB:POCC_P0-1xE_P1-0.25xA-0.25xB-0.25xC-0.25xD,Ca,Cd,Mn,Ni,,32.9054670486,0.09508230860327,0.06435090370181,0.1765375496292,0.1135393573376,0.004553307861838,0.6931471805599,1.38629436112,0.6931471805599,1.38629436112,1.38629436112,1.38629436112,6.875,0.3224872090487,0.3734617617642,0.3358105864918,0.8848269604844,13.65468491044,17.39782571175,11.47540983607,10.077432137,22.23127721523,13.00325393576,12.81498167022,0.0074351903369,0.00458000028487,0.01052734962801,0.01365072420054,0.00280495971539,0.008198820325503,0.008441497147378,32.9059413462884,160,1,,4,"Ca,Cd,Mn,Ni",Exact four-cation match
CoFe_pvOSnZn:PAW_PBE/AB_cF8_225_a_b.AB:POCC_P0-1xC_P1-0.25xA-0.25xB-0.25xD-0.25xE,Co,Fe,Sn,Zn,,16.22142449268,0.1704689357812,0.106705917114,0.2573928868119,0.1663812985064,0.430828124472259,0.6931471805599,1.38629436112,0.6931471805599,1.38629436112,1.38629436112,1.38629436112,7.125,0.1011768254098,0.4113048595628,0.1137980667674,0.1397095200765,9.73105268642,9.172361410118,2.987950261581,3.724120975825,10.17002238352,4.946241870132,8.73956639207,0.01463982242087,0.01647756902953,0.1552775711214,0.09995577621089,0.01340329693974,0.05666367760328,0.01814996052667,16.2214400600678,462,1,,4,"Co,Fe,Sn,Zn",Exact four-cation match
Mg_pvNb_svOSnSr_sv:PAW_PBE/AB_cF8_225_a_b.AB:POCC_P0-1xC_P1-0.25xA-0.25xB-0.25xD-0.25xE,Mg,Nb,Sn,Sr,,5.606050966766,0.08964829328217,0.05331119648722,0.2044973337084,0.1234049493017,0.158203259853288,0.6931471805599,1.38629436112,0.6931471805599,1.38629436112,1.38629436112,1.38629436112,4.625,0.3079240977903,0.6583917431894,0.3715171597652,0.8946891918426,28.11187320238,12.35543721775,14.49002889921,18.44783937156,16.18859647373,14.14610075792,14.14610075792,0.001754186991683,0.009081115935912,0.00660262988738,0.00407346922645,0.005289773313019,0.00692758658459,0.00692758658459,5.60607805210815,348,1,,4,"Mg,Nb,Sn,Sr",Exact four-cation match
CdFe_pvOSr_svZn:PAW_PBE/AB_cF8_225_a_b.AB:POCC_P0-1xC_P1-0.25xA-0.25xB-0.25xD-0.25xE,Cd,Fe,Sr,Zn,,15.93888917213,0.1322023376718,0.06176536801515,0.2810089671061,0.1217045364267,0.113148625754346,0.6931471805599,1.38629436112,0.6931471805599,1.38629436112,1.38629436112,1.38629436112,7.25,0.3093690150936,0.3842260890413,0.3414674215793,0.9973214125847,23.44029201732,20.04701883186,16.26500121581,17.35406027148,22.89289712068,18.94939709983,17.28507971701,0.002523070705253,0.003449497702431,0.005240192685033,0.004603130143723,0.002645172162199,0.003860687620127,0.004639943402366,15.9387382985496,476,1,,4,"Cd,Fe,Sr,Zn",Exact four-cation match
Ca_svFe_pvOSnZn:PAW_PBE/AB_cF8_225_a_b.AB:POCC_P0-1xC_P1-0.25xA-0.25xB-0.25xD-0.25xE,Ca,Fe,Sn,Zn,,19.98603932364,0.1728653292515,0.1039124650434,0.333095892512,0.196500373174,0.236940162191972,0.6931471805599,1.38629436112,0.6931471805599,1.38629436112,1.38629436112,1.38629436112,6.25,0.3181414779622,0.6219778934978,0.3689850945499,0.9070660119308,20.76524300348,16.26623873805,11.78511301978,13.01658080987,18.49222790954,14.34142285306,13.38890264322,0.00321500328618,0.00523939537615,0.009981319400063,0.00818204038716,0.004053936876884,0.006740171927475,0.007733311240619,19.9869780949823,506,1,,4,"Ca,Fe,Sn,Zn",Exact four-cation match
Mg_pvNb_svOTi_svZn:PAW_PBE/AB_cF8_225_a_b.AB:POCC_P0-1xC_P1-0.25xA-0.25xB-0.25xD-0.25xE,Mg,Nb,Ti,Zn,,9.051676384882,0.18354267445,0.05292143827869,0.2519648536387,0.07245187879794,0.216758714757682,0.6931471805599,1.38629436112,0.6931471805599,1.38629436112,1.38629436112,1.38629436112,5.875,0.1080702896267,0.3684728619587,0.1300961183126,0.3663587722438,19.19891095692,7.856742013184,3.922926276315,13.99292632321,6.640981366246,11.39615686564,11.39615686564,0.003760990772809,0.02245796865014,0.09008140758557,0.007080083209291,0.03143336918657,0.01067428070875,0.01067428070875,9.05161302951038,402,1,,4,"Mg,Nb,Ti,Zn",Exact four-cation match
Ca_svCdMg_pvMn_pvO:PAW_PBE/AB_cF8_225_a_b.AB:POCC_P0-1xE_P1-0.25xA-0.25xB-0.25xC-0.25xD,Ca,Cd,Mg,Mn,,23.85473359883,0.04837776512224,0.03479662871287,0.1110578480508,0.0639710947736,0.001428697561646,0.6931471805599,1.38629436112,0.6931471805599,1.38629436112,1.38629436112,1.38629436112,5.875,0.2656608505219,0.3665944625877,0.2617608641489,0.7889550050542,15.42955331659,13.30497938029,9.431860898041,10.79443931277,19.55433202917,10.07747763855,9.054744591851,0.005823026274815,0.007831177091285,0.01558334488669,0.0118974880879,0.003625513164296,0.01365060093006,0.01690842079469,23.854604661502,143,1,,4,"Ca,Cd,Mg,Mn",Exact four-cation match
Nb_svOSnSr_svZn:PAW_PBE/AB_cF8_225_a_b.AB:POCC_P0-1xB_P1-0.25xA-0.25xC-0.25xD-0.25xE,Nb,Sn,Sr,Zn,,5.221351498812,0.1978305292272,0.03609738729963,0.2123167886396,0.1111770516056,0.283781598912912,0.6931471805599,1.38629436112,0.6931471805599,1.38629436112,1.38629436112,1.38629436112,5.875,0.3155165407708,0.635752850957,0.3674914965003,0.9876582151737,28.18458824061,16.37326735693,16.37559159237,18.95122736382,19.55521668276,17.74486779287,17.74486779287,0.001745147212294,0.005171121593504,0.005169653792959,0.003859941944274,0.003625185144335,0.004402607009373,0.004402607009373,5.22134700781903,27,1,,4,"Nb,Sn,Sr,Zn",Exact four-cation match
Ca_svMg_pvOSnV_sv:PAW_PBE/AB_cF8_225_a_b.AB:POCC_P0-1xC_P1-0.25xA-0.25xB-0.25xD-0.25xE,Ca,Mg,Sn,V,,10.54920220578,0.2035356493623,0.09091219204484,0.3527827383136,0.1535441134629,0.07757920431691,0.6931471805599,1.38629436112,0.6931471805599,1.38629436112,1.38629436112,1.38629436112,4.625,0.2917365035439,0.6766738505366,0.3578058132563,0.7740922102696,20.99901356691,10.00797205219,10.99705562705,12.48085766964,14.31574827496,9.668511724148,9.668511724148,0.003143819970792,0.01384086679233,0.01146311403939,0.00889952024958,0.00676436992906,0.0148298309474,0.0148298309474,10.5490965508672,166,1,,4,"Ca,Mg,Sn,V",Exact four-cation match
Ca_svCdFe_pvMg_pvO:PAW_PBE/AB_cF8_225_a_b.AB:POCC_P0-1xE_P1-0.25xA-0.25xB-0.25xC-0.25xD,Ca,Cd,Fe,Mg,,17.82089831835,0.06103536797811,0.02725998691804,0.1324612554724,0.0510330143757,0.020718784344449,0.6931471805599,1.38629436112,0.6931471805599,1.38629436112,1.38629436112,1.38629436112,6,0.2825122784942,0.3785875063971,0.3255284165783,0.825545274349,15.77366839891,14.02424234537,9.431860898041,11.13535510229,16.60550291886,11.21004374679,8.963365003469,0.005571729750853,0.007048498972852,0.01558334488669,0.01118014187007,0.005027492022205,0.01103165933002,0.01725493361324,17.8211912550609,68,1,,4,"Ca,Cd,Fe,Mg",Exact four-cation match
Ca_svCu_pvMn_pvOV_sv:PAW_PBE/AB_cF8_225_a_b.AB:POCC_P0-1xD_P1-0.25xA-0.25xB-0.25xC-0.25xE,Ca,Cu,Mn,V,,9.707411999619,0.1739306914519,0.06658481687166,0.3094142418188,0.1354449439783,0.048334668412072,0.6931471805599,1.38629436112,0.6931471805599,1.38629436112,1.38629436112,1.38629436112,6.125,0.314774522476,0.353395935885,0.3270321085154,0.8229216244576,13.98712098683,17.00936017917,12.79632955131,10.59171201862,22.83560613945,11.20515754265,10.21374930821,0.007085961587613,0.004791588363478,0.008466123984313,0.0123572868629,0.002658461462125,0.01104128252219,0.01328877868205,11.8248986056728,34,1,,4,"Ca,Cu,Mn,V",Exact four-cation match
Ca_svMg_pvOSr_svZn:PAW_PBE/AB_cF8_225_a_b.AB:POCC_P0-1xC_P1-0.25xA-0.25xB-0.25xD-0.25xE,Ca,Mg,Sr,Zn,,21.27642263139,0.1009462517908,0.04796901282112,0.235598550223,0.1081493209302,0.021268271999123,0.6931471805599,1.38629436112,0.6931471805599,1.38629436112,1.38629436112,1.38629436112,5.25,0.2464112416267,0.4358774913895,0.2802119733345,1.032593821403,25.5308133906,17.16767143544,15.24295859603,18.70501406095,18.09108509158,18.05838710582,18.05838710582,0.002126797563633,0.004703624792629,0.005966462519185,0.003962227233719,0.00423571005616,0.004251062986102,0.004251062986102,21.2766175558697,169,1,,4,"Ca,Mg,Sr,Zn",Exact four-cation match
CdCoOSnSr_sv:PAW_PBE/AB_cF8_225_a_b.AB:POCC_P0-1xC_P1-0.25xA-0.25xB-0.25xD-0.25xE,Cd,Co,Sn,Sr,,18.35129892787,0.1952650440944,0.1536670067579,0.3905126685903,0.2731776472245,0.149710739632387,0.6931471805599,1.38629436112,0.6931471805599,1.38629436112,1.38629436112,1.38629436112,6.375,0.354944625963,0.5772798281596,0.3990613987847,1.000334319115,26.46444378715,18.65311701867,15.64929678295,17.29853152169,20.32823925935,17.37700895815,17.37700895815,0.001979383361523,0.003984305465993,0.00566064348114,0.004632729917883,0.003354717308735,0.004590980062149,0.004590980062149,18.351370287768,302,1,,4,"Cd,Co,Sn,Sr",Exact four-cation match
Mg_pvNb_svOSnTi_sv:PAW_PBE/AB_cF8_225_a_b.AB:POCC_P0-1xC_P1-0.25xA-0.25xB-0.25xD-0.25xE,Mg,Nb,Sn,Ti,,4.21558907809,0.2900552979804,0.03043189512594,0.4262557029091,0.09097981839025,0.19056181034492,0.6931471805599,1.38629436112,0.6931471805599,1.38629436112,1.38629436112,1.38629436112,4.875,0.2050382586251,0.6358649129336,0.233063832458,0.3132491021535,21.83075730989,2.869130871281,2.438299245471,13.49047932323,4.721282925792,7.35963932811,7.35963932811,0.002908826736497,0.1684049062283,0.2331747115404,0.007617293602197,0.06219212605692,0.02559424917238,0.02559424917238,4.21557652870387,500,1,,4,"Mg,Nb,Sn,Ti",Exact four-cation match
CdMg_pvMn_pvNi_pvO:PAW_PBE/AB_cF8_225_a_b.AB:POCC_P0-1xE_P1-0.25xA-0.25xB-0.25xC-0.25xD,Cd,Mg,Mn,Ni,,32.44454359607,0.1100525549029,0.104341994667,0.200364918543,0.1619072237827,0.010869462110515,0.6931471805599,1.38629436112,0.6931471805599,1.38629436112,1.38629436112,1.38629436112,6.875,0.2242134864365,0.3078371119602,0.217887585695,0.3161486991907,7.200922672277,9.507260754532,5.452202862359,4.637291187365,14.00298803662,5.630382708227,9.210108595373,0.02673493682745,0.01533714932205,0.04663494230807,0.06446540601631,0.007069912212312,0.04373001489724,0.01634278076661,32.4458606211166,359,1,,4,"Cd,Mg,Mn,Ni",Exact four-cation match
Mg_pvMn_pvNi_pvOSn:PAW_PBE/AB_cF8_225_a_b.AB:POCC_P0-1xD_P1-0.25xA-0.25xB-0.25xC-0.25xE,Mg,Mn,Ni,Sn,,12.93335817381,0.1470170200588,0.08766946385863,0.2114768538615,0.1169231401379,0.054580611604198,0.6931471805599,1.38629436112,0.6931471805599,1.38629436112,1.38629436112,1.38629436112,5.875,0.2319605300477,0.5669194717947,0.2669620759584,0.3097075233184,10.71875745934,10.16022669336,3.922926276315,4.371625682868,14.97447981923,5.033388717759,9.316865266019,0.01206609023448,0.01342915420451,0.09008140758557,0.07253865843069,0.006182326923179,0.05471854164416,0.01597040120637,12.9333387304991,434,1,,4,"Mg,Mn,Ni,Sn",Exact four-cation match
CdNb_svOSnZn:PAW_PBE/AB_cF8_225_a_b.AB:POCC_P0-1xC_P1-0.25xA-0.25xB-0.25xD-0.25xE,Cd,Nb,Sn,Zn,,4.486129848977,0.3977887012329,0.07499977455228,0.6130775128599,0.1085920961877,0.069456015672878,0.6931471805599,1.38629436112,0.6931471805599,1.38629436112,1.38629436112,1.38629436112,7.125,0.1516509149329,0.483005370053,0.1393735986477,0.1656804152578,21.16904217677,7.918096114826,4.876598490942,13.79360334981,6.296156270839,10.52575899627,10.52575899627,0.003093520799086,0.0221112817388,0.05829367788509,0.007286181581928,0.03497071077116,0.01251263029413,0.01251263029413,4.48611842511236,2,1,,4,"Cd,Nb,Sn,Zn",Exact four-cation match
CdCoMn_pvNi_pvO:PAW_PBE/AB_cF8_225_a_b.AB:POCC_P0-1xE_P1-0.25xA-0.25xB-0.25xC-0.25xD,Cd,Co,Mn,Ni,,19.2784945856,0.1570839440773,0.1295725628264,0.256965167286,0.2054593665896,0.068987580700524,0.6931471805599,1.38629436112,0.6931471805599,1.38629436112,1.38629436112,1.38629436112,7.75,0.1395304626238,0.1539480431834,0.1465221826209,0.2723394022172,4.475336372678,8.753221284033,5.80304294186,3.438890094001,10.75460929526,6.35410664986,10.82731472978,0.06921561635257,0.01809337737126,0.04116649464451,0.1172246283414,0.0119857766821,0.03433574357072,0.01182534811919,19.2785099031394,262,1,,4,"Cd,Co,Mn,Ni",Exact four-cation match
Ca_svFe_pvMn_pvOSr_sv:PAW_PBE/AB_cF8_225_a_b.AB:POCC_P0-1xD_P1-0.25xA-0.25xB-0.25xC-0.25xE,Ca,Fe,Mn,Sr,,9.900212605634,0.141739696226,0.06314036870668,0.2926241273929,0.132285678963,0.057699125660102,0.6931471805599,1.38629436112,0.6931471805599,1.38629436112,1.38629436112,1.38629436112,5.375,0.3894620488571,0.2804909757907,0.3713741374948,0.9058007507173,17.82360617407,20.75846312891,15.74591643244,14.04760958169,27.5677934239,16.20237211707,9.528754816842,0.004363794611034,0.003217103718998,0.005591387256517,0.007025069085591,0.001824111768024,0.005280782153943,0.015268035184,9.90029443516156,201,1,,4,"Ca,Fe,Mn,Sr",Exact four-cation match
Ca_svOSnTi_svZn:PAW_PBE/AB_cF8_225_a_b.AB:POCC_P0-1xB_P1-0.25xA-0.25xC-0.25xD-0.25xE,Ca,Sn,Ti,Zn,,6.568988124844,0.1420426243623,0.09499500062895,0.2366199008161,0.1427496822,0.241303954844127,0.6931471805599,1.38629436112,0.6931471805599,1.38629436112,1.38629436112,1.38629436112,5.75,0.2903601212288,0.6835265174081,0.3464372237506,0.893728146586,21.59026792378,13.50130445631,11.78511301978,13.22975692387,14.98878411771,13.7261480026,13.7261480026,0.002973989242394,0.007605083647164,0.009981319400063,0.007920484112284,0.006170532550641,0.007357971510832,0.007357971510832,6.56900061163186,137,1,,4,"Ca,Sn,Ti,Zn",Exact four-cation match
Ca_svNb_svOSr_svTi_sv:PAW_PBE/AB_cF8_225_a_b.AB:POCC_P0-1xC_P1-0.25xA-0.25xB-0.25xD-0.25xE,Ca,Nb,Sr,Ti,,8.467350841553,0.1551836026736,0.0998500514239,0.3171733268172,0.1964642463273,0.074875750229974,0.6931471805599,1.38629436112,0.6931471805599,1.38629436112,1.38629436112,1.38629436112,4.625,0.2001141861538,0.1310407856356,0.2987787643056,0.8384323168867,9.284352571341,12.08457959453,14.94331346944,7.769677634669,17.77147598148,7.832150446191,7.832150446191,0.01608244993221,0.009492756998605,0.006208142013633,0.02296410142157,0.004389433348351,0.02259921814985,0.02259921814985,8.4673685641388,186,1,,4,"Ca,Nb,Sr,Ti",Exact four-cation match
CoFe_pvNi_pvOV_sv:PAW_PBE/AB_cF8_225_a_b.AB:POCC_P0-1xD_P1-0.25xA-0.25xB-0.25xC-0.25xE,Co,Fe,Ni,V,,12.12422688825,0.3048964928082,0.2566859557615,0.4422758411594,0.3977185310167,0.266021759007349,0.6931471805599,1.38629436112,0.6931471805599,1.38629436112,1.38629436112,1.38629436112,7,0.1371814491832,0.2020494988858,0.1091730278045,0.3087069808087,7.924434725838,8.198188779749,1.589037438137,5.385839020792,2.53087914523,8.596098906592,9.926276411416,0.02207592306272,0.02062621913918,0.5490187768155,0.04779128630384,0.2164275994169,0.01876085595799,0.01406963165021,12.124251258304,339,1,,4,"Co,Fe,Ni,V",Exact four-cation match
CdMg_pvMn_pvOSn:PAW_PBE/AB_cF8_225_a_b.AB:POCC_P0-1xD_P1-0.25xA-0.25xB-0.25xC-0.25xE,Cd,Mg,Mn,Sn,,15.32008579202,0.1902384632415,0.1361305061719,0.3281572432911,0.2277930410769,0.030599550826835,0.6931471805599,1.38629436112,0.6931471805599,1.38629436112,1.38629436112,1.38629436112,6.125,0.2081362234211,0.5699286687823,0.2351993835026,0.2903876719146,11.66126596075,6.367041198502,3.789945724576,5.228758169935,13.39068126824,1.453881487011,5.948619706429,0.01019445599861,0.03419638017643,0.09651381342117,0.0507058823429,0.007731257013938,0.6558393094773,0.03917626653462,15.3201881032793,91,1,,4,"Cd,Mg,Mn,Sn",Exact four-cation match
CoMg_pvOSr_svZn:PAW_PBE/AB_cF8_225_a_b.AB:POCC_P0-1xC_P1-0.25xA-0.25xB-0.25xD-0.25xE,Co,Mg,Sr,Zn,,14.1965494609,0.1687936575777,0.07560840794582,0.3469617584922,0.1582179101403,0.143704291574002,0.6931471805599,1.38629436112,0.6931471805599,1.38629436112,1.38629436112,1.38629436112,6.125,0.3279744654695,0.4134274422435,0.3515945818695,0.9737171047075,26.56659243542,20.89761938037,17.22109395489,19.25478536743,22.26703726175,19.97488571427,19.97488571427,0.00196419115183,0.003174401290002,0.004674487301881,0.003739194815399,0.002795957624517,0.003474456272973,0.003474456272973,14.1965426990998,204,1,,4,"Co,Mg,Sr,Zn",Exact four-cation match
Ca_svOSnSr_svV_sv:PAW_PBE/AB_cF8_225_a_b.AB:POCC_P0-1xB_P1-0.25xA-0.25xC-0.25xD-0.25xE,Ca,Sn,Sr,V,,14.52301219322,0.2039858081158,0.1243103624895,0.4250218673975,0.2347968874852,0.034428970895131,0.6931471805599,1.38629436112,0.6931471805599,1.38629436112,1.38629436112,1.38629436112,4.625,0.3557037917987,0.689486901616,0.4266438795998,0.9601432184836,23.41502035472,13.45747199633,15.89104315409,15.03356761337,18.50975028009,12.93533885852,12.93533885852,0.002528519908342,0.007654705508187,0.005489725670035,0.006133824507268,0.004046265140591,0.008285139714794,0.008285139714794,14.5231082448926,497,1,,4,"Ca,Sn,Sr,V",Exact four-cation match
Cu_pvFe_pvMg_pvOTi_sv:PAW_PBE/AB_cF8_225_a_b.AB:POCC_P0-1xD_P1-0.25xA-0.25xB-0.25xC-0.25xE,Cu,Fe,Mg,Ti,,13.79918053799,0.2475487593054,0.1377532859864,0.365453574046,0.2154194285971,0.201369649536514,0.6931471805599,1.38629436112,0.6931471805599,1.38629436112,1.38629436112,1.38629436112,6.125,0.2468130618505,0.3297342680099,0.2358495283014,0.3814773912042,12.94329307268,9.449093151742,3.857432693399,8.140828875352,10.42336825185,8.093354594813,7.27450353195,0.008274959689424,0.01552655821216,0.09316627735337,0.02091790591293,0.01275966563349,0.02116402761494,0.02619682980311,14.3367148064626,183,1,,4,"Cu,Fe,Mg,Ti",Exact four-cation match
CdMn_pvNb_svOSn:PAW_PBE/AB_cF8_225_a_b.AB:POCC_P0-1xD_P1-0.25xA-0.25xB-0.25xC-0.25xE,Cd,Mn,Nb,Sn,,3.67177810485,0.04145196281456,0.0646476210466,0.09446224179966,0.1265638531923,0.086661562591143,0.6931471805599,1.38629436112,0.6931471805599,1.38629436112,1.38629436112,1.38629436112,6.5,0.167684227046,0.521285910034,0.1582719179134,0.2483319351191,18.89246707209,7.607205951324,3.725554652599,11.70519979273,12.38126601623,7.036016425969,7.039781104945,0.003883990051252,0.02395549274706,0.09987886057563,0.01011807268272,0.009043266872809,0.02800281990771,0.02797287765879,3.67177949695235,347,1,,4,"Cd,Mn,Nb,Sn",Exact four-cation match
Mg_pvNb_svOSnZn:PAW_PBE/AB_cF8_225_a_b.AB:POCC_P0-1xC_P1-0.25xA-0.25xB-0.25xD-0.25xE,Mg,Nb,Sn,Zn,,4.429462875127,0.1618067946891,0.1216140718117,0.2961219674493,0.2199536788848,0.168441131241232,0.6931471805599,1.38629436112,0.6931471805599,1.38629436112,1.38629436112,1.38629436112,5.875,0.2003763646242,0.6123465113806,0.230542837668,0.2704163456598,22.64089169232,7.970398304661,3.790346907427,14.86650091932,7.475960710833,10.55940127031,10.55940127031,0.002704384277207,0.02182204298151,0.09649338382006,0.006272460464301,0.02480398363084,0.01243302677354,0.01243302677354,4.42946821285822,66,1,,4,"Mg,Nb,Sn,Zn",Exact four-cation match
Ca_svCdCoMn_pvO:PAW_PBE/AB_cF8_225_a_b.AB:POCC_P0-1xE_P1-0.25xA-0.25xB-0.25xC-0.25xD,Ca,Cd,Co,Mn,,35.29413914006,0.07479522287858,0.02983616611273,0.1452823164236,0.05791867400489,0.003678491374051,0.6931471805599,1.38629436112,0.6931471805599,1.38629436112,1.38629436112,1.38629436112,6.75,0.3124387940061,0.35608592713,0.3276430985081,0.8648229587609,12.77160329224,17.17567962577,11.47540983607,9.590190046735,22.23127721523,12.57427345751,12.31404239926,0.008498937126177,0.004699239668764,0.01052734962801,0.01507304617438,0.00280495971539,0.008767780220555,0.009142272616078,35.2937887345208,424,1,,4,"Ca,Cd,Co,Mn",Exact four-cation match
Cu_pvFe_pvMg_pvOZn:PAW_PBE/AB_cF8_225_a_b.AB:POCC_P0-1xD_P1-0.25xA-0.25xB-0.25xC-0.25xE,Cu,Fe,Mg,Zn,,25.06394783062,0.0857230242716,0.04504670484046,0.1283939586318,0.07289186360154,0.042201535507388,0.6931471805599,1.38629436112,0.6931471805599,1.38629436112,1.38629436112,1.38629436112,7.125,0.2193323676524,0.35446614789,0.2282953131363,0.3008737276666,6.205527678698,8.637674253878,4.374088826399,3.631659269398,10.33240970664,5.102212394592,8.099772547304,0.03599962879334,0.01858068895125,0.07245698527453,0.1051102977173,0.01298530692563,0.05325230243699,0.02113050175733,25.063536763451,472,1,,4,"Cu,Fe,Mg,Zn",Exact four-cation match
Fe_pvMn_pvOSnSr_sv:PAW_PBE/AB_cF8_225_a_b.AB:POCC_P0-1xC_P1-0.25xA-0.25xB-0.25xD-0.25xE,Fe,Mn,Sn,Sr,,12.25015126864,0.1651529098092,0.06708338379863,0.3548901329782,0.1472953572362,0.08932600300715,0.6931471805599,1.38629436112,0.6931471805599,1.38629436112,1.38629436112,1.38629436112,5.625,0.3596709433635,0.593302620928,0.3887399516386,0.901443287179,25.55776301146,19.69797461877,16.21850794617,16.87799035493,26.24947670731,16.80675592138,12.81539718066,0.002122314685453,0.003572829648646,0.005270279657542,0.004866469299881,0.002011935977095,0.004907809203297,0.008440949763113,12.2503341983813,217,1,,4,"Fe,Mn,Sn,Sr",Exact four-cation match
Mg_pvMn_pvOTi_svV_sv:PAW_PBE/AB_cF8_225_a_b.AB:POCC_P0-1xC_P1-0.25xA-0.25xB-0.25xD-0.25xE,Mg,Mn,Ti,V,,15.43548495623,0.08828593951491,0.05014073382738,0.1333117032314,0.07972703807581,0.002750713106446,0.6931471805599,1.38629436112,0.6931471805599,1.38629436112,1.38629436112,1.38629436112,5.25,0.173274889987,0.1429971590627,0.1192424001771,0.1181101181102,11.68629482213,5.843654780508,3.857432693399,7.252729088033,12.96974179361,5.829472518531,5.190533235614,0.01015083526287,0.04059629066916,0.09316627735337,0.02635436434377,0.008241244455265,0.04079406073585,0.0514554646452,15.4355940795292,301,1,,4,"Mg,Mn,Ti,V",Exact four-cation match
Ca_svMg_pvMn_pvOZn:PAW_PBE/AB_cF8_225_a_b.AB:POCC_P0-1xD_P1-0.25xA-0.25xB-0.25xC-0.25xE,Ca,Mg,Mn,Zn,,13.22884004394,0.03841403415575,0.0166494066048,0.08413073260257,0.03606926518155,0.005521675543226,0.6931471805599,1.38629436112,0.6931471805599,1.38629436112,1.38629436112,1.38629436112,5.875,0.2751739222746,0.4149074444982,0.2505369234265,0.8215534066633,18.11768304843,15.70404130348,11.54069425105,12.86344101063,21.11922269145,13.58324320165,13.58921140709,0.004223282580092,0.005621246096982,0.01040858243136,0.008378015088807,0.003108133021822,0.007513607484432,0.007507009175739,13.2289324120438,173,1,,4,"Ca,Mg,Mn,Zn",Exact four-cation match
CdOSnSr_svV_sv:PAW_PBE/AB_cF8_225_a_b.AB:POCC_P0-1xB_P1-0.25xA-0.25xC-0.25xD-0.25xE,Cd,Sn,Sr,V,,7.669481226896,0.1802657708498,0.08590108382125,0.3163775243683,0.1575333334074,0.21229873414643,0.6931471805599,1.38629436112,0.6931471805599,1.38629436112,1.38629436112,1.38629436112,5.875,0.3114493337607,0.6274806769933,0.3721138938551,0.9454727653402,24.81556619053,14.14463207305,15.64929678295,15.85415428061,18.96266792665,13.9991428187,13.9991428187,0.002251163713421,0.006929025288655,0.00566064348114,0.005515301981244,0.003855285786475,0.007073796605381,0.007073796605381,7.66948301075721,72,1,,4,"Cd,Sn,Sr,V",Exact four-cation match
Ca_svCoNi_pvOSn:PAW_PBE/AB_cF8_225_a_b.AB:POCC_P0-1xD_P1-0.25xA-0.25xB-0.25xC-0.25xE,Ca,Co,Ni,Sn,,21.91397225454,0.15738932764,0.1200430121186,0.3141112345142,0.2370772103168,0.133992477168676,0.6931471805599,1.38629436112,0.6931471805599,1.38629436112,1.38629436112,1.38629436112,6.125,0.3530619634002,0.604372970524,0.3979557136165,0.9246621004453,19.90800423502,18.81953535456,12.4358391487,12.36647433588,19.6040304801,14.7774362185,14.7774362185,0.003497840546997,0.003914151788324,0.008964070524118,0.0090649133192,0.003607154286834,0.006348297481401,0.006348297481401,21.9138746134099,283,1,,4,"Ca,Co,Ni,Sn",Exact four-cation match
Fe_pvMn_pvNi_pvOSr_sv:PAW_PBE/AB_cF8_225_a_b.AB:POCC_P0-1xD_P1-0.25xA-0.25xB-0.25xC-0.25xE,Fe,Mn,Ni,Sr,,10.89741473085,0.1798187042539,0.1217957086629,0.3427777561518,0.2269033837502,0.080945168236874,0.6931471805599,1.38629436112,0.6931471805599,1.38629436112,1.38629436112,1.38629436112,6.375,0.3696811971145,0.2847946628713,0.3766961640367,0.9238371068538,21.40946928418,23.00649218819,17.4181181184,16.28964219552,28.68736467463,18.93759691317,16.04277450081,0.003024430807034,0.002619115456272,0.004569334943221,0.005224351229592,0.001684512151901,0.00386550037733,0.005386373919221,10.8973032751029,333,1,,4,"Fe,Mn,Ni,Sr",Exact four-cation match
Ca_svCdMg_pvOSn:PAW_PBE/AB_cF8_225_a_b.AB:POCC_P0-1xD_P1-0.25xA-0.25xB-0.25xC-0.25xE,Ca,Cd,Mg,Sn,,34.53259487981,0.1399017287113,0.1184637211972,0.2934778410709,0.2253506205544,0.023599789117476,0.6931471805599,1.38629436112,0.6931471805599,1.38629436112,1.38629436112,1.38629436112,5.5,0.2908267310616,0.6791056618819,0.3651711927302,0.8656356046282,20.67750318182,9.707483039814,8.547880646245,12.40600741136,10.91339850576,10.07747763855,10.07747763855,0.003242345300214,0.01471099933347,0.01897311144581,0.009007232728173,0.01163952959647,0.01365060093006,0.01365060093006,34.5315391037275,263,1,,4,"Ca,Cd,Mg,Sn",Exact four-cation match
Ca_svMn_pvOTi_svZn:PAW_PBE/AB_cF8_225_a_b.AB:POCC_P0-1xC_P1-0.25xA-0.25xB-0.25xD-0.25xE,Ca,Mn,Ti,Zn,,11.49720978484,0.1688724452941,0.09603208932732,0.3018469251706,0.1834762196225,0.098930549803176,0.6931471805599,1.38629436112,0.6931471805599,1.38629436112,1.38629436112,1.38629436112,6.125,0.2678745041993,0.4074598139694,0.2548038461248,0.8116803558052,15.36127648899,15.76172875752,12.20658743389,11.37356685483,21.26176317533,13.7261480026,12.88665828786,0.005874904948519,0.005580174211811,0.009303940496597,0.010716725016,0.003066598393509,0.007357971510832,0.008347853743534,11.4971683946017,468,1,,4,"Ca,Mn,Ti,Zn",Exact four-cation match
Mg_pvMn_pvOSr_svZn:PAW_PBE/AB_cF8_225_a_b.AB:POCC_P0-1xC_P1-0.25xA-0.25xB-0.25xD-0.25xE,Mg,Mn,Sr,Zn,,19.60605704916,0.1303920175307,0.06855880939474,0.2779735073421,0.1273842171908,0.069571485291468,0.6931471805599,1.38629436112,0.6931471805599,1.38629436112,1.38629436112,1.38629436112,5.875,0.3004222029078,0.3930041348383,0.2695830113342,0.9030227018187,25.63698951207,19.36570635539,16.53118265582,18.60218729391,24.89938128439,18.37590412011,17.46170067374,0.002109217690821,0.003696483501025,0.005072798452576,0.004006152075507,0.002236033704324,0.004105424071063,0.004546554255765,19.6055096615036,259,1,,4,"Mg,Mn,Sr,Zn",Exact four-cation match
Mn_pvNb_svOSnV_sv:PAW_PBE/AB_cF8_225_a_b.AB:POCC_P0-1xC_P1-0.25xA-0.25xB-0.25xD-0.25xE,Mn,Nb,Sn,V,,4.817563700254,0.1380537512781,0.1711290418616,0.223228124019,0.2749909537911,0.231766165365787,0.6931471805599,1.38629436112,0.6931471805599,1.38629436112,1.38629436112,1.38629436112,5.625,0.1661527911291,0.5697789044884,0.161322658049,0.2703238798183,18.59194018317,7.644358311315,2.935066186155,11.41702336411,12.30726336714,7.056822445451,6.27502777394,0.004010569344118,0.02372320632057,0.160923569974,0.01063529833786,0.00915234680177,0.02783793880859,0.03520660533958,4.81755961708431,380,1,,4,"Mn,Nb,Sn,V",Exact four-cation match
Mn_pvOSnSr_svV_sv:PAW_PBE/AB_cF8_225_a_b.AB:POCC_P0-1xB_P1-0.25xA-0.25xC-0.25xD-0.25xE,Mn,Sn,Sr,V,,7.617257228375,0.1322191551432,0.10731586427,0.2213240400078,0.2056480165761,0.101884876504167,0.6931471805599,1.38629436112,0.6931471805599,1.38629436112,1.38629436112,1.38629436112,5.25,0.3374991666656,0.6222885182936,0.3645116596215,0.853273109854,24.36755618413,17.02548733584,16.91627174468,15.85415428061,25.07655298816,14.66519797767,12.72563464697,0.002334702264424,0.004782515131561,0.004844468658314,0.005515301981244,0.00220454912085,0.006445841113648,0.008560449226642,7.61719064465476,96,1,,4,"Mn,Sn,Sr,V",Exact four-cation match
CoNb_svOSnSr_sv:PAW_PBE/AB_cF8_225_a_b.AB:POCC_P0-1xC_P1-0.25xA-0.25xB-0.25xD-0.25xE,Co,Nb,Sn,Sr,,5.250514574102,0.2576126665452,0.05233744036711,0.4950438606352,0.2131725462904,0.296714817611745,0.6931471805599,1.38629436112,0.6931471805599,1.38629436112,1.38629436112,1.38629436112,5.5,0.3594101939289,0.6155095450113,0.3970122794071,0.9604686356149,25.98762164329,18.0966645699,16.37559159237,17.36920559992,21.02961803931,16.88101805418,16.88101805418,0.002052685366757,0.004233098590483,0.005169653792959,0.004595106112623,0.003134676205995,0.004864723802771,0.004864723802771,5.14539733245874,513,1,,4,"Co,Nb,Sn,Sr",Exact four-cation match
CdMn_pvOTi_svZn:PAW_PBE/AB_cF8_225_a_b.AB:POCC_P0-1xC_P1-0.25xA-0.25xB-0.25xD-0.25xE,Cd,Mn,Ti,Zn,,7.862760974224,0.0824056186172,0.06844185757112,0.1460814655926,0.1155472695914,0.147709050645054,0.6931471805599,1.38629436112,0.6931471805599,1.38629436112,1.38629436112,1.38629436112,7.375,0.1332291259447,0.3422319206328,0.06417748826497,0.4158350033367,11.38333216107,6.88183885585,5.263157894737,7.538961301134,11.07625905521,9.595140650216,10.76763413496,0.01069834600154,0.02927159978593,0.05004522643643,0.02439115851867,0.01129976072975,0.01505749633986,0.01195679753984,7.86280537456078,467,1,,4,"Cd,Mn,Ti,Zn",Exact four-cation match
Ca_svMg_pvOTi_svZn:PAW_PBE/AB_cF8_225_a_b.AB:POCC_P0-1xC_P1-0.25xA-0.25xB-0.25xD-0.25xE,Ca,Mg,Ti,Zn,,18.75715147545,0.1079231782813,0.07014649172377,0.1742324957633,0.1009456107461,0.108216533937258,0.6931471805599,1.38629436112,0.6931471805599,1.38629436112,1.38629436112,1.38629436112,5.5,0.1993443942026,0.4204826839479,0.2488473427626,0.8142289297243,18.87542400355,13.54034261847,11.54069425105,13.22975692387,14.94172357103,13.52459845381,13.52459845381,0.003891007111446,0.007561294428923,0.01040858243136,0.007920484112284,0.006209463258828,0.007578909082191,0.007578909082191,18.7570916245164,308,1,,4,"Ca,Mg,Ti,Zn",Exact four-cation match
CdCoMn_pvOSr_sv:PAW_PBE/AB_cF8_225_a_b.AB:POCC_P0-1xD_P1-0.25xA-0.25xB-0.25xC-0.25xE,Cd,Co,Mn,Sr,,16.37228317131,0.1393371360306,0.06898671282519,0.2715311130993,0.1181778684305,0.019111032157191,0.6931471805599,1.38629436112,0.6931471805599,1.38629436112,1.38629436112,1.38629436112,6.75,0.3411512677684,0.3228544563731,0.3479493497623,0.9482450896261,20.49685889649,20.86009334249,16.26500121581,15.39284208939,26.35496053857,17.37700895815,16.25629933956,0.003299748453236,0.003185832672246,0.005240192685033,0.005850834701059,0.001995862949497,0.004590980062149,0.005245804258963,16.372339373086,368,1,,4,"Cd,Co,Mn,Sr",Exact four-cation match
Mg_pvMn_pvNb_svOZn:PAW_PBE/AB_cF8_225_a_b.AB:POCC_P0-1xD_P1-0.25xA-0.25xB-0.25xC-0.25xE,Mg,Mn,Nb,Zn,,13.66701762109,0.1515341172834,0.04589855392803,0.2183899116239,0.08667511521533,0.648471749392252,0.6931471805599,1.38629436112,0.6931471805599,1.38629436112,1.38629436112,1.38629436112,6.25,0.1739876073173,0.3422605002042,0.1304559312565,0.2923183196449,18.54502405278,9.619320250941,3.922926276315,13.79360334981,12.67427398116,10.55940127031,11.51449719715,0.004030887290596,0.01498189293966,0.09008140758557,0.007286181581928,0.008629969772424,0.01243302677354,0.01045599820225,13.6669900127182,274,1,,4,"Mg,Mn,Nb,Zn",Exact four-cation match
Ca_svCoMn_pvOZn:PAW_PBE/AB_cF8_225_a_b.AB:POCC_P0-1xD_P1-0.25xA-0.25xB-0.25xC-0.25xE,Ca,Co,Mn,Zn,,63.61767271855,0.06745720316213,0.03728004345212,0.1228109412509,0.07324580014879,0.003162367585342,0.6931471805599,1.38629436112,0.6931471805599,1.38629436112,1.38629436112,1.38629436112,6.75,0.3130123799469,0.3938127727741,0.3231872522238,0.8900386227575,16.13430890677,18.5081453914,12.79632955131,12.03329655665,23.11617006777,15.1331732252,15.66972286835,0.005325430501352,0.004046966895043,0.008466123984313,0.009573841141139,0.002594320902626,0.006053345327866,0.005645895367538,63.615710445901,85,1,,4,"Ca,Co,Mn,Zn",Exact four-cation match
CdFe_pvNb_svOSr_sv:PAW_PBE/AB_cF8_225_a_b.AB:POCC_P0-1xD_P1-0.25xA-0.25xB-0.25xC-0.25xE,Cd,Fe,Nb,Sr,,5.606018295012,0.1964642394558,0.08469324460773,0.3909981311463,0.2592374811558,0.292917628066152,0.6931471805599,1.38629436112,0.6931471805599,1.38629436112,1.38629436112,1.38629436112,6.375,0.3013746630027,0.3253475065219,0.337740654941,0.9306550112689,18.63594843144,17.19846510889,14.82317653204,14.24471457505,21.68125713033,15.02183914543,11.84461289415,0.003991650024345,0.004686796288919,0.006309179670163,0.006832001507679,0.00294907988334,0.006143406349737,0.009881291548089,5.60598202913025,237,1,,4,"Cd,Fe,Nb,Sr",Exact four-cation match
CoNi_pvOSnZn:PAW_PBE/AB_cF8_225_a_b.AB:POCC_P0-1xC_P1-0.25xA-0.25xB-0.25xD-0.25xE,Co,Ni,Sn,Zn,,30.75949106616,0.1188564037461,0.08459543487672,0.1685946507247,0.1149343314733,0.20047975857427,0.6931471805599,1.38629436112,0.6931471805599,1.38629436112,1.38629436112,1.38629436112,7.375,0.1135638586875,0.3671521312753,0.1189537725337,0.06495190528383,8.011633891443,10.09670337315,3.149183286489,2.5903990156,10.0071554038,5.203419099925,5.203419099925,0.02159798655925,0.01359866457929,0.1397846814129,0.2065961024099,0.01384312589242,0.05120092926025,0.05120092926025,30.7595960857478,11,1,,4,"Co,Ni,Sn,Zn",Exact four-cation match
Ca_svCoFe_pvMn_pvO:PAW_PBE/AB_cF8_225_a_b.AB:POCC_P0-1xE_P1-0.25xA-0.25xB-0.25xC-0.25xD,Ca,Co,Fe,Mn,,37.94494735513,0.07428305065605,0.03682996769822,0.1379002463757,0.07483230489139,0.010006958423128,0.6931471805599,1.38629436112,0.6931471805599,1.38629436112,1.38629436112,1.38629436112,6.25,0.3317800476219,0.2912167362979,0.3496069221283,0.8173738434768,12.89098438398,18.78002691923,12.20658743389,10.0264795503,24.07844649616,13.58456869488,11.81857701423,0.008342251757377,0.003930637885747,0.009303940496597,0.0137898172895,0.002391104351073,0.007512141298764,0.009924875728461,37.9457729212262,179,1,,4,"Ca,Co,Fe,Mn",Exact four-cation match
Ca_svFe_pvNb_svOZn:PAW_PBE/AB_cF8_225_a_b.AB:POCC_P0-1xD_P1-0.25xA-0.25xB-0.25xC-0.25xE,Ca,Fe,Nb,Zn,,12.12958601218,0.175379928795,0.08560964924086,0.289905007267,0.1799105641569,0.116204422890036,0.6931471805599,1.38629436112,0.6931471805599,1.38629436112,1.38629436112,1.38629436112,6.375,0.2812769987041,0.3979654507617,0.3121698255758,0.8703555308034,17.88718003169,16.42067999076,11.78511301978,13.94621649127,19.01227871301,14.94812988581,13.07402751817,0.004332830506711,0.005141302787374,0.009981319400063,0.007127589042432,0.00383519201236,0.006204142024354,0.008110295297405,12.1293739068563,52,1,,4,"Ca,Fe,Nb,Zn",Exact four-cation match
Fe_pvNb_svOTi_svZn:PAW_PBE/AB_cF8_225_a_b.AB:POCC_P0-1xC_P1-0.25xA-0.25xB-0.25xD-0.25xE,Fe,Nb,Ti,Zn,,7.974183997735,0.123452628492,0.08072665194812,0.09818389129851,0.1135604480233,0.76334302733612,0.6931471805599,1.38629436112,0.6931471805599,1.38629436112,1.38629436112,1.38629436112,6.625,0.1677050983125,0.3330077889479,0.1082820391385,0.3564407384124,16.25390001091,9.958967630063,2.525381361381,12.57066195354,6.548261312092,12.39411397133,11.00634292435,0.005247353098004,0.01397741356052,0.2173709558236,0.008772818844899,0.03232983238475,0.009024527773585,0.01144377674778,7.97425379908982,252,1,,4,"Fe,Nb,Ti,Zn",Exact four-cation match
Fe_pvMg_pvNb_svOTi_sv:PAW_PBE/AB_cF8_225_a_b.AB:POCC_P0-1xD_P1-0.25xA-0.25xB-0.25xC-0.25xE,Fe,Mg,Nb,Ti,,10.32965882981,0.1698906021544,0.07893491449554,0.2372309933765,0.1027875444606,0.070447812984001,0.6931471805599,1.38629436112,0.6931471805599,1.38629436112,1.38629436112,1.38629436112,5.375,0.1948889106645,0.18669811863,0.1850675552332,0.2406761309312,16.15500023584,8.485287888857,2.884021556831,11.97986422195,8.985224361134,8.855571114162,5.695715847911,0.005311797611536,0.01925405878407,0.1666703902346,0.009659433679236,0.017171079734,0.01767755946162,0.04273255174416,10.3296779018319,9,1,,4,"Fe,Mg,Nb,Ti",Exact four-cation match
Fe_pvMn_pvNi_pvOSn:PAW_PBE/AB_cF8_225_a_b.AB:POCC_P0-1xD_P1-0.25xA-0.25xB-0.25xC-0.25xE,Fe,Mn,Ni,Sn,,14.29975430047,0.1650285000843,0.1030741414502,0.2249213959396,0.1571916826088,0.102896427743861,0.6931471805599,1.38629436112,0.6931471805599,1.38629436112,1.38629436112,1.38629436112,6.625,0.04676269881006,0.4568183446404,0.158488958606,0.2619160170742,10.82575064013,9.319496395868,2.525381361381,4.045566970314,13.17417565624,4.632702950132,9.68494838957,0.01182876538629,0.01596138478191,0.2173709558236,0.08470258546443,0.007987457441831,0.06459316255547,0.01477953720935,14.2998347878228,220,1,,4,"Fe,Mn,Ni,Sn",Exact four-cation match
Cu_pvFe_pvMn_pvOZn:PAW_PBE/AB_cF8_225_a_b.AB:POCC_P0-1xD_P1-0.25xA-0.25xB-0.25xC-0.25xE,Cu,Fe,Mn,Zn,,31.22938270027,0.2159200783208,0.1763017031937,0.3381348938449,0.3086252749771,0.298242565294103,0.6931471805599,1.38629436112,0.6931471805599,1.38629436112,1.38629436112,1.38629436112,7.75,0.09756408150544,0.2229510876852,0.1393511750937,0.3117992142389,7.794803943262,2.306194687046,1.818181818182,5.151109002021,6.243911730053,4.614872929366,10.93332186231,0.02281629189941,0.2606534767245,0.4193540442388,0.05224611194693,0.03555837838482,0.06509325098529,0.01159714774557,31.2292672206173,135,1,,4,"Cu,Fe,Mn,Zn",Exact four-cation match
Mn_pvOSr_svTi_svZn:PAW_PBE/AB_cF8_225_a_b.AB:POCC_P0-1xB_P1-0.25xA-0.25xC-0.25xD-0.25xE,Mn,Sr,Ti,Zn,,4.624970733084,0.2743547704753,0.1194504746296,0.4832426291709,0.2000002394775,0.13634484392816,0.6931471805599,1.38629436112,0.6931471805599,1.38629436112,1.38629436112,1.38629436112,6.125,0.2950621756512,0.3844843137242,0.2761679742476,0.8898454922064,21.43426915773,19.51677905385,17.4181181184,16.2618494254,25.42570894136,17.68214130414,16.19509887535,0.003017436203245,0.003639478562021,0.004569334943221,0.005242224137807,0.002144417360344,0.004433898458303,0.005285526432444,4.62495520354477,114,1,,4,"Mn,Sr,Ti,Zn",Exact four-cation match
CdMg_pvNi_pvOSr_sv:PAW_PBE/AB_cF8_225_a_b.AB:POCC_P0-1xD_P1-0.25xA-0.25xB-0.25xC-0.25xE,Cd,Mg,Ni,Sr,,16.05667606374,0.1001784334565,0.03936854565586,0.2191173121696,0.07347437652782,0.077476502241698,0.6931471805599,1.38629436112,0.6931471805599,1.38629436112,1.38629436112,1.38629436112,6.25,0.3340785835698,0.3931369831242,0.3667083309662,0.9687362902256,24.61112402683,18.95061700546,15.14899955443,17.65266910117,20.23530221226,17.56528107268,17.56528107268,0.002288719440979,0.003860190589029,0.006040703939518,0.004448716142922,0.00338560328077,0.004493091361463,0.004493091361463,16.0569099271347,444,1,,4,"Cd,Mg,Ni,Sr",Exact four-cation match
Mn_pvOSnTi_svV_sv:PAW_PBE/AB_cF8_225_a_b.AB:POCC_P0-1xB_P1-0.25xA-0.25xC-0.25xD-0.25xE,Mn,Sn,Ti,V,,4.620135614616,0.1281444429956,0.1357994037841,0.208683827311,0.2215286279913,0.182749241127593,0.6931471805599,1.38629436112,0.6931471805599,1.38629436112,1.38629436112,1.38629436112,5.5,0.1762186142268,0.5935452804968,0.1710263137649,0.321976319005,15.3905483748,6.010628769597,2.525381361381,7.252729088033,12.57094557958,6.154495255321,5.732882019839,0.005852578777311,0.0383721068556,0.2173709558236,0.02635436434377,0.008772422984167,0.03659911419095,0.04218027901082,4.62013613560748,337,1,,4,"Mn,Sn,Ti,V",Exact four-cation match
Ca_svCoMn_pvNi_pvO:PAW_PBE/AB_cF8_225_a_b.AB:POCC_P0-1xE_P1-0.25xA-0.25xB-0.25xC-0.25xD,Ca,Co,Mn,Ni,,21.05339657388,0.08199557846897,0.03188717920228,0.1390564608554,0.06653414704498,0.046292118102025,0.6931471805599,1.38629436112,0.6931471805599,1.38629436112,1.38629436112,1.38629436112,6.5,0.3450188400653,0.3332839442577,0.3660942501597,0.879246836787,14.40078059973,19.73608136913,12.79632955131,10.89912373885,23.95468406544,14.7774362185,15.26295171241,0.006684722588628,0.003559046011896,0.008466123984313,0.01167003854043,0.002415875568887,0.006348297481401,0.005950841680786,21.0533928027677,260,1,,4,"Ca,Co,Mn,Ni",Exact four-cation match
CoNi_pvOSnSr_sv:PAW_PBE/AB_cF8_225_a_b.AB:POCC_P0-1xC_P1-0.25xA-0.25xB-0.25xD-0.25xE,Co,Ni,Sn,Sr,,10.39333118647,0.1585271850502,0.06759958963278,0.3400545172093,0.1634653774146,0.070848298260173,0.6931471805599,1.38629436112,0.6931471805599,1.38629436112,1.38629436112,1.38629436112,6.125,0.3837586318247,0.5755623337224,0.419553333916,1.011187420808,27.61377013364,22.33230926692,17.56925429673,18.37972962164,23.60533093825,19.77424662089,19.77424662089,0.001818042561376,0.002779637676618,0.004491059398155,0.00410371526773,0.00248791346043,0.003545321007994,0.003545321007994,10.3934355643665,491,1,,4,"Co,Ni,Sn,Sr",Exact four-cation match
Nb_svOSr_svTi_svV_sv:PAW_PBE/AB_cF8_225_a_b.AB:POCC_P0-1xB_P1-0.25xA-0.25xC-0.25xD-0.25xE,Nb,Sr,Ti,V,,6.648411999678,0.1455945233772,0.04119577249857,0.2737892893582,0.07779250090114,0.098033531799032,0.6931471805599,1.38629436112,0.6931471805599,1.38629436112,1.38629436112,1.38629436112,5,0.214036649899,0.1034021276377,0.2790161285661,0.7561208567418,11.94110521321,13.63745897128,16.91627174468,9.995750309967,20.50394141389,9.570199518341,9.570199518341,0.009722241547404,0.007453985484381,0.004844468658314,0.013874733769,0.003297469233937,0.01513608203027,0.01513608203027,6.64838002244071,408,1,,4,"Nb,Sr,Ti,V",Exact four-cation match
CdCoMn_pvOSn:PAW_PBE/AB_cF8_225_a_b.AB:POCC_P0-1xD_P1-0.25xA-0.25xB-0.25xC-0.25xE,Cd,Co,Mn,Sn,,13.52016128121,0.2753999966761,0.2335450208705,0.4373660088453,0.3674368735947,0.087826732603348,0.6931471805599,1.38629436112,0.6931471805599,1.38629436112,1.38629436112,1.38629436112,7,0.1278544093882,0.4383149552548,0.1604680653588,0.2557708935747,10.84782871125,9.428348175396,5.144417202695,4.343886804442,13.61636034029,4.86922046136,8.799955230866,0.01178066533405,0.0155949588332,0.05238212264517,0.07346804062255,0.007477103370467,0.05847046935699,0.01790171056947,13.5201751090055,139,1,,4,"Cd,Co,Mn,Sn",Exact four-cation match
Ca_svCdFe_pvOSr_sv:PAW_PBE/AB_cF8_225_a_b.AB:POCC_P0-1xD_P1-0.25xA-0.25xB-0.25xC-0.25xE,Ca,Cd,Fe,Sr,,14.62474083804,0.1046455195997,0.04566631611883,0.2305755605526,0.09788230350446,0.046275632126132,0.6931471805599,1.38629436112,0.6931471805599,1.38629436112,1.38629436112,1.38629436112,6,0.3461584716571,0.3953298464574,0.396003472207,1.054214755161,18.56518976208,18.02319412079,13.63848343668,14.04760958169,21.14657470063,15.48297482881,12.06407566674,0.004022135259977,0.004267680868663,0.007452865702481,0.007025069085591,0.003100097800635,0.005782912767454,0.009525051923155,14.624689599459,67,1,,4,"Ca,Cd,Fe,Sr",Exact four-cation match
CoMg_pvNi_pvOZn:PAW_PBE/AB_cF8_225_a_b.AB:POCC_P0-1xD_P1-0.25xA-0.25xB-0.25xC-0.25xE,Co,Mg,Ni,Zn,,73.89954010437,0.02079986555891,0.009596050723659,0.0337519079614,0.01718124220844,0.001949649994377,0.6931471805599,1.38629436112,0.6931471805599,1.38629436112,1.38629436112,1.38629436112,7.125,0.2345457045013,0.337612573818,0.2400390593216,0.2795084971875,4.65110646549,9.767880778183,4.681218398835,2.5903990156,10.59051958919,5.844703450513,5.844703450513,0.06408300891354,0.01452963673423,0.0632612326791,0.2065961024099,0.01236006973335,0.04058172421819,0.04058172421819,73.906224195177,288,1,,4,"Co,Mg,Ni,Zn",Exact four-cation match
Nb_svOSnTi_svZn:PAW_PBE/AB_cF8_225_a_b.AB:POCC_P0-1xB_P1-0.25xA-0.25xC-0.25xD-0.25xE,Nb,Sn,Ti,Zn,,3.825119433733,0.1078571150112,0.04477767311508,0.1979629920796,0.1051065407782,0.238455776554977,0.6931471805599,1.38629436112,0.6931471805599,1.38629436112,1.38629436112,1.38629436112,6.125,0.1768982758537,0.5999818226413,0.1620763708873,0.3824264635195,21.90119929805,7.918096114826,2.935066186155,13.99292632321,6.165058412589,11.56723225348,11.56723225348,0.002890145200872,0.0221112817388,0.160923569974,0.007080083209291,0.03647380442977,0.01036087765307,0.01036087765307,3.82509857595113,415,1,,4,"Nb,Sn,Ti,Zn",Exact four-cation match
CdFe_pvMg_pvOSn:PAW_PBE/AB_cF8_225_a_b.AB:POCC_P0-1xD_P1-0.25xA-0.25xB-0.25xC-0.25xE,Cd,Fe,Mg,Sn,,15.80233755707,0.2352264601234,0.1580609204076,0.3756332521013,0.280052393095,0.149142023483708,0.6931471805599,1.38629436112,0.6931471805599,1.38629436112,1.38629436112,1.38629436112,6.25,0.2182216476429,0.5574389540569,0.2432462743805,0.2327015255644,10.63827573872,7.368737305655,3.789945724576,4.598117211517,9.697770334059,3.17689239796,3.437324630768,0.01224934794581,0.02553108715583,0.09651381342117,0.06556852003341,0.01474048140096,0.1373568889805,0.1173314280497,15.8025362005402,118,1,,4,"Cd,Fe,Mg,Sn",Exact four-cation match
CoNi_pvOSr_svZn:PAW_PBE/AB_cF8_225_a_b.AB:POCC_P0-1xC_P1-0.25xA-0.25xB-0.25xD-0.25xE,Co,Ni,Sr,Zn,,11.23046010484,0.189602279812,0.08860239621172,0.3756296109031,0.1711198922517,0.08422721362641,0.6931471805599,1.38629436112,0.6931471805599,1.38629436112,1.38629436112,1.38629436112,7.125,0.3666867702822,0.3723549214124,0.3871288545175,1.033425735116,25.32041346528,23.91519114171,18.60881032925,18.79192935358,25.38943996877,21.71175408941,21.71175408941,0.002162289654484,0.002423861185041,0.004003300935139,0.003925660286861,0.002150548363326,0.002940800975665,0.002940800975665,11.2303958984557,203,1,,4,"Co,Ni,Sr,Zn",Exact four-cation match
Ca_svMn_pvNi_pvOZn:PAW_PBE/AB_cF8_225_a_b.AB:POCC_P0-1xD_P1-0.25xA-0.25xB-0.25xC-0.25xE,Ca,Mn,Ni,Zn,,19.97034022028,0.06672589456162,0.03522523606194,0.1189913966288,0.06405981179652,0.003283128981618,0.6931471805599,1.38629436112,0.6931471805599,1.38629436112,1.38629436112,1.38629436112,6.875,0.3225007751929,0.4074598139694,0.3316907445197,0.9086631664154,16.75929645955,18.69698843676,12.79632955131,12.35678145107,23.11617006777,15.44437530689,16.03475449491,0.004935644713183,0.003965629511227,0.008466123984313,0.009079140263734,0.002594320902626,0.00581185490377,0.005391763406645,19.9701543641049,488,1,,4,"Ca,Mn,Ni,Zn",Exact four-cation match
Fe_pvOSnTi_svV_sv:PAW_PBE/AB_cF8_225_a_b.AB:POCC_P0-1xB_P1-0.25xA-0.25xC-0.25xD-0.25xE,Fe,Sn,Ti,V,,4.320048897676,0.2914310616443,0.04841204155933,0.457992732031,0.0690290558061,0.262833796107947,0.6931471805599,1.38629436112,0.6931471805599,1.38629436112,1.38629436112,1.38629436112,5.625,0.1864048014403,0.5882677961609,0.1647725705328,0.3424452510986,15.61041734174,7.000742448487,2.525381361381,7.572743300238,9.383295677898,7.580802609993,5.021771817253,0.005688875490638,0.02828572113991,0.2173709558236,0.0241740260553,0.01574507209044,0.02412265355235,0.05497199604851,4.06905854905177,496,1,,4,"Fe,Sn,Ti,V",Exact four-cation match
CdMn_pvOSnSr_sv:PAW_PBE/AB_cF8_225_a_b.AB:POCC_P0-1xC_P1-0.25xA-0.25xB-0.25xD-0.25xE,Cd,Mn,Sn,Sr,,13.46377632273,0.1867353403803,0.1460413331297,0.3872003473532,0.2542329789694,0.033946834115047,0.6931471805599,1.38629436112,0.6931471805599,1.38629436112,1.38629436112,1.38629436112,6.125,0.3374287887836,0.595603895219,0.3698225926035,0.9482450896261,25.45992191956,16.82956460953,14.82317653204,16.43808205132,23.20204035574,15.30982697292,13.72431089525,0.002138657907546,0.004894515355591,0.006309179670163,0.005130422940906,0.002575153378,0.005914457178532,0.007359941487802,13.4638708735009,289,1,,4,"Cd,Mn,Sn,Sr",Exact four-cation match
CdCoCu_pvFe_pvO:PAW_PBE/AB_cF8_225_a_b.AB:POCC_P0-1xE_P1-0.25xA-0.25xB-0.25xC-0.25xD,Cd,Co,Cu,Fe,,16.50525197695,0.1426013025128,0.08740960903902,0.233300478836,0.1515697657817,0.183245037531392,0.6931471805599,1.38629436112,0.6931471805599,1.38629436112,1.38629436112,1.38629436112,8,0.1355313616843,0.1356760848492,0.08200609733428,0.1505614492491,4.702514015431,8.533460294531,5.80304294186,3.812605834111,8.075113028825,4.897639262405,7.318821275348,0.06268956546295,0.01903728942347,0.04116649464451,0.09536996878919,0.02125975409274,0.05779388228648,0.02588053042199,24.6679865493833,187,1,,4,"Cd,Co,Cu,Fe",Exact four-cation match
CoCu_pvMn_pvOZn:PAW_PBE/AB_cF8_225_a_b.AB:POCC_P0-1xD_P1-0.25xA-0.25xB-0.25xC-0.25xE,Co,Cu,Mn,Zn,,49.69654543906,0.1190581183475,0.07082297601717,0.1769015731398,0.1058509554478,0.06692467623731,0.6931471805599,1.38629436112,0.6931471805599,1.38629436112,1.38629436112,1.38629436112,7.875,0.10425329731,0.2076841050731,0.1494155279748,0.30646166155,7.353218242865,3.074377309507,1.589037438137,4.876246279443,6.234608311751,4.946241870132,11.30265489553,0.02563896826143,0.1466699434065,0.5490187768155,0.05830209929943,0.03566457953684,0.05666367760328,0.01085161861211,49.6965073282332,336,1,,4,"Co,Cu,Mn,Zn",Exact four-cation match
CoNb_svOSnTi_sv:PAW_PBE/AB_cF8_225_a_b.AB:POCC_P0-1xC_P1-0.25xA-0.25xB-0.25xD-0.25xE,Co,Nb,Sn,Ti,,4.093056592595,0.05234970952189,0.02353944138194,0.08280288535719,0.05541541112127,0.815138996555447,0.6931471805599,1.38629436112,0.6931471805599,1.38629436112,1.38629436112,1.38629436112,5.75,0.2188304137911,0.5831046218304,0.1785357107136,0.3470860844229,19.90311304343,10.16769435243,2.935066186155,12.46439889723,8.294753674217,10.53589574472,10.53589574472,0.003499559947419,0.01340943537447,0.160923569974,0.008923038734024,0.02014876676813,0.0124885646859,0.0124885646859,4.01100048383865,340,1,,4,"Co,Nb,Sn,Ti",Exact four-cation match
Cu_pvMg_pvNi_pvOSn:PAW_PBE/AB_cF8_225_a_b.AB:POCC_P0-1xD_P1-0.25xA-0.25xB-0.25xC-0.25xE,Cu,Mg,Ni,Sn,,18.44245821728,0.1740542192732,0.1394527091814,0.2871039087038,0.2103378296838,0.070996623169593,0.6931471805599,1.38629436112,0.6931471805599,1.38629436112,1.38629436112,1.38629436112,6.375,0.2425761478382,0.5441246984837,0.2665520587052,0.2857774483755,6.453873422567,11.39474089916,4.598364975847,1.186336169568,11.41851020154,4.978232859749,4.978232859749,0.03328239493573,0.0106769337507,0.06556145443385,0.9850083533877,0.0106325288119,0.05593775628824,0.05593775628824,19.3212588096229,163,1,,4,"Cu,Mg,Ni,Sn",Exact four-cation match
Fe_pvOSnSr_svTi_sv:PAW_PBE/AB_cF8_225_a_b.AB:POCC_P0-1xB_P1-0.25xA-0.25xC-0.25xD-0.25xE,Fe,Sn,Sr,Ti,,6.349725121855,0.2777560206361,0.05609395282746,0.6368481921127,0.201400633644,0.352517615110078,0.6931471805599,1.38629436112,0.6931471805599,1.38629436112,1.38629436112,1.38629436112,5.25,0.352658740853,0.6361910090531,0.3889087296526,0.8940183163672,24.81613794146,17.48544719667,16.21850794617,16.2400817827,20.80977089162,15.65495207668,12.84363375399,0.00225105998333,0.004534213531322,0.005270279657542,0.005256286546934,0.003201259343839,0.00565655444667,0.008403875909429,6.3497181224987,310,1,,4,"Fe,Sn,Sr,Ti",Exact four-cation match
CoFe_pvOSr_svZn:PAW_PBE/AB_cF8_225_a_b.AB:POCC_P0-1xC_P1-0.25xA-0.25xB-0.25xD-0.25xE,Co,Fe,Sr,Zn,,12.48621575614,0.1718295323444,0.07448052974537,0.3554564546996,0.1719754713819,0.229385820669704,0.6931471805599,1.38629436112,0.6931471805599,1.38629436112,1.38629436112,1.38629436112,6.875,0.3509831726736,0.3595541509981,0.3722482370677,0.9927329701385,24.13988725932,22.95692252718,18.03278688525,18.12248617776,25.54150517817,20.73215633354,19.55005489927,0.002378948178553,0.00263043830072,0.004263141584898,0.004221044224486,0.002125017362489,0.003225273190805,0.003627099705827,12.4861038215121,460,1,,4,"Co,Fe,Sr,Zn",Exact four-cation match
Mg_pvMn_pvNi_pvOZn:PAW_PBE/AB_cF8_225_a_b.AB:POCC_P0-1xD_P1-0.25xA-0.25xB-0.25xC-0.25xE,Mg,Mn,Ni,Zn,,40.43567935033,0.02324085313588,0.008028314174524,0.04003510864253,0.01399976027089,0.00071772638968,0.6931471805599,1.38629436112,0.6931471805599,1.38629436112,1.38629436112,1.38629436112,6.875,0.2191213990006,0.3443432154116,0.215116247643,0.3456153931757,7.875691207119,8.797349105528,4.374088826399,4.840262404288,13.25060367251,6.508457326473,11.46008647307,0.0223500293124,0.01791231854043,0.07245698527453,0.05917219005418,0.007895581630952,0.03272648282058,0.01055552083727,40.4370795741633,363,1,,4,"Mg,Mn,Ni,Zn",Exact four-cation match
OSnSr_svV_svZn:PAW_PBE/AB_cF8_225_a_b.AB:POCC_P0-1xA_P1-0.25xB-0.25xC-0.25xD-0.25xE,Sn,Sr,V,Zn,,8.28077942867,0.2613358276091,0.2132403413899,0.5262896708934,0.4873236794335,0.277727535193248,0.6931471805599,1.38629436112,0.6931471805599,1.38629436112,1.38629436112,1.38629436112,5.875,0.3162999960481,0.6394131586854,0.3689427462358,0.9710657804701,27.55175822296,17.2363096578,17.56925429673,18.23192646762,21.12443334023,17.74235039817,17.74235039817,0.001826235662282,0.004666237947157,0.004491059398155,0.004170521222433,0.003106599878483,0.004403856436373,0.004403856436373,8.28076272488531,63,1,,4,"Sn,Sr,V,Zn",Exact four-cation match
CdMg_pvMn_pvOZn:PAW_PBE/AB_cF8_225_a_b.AB:POCC_P0-1xD_P1-0.25xA-0.25xB-0.25xC-0.25xE,Cd,Mg,Mn,Zn,,51.39168961419,0.04432586497906,0.02184900643836,0.0986465469978,0.04216202372478,0.004846310673169,0.6931471805599,1.38629436112,0.6931471805599,1.38629436112,1.38629436112,1.38629436112,7.125,0.1643142948742,0.3589515984085,0.1476482306023,0.3304069460529,8.627223552366,7.47309627723,5.452202862359,5.789196244271,13.1259746354,6.270052296199,9.745318664154,0.01862573214387,0.02482300198097,0.04663494230807,0.04136365558701,0.008046228011757,0.03526250253922,0.01459699190476,51.3877915860484,172,1,,4,"Cd,Mg,Mn,Zn",Exact four-cation match
Fe_pvMn_pvNi_pvOV_sv:PAW_PBE/AB_cF8_225_a_b.AB:POCC_P0-1xD_P1-0.25xA-0.25xB-0.25xC-0.25xE,Fe,Mn,Ni,V,,13.25982963779,0.22304949841,0.1955702820846,0.3207714459059,0.289737974805,0.100333694422453,0.6931471805599,1.38629436112,0.6931471805599,1.38629436112,1.38629436112,1.38629436112,6.75,0.1298075498575,0.1946997688751,0.1456021977856,0.312209865315,7.408704482531,7.38402471141,1.818181818182,5.030901211605,5.833186143833,7.776378011921,9.497576763472,0.02525636891689,0.02542548077616,0.4193540442388,0.05477266568815,0.04074213520869,0.0229245452545,0.01536844162757,13.2599714428261,227,1,,4,"Fe,Mn,Ni,V",Exact four-cation match
Ca_svCoNi_pvOZn:PAW_PBE/AB_cF8_225_a_b.AB:POCC_P0-1xD_P1-0.25xA-0.25xB-0.25xC-0.25xE,Ca,Co,Ni,Zn,,32.4504622696,0.06866315735841,0.0265391071838,0.1266869942629,0.05146153149575,0.004744402508035,0.6931471805599,1.38629436112,0.6931471805599,1.38629436112,1.38629436112,1.38629436112,7.125,0.3375174069585,0.4074598139694,0.3662649314362,0.9469523483259,17.36861954713,19.84561714334,13.32346775053,12.8027728908,20.82712947661,16.46790390172,16.46790390172,0.004595416214433,0.003519866881367,0.007809458234309,0.008457604519881,0.003195925322648,0.005111858322959,0.005111858322959,32.4518771188879,494,1,,4,"Ca,Co,Ni,Zn",Exact four-cation match
CdNi_pvOSnSr_sv:PAW_PBE/AB_cF8_225_a_b.AB:POCC_P0-1xC_P1-0.25xA-0.25xB-0.25xD-0.25xE,Cd,Ni,Sn,Sr,,20.98423493635,0.1772666987847,0.121262812603,0.3531513984769,0.2154748588146,0.106849699315994,0.6931471805599,1.38629436112,0.6931471805599,1.38629436112,1.38629436112,1.38629436112,6.5,0.3638003401593,0.5736436175885,0.4041271458341,1.015341691255,27.04558865011,18.89715130969,15.64929678295,17.65266910117,20.32823925935,17.75777809288,17.75777809288,0.001895232870188,0.003882064758171,0.00566064348114,0.004448716142922,0.003354717308735,0.004396207749801,0.004396207749801,20.9844637642468,529,1,,4,"Cd,Ni,Sn,Sr",Exact four-cation match
CdNb_svOSr_svZn:PAW_PBE/AB_cF8_225_a_b.AB:POCC_P0-1xC_P1-0.25xA-0.25xB-0.25xD-0.25xE,Cd,Nb,Sr,Zn,,6.541878560852,0.2491620545648,0.05880392327711,0.8215896078808,0.2035929625545,0.489940948497636,0.6931471805599,1.38629436112,0.6931471805599,1.38629436112,1.38629436112,1.38629436112,6.875,0.2440014088074,0.414163841372,0.3033459246471,0.9923834944214,22.37739091732,16.7374741778,15.64929678295,16.78200829666,20.08243311166,17.1871579966,17.1871579966,0.00276844920263,0.004948523268515,0.00566064348114,0.004922294498661,0.003437342425872,0.004692965030007,0.004692965030007,6.54190234162303,188,1,,4,"Cd,Nb,Sr,Zn",Exact four-cation match
Fe_pvMg_pvOSnTi_sv:PAW_PBE/AB_cF8_225_a_b.AB:POCC_P0-1xC_P1-0.25xA-0.25xB-0.25xD-0.25xE,Fe,Mg,Sn,Ti,,4.664098065979,0.1744686693513,0.1412984796084,0.2943363336005,0.2488982313586,0.087670090592104,0.6931471805599,1.38629436112,0.6931471805599,1.38629436112,1.38629436112,1.38629436112,5.25,0.2398816114253,0.6176456811959,0.252883372328,0.3202342892321,16.31448703035,7.368737305655,2.884021556831,8.140828875352,9.716063787996,7.250503969695,5.75317106957,0.00520845133518,0.02553108715583,0.1666703902346,0.02091790591293,0.01468502674974,0.02637054268888,0.0418832988772,4.66409507279193,150,1,,4,"Fe,Mg,Sn,Ti",Exact four-cation match
Ca_svCdMn_pvOV_sv:PAW_PBE/AB_cF8_225_a_b.AB:POCC_P0-1xD_P1-0.25xA-0.25xB-0.25xC-0.25xE,Ca,Cd,Mn,V,,16.92273911312,0.06790430104917,0.05113587720547,0.1516637372611,0.09461663266076,0.081856630847709,0.6931471805599,1.38629436112,0.6931471805599,1.38629436112,1.38629436112,1.38629436112,6.25,0.2617570438403,0.3461664159043,0.274442616953,0.7796914453808,10.63119863713,13.61833997496,11.47540983607,7.848122600704,21.28687060732,9.27782324613,7.4182813983,0.01226566195464,0.007474929705076,0.01052734962801,0.02250732587972,0.003059368678501,0.01610509414365,0.02519119964821,16.9226664923629,341,1,,4,"Ca,Cd,Mn,V",Exact four-cation match
Fe_pvMg_pvOTi_svZn:PAW_PBE/AB_cF8_225_a_b.AB:POCC_P0-1xC_P1-0.25xA-0.25xB-0.25xD-0.25xE,Fe,Mg,Ti,Zn,,18.11758362561,0.1492576183036,0.06015565570056,0.216976920282,0.1074595368153,0.062343842521928,0.6931471805599,1.38629436112,0.6931471805599,1.38629436112,1.38629436112,1.38629436112,6.25,0.1964413080286,0.3696055329672,0.1883314896665,0.3708352059878,13.68153858691,8.117064149357,3.857432693399,8.613859442177,9.711392863567,10.08204312327,9.916094114886,0.007406031883801,0.02104056996914,0.09316627735337,0.01868357135776,0.01469915636983,0.01363824083628,0.01409854116104,18.1174155588494,268,1,,4,"Fe,Mg,Ti,Zn",Exact four-cation match
Mg_pvNb_svOSnTc_pv:PAW_PBE/AB_cF8_225_a_b.AB:POCC_P0-1xC_P1-0.25xA-0.25xB-0.25xD-0.25xE,Mg,Nb,Sn,Tc,,4.189411139396,0.1556979112581,0.1057517764917,0.2775981508,0.2155815105131,0.126266867327813,0.6931471805599,1.38629436112,0.6931471805599,1.38629436112,1.38629436112,1.38629436112,5.25,0.1972832671566,0.6018265427015,0.2595549074859,,22.14219967327,4.910278161998,3.790346907427,13.92545755668,,6.655147356784,6.655147356784,0.002827573684071,0.05749674596452,0.09649338382006,0.007148855336674,,0.03129969494158,0.03129969494158,4.18942353349584,503,1,,4,"Mg,Nb,Sn,Tc",Exact four-cation match
Ca_svMg_pvOV_svZn:PAW_PBE/AB_cF8_225_a_b.AB:POCC_P0-1xC_P1-0.25xA-0.25xB-0.25xD-0.25xE,Ca,Mg,V,Zn,,49.18085355287,0.05794446670418,0.0392997056913,0.1175456755176,0.07589877061141,0.007863246387259,0.6931471805599,1.38629436112,0.6931471805599,1.38629436112,1.38629436112,1.38629436112,5.625,0.219404164728,0.4133753590866,0.2662118517272,0.8162413858657,18.38080409747,13.69528925615,12.24744871392,12.97803423393,17.01751591305,13.23186218079,13.23186218079,0.004103235504822,0.007391167390168,0.009241962407466,0.008230716174434,0.004786996676254,0.00791796393376,0.00791796393376,49.1818213250651,194,1,,4,"Ca,Mg,V,Zn",Exact four-cation match
CdFe_pvMn_pvOSr_sv:PAW_PBE/AB_cF8_225_a_b.AB:POCC_P0-1xD_P1-0.25xA-0.25xB-0.25xC-0.25xE,Cd,Fe,Mn,Sr,,18.17721098321,0.1229221638097,0.06507417103884,0.2501207464022,0.1145279079,0.040679225537667,0.6931471805599,1.38629436112,0.6931471805599,1.38629436112,1.38629436112,1.38629436112,6.625,0.3320379308151,0.3115766358378,0.3353729267547,0.908002615635,19.73556713501,19.87877968295,15.49001226213,14.87342015387,26.50713444632,16.33102872841,11.91985228695,0.003559231484829,0.003508132724453,0.005777659367055,0.006266625823777,0.001973012764612,0.005197905398758,0.009756941690224,18.1772942709363,486,1,,4,"Cd,Fe,Mn,Sr",Exact four-cation match
CoMn_pvOV_svZn:PAW_PBE/AB_cF8_225_a_b.AB:POCC_P0-1xC_P1-0.25xA-0.25xB-0.25xD-0.25xE,Co,Mn,V,Zn,,24.24912194135,0.1727371723854,0.2197616756331,0.26529315109,0.3464177943726,0.144897824849031,0.6931471805599,1.38629436112,0.6931471805599,1.38629436112,1.38629436112,1.38629436112,7.125,0.1235667835626,0.2796527981265,0.1227548369719,0.3638938718912,10.10022132827,6.955624321262,1.589037438137,6.859715831816,6.678507814438,8.996265038142,11.95750720029,0.01358919326995,0.02865386576093,0.5490187768155,0.02946070981878,0.03108111425086,0.01712895913994,0.009695588046801,24.2487755449182,465,1,,4,"Co,Mn,V,Zn",Exact four-cation match
Nb_svOSr_svV_svZn:PAW_PBE/AB_cF8_225_a_b.AB:POCC_P0-1xB_P1-0.25xA-0.25xC-0.25xD-0.25xE,Nb,Sr,V,Zn,,5.24744661784,0.224257806584,0.09435591386091,0.3102482498166,0.07954905429209,0.162558157052534,0.6931471805599,1.38629436112,0.6931471805599,1.38629436112,1.38629436112,1.38629436112,6,0.2455640191478,0.3738170508417,0.2935451413326,0.9235630731033,20.46545030114,16.95118995995,17.56925429673,15.84547259279,22.13633877098,16.46736042415,16.46736042415,0.003309884559854,0.00482453071047,0.004491059398155,0.005521347272353,0.002829071160877,0.005112195745122,0.005112195745122,5.24747328111382,343,1,,4,"Nb,Sr,V,Zn",Exact four-cation match
CoMg_pvOV_svZn:PAW_PBE/AB_cF8_225_a_b.AB:POCC_P0-1xC_P1-0.25xA-0.25xB-0.25xD-0.25xE,Co,Mg,V,Zn,,48.30199715216,0.08175575349582,0.06453300519226,0.1243706316802,0.1156045479995,0.009539338051683,0.6931471805599,1.38629436112,0.6931471805599,1.38629436112,1.38629436112,1.38629436112,6.5,0.1945807994125,0.3593080154965,0.2029008378494,0.3579455265819,11.65235538762,9.09379459005,4.681218398835,7.397058473888,9.709839943868,9.106245519744,9.106245519744,0.0102100533907,0.01676351843472,0.0632612326791,0.02533595932086,0.01470385849365,0.01671770840312,0.01671770840312,46.8978963180219,244,1,,4,"Co,Mg,V,Zn",Exact four-cation match
Mg_pvMn_pvNb_svOTi_sv:PAW_PBE/AB_cF8_225_a_b.AB:POCC_P0-1xD_P1-0.25xA-0.25xB-0.25xC-0.25xE,Mg,Mn,Nb,Ti,,8.121914879607,0.1672513589248,0.05793673969931,0.2259751083731,0.07067866048316,0.034779912924903,0.6931471805599,1.38629436112,0.6931471805599,1.38629436112,1.38629436112,1.38629436112,5.25,0.1738366690316,0.1436686726465,0.112026782512,0.1948075973878,15.57013285512,7.546933701513,2.884021556831,11.48942646154,12.53659427317,7.35963932811,5.795002283456,0.00571835114124,0.02433965326376,0.1666703902346,0.01050167943286,0.008820563178758,0.02559424917238,0.04128081223847,8.1219617344636,207,1,,4,"Mg,Mn,Nb,Ti",Exact four-cation match
Ca_svFe_pvNb_svOTi_sv:PAW_PBE/AB_cF8_225_a_b.AB:POCC_P0-1xD_P1-0.25xA-0.25xB-0.25xC-0.25xE,Ca,Fe,Nb,Ti,,14.38259504135,0.1878777731288,0.1006726927831,0.3173056789801,0.1977198249573,0.043103950067982,0.6931471805599,1.38629436112,0.6931471805599,1.38629436112,1.38629436112,1.38629436112,5.375,0.2712526497566,0.234885477414,0.3042511298253,0.7475083611573,10.91527326983,13.93384536959,11.05709765311,9.195202749775,17.66608805823,10.20538955481,5.313039287021,0.01163553162091,0.007140251076852,0.01133895851461,0.01639580850709,0.004441960322613,0.01331055862731,0.04910993984079,14.3823853531489,324,1,,4,"Ca,Fe,Nb,Ti",Exact four-cation match
Ca_svMg_pvOSr_svTi_sv:PAW_PBE/AB_cF8_225_a_b.AB:POCC_P0-1xC_P1-0.25xA-0.25xB-0.25xD-0.25xE,Ca,Mg,Sr,Ti,,14.32008100307,0.07855831647166,0.03005541090973,0.2024368785998,0.08579510149878,0.041854730932774,0.6931471805599,1.38629436112,0.6931471805599,1.38629436112,1.38629436112,1.38629436112,4.25,0.1736008352514,0.08294275134091,0.2398958107179,0.7607562027351,19.82815530174,13.23177727964,14.23789852861,14.69622513369,15.24265756626,11.85256413794,11.85256413794,0.003526069215486,0.007918065544654,0.006838544381393,0.006418652499308,0.00596669818682,0.009868038347603,0.009868038347603,14.3199338969997,270,1,,4,"Ca,Mg,Sr,Ti",Exact four-cation match
CdNb_svOSr_svV_sv:PAW_PBE/AB_cF8_225_a_b.AB:POCC_P0-1xC_P1-0.25xA-0.25xB-0.25xD-0.25xE,Cd,Nb,Sr,V,,4.827881329308,0.2044533388814,0.1530312166399,0.4116082310066,0.3022693427939,0.108482380931315,0.6931471805599,1.38629436112,0.6931471805599,1.38629436112,1.38629436112,1.38629436112,6,0.2315905600408,0.3204559252066,0.3005307804535,0.8941022033302,15.99907533875,13.63745897128,15.64929678295,12.16859081252,20.24749212866,11.73681497251,11.73681497251,0.005415838307011,0.007453985484381,0.00566064348114,0.009362134619991,0.003381527931841,0.01006363647414,0.01006363647414,4.8278679065334,157,1,,4,"Cd,Nb,Sr,V",Exact four-cation match
Mn_pvNb_svOSnZn:PAW_PBE/AB_cF8_225_a_b.AB:POCC_P0-1xC_P1-0.25xA-0.25xB-0.25xD-0.25xE,Mn,Nb,Sn,Zn,,5.077709574999,0.1253258106187,0.1400647860855,0.1934913020784,0.2237632253965,0.346916684258426,0.6931471805599,1.38629436112,0.6931471805599,1.38629436112,1.38629436112,1.38629436112,6.5,0.1591438028954,0.5283755175063,0.1598436736315,0.2809248120049,21.09781196829,9.730953270215,2.935066186155,13.79360334981,12.2423259832,10.62647096721,11.68910838877,0.00311444468513,0.01464012155765,0.160923569974,0.007286181581928,0.009249698517449,0.01227657825988,0.01014594924193,5.0776995851176,286,1,,4,"Mn,Nb,Sn,Zn",Exact four-cation match
Ca_svCdOSnSr_sv:PAW_PBE/AB_cF8_225_a_b.AB:POCC_P0-1xC_P1-0.25xA-0.25xB-0.25xD-0.25xE,Ca,Cd,Sn,Sr,,47.12293460713,0.07635769359972,0.08256559447948,0.1717014892289,0.1606880299204,0.019884185328841,0.6931471805599,1.38629436112,0.6931471805599,1.38629436112,1.38629436112,1.38629436112,5.5,0.3543764770692,0.6966790419555,0.4359472445147,1.109805726242,25.07328336038,13.07080786586,12.65047833389,15.98596861156,14.95363203744,14.11042445879,14.11042445879,0.002205124117344,0.008114291308557,0.008662466386241,0.005424722725145,0.00619957726712,0.006962661800854,0.006962661800854,47.1200257720581,10,1,,4,"Ca,Cd,Sn,Sr",Exact four-cation match
CdMn_pvOSnTi_sv:PAW_PBE/AB_cF8_225_a_b.AB:POCC_P0-1xC_P1-0.25xA-0.25xB-0.25xD-0.25xE,Cd,Mn,Sn,Ti,,4.967991777801,0.1323054235342,0.1055197844776,0.2534814080464,0.2054780142414,0.037287339339802,0.6931471805599,1.38629436112,0.6931471805599,1.38629436112,1.38629436112,1.38629436112,6.375,0.1775577370885,0.5562688199063,0.1694845125668,0.3774254893353,14.80112361019,6.105297580959,4.223258177212,6.819910404131,12.44480237201,5.922229532513,6.403668743647,0.006327994390254,0.03719133628504,0.07772490384679,0.02980561712484,0.008951162640331,0.03952619285993,0.03380630773037,4.96800098539994,428,1,,4,"Cd,Mn,Sn,Ti",Exact four-cation match
Fe_pvOSnTi_svZn:PAW_PBE/AB_cF8_225_a_b.AB:POCC_P0-1xB_P1-0.25xA-0.25xC-0.25xD-0.25xE,Fe,Sn,Ti,Zn,,6.197045862639,0.2751882214037,0.05876472731269,0.368889167896,0.1057298921324,0.078719082986784,0.6931471805599,1.38629436112,0.6931471805599,1.38629436112,1.38629436112,1.38629436112,6.5,0.1797686012628,0.5499856248121,0.1616322987524,0.3813462993134,16.37330549893,8.328141404547,2.525381361381,8.613859442177,9.259510200183,10.07965100135,10.03604212379,0.005171097501029,0.01998753676981,0.2173709558236,0.01868357135776,0.01616886101158,0.01364471491084,0.01376355129399,6.19699364715348,299,1,,4,"Fe,Sn,Ti,Zn",Exact four-cation match
Fe_pvMg_pvOSr_svTi_sv:PAW_PBE/AB_cF8_225_a_b.AB:POCC_P0-1xC_P1-0.25xA-0.25xB-0.25xD-0.25xE,Fe,Mg,Sr,Ti,,6.893696399504,0.195144816683,0.07852889289978,0.3837924267642,0.1594896445404,0.066739063323143,0.6931471805599,1.38629436112,0.6931471805599,1.38629436112,1.38629436112,1.38629436112,5,0.2983680612934,0.2180910073799,0.3220539551069,0.7892559787547,22.01981254423,17.54760940069,15.79345138264,16.2400817827,20.72454237917,15.38582462316,12.47616230334,0.002859092601819,0.004502145633858,0.00555778012049,0.005256286546934,0.003227643481394,0.00585617304323,0.008906220125638,6.89374855262441,306,1,,4,"Fe,Mg,Sr,Ti",Exact four-cation match
Mg_pvOSnSr_svV_sv:PAW_PBE/AB_cF8_225_a_b.AB:POCC_P0-1xB_P1-0.25xA-0.25xC-0.25xD-0.25xE,Mg,Sn,Sr,V,,9.567388981606,0.255083995336,0.1022013086661,0.4658358917461,0.2141766406401,0.061608711928842,0.6931471805599,1.38629436112,0.6931471805599,1.38629436112,1.38629436112,1.38629436112,4.625,0.3158595415687,0.660202383743,0.3746581775432,0.8561359413084,27.48341586715,13.79370610522,15.95218352559,17.77405285852,18.18678720663,14.3841908161,14.3841908161,0.001835329468388,0.007286073026366,0.005447725068599,0.004388160683063,0.004191249222987,0.006700150922989,0.006700150922989,9.56729606234024,197,1,,4,"Mg,Sn,Sr,V",Exact four-cation match
Ca_svCoFe_pvOSn:PAW_PBE/AB_cF8_225_a_b.AB:POCC_P0-1xD_P1-0.25xA-0.25xB-0.25xC-0.25xE,Ca,Co,Fe,Sn,,17.6117250543,0.1845841679352,0.1252206644685,0.3621312501434,0.2393589576072,0.440419920504519,0.6931471805599,1.38629436112,0.6931471805599,1.38629436112,1.38629436112,1.38629436112,5.875,0.3412224347841,0.6086244223657,0.3881607270191,0.8801562361308,19.16189471305,17.66092716761,11.78511301978,11.76582648728,19.7845950282,13.58456869488,12.4595355562,0.003775535495196,0.004444556768498,0.009981319400063,0.01001406895969,0.003541613190801,0.007512141298764,0.008930005968006,17.6116900699549,480,1,,4,"Ca,Co,Fe,Sn",Exact four-cation match
Ca_svMg_pvOSr_svV_sv:PAW_PBE/AB_cF8_225_a_b.AB:POCC_P0-1xC_P1-0.25xA-0.25xB-0.25xD-0.25xE,Ca,Mg,Sr,V,,16.2830764113,0.07129030700304,0.02599597027232,0.1816824906098,0.07310692702017,0.016922805536266,0.6931471805599,1.38629436112,0.6931471805599,1.38629436112,1.38629436112,1.38629436112,4.375,0.2242621234181,0.1200520720354,0.2727063438939,0.7924447930298,20.30883326796,13.61228283662,15.24295859603,15.03356761337,18.31009436855,12.52641507692,12.52641507692,0.003361131534318,0.007481583512861,0.005966462519185,0.006133824507268,0.004134988361103,0.008834904508521,0.008834904508521,16.2833153939071,247,1,,4,"Ca,Mg,Sr,V",Exact four-cation match
Mn_pvOSnSr_svTi_sv:PAW_PBE/AB_cF8_225_a_b.AB:POCC_P0-1xB_P1-0.25xA-0.25xC-0.25xD-0.25xE,Mn,Sn,Sr,Ti,,6.385709042756,0.1155660706743,0.1044890166512,0.1813107976912,0.221561975279,0.133641387551773,0.6931471805599,1.38629436112,0.6931471805599,1.38629436112,1.38629436112,1.38629436112,5.125,0.3422436084137,0.6385420894506,0.3599305488563,0.8471533214242,24.22389136638,16.82956460953,16.21850794617,15.71195705487,23.43909390777,14.46080218236,12.25470230445,0.002362477256736,0.004894515355591,0.005270279657542,0.005615583507944,0.002523328649726,0.006629345999078,0.009231024961655,6.38568525920968,371,1,,4,"Mn,Sn,Sr,Ti",Exact four-cation match
Ca_svMn_pvNb_svOSn:PAW_PBE/AB_cF8_225_a_b.AB:POCC_P0-1xD_P1-0.25xA-0.25xB-0.25xC-0.25xE,Ca,Mn,Nb,Sn,,6.616052511661,0.2610580115687,0.0727247368317,0.4345579323243,0.1642319812508,0.255033004818024,0.6931471805599,1.38629436112,0.6931471805599,1.38629436112,1.38629436112,1.38629436112,5.25,0.3133093519192,0.640392604189,0.3431745182848,0.8087490340025,20.35790333962,12.87054523257,10.4969249794,12.76599966186,20.0536769618,10.40139720388,8.35024325993,0.003344947923442,0.008368768728074,0.0125814666286,0.008506399973741,0.003447207509842,0.01281362748249,0.0198818687085,6.61602128089035,346,1,,4,"Ca,Mn,Nb,Sn",Exact four-cation match
Mg_pvNi_pvOSnSr_sv:PAW_PBE/AB_cF8_225_a_b.AB:POCC_P0-1xC_P1-0.25xA-0.25xB-0.25xD-0.25xE,Mg,Ni,Sn,Sr,,14.59657605155,0.1854839515452,0.08500015035469,0.3921959576045,0.1830729763193,0.076369049179512,0.6931471805599,1.38629436112,0.6931471805599,1.38629436112,1.38629436112,1.38629436112,5.25,0.3808523335888,0.6511948153203,0.4225147926404,0.9633113463465,29.25802241362,18.68908478314,15.95218352559,19.15376018746,19.63488194469,17.98904011022,17.98904011022,0.001619442453845,0.003968984366739,0.005447725068599,0.003778743085922,0.003595827652576,0.004283901499132,0.004283901499132,14.5965155781918,334,1,,4,"Mg,Ni,Sn,Sr",Exact four-cation match
Ca_svMn_pvOSnTi_sv:PAW_PBE/AB_cF8_225_a_b.AB:POCC_P0-1xC_P1-0.25xA-0.25xB-0.25xD-0.25xE,Ca,Mn,Sn,Ti,,4.638103380555,0.2856601537615,0.02827431207414,0.5002429892768,0.03942001723932,0.116581497215622,0.6931471805599,1.38629436112,0.6931471805599,1.38629436112,1.38629436112,1.38629436112,5.125,0.3158306508241,0.6576858577619,0.3409820376501,0.7670845781268,18.60881518076,13.26383348348,11.05709765311,10.72459701798,19.75188004664,10.1396628119,8.284238913408,0.004003298847739,0.007879838828086,0.01133895851461,0.01205295380455,0.003553354833864,0.01348367979785,0.02019994682621,4.63809115786435,426,1,,4,"Ca,Mn,Sn,Ti",Exact four-cation match
Ca_svOSr_svTi_svV_sv:PAW_PBE/AB_cF8_225_a_b.AB:POCC_P0-1xB_P1-0.25xA-0.25xC-0.25xD-0.25xE,Ca,Sr,Ti,V,,9.270952523947,0.1133258330913,0.08267321860135,0.2578565477672,0.1585461388246,0.046617480150936,0.6931471805599,1.38629436112,0.6931471805599,1.38629436112,1.38629436112,1.38629436112,4.625,0.2356707183763,0.1241538863669,0.3071644510682,0.7179615240387,11.93057396717,14.104626233,16.63701886848,9.895576672086,19.83584337015,9.456702706898,9.456702706898,0.009739412977257,0.006968387494333,0.005008462638143,0.01415706546999,0.003523336444573,0.01550158065526,0.01550158065526,9.27087429025569,111,1,,4,"Ca,Sr,Ti,V",Exact four-cation match
Cu_pvMn_pvNi_pvOSn:PAW_PBE/AB_cF8_225_a_b.AB:POCC_P0-1xD_P1-0.25xA-0.25xB-0.25xC-0.25xE,Cu,Mn,Ni,Sn,,11.56129955085,0.3768326735428,0.2174689097159,0.7479830519479,0.496037053522,0.195196987672129,0.6931471805599,1.38629436112,0.6931471805599,1.38629436112,1.38629436112,1.38629436112,7,0.04814561246884,0.4257041226016,0.1632482771731,0.2984543516185,10.42319658089,9.8812762065,2.987950261581,4.371625682868,12.88185488543,4.632702950132,9.903525106429,0.01276008594257,0.01419807214179,0.1552775711214,0.07253865843069,0.008354080420858,0.06459316255547,0.0141343500534,11.6638063760377,76,1,,4,"Cu,Mn,Ni,Sn",Exact four-cation match
Fe_pvNb_svOSr_svZn:PAW_PBE/AB_cF8_225_a_b.AB:POCC_P0-1xC_P1-0.25xA-0.25xB-0.25xD-0.25xE,Fe,Nb,Sr,Zn,,7.002926199832,0.2359831767279,0.05952815607151,0.4002095247955,0.1436990855563,0.475496320586991,0.6931471805599,1.38629436112,0.6931471805599,1.38629436112,1.38629436112,1.38629436112,6.375,0.3084342515027,0.3710440506193,0.333044666674,0.9553893185503,22.52099879558,19.75325068463,16.91627174468,17.37589866365,23.41181103125,18.70479087179,16.52889607359,0.002733255067641,0.003552861730807,0.004844468658314,0.00459156679471,0.002529213181875,0.003962321790398,0.005074202076028,7.00296627446808,374,1,,4,"Fe,Nb,Sr,Zn",Exact four-cation match
Ca_svMg_pvNb_svOV_sv:PAW_PBE/AB_cF8_225_a_b.AB:POCC_P0-1xD_P1-0.25xA-0.25xB-0.25xC-0.25xE,Ca,Mg,Nb,V,,10.62179181812,0.1493517793582,0.06573475599991,0.2392981041038,0.1091339186432,0.034121864642708,0.6931471805599,1.38629436112,0.6931471805599,1.38629436112,1.38629436112,1.38629436112,4.75,0.1834957424574,0.1388794441233,0.255,0.7003347413916,16.11543821268,9.611961040084,10.99705562705,11.95152305159,15.58684855193,8.183673041686,8.183673041686,0.005337909641744,0.01500484291126,0.01146311403939,0.009705299673637,0.005706092733882,0.020699455283,0.020699455283,10.62200576102,429,1,,4,"Ca,Mg,Nb,V",Exact four-cation match
Ca_svCdOSr_svTi_sv:PAW_PBE/AB_cF8_225_a_b.AB:POCC_P0-1xC_P1-0.25xA-0.25xB-0.25xD-0.25xE,Ca,Cd,Sr,Ti,,8.38942114122,0.2154897253732,0.09938104980005,0.4402966225266,0.1897458589446,0.103364666707926,0.6931471805599,1.38629436112,0.6931471805599,1.38629436112,1.38629436112,1.38629436112,5.5,0.2324719069049,0.377083130755,0.3248461174156,0.9501710372349,15.27346022395,13.74232421044,13.63848343668,11.52851537132,16.6234254645,11.20748329269,11.20748329269,0.005942655850605,0.007340659443017,0.007452865702481,0.01043058558226,0.005016657085466,0.01103670047676,0.01103670047676,8.38946958081866,427,1,,4,"Ca,Cd,Sr,Ti",Exact four-cation match
CdMg_pvMn_pvOV_sv:PAW_PBE/AB_cF8_225_a_b.AB:POCC_P0-1xD_P1-0.25xA-0.25xB-0.25xC-0.25xE,Cd,Mg,Mn,V,,8.275984037683,0.05804226975534,0.02993740915013,0.09604669498097,0.04815802812316,0.107607232349165,0.6931471805599,1.38629436112,0.6931471805599,1.38629436112,1.38629436112,1.38629436112,6.25,0.1616220514039,0.2942723016188,0.144481832768,0.282754310312,9.620972260329,5.843654780508,5.452202862359,5.839478373103,13.2102342697,3.713047709814,5.244834080937,0.01497674832388,0.04059629066916,0.04663494230807,0.04065438054234,0.0079439118771,0.1005528530181,0.05039552209364,8.27607356160011,311,1,,4,"Cd,Mg,Mn,V",Exact four-cation match
Nb_svOSnV_svZn:PAW_PBE/AB_cF8_225_a_b.AB:POCC_P0-1xB_P1-0.25xA-0.25xC-0.25xD-0.25xE,Nb,Sn,V,Zn,,3.737223685166,0.2940644899542,0.02037379367794,0.4370463138659,0.03193844020884,0.115466474985445,0.6931471805599,1.38629436112,0.6931471805599,1.38629436112,1.38629436112,1.38629436112,6.25,0.1506212136454,0.5732989512462,0.1454303957225,0.3247595264192,21.41708449892,7.947476805419,3.571428571429,13.80394075936,7.386765003663,10.88178906126,10.88178906126,0.003022280412065,0.02194809940528,0.1086854779118,0.007275272807157,0.02540661992854,0.01170724887109,0.01170724887109,3.73723133687749,184,1,,4,"Nb,Sn,V,Zn",Exact four-cation match
CoMn_pvNi_pvOSr_sv:PAW_PBE/AB_cF8_225_a_b.AB:POCC_P0-1xD_P1-0.25xA-0.25xB-0.25xC-0.25xE,Co,Mn,Ni,Sr,,11.13310414955,0.1945640775976,0.1122289476805,0.3790069075353,0.2317651405795,0.060670087744877,0.6931471805599,1.38629436112,0.6931471805599,1.38629436112,1.38629436112,1.38629436112,6.5,0.375498585217,0.2990836003528,0.3861589698557,0.9623279066929,22.0916856878,23.79275600041,18.03278688525,16.73429067244,28.55519355709,19.77424662089,19.21291033377,0.002840519306698,0.002448871263755,0.004263141584898,0.004950406246303,0.001700142171707,0.003545321007994,0.003755511920922,11.1330968350767,170,1,,4,"Co,Mn,Ni,Sr",Exact four-cation match
Fe_pvOSr_svTi_svZn:PAW_PBE/AB_cF8_225_a_b.AB:POCC_P0-1xB_P1-0.25xA-0.25xC-0.25xD-0.25xE,Fe,Sr,Ti,Zn,,9.222085696914,0.2552829873338,0.08058831358471,0.4637957640365,0.1592271226599,0.149502711885997,0.6931471805599,1.38629436112,0.6931471805599,1.38629436112,1.38629436112,1.38629436112,6.25,0.3094538535873,0.391460965487,0.3298768709685,0.9311551965167,22.10614621258,20.04701883186,17.4181181184,16.76554069144,23.09386762033,18.61449116792,16.53035910329,0.00283680432491,0.003449497702431,0.004569334943221,0.004931968891277,0.002599334150727,0.004000857823878,0.005073303924964,9.22212767137954,69,1,,4,"Fe,Sr,Ti,Zn",Exact four-cation match
Cu_pvMg_pvMn_pvOV_sv:PAW_PBE/AB_cF8_225_a_b.AB:POCC_P0-1xD_P1-0.25xA-0.25xB-0.25xC-0.25xE,Cu,Mg,Mn,V,,14.38868227055,0.1447813843804,0.07197598300034,0.2216481428925,0.1096791930643,0.031936851403347,0.6931471805599,1.38629436112,0.6931471805599,1.38629436112,1.38629436112,1.38629436112,6.125,0.2144858678328,0.3020408705788,0.2106389090363,0.3466536455888,11.24733685308,8.675877424236,4.374088826399,7.124925982688,13.00121538781,5.353799455665,7.563193485664,0.01095862465593,0.01841741362104,0.07245698527453,0.027308304868,0.008201391623361,0.04836500736923,0.02423511221292,19.1851740169217,383,1,,4,"Cu,Mg,Mn,V",Exact four-cation match
Mn_pvOSr_svV_svZn:PAW_PBE/AB_cF8_225_a_b.AB:POCC_P0-1xB_P1-0.25xA-0.25xC-0.25xD-0.25xE,Mn,Sr,V,Zn,,13.50391166862,0.2273257467385,0.1528235911703,0.480501860132,0.3545820024909,0.130456344982231,0.6931471805599,1.38629436112,0.6931471805599,1.38629436112,1.38629436112,1.38629436112,6.25,0.2970255670814,0.3684368161571,0.2882273408266,0.8941022033302,21.6295804209,19.64305459205,18.03278688525,16.38871061705,26.74259111779,17.74235039817,16.46576694263,0.002963188413824,0.003592836130275,0.004263141584898,0.005161380577048,0.001938422705775,0.004403856436373,0.005113185262787,13.5042396104945,389,1,,4,"Mn,Sr,V,Zn",Exact four-cation match
CoCu_pvFe_pvMg_pvO:PAW_PBE/AB_cF8_225_a_b.AB:POCC_P0-1xE_P1-0.25xA-0.25xB-0.25xC-0.25xD,Co,Cu,Fe,Mg,,48.94744549388,0.0991069097159,0.08861999507262,0.1546187981256,0.145672753885,0.035888213083065,0.6931471805599,1.38629436112,0.6931471805599,1.38629436112,1.38629436112,1.38629436112,6.75,0.2332792050312,0.2939084678943,0.2438237068047,0.2736215452043,5.764460362374,9.55038678704,4.374088826399,3.155177636139,11.12809025574,4.03470532686,7.119798637362,0.04171940849027,0.01519894821526,0.07245698527453,0.1392540473916,0.01119474429072,0.08515924713632,0.0273476513535,48.9466477030382,198,1,,4,"Co,Cu,Fe,Mg",Exact four-cation match
Fe_pvMg_pvNi_pvOSn:PAW_PBE/AB_cF8_225_a_b.AB:POCC_P0-1xD_P1-0.25xA-0.25xB-0.25xC-0.25xE,Fe,Mg,Ni,Sn,,14.9846023401,0.09585727145287,0.1060549414781,0.1550276709735,0.1728783317054,0.107766933403512,0.6931471805599,1.38629436112,0.6931471805599,1.38629436112,1.38629436112,1.38629436112,6,0.2363380788193,0.5554324328845,0.2596512083546,0.2505369234265,9.225357008232,10.63239109597,3.922926276315,3.02053794212,12.18208567148,4.978232859749,7.17623645441,0.01628880008748,0.01226291083748,0.09008140758557,0.1519451582649,0.009341404063343,0.05593775628824,0.02691918929769,14.9848799248531,47,1,,4,"Fe,Mg,Ni,Sn",Exact four-cation match
CoCu_pvMn_pvNi_pvO:PAW_PBE/AB_cF8_225_a_b.AB:POCC_P0-1xE_P1-0.25xA-0.25xB-0.25xC-0.25xD,Co,Cu,Mn,Ni,,16.47962497132,0.1263405207326,0.1058535684009,0.1858287580819,0.1554717739189,0.067991103078329,0.6931471805599,1.38629436112,0.6931471805599,1.38629436112,1.38629436112,1.38629436112,7.625,0.04847679857416,0.1597341541437,0.1504991694329,0.2984543516185,5.792628503885,3.128791067197,1.589037438137,3.881126520392,5.048700766062,4.489065475442,10.95570807936,0.04131465236021,0.1416127415771,0.5490187768155,0.09203221100185,0.05438713661845,0.06879289354237,0.01154980237586,16.479598655812,25,1,,4,"Co,Cu,Mn,Ni",Exact four-cation match
Fe_pvMg_pvNb_svOZn:PAW_PBE/AB_cF8_225_a_b.AB:POCC_P0-1xD_P1-0.25xA-0.25xB-0.25xC-0.25xE,Fe,Mg,Nb,Zn,,12.01369149685,0.1718972106666,0.06160477066511,0.2370503446249,0.1139780710561,0.754310006040861,0.6931471805599,1.38629436112,0.6931471805599,1.38629436112,1.38629436112,1.38629436112,6.375,0.191629036161,0.3459483342929,0.186731759484,0.2508485598922,18.72567412223,10.24839430344,3.922926276315,13.98411256103,9.543135154205,11.11285330268,10.67323976199,0.003953488995632,0.01319908433968,0.09008140758557,0.00708901074538,0.01522205572994,0.01122546380557,0.01216922513528,12.0137132739736,140,1,,4,"Fe,Mg,Nb,Zn",Exact four-cation match
Mg_pvOSr_svV_svZn:PAW_PBE/AB_cF8_225_a_b.AB:POCC_P0-1xB_P1-0.25xA-0.25xC-0.25xD-0.25xE,Mg,Sr,V,Zn,,14.97393583866,0.1493499589176,0.08661993377181,0.3019940001305,0.1619755753762,0.028469592976308,0.6931471805599,1.38629436112,0.6931471805599,1.38629436112,1.38629436112,1.38629436112,5.625,0.2464112416267,0.3943073040155,0.285087705803,0.8965210538521,25.08970192961,17.29849820428,17.22109395489,18.23192646762,21.05146224137,17.53214835158,17.53214835158,0.002202239018358,0.004632747763446,0.004674487301881,0.004170521222433,0.003128174142324,0.00451008973584,0.00451008973584,14.9738766783362,416,1,,4,"Mg,Sr,V,Zn",Exact four-cation match
Ca_svCdCoOSn:PAW_PBE/AB_cF8_225_a_b.AB:POCC_P0-1xD_P1-0.25xA-0.25xB-0.25xC-0.25xE,Ca,Cd,Co,Sn,,29.63701185992,0.1332585503618,0.1307211969754,0.2795317921677,0.2520242910367,0.109259453303356,0.6931471805599,1.38629436112,0.6931471805599,1.38629436112,1.38629436112,1.38629436112,6.375,0.3264395043496,0.6067797685322,0.3781120865564,0.9137388850213,19.11625490917,15.27823762433,10.87730744737,11.51839469664,16.41303613297,12.57427345751,12.57427345751,0.003793585097476,0.005938939976001,0.0117168979829,0.01044892337038,0.005146092704157,0.008767780220555,0.008767780220555,29.6366133035057,103,1,,4,"Ca,Cd,Co,Sn",Exact four-cation match
CdMn_pvNi_pvOSr_sv:PAW_PBE/AB_cF8_225_a_b.AB:POCC_P0-1xD_P1-0.25xA-0.25xB-0.25xC-0.25xE,Cd,Mn,Ni,Sr,,15.40610922401,0.1246280645847,0.0493461297997,0.237693163167,0.08925864407569,0.050092403264744,0.6931471805599,1.38629436112,0.6931471805599,1.38629436112,1.38629436112,1.38629436112,6.875,0.3508834386231,0.3402410909928,0.3559143155311,0.9678164857038,21.28767028048,21.06895408999,16.26500121581,15.82035252057,26.35496053857,17.75777809288,16.69745676619,0.003059138831925,0.003122982158466,0.005240192685033,0.005538895143749,0.001995862949497,0.004396207749801,0.004972271123392,15.4057286303826,8,1,,4,"Cd,Mn,Ni,Sr",Exact four-cation match
Ca_svNb_svOSnV_sv:PAW_PBE/AB_cF8_225_a_b.AB:POCC_P0-1xC_P1-0.25xA-0.25xB-0.25xD-0.25xE,Ca,Nb,Sn,V,,4.999990200653,0.1718726684491,0.06445762987896,0.2583689815157,0.1735214360659,0.13859201997648,0.6931471805599,1.38629436112,0.6931471805599,1.38629436112,1.38629436112,1.38629436112,5,0.2832538614035,0.6560332975543,0.3462206666275,0.8042853971073,19.58266364441,9.495587380105,11.30148291833,11.95152305159,15.62020901605,8.643354609967,8.643354609967,0.00361503018382,0.01537488186631,0.0108538693803,0.009705299673637,0.005681745476337,0.01855627476193,0.01855627476193,4.99996369081467,221,1,,4,"Ca,Nb,Sn,V",Exact four-cation match
CoMn_pvNi_pvOSn:PAW_PBE/AB_cF8_225_a_b.AB:POCC_P0-1xD_P1-0.25xA-0.25xB-0.25xC-0.25xE,Co,Mn,Ni,Sn,,12.15856917071,0.1362247074061,0.09231309024436,0.1903183456058,0.1248570181346,0.076067549209426,0.6931471805599,1.38629436112,0.6931471805599,1.38629436112,1.38629436112,1.38629436112,6.75,0.04708237462151,0.4417646432208,0.161322658049,0.2687005768509,10.4155275885,10.05194840151,2.987950261581,3.881126520392,13.08823040552,5.33001790889,10.71956579853,0.01277888345952,0.01372002666675,0.1552775711214,0.09203221100185,0.008092702833481,0.04879756151142,0.01206427054772,12.1586456437181,276,1,,4,"Co,Mn,Ni,Sn",Exact four-cation match
Mn_pvOSnV_svZn:PAW_PBE/AB_cF8_225_a_b.AB:POCC_P0-1xB_P1-0.25xA-0.25xC-0.25xD-0.25xE,Mn,Sn,V,Zn,,6.308916954098,0.2035272868178,0.1012311196246,0.3021708377166,0.1435959073481,0.071375711605447,0.6931471805599,1.38629436112,0.6931471805599,1.38629436112,1.38629436112,1.38629436112,6.5,0.1183923561722,0.533842849067,0.1561049326575,0.3638938718912,14.93338946444,7.433823840792,2.987950261581,7.651101929702,12.19832044786,7.946319183624,10.31085833585,0.006216396014358,0.02508597157796,0.1552775711214,0.02368140587165,0.009316555611917,0.02195449468046,0.01303964646217,6.30891175922052,338,1,,4,"Mn,Sn,V,Zn",Exact four-cation match
CdMn_pvNb_svOV_sv:PAW_PBE/AB_cF8_225_a_b.AB:POCC_P0-1xD_P1-0.25xA-0.25xB-0.25xC-0.25xE,Cd,Mn,Nb,V,,5.9455642939,0.1925366029776,0.163950006121,0.2688696256747,0.2294514380064,0.124897264012178,0.6931471805599,1.38629436112,0.6931471805599,1.38629436112,1.38629436112,1.38629436112,6.625,0.1233642979148,0.2523965134466,0.05068283733178,0.2813694190917,11.03989740224,7.444006471366,5.144417202695,8.763496299394,10.69588862628,6.342099196813,4.991696043814,0.01137431841976,0.02501738849072,0.05238212264517,0.01805097403441,0.01211774230439,0.0344658819063,0.05563642195099,5.94558613830949,510,1,,4,"Cd,Mn,Nb,V",Exact four-cation match
CdCoFe_pvMg_pvO:PAW_PBE/AB_cF8_225_a_b.AB:POCC_P0-1xE_P1-0.25xA-0.25xB-0.25xC-0.25xD,Cd,Co,Fe,Mg,,26.69181969826,0.1172152877684,0.06940461442255,0.1934152266953,0.120160332799,0.038093619754922,0.6931471805599,1.38629436112,0.6931471805599,1.38629436112,1.38629436112,1.38629436112,6.875,0.2222311578065,0.2882701640822,0.2233131209759,0.2327015255644,5.919983699872,9.701829212658,5.452202862359,3.812605834111,11.20462552042,5.27038232827,6.690873251097,0.03955618823037,0.01472815026053,0.04663494230807,0.09536996878919,0.01104233107971,0.04990812040071,0.03096633807962,26.692251033354,88,1,,4,"Cd,Co,Fe,Mg",Exact four-cation match
OSnSr_svTi_svZn:PAW_PBE/AB_cF8_225_a_b.AB:POCC_P0-1xA_P1-0.25xB-0.25xC-0.25xD-0.25xE,Sn,Sr,Ti,Zn,,6.55074805447,0.1849933212302,0.1371710844314,0.3111428406356,0.235212040545,0.296823104748329,0.6931471805599,1.38629436112,0.6931471805599,1.38629436112,1.38629436112,1.38629436112,5.75,0.3166554712933,0.6607917126448,0.3659576478228,0.9727538229172,27.53652733852,17.04427839485,16.91627174468,18.18418298877,19.08966697532,17.68214130414,17.68214130414,0.001828256460075,0.004771975643456,0.004844468658314,0.004192449794678,0.003804159805848,0.004433898458303,0.004433898458303,6.55075069941506,232,1,,4,"Sn,Sr,Ti,Zn",Exact four-cation match
Ca_svCdOSnV_sv:PAW_PBE/AB_cF8_225_a_b.AB:POCC_P0-1xC_P1-0.25xA-0.25xB-0.25xD-0.25xE,Ca,Cd,Sn,V,,7.612595218328,0.1802074350144,0.1065272655811,0.3086984054867,0.1738341496497,0.149770763586553,0.6931471805599,1.38629436112,0.6931471805599,1.38629436112,1.38629436112,1.38629436112,5.875,0.2834237110758,0.6512078681189,0.3517811819868,0.8635211346574,18.57915348231,10.34278773671,10.87730744737,10.59171201862,14.90869949801,9.27782324613,9.27782324613,0.004016091619107,0.01295926089266,0.0117168979829,0.0123572868629,0.006237002734419,0.01610509414365,0.01610509414365,7.61255624321015,39,1,,4,"Ca,Cd,Sn,V",Exact four-cation match
Cu_pvMg_pvMn_pvOZn:PAW_PBE/AB_cF8_225_a_b.AB:POCC_P0-1xD_P1-0.25xA-0.25xB-0.25xC-0.25xE,Cu,Mg,Mn,Zn,,34.12059376417,0.08632516274316,0.06326223537392,0.1403449657618,0.09904277532587,0.076472028977592,0.6931471805599,1.38629436112,0.6931471805599,1.38629436112,1.38629436112,1.38629436112,7,0.2107289431948,0.3627481908983,0.2115862708211,0.3653080891522,8.071212218546,8.338930307121,4.374088826399,5.033663256863,12.97003972436,5.567816010232,10.33820709583,0.02128030870216,0.01993585050329,0.07245698527453,0.05471257304079,0.008240865845495,0.04471834330764,0.01297074738557,34.1211139945684,528,1,,4,"Cu,Mg,Mn,Zn",Exact four-cation match
CdMg_pvOSr_svTi_sv:PAW_PBE/AB_cF8_225_a_b.AB:POCC_P0-1xC_P1-0.25xA-0.25xB-0.25xD-0.25xE,Cd,Mg,Sr,Ti,,6.17895540073,0.2030506170291,0.06833624050227,0.3408933324243,0.09628708167108,0.167811090674914,0.6931471805599,1.38629436112,0.6931471805599,1.38629436112,1.38629436112,1.38629436112,5.5,0.2048987554867,0.3477667141921,0.2789601225982,0.8585853189986,21.88893259288,13.9735992038,14.27283150351,15.71195705487,16.40418307086,13.41203983367,13.41203983367,0.00289338542219,0.007099681917237,0.006805110461179,0.005615583507944,0.005151648722613,0.007706652691568,0.007706652691568,6.17897303405296,104,1,,4,"Cd,Mg,Sr,Ti",Exact four-cation match
CoMn_pvNi_pvOZn:PAW_PBE/AB_cF8_225_a_b.AB:POCC_P0-1xD_P1-0.25xA-0.25xB-0.25xC-0.25xE,Co,Mn,Ni,Zn,,62.64014010482,0.04766961373765,0.04854793740073,0.06979659639061,0.07088558130308,0.006099703924058,0.6931471805599,1.38629436112,0.6931471805599,1.38629436112,1.38629436112,1.38629436112,7.75,0.111467484048,0.1950466290403,0.1520485119953,0.2922648627529,6.843817975116,3.520636571309,1.589037438137,4.5159542043,6.084129432879,5.203419099925,12.07036780973,0.02959774038736,0.1118440962946,0.5490187768155,0.06797612414601,0.03745058167954,0.05120092926025,0.00951512391293,62.6402501524366,525,1,,4,"Co,Mn,Ni,Zn",Exact four-cation match
Mn_pvNb_svOSnTc_pv:PAW_PBE/AB_cF8_225_a_b.AB:POCC_P0-1xC_P1-0.25xA-0.25xB-0.25xD-0.25xE,Mn,Nb,Sn,Tc,,4.435668946272,0.03323606845344,0,0.04297698195641,0,0.156745411711919,0.6931471805599,1.38629436112,0.6931471805599,1.38629436112,1.38629436112,1.38629436112,5.875,0.1693125807493,0.5408481764784,0.1796350466919,,19.12469901029,8.076351555374,2.935066186155,11.81373146139,,6.931903450796,6.682309545857,0.003790235884572,0.02125323413116,0.160923569974,0.009933019027226,,0.02885030750174,0.03104575867952,4.34737773307683,205,1,,4,"Mn,Nb,Sn,Tc",Exact four-cation match
CdCoFe_pvNi_pvO:PAW_PBE/AB_cF8_225_a_b.AB:POCC_P0-1xE_P1-0.25xA-0.25xB-0.25xC-0.25xD,Cd,Co,Fe,Ni,,18.18722305286,0.1307810821373,0.08707374593342,0.1883776427997,0.1125924462508,0.31722457388008,0.6931471805599,1.38629436112,0.6931471805599,1.38629436112,1.38629436112,1.38629436112,7.875,0.1414213562373,0.1141709244948,0.08437268515343,0.1279404158192,3.355085460708,8.876975380641,5.80304294186,2.912621359223,8.379579542023,5.927170063924,8.691436276707,0.1231539321087,0.01759241356319,0.04116649464451,0.1634132986347,0.0197429025155,0.03946032702235,0.01835153329306,18.1871723153527,458,1,,4,"Cd,Co,Fe,Ni",Exact four-cation match
Fe_pvMg_pvNi_pvOZn:PAW_PBE/AB_cF8_225_a_b.AB:POCC_P0-1xD_P1-0.25xA-0.25xB-0.25xC-0.25xE,Fe,Mg,Ni,Zn,,32.44902935447,0.02876671277833,0.006760445281364,0.04606339847069,0.01484093397618,0.00282930959754,0.6931471805599,1.38629436112,0.6931471805599,1.38629436112,1.38629436112,1.38629436112,7,0.2269949063305,0.3377724825974,0.2308137777517,0.2827100988645,6.15421653472,9.060189021549,4.374088826399,3.54327313571,10.75188360467,5.777134624495,9.20005659979,0.0366024293678,0.01688810575516,0.07245698527453,0.1104196061308,0.01199185443757,0.04153655566247,0.01637851256962,32.4507372195626,224,1,,4,"Fe,Mg,Ni,Zn",Exact four-cation match
Mg_pvMn_pvOSnV_sv:PAW_PBE/AB_cF8_225_a_b.AB:POCC_P0-1xC_P1-0.25xA-0.25xB-0.25xD-0.25xE,Mg,Mn,Sn,V,,6.127361379987,0.2582072708706,0.07419660389128,0.3925263082287,0.1235194757799,0.129328788953653,0.6931471805599,1.38629436112,0.6931471805599,1.38629436112,1.38629436112,1.38629436112,5.25,0.2072575390667,0.6033159930749,0.2326343697737,0.2700347199899,14.87253155437,6.31310361795,3.922926276315,7.124925982688,14.1052819805,4.077588737654,6.05124604566,0.006267374679064,0.03478320702674,0.09008140758557,0.027308304868,0.006967739595696,0.08337745114865,0.03785871185759,6.12734318167186,226,1,,4,"Mg,Mn,Sn,V",Exact four-cation match
CdNb_svOV_svZn:PAW_PBE/AB_cF8_225_a_b.AB:POCC_P0-1xC_P1-0.25xA-0.25xB-0.25xD-0.25xE,Cd,Nb,V,Zn,,3.904723328249,0.1382343660679,0.01928702903563,0.2198725941123,0.02123740934121,0.13849312230032,0.6931471805599,1.38629436112,0.6931471805599,1.38629436112,1.38629436112,1.38629436112,7.25,0.06495190528383,0.3443569187631,0.03269174207656,0.3298863440641,15.81390203654,7.740665136766,5.81863998308,12.03058507822,5.328340052802,10.58890177293,10.58890177293,0.00554341469135,0.02313656580242,0.04094609435708,0.009578157172154,0.04882829835472,0.01236384686714,0.01236384686714,3.90474354834627,388,1,,4,"Cd,Nb,V,Zn",Exact four-cation match
Ca_svCdCoOSr_sv:PAW_PBE/AB_cF8_225_a_b.AB:POCC_P0-1xD_P1-0.25xA-0.25xB-0.25xC-0.25xE,Ca,Cd,Co,Sr,,31.28956009534,0.09848867340022,0.04199260906423,0.2094495666464,0.09458494698932,0.014524228652145,0.6931471805599,1.38629436112,0.6931471805599,1.38629436112,1.38629436112,1.38629436112,6.125,0.3599176121003,0.4132120369738,0.4109136162261,1.109805726242,19.5095873351,19.28498084687,14.69978776387,14.71445769815,20.92579578286,16.78137016755,16.78137016755,0.003642162261066,0.003727494685739,0.006415541636152,0.006402755754308,0.003165858437719,0.004922668856549,0.004922668856549,31.2900019809715,349,1,,4,"Ca,Cd,Co,Sr",Exact four-cation match
Ca_svMg_pvNi_pvOZn:PAW_PBE/AB_cF8_225_a_b.AB:POCC_P0-1xD_P1-0.25xA-0.25xB-0.25xC-0.25xE,Ca,Mg,Ni,Zn,,36.3020782256,0.0538187510461,0.01805418849941,0.1036560321563,0.03680347990053,0.002418775480622,0.6931471805599,1.38629436112,0.6931471805599,1.38629436112,1.38629436112,1.38629436112,6.25,0.3170972839682,0.4548150036004,0.3436840845893,0.9089829481349,19.00288640906,17.5352809146,12.24744871392,13.47244138027,18.30045002222,15.3813084695,15.3813084695,0.003838984087963,0.00450847848382,0.009241962407466,0.007637704496509,0.004139347791384,0.005859612446324,0.005859612446324,36.3013160189383,280,1,,4,"Ca,Mg,Ni,Zn",Exact four-cation match
Ca_svFe_pvOSr_svZn:PAW_PBE/AB_cF8_225_a_b.AB:POCC_P0-1xC_P1-0.25xA-0.25xB-0.25xD-0.25xE,Ca,Fe,Sr,Zn,,13.76756349527,0.154395896754,0.06446237083636,0.3240102138719,0.127998214826,0.081489034055015,0.6931471805599,1.38629436112,0.6931471805599,1.38629436112,1.38629436112,1.38629436112,6,0.3569603444362,0.4400812424996,0.3881607270191,1.08858566498,22.44020921847,20.95397892953,16.63701886848,17.14912910875,23.55623967288,19.3401551183,16.93474682128,0.002752971106467,0.003157347992056,0.005008462638143,0.004713801787366,0.002498293901982,0.003706257167972,0.004833904212429,13.7672722049405,478,1,,4,"Ca,Fe,Sr,Zn",Exact four-cation match
Ca_svMn_pvOSr_svV_sv:PAW_PBE/AB_cF8_225_a_b.AB:POCC_P0-1xC_P1-0.25xA-0.25xB-0.25xD-0.25xE,Ca,Mn,Sr,V,,15.68652088617,0.07688247462837,0.03163589944023,0.1717762787347,0.08504261172348,0.026480463765215,0.6931471805599,1.38629436112,0.6931471805599,1.38629436112,1.38629436112,1.38629436112,5,0.3309995279453,0.2117963349541,0.3093036533894,0.7843468620451,15.04329437908,17.57132108149,16.63701886848,12.01398521424,26.25847926846,12.93533885852,9.346486600005,0.006125894996075,0.004490002959973,0.005008462638143,0.00960464396181,0.002010556653366,0.008285139714794,0.01586933329096,15.6868734008452,453,1,,4,"Ca,Mn,Sr,V",Exact four-cation match
Mn_pvNb_svOSr_svZn:PAW_PBE/AB_cF8_225_a_b.AB:POCC_P0-1xC_P1-0.25xA-0.25xB-0.25xD-0.25xE,Mn,Nb,Sr,Zn,,7.778609947609,0.2620645182079,0.1100420187219,0.5013331079139,0.2636250766214,0.288247866632468,0.6931471805599,1.38629436112,0.6931471805599,1.38629436112,1.38629436112,1.38629436112,6.25,0.2943113784752,0.3660439693534,0.2836701429478,0.9278570741229,21.77139755044,19.1838052516,16.91627174468,16.78200829666,25.70159932881,17.74486779287,16.14236312527,0.002924710204132,0.003766916060852,0.004844468658314,0.004922294498661,0.002098626530465,0.004402607009373,0.005320117588982,7.77869136704458,304,1,,4,"Mn,Nb,Sr,Zn",Exact four-cation match
Mg_pvNb_svOSr_svTi_sv:PAW_PBE/AB_cF8_225_a_b.AB:POCC_P0-1xC_P1-0.25xA-0.25xB-0.25xD-0.25xE,Mg,Nb,Sr,Ti,,8.032653933577,0.1717883404061,0.06924252765987,0.3164731901371,0.1529052976913,0.081444496850429,0.6931471805599,1.38629436112,0.6931471805599,1.38629436112,1.38629436112,1.38629436112,4.625,0.1776154554086,0.09403024779293,0.2550490148971,0.7754031209635,19.87429508855,12.92484482136,15.16642542068,14.85579411779,17.34676252683,11.74413477277,11.74413477277,0.003509716109152,0.008298599042409,0.006026830660513,0.006281505041745,0.00460700401177,0.01005109560093,0.01005109560093,8.03271297641552,520,1,,4,"Mg,Nb,Sr,Ti",Exact four-cation match
CdNi_pvOSr_svZn:PAW_PBE/AB_cF8_225_a_b.AB:POCC_P0-1xC_P1-0.25xA-0.25xB-0.25xD-0.25xE,Cd,Ni,Sr,Zn,,14.42987098907,0.1222061998425,0.05363079379857,0.2555600204061,0.1111939772989,0.097799538474596,0.6931471805599,1.38629436112,0.6931471805599,1.38629436112,1.38629436112,1.38629436112,7.5,0.3319325044343,0.3894954268024,0.360277670693,1.037219841692,24.68400597448,21.22567693188,16.98940846528,18.0979473297,22.71537455168,20.12380411719,20.12380411719,0.002275224056589,0.003077034440945,0.004802849089246,0.004232498538313,0.002686678204859,0.003423223809324,0.003423223809324,14.4299320434925,165,1,,4,"Cd,Ni,Sr,Zn",Exact four-cation match
CdCu_pvMn_pvNi_pvO:PAW_PBE/AB_cF8_225_a_b.AB:POCC_P0-1xE_P1-0.25xA-0.25xB-0.25xC-0.25xD,Cd,Cu,Mn,Ni,,17.15623247112,0.1576042887536,0.1051161450418,0.258902237693,0.1425889404709,0.135616637973781,0.6931471805599,1.38629436112,0.6931471805599,1.38629436112,1.38629436112,1.38629436112,8,0.1412444689183,0.1734128022956,0.1508931741332,0.3006139550986,6.204140011239,8.580034352068,5.80304294186,4.637291187365,10.61232110442,5.587465805705,9.935912662654,0.03601573452275,0.01883117430993,0.04116649464451,0.06446540601631,0.01230933786167,0.04440436869756,0.01404235428471,16.9944958000822,196,1,,4,"Cd,Cu,Mn,Ni",Exact four-cation match
Ca_svMn_pvOSnV_sv:PAW_PBE/AB_cF8_225_a_b.AB:POCC_P0-1xC_P1-0.25xA-0.25xB-0.25xD-0.25xE,Ca,Mn,Sn,V,,8.732672504495,0.3828201844501,0.2103572775345,0.6379389119188,0.3518032915727,0.04207743053661,0.6931471805599,1.38629436112,0.6931471805599,1.38629436112,1.38629436112,1.38629436112,5.25,0.3085332234947,0.6428103822279,0.345,0.7714110447744,18.27371563736,13.42843704167,11.78511301978,10.59171201862,21.22433853064,9.965349018014,8.512619097124,0.004151468355027,0.007687843289658,0.009981319400063,0.0123572868629,0.003077422527156,0.01395951820334,0.01913062041604,8.73271759089097,395,1,,4,"Ca,Mn,Sn,V",Exact four-cation match
CoCu_pvFe_pvMn_pvO:PAW_PBE/AB_cF8_225_a_b.AB:POCC_P0-1xE_P1-0.25xA-0.25xB-0.25xC-0.25xD,Co,Cu,Fe,Mn,,26.43224481275,0.132274781983,0.07124320350022,0.1891771690133,0.1050471622311,0.164161609122215,0.6931471805599,1.38629436112,0.6931471805599,1.38629436112,1.38629436112,1.38629436112,7.375,0.03937003937006,0.1597341541437,0.1408900280361,0.2846049894152,5.620597173083,2.79612412115,1.818181818182,3.812605834111,4.988266223988,3.480520347736,9.997837461431,0.04388241653467,0.1773138111988,0.4193540442388,0.09536996878919,0.05571295696224,0.1144371682331,0.01386894138674,26.4322738368835,71,1,,4,"Co,Cu,Fe,Mn",Exact four-cation match
Ca_svCdOTi_svZn:PAW_PBE/AB_cF8_225_a_b.AB:POCC_P0-1xC_P1-0.25xA-0.25xB-0.25xD-0.25xE,Ca,Cd,Ti,Zn,,8.101178944133,0.1724089314863,0.06995242824461,0.4923801017796,0.3054455754138,0.531585844108495,0.6931471805599,1.38629436112,0.6931471805599,1.38629436112,1.38629436112,1.38629436112,6.75,0.214133136156,0.4631808502086,0.2768573639981,0.8996770253819,15.81618190382,13.7000017986,11.47540983607,11.37356685483,15.37979628582,13.26825617788,13.26825617788,0.005541816664853,0.007386083420112,0.01052734962801,0.010716725016,0.005860764769252,0.007874586546196,0.007874586546196,8.10118705949102,235,1,,4,"Ca,Cd,Ti,Zn",Exact four-cation match
CdCoNi_pvOSr_sv:PAW_PBE/AB_cF8_225_a_b.AB:POCC_P0-1xD_P1-0.25xA-0.25xB-0.25xC-0.25xE,Cd,Co,Ni,Sr,,12.53748815177,0.1420409462042,0.06591036258821,0.2783123236207,0.1086401455238,0.045577766733912,0.6931471805599,1.38629436112,0.6931471805599,1.38629436112,1.38629436112,1.38629436112,7.125,0.3669014683808,0.3419824556903,0.3888685510555,1.015341691255,22.53403871127,22.44865117971,16.98940846528,16.73429067244,23.93891360055,19.45510620182,19.45510620182,0.002730092642683,0.002750900950419,0.004802849089246,0.004950406246303,0.002419059675823,0.00366258949093,0.00366258949093,12.5375530372239,33,1,,4,"Cd,Co,Ni,Sr",Exact four-cation match
Ca_svCoFe_pvNi_pvO:PAW_PBE/AB_cF8_225_a_b.AB:POCC_P0-1xE_P1-0.25xA-0.25xB-0.25xC-0.25xD,Ca,Co,Fe,Ni,,27.37459262499,0.1017062871256,0.07506011639666,0.1742968497548,0.1343424282814,0.038598559746477,0.6931471805599,1.38629436112,0.6931471805599,1.38629436112,1.38629436112,1.38629436112,6.625,0.3501524667913,0.3365689936699,0.379242666376,0.897663634108,14.76990832869,20.0825995982,12.79632955131,11.19034703939,21.94319621076,15.25299127667,14.72520611139,0.006354770299165,0.003437285434359,0.008466123984313,0.01107052829352,0.002879092934543,0.005958616199002,0.006393412000833,27.3747663703131,459,1,,4,"Ca,Co,Fe,Ni",Exact four-cation match
CdMn_pvOSr_svZn:PAW_PBE/AB_cF8_225_a_b.AB:POCC_P0-1xC_P1-0.25xA-0.25xB-0.25xD-0.25xE,Cd,Mn,Sr,Zn,,23.33831399459,0.116568505277,0.05040245237065,0.2339078120663,0.1071292847981,0.023690849683003,0.6931471805599,1.38629436112,0.6931471805599,1.38629436112,1.38629436112,1.38629436112,7.125,0.2964526732887,0.3900669013131,0.2988310559497,0.9781743198428,22.9059362443,19.51677905385,16.26500121581,16.93523093374,25.25441627758,18.15366507225,17.15065640269,0.002642161509451,0.003639478562021,0.005240192685033,0.004833627851293,0.002173605813976,0.004206557400566,0.004712962281261,23.339275282212,77,1,,4,"Cd,Mn,Sr,Zn",Exact four-cation match
CdCoMg_pvOSn:PAW_PBE/AB_cF8_225_a_b.AB:POCC_P0-1xD_P1-0.25xA-0.25xB-0.25xC-0.25xE,Cd,Co,Mg,Sn,,19.64006100178,0.2571967416219,0.2227670386242,0.486895156716,0.4331347146078,0.106067978050824,0.6931471805599,1.38629436112,0.6931471805599,1.38629436112,1.38629436112,1.38629436112,6.375,0.2274548032027,0.5486635467206,0.2508983858059,0.2427962108436,9.910835420968,9.069855849336,5.056478447094,4.359349727395,9.399741996204,4.999173485406,4.999173485406,0.01411350651538,0.01685212560005,0.05421995288391,0.07294777226519,0.01569002335994,0.05547011167179,0.05547011167179,19.639982644385,482,1,,4,"Cd,Co,Mg,Sn",Exact four-cation match
Mg_pvMn_pvOSnZn:PAW_PBE/AB_cF8_225_a_b.AB:POCC_P0-1xC_P1-0.25xA-0.25xB-0.25xD-0.25xE,Mg,Mn,Sn,Zn,,14.98275133413,0.1890432032767,0.103136272078,0.298648715177,0.1686499668765,0.081387892118961,0.6931471805599,1.38629436112,0.6931471805599,1.38629436112,1.38629436112,1.38629436112,6.125,0.2038459896589,0.5788628939568,0.2331710745354,0.3245381333526,10.91385137719,8.14875815567,3.922926276315,5.033663256863,14.00721786298,5.688237542857,9.823841427371,0.01163856364946,0.02087721670896,0.09008140758557,0.05471257304079,0.007065642986812,0.04284498626261,0.01436457461098,14.9826409512227,473,1,,4,"Mg,Mn,Sn,Zn",Exact four-cation match
Ca_svNi_pvOSr_svZn:PAW_PBE/AB_cF8_225_a_b.AB:POCC_P0-1xC_P1-0.25xA-0.25xB-0.25xD-0.25xE,Ca,Ni,Sr,Zn,,13.65950982723,0.1347571932486,0.0603813687248,0.2758468186675,0.1428606078792,0.05707146462598,0.6931471805599,1.38629436112,0.6931471805599,1.38629436112,1.38629436112,1.38629436112,6.25,0.3830805235195,0.4727361843566,0.4132417573286,1.164782705057,24.01275137932,22.26290816869,17.47356414092,18.0972821689,23.35808974267,20.72717481006,20.72717481006,0.002404205620115,0.002796994851077,0.004540382694366,0.00423280967275,0.002540860438946,0.003226823687193,0.003226823687193,13.659242271652,167,1,,4,"Ca,Ni,Sr,Zn",Exact four-cation match
Ca_svCdFe_pvNb_svO:PAW_PBE/AB_cF8_225_a_b.AB:POCC_P0-1xE_P1-0.25xA-0.25xB-0.25xC-0.25xD,Ca,Cd,Fe,Nb,,6.906036503211,0.1034626251331,0.08036149822258,0.1710184999777,0.1408671197703,0.44257558539486,0.6931471805599,1.38629436112,0.6931471805599,1.38629436112,1.38629436112,1.38629436112,6.375,0.2746506872374,0.3538123619943,0.3167806812291,0.8449075393201,13.68711562086,13.93384536959,9.942603230595,10.65510419761,17.49582931856,11.09610876015,7.625380913825,0.007399997701367,0.007140251076852,0.01402346190564,0.01221068574982,0.004528833873178,0.01125936885901,0.0238414338391,6.90609841181144,329,1,,4,"Ca,Cd,Fe,Nb",Exact four-cation match
CoMg_pvMn_pvOZn:PAW_PBE/AB_cF8_225_a_b.AB:POCC_P0-1xD_P1-0.25xA-0.25xB-0.25xC-0.25xE,Co,Mg,Mn,Zn,,177.726048107,0.0362486655931,0.01846275767969,0.05364657130233,0.02652258773248,0.001068252842559,0.6931471805599,1.38629436112,0.6931471805599,1.38629436112,1.38629436112,1.38629436112,6.75,0.20803650521,0.3315603263359,0.2046185475464,0.3245381333526,8.002436386113,8.562899163036,4.374088826399,4.876246279443,13.25060367251,6.177843344811,11.13107481092,0.021647661869,0.01890661571779,0.07245698527453,0.05830209929943,0.007895581630952,0.03632299691452,0.01118874184202,177.699982113734,200,1,,4,"Co,Mg,Mn,Zn",Exact four-cation match
Mn_pvOSnTi_svZn:PAW_PBE/AB_cF8_225_a_b.AB:POCC_P0-1xB_P1-0.25xA-0.25xC-0.25xD-0.25xE,Mn,Sn,Ti,Zn,,5.633698103954,0.1404748483294,0.1332142921114,0.2298805169881,0.2202946131416,0.13905667503205,0.6931471805599,1.38629436112,0.6931471805599,1.38629436112,1.38629436112,1.38629436112,6.375,0.1702879913558,0.564748339971,0.1700735135169,0.4098170323449,16.5946216707,7.686839825782,2.525381361381,8.7306656871,12.49661111087,9.622995418077,11.10874905515,0.005034087330592,0.0234617170882,0.2173709558236,0.0181869862923,0.008877096618094,0.014970451503,0.01123376007598,5.63373106008421,431,1,,4,"Mn,Sn,Ti,Zn",Exact four-cation match
Ca_svNb_svOTi_svZn:PAW_PBE/AB_cF8_225_a_b.AB:POCC_P0-1xC_P1-0.25xA-0.25xB-0.25xD-0.25xE,Ca,Nb,Ti,Zn,,9.4336844221,0.1145035625137,0.05460213849293,0.1905373342804,0.09238909433223,0.231007600876999,0.6931471805599,1.38629436112,0.6931471805599,1.38629436112,1.38629436112,1.38629436112,5.875,0.2011883445928,0.4065568840888,0.2612828926662,0.8429857650044,16.01535623968,13.42402365067,11.78511301978,12.45503716588,15.98646670111,13.00165055894,13.00165055894,0.005404832631301,0.007692899156185,0.009981319400063,0.008936457639905,0.005424384694773,0.008200842623968,0.008200842623968,9.43373336722274,327,1,,4,"Ca,Nb,Ti,Zn",Exact four-cation match
Ca_svCoOSr_svZn:PAW_PBE/AB_cF8_225_a_b.AB:POCC_P0-1xC_P1-0.25xA-0.25xB-0.25xD-0.25xE,Ca,Co,Sr,Zn,,15.03083186955,0.1478129848211,0.06912312664639,0.3025391862361,0.1530177513019,0.1354915136221,0.6931471805599,1.38629436112,0.6931471805599,1.38629436112,1.38629436112,1.38629436112,6.125,0.369845491388,0.4543000110059,0.4036706578388,1.140928897872,23.21896903006,22.03670093685,17.47356414092,17.67241689539,23.35808974267,20.3598989849,20.3598989849,0.002571399719439,0.002854712002733,0.004540382694366,0.004438779387044,0.002540860438946,0.003344292222509,0.003344292222509,15.030744828203,81,1,,4,"Ca,Co,Sr,Zn",Exact four-cation match
CoOSnSr_svZn:PAW_PBE/AB_cF8_225_a_b.AB:POCC_P0-1xB_P1-0.25xA-0.25xC-0.25xD-0.25xE,Co,Sn,Sr,Zn,,14.63099885042,0.1904822802333,0.09778638013794,0.3959367699325,0.1844589771844,0.104619952846265,0.6931471805599,1.38629436112,0.6931471805599,1.38629436112,1.38629436112,1.38629436112,6.375,0.3554127002514,0.584297173962,0.397680776503,1.01942079143,28.81862788644,20.86692565577,17.56925429673,19.25478536743,22.32861756871,20.11116823148,20.11116823148,0.001669201852627,0.003183746783429,0.004491059398155,0.003739194815399,0.002780556894453,0.003427526796905,0.003427526796905,14.6309025153983,309,1,,4,"Co,Sn,Sr,Zn",Exact four-cation match
Ca_svCdNb_svOV_sv:PAW_PBE/AB_cF8_225_a_b.AB:POCC_P0-1xD_P1-0.25xA-0.25xB-0.25xC-0.25xE,Ca,Cd,Nb,V,,5.217482300861,0.2978966769259,0.1124637339688,0.6388414450984,0.2304196839737,0.510195547751353,0.6931471805599,1.38629436112,0.6931471805599,1.38629436112,1.38629436112,1.38629436112,6,0.2015855897628,0.3443569187631,0.2790161285661,0.8115840991542,11.12002379363,10.00948229222,10.87730744737,8.550158862178,15.95127556889,7.527141032802,7.527141032802,0.01121099151013,0.01383669046163,0.0117168979829,0.01896300190591,0.005448345262165,0.02446782412428,0.02446782412428,5.21747506968808,177,1,,4,"Ca,Cd,Nb,V",Exact four-cation match
Ca_svOSr_svTi_svZn:PAW_PBE/AB_cF8_225_a_b.AB:POCC_P0-1xB_P1-0.25xA-0.25xC-0.25xD-0.25xE,Ca,Sr,Ti,Zn,,8.642047864118,0.2607399233436,0.1148535131625,0.5179481344766,0.2187591306438,0.103884425704206,0.6931471805599,1.38629436112,0.6931471805599,1.38629436112,1.38629436112,1.38629436112,5.5,0.2555644488187,0.4319068186542,0.3129297045664,0.9927864825832,19.92967659229,17.53715294468,16.63701886848,15.34771546606,19.63617081094,16.44448605173,16.44448605173,0.003490237289402,0.004507516006403,0.005008462638143,0.005885291499979,0.003595355626859,0.005126427822659,0.005126427822659,8.64201930343504,499,1,,4,"Ca,Sr,Ti,Zn",Exact four-cation match
CdMn_pvOTi_svV_sv:PAW_PBE/AB_cF8_225_a_b.AB:POCC_P0-1xC_P1-0.25xA-0.25xB-0.25xD-0.25xE,Cd,Mn,Ti,V,,5.124819175817,0.3967049692098,0.1878663495039,0.5269704133094,0.2825672196855,0.117335001915378,0.6931471805599,1.38629436112,0.6931471805599,1.38629436112,1.38629436112,1.38629436112,6.5,0.1323820229487,0.281638065609,0.06139014578904,0.3344024521441,6.670774810772,5.424392710818,5.263157894737,3.883521990065,11.13208497221,5.431682569208,4.401770391177,0.03115321672432,0.04711435058985,0.05004522643643,0.09191870971217,0.01118671132911,0.04698797116217,0.07154852534816,5.12483768643048,452,1,,4,"Cd,Mn,Ti,V",Exact four-cation match
Ca_svCdCoNi_pvO:PAW_PBE/AB_cF8_225_a_b.AB:POCC_P0-1xE_P1-0.25xA-0.25xB-0.25xC-0.25xD,Ca,Cd,Co,Ni,,20.17942192374,0.1074334607005,0.06462063885285,0.2059815151381,0.1229069382726,0.035520590723443,0.6931471805599,1.38629436112,0.6931471805599,1.38629436112,1.38629436112,1.38629436112,7.125,0.3386690862774,0.3780961352619,0.3677635109687,0.9287996285529,14.68783517772,18.79490337887,12.23028808839,10.89912373885,19.69652675387,14.63204172771,14.63204172771,0.006425987493456,0.003924418025695,0.009267915863542,0.01167003854043,0.00357335493565,0.006475086801723,0.006475086801723,20.1790611058425,206,1,,4,"Ca,Cd,Co,Ni",Exact four-cation match
CdCu_pvMg_pvOZn:PAW_PBE/AB_cF8_225_a_b.AB:POCC_P0-1xD_P1-0.25xA-0.25xB-0.25xC-0.25xE,Cd,Cu,Mg,Zn,,64.71371301245,0.08318342233766,0.07766149038517,0.1634902078707,0.1275110692524,0.014632625927148,0.6931471805599,1.38629436112,0.6931471805599,1.38629436112,1.38629436112,1.38629436112,7.625,0.1986496602061,0.3638821924744,0.2115862708211,0.295497461918,6.545513432159,9.106758247578,6.20993776395,5.033663256863,9.017138817412,6.370421043929,6.370421043929,0.0323569829349,0.01671582597847,0.03594851554081,0.05471257304079,0.01704974725741,0.03416010382417,0.03416010382417,75.4848004490499,12,1,,4,"Cd,Cu,Mg,Zn",Exact four-cation match
Mn_pvNi_pvOSnZn:PAW_PBE/AB_cF8_225_a_b.AB:POCC_P0-1xC_P1-0.25xA-0.25xB-0.25xD-0.25xE,Mn,Ni,Sn,Zn,,14.70468693009,0.165576751035,0.1345427846911,0.2573817758826,0.2074353593722,0.076596860742441,0.6931471805599,1.38629436112,0.6931471805599,1.38629436112,1.38629436112,1.38629436112,7.125,0.1089632965727,0.4252477954087,0.172100987795,0.2922648627529,10.75979563006,9.116210628511,2.987950261581,4.840262404288,12.7105770724,6.130678780232,11.42598824944,0.01197422492565,0.01668117946892,0.1552775711214,0.05917219005418,0.008580743498456,0.03688402718012,0.01061861587255,14.7048047414827,273,1,,4,"Mn,Ni,Sn,Zn",Exact four-cation match
Mg_pvMn_pvOSr_svTi_sv:PAW_PBE/AB_cF8_225_a_b.AB:POCC_P0-1xC_P1-0.25xA-0.25xB-0.25xD-0.25xE,Mg,Mn,Sr,Ti,,9.346086551989,0.2024964468092,0.1118741045177,0.416799907784,0.209245920918,0.03916324921341,0.6931471805599,1.38629436112,0.6931471805599,1.38629436112,1.38629436112,1.38629436112,4.875,0.2801200635442,0.1727373367283,0.2434517405976,0.7196874321537,21.34487546701,16.89663001272,15.79345138264,15.71195705487,23.37154125172,14.15834739359,11.84772886175,0.003042763556663,0.004855738250091,0.00555778012049,0.005615583507944,0.002537936492158,0.006915607370563,0.009876094647352,9.34607451423038,495,1,,4,"Mg,Mn,Sr,Ti",Exact four-cation match
Ca_svCoMg_pvNi_pvO:PAW_PBE/AB_cF8_225_a_b.AB:POCC_P0-1xE_P1-0.25xA-0.25xB-0.25xC-0.25xD,Ca,Co,Mg,Ni,,32.24899595749,0.06213155213487,0.0197222903714,0.114738052952,0.03910776867649,0.005514994138811,0.6931471805599,1.38629436112,0.6931471805599,1.38629436112,1.38629436112,1.38629436112,5.875,0.3603653528018,0.3699182342086,0.3860375629392,0.8798970110189,17.29298576245,18.80506491945,12.24744871392,12.36647433588,19.62260191101,14.6999409623,14.6999409623,0.004635701773035,0.00392017795964,0.009241962407466,0.0090649133192,0.003600329675479,0.006415407915101,0.006415407915101,32.247493740628,398,1,,4,"Ca,Co,Mg,Ni",Exact four-cation match
CoFe_pvMg_pvOSr_sv:PAW_PBE/AB_cF8_225_a_b.AB:POCC_P0-1xD_P1-0.25xA-0.25xB-0.25xC-0.25xE,Co,Fe,Mg,Sr,,12.12314156764,0.1764697263608,0.09412188179934,0.3591505581317,0.1921005671135,0.119886713283161,0.6931471805599,1.38629436112,0.6931471805599,1.38629436112,1.38629436112,1.38629436112,5.625,0.3654155169119,0.2918238980961,0.3846020670771,0.9031991751546,24.06514604106,21.23567090678,16.53118265582,17.68267949704,23.73093892361,18.43261372818,16.7269473309,0.002393748138438,0.003074138881969,0.005072798452576,0.004433628560708,0.002461646083343,0.004080201511512,0.004954753782373,12.1233523825778,19,1,,4,"Co,Fe,Mg,Sr",Exact four-cation match
CoFe_pvNi_pvOSn:PAW_PBE/AB_cF8_225_a_b.AB:POCC_P0-1xD_P1-0.25xA-0.25xB-0.25xC-0.25xE,Co,Fe,Ni,Sn,,16.15806968293,0.110743635622,0.06044454533322,0.154800026813,0.09690656856666,0.169043671219603,0.6931471805599,1.38629436112,0.6931471805599,1.38629436112,1.38629436112,1.38629436112,6.875,0.02912043955712,0.4175392197147,0.04716990566028,0.1251998402555,9.282327773961,10.22536553313,2.987950261581,2.678490946279,10.8567887806,4.489065475442,8.322036365612,0.01608946697684,0.01325860318164,0.1552775711214,0.1932302390951,0.01176122827523,0.06879289354237,0.02001687320705,16.1580628330651,161,1,,4,"Co,Fe,Ni,Sn",Exact four-cation match
CdNb_svOTi_svZn:PAW_PBE/AB_cF8_225_a_b.AB:POCC_P0-1xC_P1-0.25xA-0.25xB-0.25xD-0.25xE,Cd,Nb,Ti,Zn,,4.167524600238,0.1463724683602,0.02828937344583,0.2283706680234,0.04346893091324,0.193038803143129,0.6931471805599,1.38629436112,0.6931471805599,1.38629436112,1.38629436112,1.38629436112,7.125,0.08440971508067,0.3738130381621,0.05612486080161,0.3875161286966,16.13634176237,7.747725907901,5.144417202695,12.11856304636,4.480103892842,11.1967081796,11.1967081796,0.00532408879089,0.02309441470952,0.05238212264517,0.009439591564964,0.06906838259365,0.01105795295843,0.01105795295843,4.16752627486821,326,1,,4,"Cd,Nb,Ti,Zn",Exact four-cation match
CdMg_pvMn_pvOTi_sv:PAW_PBE/AB_cF8_225_a_b.AB:POCC_P0-1xD_P1-0.25xA-0.25xB-0.25xC-0.25xE,Cd,Mg,Mn,Ti,,7.957363501347,0.01907781425567,0.03106665451573,0.02785886912134,0.05365563849889,0.262844082251661,0.6931471805599,1.38629436112,0.6931471805599,1.38629436112,1.38629436112,1.38629436112,6.125,0.1727257580675,0.3131847497884,0.1362672007491,0.320809522926,11.27478209812,5.954616542664,4.441155916843,6.819910404131,12.73528718066,5.668816903167,5.98625648423,0.01090533829057,0.03909739819664,0.07028512410878,0.02980561712484,0.008547477597611,0.04313905197318,0.03868519726445,7.95727138431999,127,1,,4,"Cd,Mg,Mn,Ti",Exact four-cation match
Nb_svOSr_svTi_svZn:PAW_PBE/AB_cF8_225_a_b.AB:POCC_P0-1xB_P1-0.25xA-0.25xC-0.25xD-0.25xE,Nb,Sr,Ti,Zn,,5.805350530259,0.1525173698035,0.08799469931869,0.3226520559867,0.1536143343628,0.115667457062838,0.6931471805599,1.38629436112,0.6931471805599,1.38629436112,1.38629436112,1.38629436112,5.875,0.2297045656925,0.3862326856961,0.2827100988645,0.9222933372848,19.97591436636,16.7374741778,16.91627174468,15.50960734023,20.34238819173,16.16679352249,16.16679352249,0.003474098450585,0.004948523268515,0.004844468658314,0.005763069420823,0.003350052255567,0.005304050781184,0.005304050781184,5.80533689333643,397,1,,4,"Nb,Sr,Ti,Zn",Exact four-cation match
Fe_pvNi_pvOV_svZn:PAW_PBE/AB_cF8_225_a_b.AB:POCC_P0-1xC_P1-0.25xA-0.25xB-0.25xD-0.25xE,Fe,Ni,V,Zn,,10.52735255543,0.345105782254,0.2723151665964,0.5929343197614,0.4961813554962,0.271499225848864,0.6931471805599,1.38629436112,0.6931471805599,1.38629436112,1.38629436112,1.38629436112,7.375,0.1443952907819,0.2796045198133,0.118638105177,0.3395125181786,10.40389073307,7.426041568744,1.589037438137,6.94851474226,3.137065271712,9.247068698449,10.72317331885,0.01280748606364,0.02513857784176,0.5490187768155,0.02871253186423,0.1408667019348,0.01621239918522,0.01205615452106,10.5274403917199,328,1,,4,"Fe,Ni,V,Zn",Exact four-cation match
Ca_svNb_svOSr_svZn:PAW_PBE/AB_cF8_225_a_b.AB:POCC_P0-1xC_P1-0.25xA-0.25xB-0.25xD-0.25xE,Ca,Nb,Sr,Zn,,7.817607517025,0.1475545144671,0.06054659357322,0.2853729589649,0.1109385858058,0.144090639255823,0.6931471805599,1.38629436112,0.6931471805599,1.38629436112,1.38629436112,1.38629436112,5.625,0.2599147696842,0.4258632409589,0.3259601202601,1.076670214132,19.55856073475,16.38639620598,15.89104315409,15.05474783701,20.21551005897,16.30463111539,16.30463111539,0.003623945608218,0.005162838664574,0.005489725670035,0.006116577537968,0.003392235928815,0.00521475010617,0.00521475010617,7.8175780358099,192,1,,4,"Ca,Nb,Sr,Zn",Exact four-cation match
CoFe_pvMn_pvOSn:PAW_PBE/AB_cF8_225_a_b.AB:POCC_P0-1xD_P1-0.25xA-0.25xB-0.25xC-0.25xE,Co,Fe,Mn,Sn,,14.96788775839,0.1868848060965,0.1489300642253,0.2884769531397,0.2377568915498,0.498867782890086,0.6931471805599,1.38629436112,0.6931471805599,1.38629436112,1.38629436112,1.38629436112,6.5,0.0340110276234,0.46359465053,0.1543534904043,0.2376446927663,10.75574181069,9.100141723249,2.525381361381,3.812605834111,13.17417565624,4.053276302687,9.161385671193,0.01198325275347,0.01674014227603,0.2173709558236,0.09536996878919,0.007987457441831,0.08438068321447,0.0165170743702,14.9678380197403,322,1,,4,"Co,Fe,Mn,Sn",Exact four-cation match
Nb_svOSnTc_pvTi_sv:PAW_PBE/AB_cF8_225_a_b.AB:POCC_P0-1xB_P1-0.25xA-0.25xC-0.25xD-0.25xE,Nb,Sn,Tc,Ti,,3.62791247929,0.01503315829692,0,0.01803196194088,0,0.289574022363247,0.6931471805599,1.38629436112,0.6931471805599,1.38629436112,1.38629436112,1.38629436112,5.5,0.1758777984852,0.5920411725547,0.1824828759089,,18.59995711548,4.986799152099,2.935066186155,11.00836415177,,6.565568653935,6.565568653935,0.004007112827138,0.05574574229541,0.160923569974,0.01143957478797,,0.03215960921276,0.03215960921276,3.29810708383955,463,1,,4,"Nb,Sn,Tc,Ti",Exact four-cation match
CdMg_pvNb_svOTi_sv:PAW_PBE/AB_cF8_225_a_b.AB:POCC_P0-1xD_P1-0.25xA-0.25xB-0.25xC-0.25xE,Cd,Mg,Nb,Ti,,5.149894222273,0.02815772466455,0.04115147261913,0.03483766867833,0.0500492510176,0.122920573120718,0.6931471805599,1.38629436112,0.6931471805599,1.38629436112,1.38629436112,1.38629436112,5.875,0.08115840991542,0.3136147118679,0.1404457190519,0.3235255013133,16.03648003691,3.225806451613,3.789945724576,11.48942646154,4.189935029992,6.508348500035,6.508348500035,0.00539060315032,0.1332228881036,0.09651381342117,0.01050167943286,0.07896613449417,0.03272757727222,0.03272757727222,5.14989182391225,335,1,,4,"Cd,Mg,Nb,Ti",Exact four-cation match
Ca_svCdOTi_svV_sv:PAW_PBE/AB_cF8_225_a_b.AB:POCC_P0-1xC_P1-0.25xA-0.25xB-0.25xD-0.25xE,Ca,Cd,Ti,V,,6.738142513109,0.1733492673788,0.1099361357291,0.2518399181092,0.2224349066532,0.195941628030971,0.6931471805599,1.38629436112,0.6931471805599,1.38629436112,1.38629436112,1.38629436112,5.875,0.2006439632782,0.3543186242635,0.2737243138634,0.7660450378405,9.516554902659,10.72144736792,11.47540983607,6.819777323981,15.5634018643,7.401394486649,7.401394486649,0.01530720652617,0.01206003646076,0.01052734962801,0.02980678038121,0.005723298451941,0.02530628251767,0.02530628251767,6.73813851581459,261,1,,4,"Ca,Cd,Ti,V",Exact four-cation match
Ca_svMn_pvNi_pvOSn:PAW_PBE/AB_cF8_225_a_b.AB:POCC_P0-1xD_P1-0.25xA-0.25xB-0.25xC-0.25xE,Ca,Mn,Ni,Sn,,14.82002525767,0.1534865408504,0.1052187705588,0.3147922743277,0.2171380141496,0.103182876787628,0.6931471805599,1.38629436112,0.6931471805599,1.38629436112,1.38629436112,1.38629436112,5.875,0.342598890833,0.6181324190657,0.3834383914008,0.879246836787,19.4831677937,17.37980475059,11.78511301978,11.86640769152,22.22038331406,13.28016682519,13.30830985178,0.003652046639067,0.004589503130138,0.009981319400063,0.009845027334312,0.002807710743039,0.007860467843523,0.007827257998795,14.8201447472231,291,1,,4,"Ca,Mn,Ni,Sn",Exact four-cation match
Cu_pvMg_pvMn_pvNi_pvO:PAW_PBE/AB_cF8_225_a_b.AB:POCC_P0-1xE_P1-0.25xA-0.25xB-0.25xC-0.25xD,Cu,Mg,Mn,Ni,,23.85273625019,0.06747617302943,0.05851555076465,0.1111583582027,0.08684508665853,0.117192201821956,0.6931471805599,1.38629436112,0.6931471805599,1.38629436112,1.38629436112,1.38629436112,6.75,0.2360438253799,0.3131232784384,0.252227575812,0.3537919586424,7.218387025077,9.556120784316,4.374088826399,4.371625682868,13.45117988739,4.978232859749,9.887537078232,0.02660572692443,0.01518071391645,0.07245698527453,0.07253865843069,0.007661868523835,0.05593775628824,0.01418009715689,23.852374714899,504,1,,4,"Cu,Mg,Mn,Ni",Exact four-cation match
Fe_pvOSnSr_svZn:PAW_PBE/AB_cF8_225_a_b.AB:POCC_P0-1xB_P1-0.25xA-0.25xC-0.25xD-0.25xE,Fe,Sn,Sr,Zn,,12.50300859374,0.1727014781164,0.0538135025114,0.3733268097861,0.1181748861702,0.215861716620597,0.6931471805599,1.38629436112,0.6931471805599,1.38629436112,1.38629436112,1.38629436112,6.25,0.3477113565876,0.5930461090843,0.3897034128668,0.9927329701385,28.37174822119,19.87138667074,16.91627174468,18.92743819659,22.51283892253,19.29504027712,17.76924846851,0.001722198721233,0.00351074356315,0.004844468658314,0.003869650866208,0.002735236786282,0.003723609055244,0.004390533916287,12.5029950047232,158,1,,4,"Fe,Sn,Sr,Zn",Exact four-cation match
CoFe_pvMg_pvOZn:PAW_PBE/AB_cF8_225_a_b.AB:POCC_P0-1xD_P1-0.25xA-0.25xB-0.25xC-0.25xE,Co,Fe,Mg,Zn,,33.672329458,0.04527202756351,0.02181630469984,0.06730460844253,0.03040117088657,0.002658957915727,0.6931471805599,1.38629436112,0.6931471805599,1.38629436112,1.38629436112,1.38629436112,6.875,0.2168909576262,0.3269682706319,0.2234250433591,0.2646696053573,6.52593075993,8.84336138803,4.374088826399,3.724120975825,10.75188360467,5.492932061902,8.862825948049,0.03255146458225,0.01772640676084,0.07245698527453,0.09995577621089,0.01199185443757,0.04594592523526,0.01764863070496,33.6725582233824,149,1,,4,"Co,Fe,Mg,Zn",Exact four-cation match
Fe_pvNi_pvOSr_svZn:PAW_PBE/AB_cF8_225_a_b.AB:POCC_P0-1xC_P1-0.25xA-0.25xB-0.25xD-0.25xE,Fe,Ni,Sr,Zn,,10.95578815581,0.1456190674505,0.05782319197659,0.2816689030718,0.08114791224642,0.140857722147319,0.6931471805599,1.38629436112,0.6931471805599,1.38629436112,1.38629436112,1.38629436112,7,0.3596167230539,0.3709564496002,0.3785168424258,1.008597417209,24.77843660619,23.13586483382,18.03278688525,18.44587108461,25.54150517817,21.02007123888,19.88666848254,0.002257915341755,0.002589905870286,0.004263141584898,0.004074338600854,0.002125017362489,0.003137524238589,0.003505350009301,10.9556819929678,385,1,,4,"Fe,Ni,Sr,Zn",Exact four-cation match
Ca_svCoMn_pvOSn:PAW_PBE/AB_cF8_225_a_b.AB:POCC_P0-1xD_P1-0.25xA-0.25xB-0.25xC-0.25xE,Ca,Co,Mn,Sn,,32.62518798814,0.1598128227801,0.1186659147922,0.3050261589962,0.2277081862797,0.088646815113222,0.6931471805599,1.38629436112,0.6931471805599,1.38629436112,1.38629436112,1.38629436112,5.75,0.3354310659435,0.6160869966977,0.3776489772262,0.8588946384744,18.97940410168,17.15258299955,11.78511301978,11.51839469664,22.22038331406,12.87458945007,12.83699607067,0.00384848954682,0.004711903610579,0.009981319400063,0.01044892337038,0.002807710743039,0.008363511891692,0.008412569016197,32.627260158725,199,1,,4,"Ca,Co,Mn,Sn",Exact four-cation match
Ca_svMn_pvOV_svZn:PAW_PBE/AB_cF8_225_a_b.AB:POCC_P0-1xC_P1-0.25xA-0.25xB-0.25xD-0.25xE,Ca,Mn,V,Zn,,12.75899023771,0.063323252372,0.0417560641989,0.1203999342653,0.07130384096122,0.02137512213009,0.6931471805599,1.38629436112,0.6931471805599,1.38629436112,1.38629436112,1.38629436112,6.25,0.2675593392128,0.3938127727741,0.2667747176927,0.8140446855057,15.04762997226,15.83279553721,12.79632955131,11.22654686183,22.30237352725,13.41019691176,12.88261656498,0.006122365461869,0.00553019251358,0.008466123984313,0.01099924991103,0.002787104716404,0.007708771040029,0.008353092586732,12.7590485631787,417,1,,4,"Ca,Mn,V,Zn",Exact four-cation match
Ca_svCdFe_pvMn_pvO:PAW_PBE/AB_cF8_225_a_b.AB:POCC_P0-1xE_P1-0.25xA-0.25xB-0.25xC-0.25xD,Ca,Cd,Fe,Mn,,19.72648007064,0.07003356829202,0.06105876838346,0.1486664610201,0.1106456623312,0.029015737407819,0.6931471805599,1.38629436112,0.6931471805599,1.38629436112,1.38629436112,1.38629436112,6.625,0.3030478510071,0.3442305731628,0.3147518864121,0.8241472865938,11.96489429916,16.13943005803,10.6314608379,9.017415123538,22.38208358466,11.40972024872,7.508521098462,0.009683619674004,0.005322051446681,0.01226505695286,0.01704870241754,0.002767288448386,0.01064891754445,0.0245893271918,19.7265031611705,214,1,,4,"Ca,Cd,Fe,Mn",Exact four-cation match
Mn_pvNb_svOSnSr_sv:PAW_PBE/AB_cF8_225_a_b.AB:POCC_P0-1xC_P1-0.25xA-0.25xB-0.25xD-0.25xE,Mn,Nb,Sn,Sr,,5.492260765364,0.475502439357,0.2451171725815,1.107099558237,0.5916243853283,0.312550546076884,0.6931471805599,1.38629436112,0.6931471805599,1.38629436112,1.38629436112,1.38629436112,5.25,0.3403096935146,0.6196192379195,0.3625258611465,0.8927905689466,24.61429896582,16.1402163407,15.6331076219,16.19793338891,23.80240374657,14.45890156742,12.11207044176,0.002288129046269,0.005321532923907,0.005672373525036,0.005283676741479,0.002446886481006,0.006631088961656,0.009449714353186,5.49228059825629,121,1,,4,"Mn,Nb,Sn,Sr",Exact four-cation match
CoFe_pvOV_svZn:PAW_PBE/AB_cF8_225_a_b.AB:POCC_P0-1xC_P1-0.25xA-0.25xB-0.25xD-0.25xE,Co,Fe,V,Zn,,17.25354811529,0.08825983142876,0.06063508845539,0.100803569257,0.06453021669109,0.095670626528818,0.6931471805599,1.38629436112,0.6931471805599,1.38629436112,1.38629436112,1.38629436112,7.25,0.1324764129949,0.2703501202145,0.1091730278045,0.3217432982985,9.93573545668,7.192665209583,1.589037438137,6.715188232526,3.137065271712,8.96449329486,10.36120604034,0.01404285518598,0.02679635758296,0.5490187768155,0.03074249245064,0.1408667019348,0.01725059039668,0.01291322851903,17.2535299367313,441,1,,4,"Co,Fe,V,Zn",Exact four-cation match
CoFe_pvMg_pvNi_pvO:PAW_PBE/AB_cF8_225_a_b.AB:POCC_P0-1xE_P1-0.25xA-0.25xB-0.25xC-0.25xD,Co,Fe,Mg,Ni,,48.61481246406,0.04087858329151,0.02572747480449,0.06120484026733,0.03500399819631,0.00297362536405,0.6931471805599,1.38629436112,0.6931471805599,1.38629436112,1.38629436112,1.38629436112,6.625,0.2385407459953,0.2654028777161,0.2455987581402,0.2505369234265,5.295114881281,9.889581761294,4.374088826399,2.678490946279,11.46459016106,5.055183199389,8.437356308623,0.04944298507025,0.01417423425835,0.07245698527453,0.1932302390951,0.01054722931802,0.05424774110197,0.01947344002296,48.6126604539687,418,1,,4,"Co,Fe,Mg,Ni",Exact four-cation match
Ca_svCdCoOZn:PAW_PBE/AB_cF8_225_a_b.AB:POCC_P0-1xD_P1-0.25xA-0.25xB-0.25xC-0.25xE,Ca,Cd,Co,Zn,,31.06692686572,0.08696757162185,0.05984878819155,0.1787583564434,0.1151508062237,0.04112667792205,0.6931471805599,1.38629436112,0.6931471805599,1.38629436112,1.38629436112,1.38629436112,7.375,0.2920582133753,0.4192749694413,0.3320015060207,0.9369898612045,16.34664896918,17.33368604379,12.23028808839,12.03329655665,18.45549105067,15.00512376948,15.00512376948,0.005187976300541,0.004613957654915,0.009267915863542,0.009573841141139,0.004070092191617,0.00615710121093,0.00615710121093,31.0677588851614,154,1,,4,"Ca,Cd,Co,Zn",Exact four-cation match
Nb_svOSnTc_pvV_sv:PAW_PBE/AB_cF8_225_a_b.AB:POCC_P0-1xB_P1-0.25xA-0.25xC-0.25xD-0.25xE,Nb,Sn,Tc,V,,3.514526928231,0.2235571046315,0.07388255660047,0.2699765788474,0.131896604467,0.166331297174773,0.6931471805599,1.38629436112,0.6931471805599,1.38629436112,1.38629436112,1.38629436112,5.625,0.1543591591063,0.571670140903,0.159275704362,,18.57986035078,5.135836859698,3.571428571429,11.13827195766,,6.050227644098,6.050227644098,0.004015786041513,0.05255729644477,0.1086854779118,0.01117428699654,,0.03787145802798,0.03787145802798,3.18184638165503,84,1,,4,"Nb,Sn,Tc,V",Exact four-cation match
Ca_svCdMn_pvOZn:PAW_PBE/AB_cF8_225_a_b.AB:POCC_P0-1xD_P1-0.25xA-0.25xB-0.25xC-0.25xE,Ca,Cd,Mn,Zn,,54.99710811953,0.06227213179119,0.03661406886252,0.1279427072997,0.06994831220612,0.005602565297724,0.6931471805599,1.38629436112,0.6931471805599,1.38629436112,1.38629436112,1.38629436112,7.125,0.2670894045072,0.422098922055,0.2775225216086,0.8954468158411,15.52292017164,15.76172875752,11.47540983607,11.37687980074,21.168175943,13.45048138008,13.32801062046,0.005753188564502,0.005580174211811,0.01052734962801,0.01071048450692,0.003093773987363,0.00766266433329,0.007804135413414,54.9993873729676,358,1,,4,"Ca,Cd,Mn,Zn",Exact four-cation match
Ca_svCoMg_pvOZn:PAW_PBE/AB_cF8_225_a_b.AB:POCC_P0-1xD_P1-0.25xA-0.25xB-0.25xC-0.25xE,Ca,Co,Mg,Zn,,40.01876817771,0.05361307571835,0.02132782664321,0.1071565396251,0.04263746064252,0.005143852277585,0.6931471805599,1.38629436112,0.6931471805599,1.38629436112,1.38629436112,1.38629436112,6.125,0.3037032885894,0.4369361366378,0.3341406889321,0.8905756565278,18.58319221583,17.31193078381,12.24744871392,13.24284411088,18.30045002222,15.06297636946,15.06297636946,0.004014346153519,0.004625561319478,0.009241962407466,0.007904837075036,0.004139347791384,0.006109896692372,0.006109896692372,40.0169209945364,295,1,,4,"Ca,Co,Mg,Zn",Exact four-cation match
Cu_pvFe_pvNi_pvOZn:PAW_PBE/AB_cF8_225_a_b.AB:POCC_P0-1xD_P1-0.25xA-0.25xB-0.25xC-0.25xE,Cu,Fe,Ni,Zn,,50.77557357359,0.07351519021286,0.0386364474321,0.1086340682068,0.05456659263015,0.036829474683679,0.6931471805599,1.38629436112,0.6931471805599,1.38629436112,1.38629436112,1.38629436112,8.125,0.1133578404875,0.160030270574,0.10425329731,0.168430252627,5.574821284144,2.773927772078,1.589037438137,3.54327313571,2.745098039216,3.572719050645,8.953819258645,0.04460602852472,0.1801628151711,0.5490187768155,0.1104196061308,0.1839669200649,0.1086069769058,0.0172917444955,50.7753369346285,320,1,,4,"Cu,Fe,Ni,Zn",Exact four-cation match
CdMg_pvNb_svOSr_sv:PAW_PBE/AB_cF8_225_a_b.AB:POCC_P0-1xD_P1-0.25xA-0.25xB-0.25xC-0.25xE,Cd,Mg,Nb,Sr,,5.912827838494,0.2230618825919,0.08947425044084,0.3368829159647,0.1050988943312,0.183341620108453,0.6931471805599,1.38629436112,0.6931471805599,1.38629436112,1.38629436112,1.38629436112,5.625,0.208607885757,0.3392663960666,0.2889961072402,0.9013600834295,22.28794829885,12.92484482136,13.49994521137,16.19793338891,16.9842570104,13.3720808333,13.3720808333,0.002790713629366,0.008298599042409,0.007606615163288,0.005283676741479,0.004805763012713,0.007752780180062,0.007752780180062,5.9128444410186,518,1,,4,"Cd,Mg,Nb,Sr",Exact four-cation match
Ca_svNb_svOSnZn:PAW_PBE/AB_cF8_225_a_b.AB:POCC_P0-1xC_P1-0.25xA-0.25xB-0.25xD-0.25xE,Ca,Nb,Sn,Zn,,5.39495839831,0.2876732251582,0.09637189221468,0.5895611565914,0.2316617084987,0.154881418457755,0.6931471805599,1.38629436112,0.6931471805599,1.38629436112,1.38629436112,1.38629436112,5.875,0.2886568031417,0.6603820863712,0.3475179851461,0.9023407061637,23.67413535275,13.13032666749,11.30148291833,15.49894343141,15.4327569317,14.02712560013,14.02712560013,0.002473473171393,0.008040895069142,0.0108538693803,0.005771002605373,0.005820608975196,0.007045601653734,0.007045601653734,5.39498150834445,55,1,,4,"Ca,Nb,Sn,Zn",Exact four-cation match
Ca_svFe_pvNi_pvOZn:PAW_PBE/AB_cF8_225_a_b.AB:POCC_P0-1xD_P1-0.25xA-0.25xB-0.25xC-0.25xE,Ca,Fe,Ni,Zn,,29.78816501633,0.08883655467342,0.05349109055923,0.1615541940336,0.09378797406125,0.028588243525018,0.6931471805599,1.38629436112,0.6931471805599,1.38629436112,1.38629436112,1.38629436112,7,0.3303604092503,0.404767217052,0.3575874019034,0.9230486173545,16.98961906243,19.08353624077,12.79632955131,12.54565674759,20.97930240846,15.86395129438,15.46897064838,0.004802730021237,0.003806604430355,0.008466123984313,0.008807824546023,0.003149730314579,0.005508491974851,0.005793388139578,29.7891441586005,115,1,,4,"Ca,Fe,Ni,Zn",Exact four-cation match
CoFe_pvMg_pvMn_pvO:PAW_PBE/AB_cF8_225_a_b.AB:POCC_P0-1xE_P1-0.25xA-0.25xB-0.25xC-0.25xD,Co,Fe,Mg,Mn,,24.17871164768,0.04166195264969,0.01967732081672,0.07057904774959,0.03715226425979,0.004107738519569,0.6931471805599,1.38629436112,0.6931471805599,1.38629436112,1.38629436112,1.38629436112,6.25,0.2204125393438,0.2210253096367,0.2294967320029,0.2383668391367,6.760823263855,8.774401167403,3.857432693399,3.812605834111,13.75946619426,4.414253563955,9.005217142897,0.030328874256,0.01800613424044,0.09316627735337,0.09536996878919,0.007322380378999,0.07114442997517,0.01709492020091,24.1786352955944,264,1,,4,"Co,Fe,Mg,Mn",Exact four-cation match
Fe_pvNb_svOSr_svTi_sv:PAW_PBE/AB_cF8_225_a_b.AB:POCC_P0-1xC_P1-0.25xA-0.25xB-0.25xD-0.25xE,Fe,Nb,Sr,Ti,,6.449582292449,0.1869170336062,0.1049139839348,0.3159289681776,0.2183966190185,0.085300574154665,0.6931471805599,1.38629436112,0.6931471805599,1.38629436112,1.38629436112,1.38629436112,5.375,0.2961911333919,0.2089473617924,0.3245766473423,0.8300715330621,15.53185620187,17.19846510889,16.21850794617,12.60038771086,21.91134331022,13.72123631188,9.725933591064,0.005746570440171,0.004686796288919,0.005270279657542,0.008731475501096,0.002887469793776,0.007363240212269,0.01465523736663,6.4495917377491,142,1,,4,"Fe,Nb,Sr,Ti",Exact four-cation match
CdNb_svOSnTi_sv:PAW_PBE/AB_cF8_225_a_b.AB:POCC_P0-1xC_P1-0.25xA-0.25xB-0.25xD-0.25xE,Cd,Nb,Sn,Ti,,3.604792601681,0.1402778311321,0.005427702797368,0.2566369982902,0.01139609104189,0.128232445760786,0.6931471805599,1.38629436112,0.6931471805599,1.38629436112,1.38629436112,1.38629436112,6.125,0.1756324286685,0.5893318250358,0.1606821396422,0.3534826728427,19.25439884449,3.215062746979,3.725554652599,11.48942646154,3.678929765886,6.917313599742,6.917313599742,0.003739344942037,0.1341147517824,0.09987886057563,0.01050167943286,0.102426530726,0.02897213675895,0.02897213675895,3.60480807649457,357,1,,4,"Cd,Nb,Sn,Ti",Exact four-cation match
Mn_pvNb_svOSr_svTi_sv:PAW_PBE/AB_cF8_225_a_b.AB:POCC_P0-1xC_P1-0.25xA-0.25xB-0.25xD-0.25xE,Mn,Nb,Sr,Ti,,6.249636688989,0.1780710213335,0.06988202691704,0.4840308907492,0.2205892068583,0.06725889452311,0.6931471805599,1.38629436112,0.6931471805599,1.38629436112,1.38629436112,1.38629436112,5.25,0.2791132162761,0.1682141492265,0.2665520587052,0.7711476836508,14.33326717027,16.51240343907,16.21850794617,11.66204134588,24.3753879364,12.16185350987,8.534481252086,0.006747844475933,0.005084343392408,0.005270279657542,0.01019310042688,0.002333202237236,0.009372510177513,0.01903273493414,6.24964099922058,423,1,,4,"Mn,Nb,Sr,Ti",Exact four-cation match
Ca_svOTi_svV_svZn:PAW_PBE/AB_cF8_225_a_b.AB:POCC_P0-1xB_P1-0.25xA-0.25xC-0.25xD-0.25xE,Ca,Ti,V,Zn,,13.06581348297,0.1146535861597,0.07821442922984,0.188521417871,0.1219628879882,0.323362829174721,0.6931471805599,1.38629436112,0.6931471805599,1.38629436112,1.38629436112,1.38629436112,5.875,0.2157933038813,0.4074598139694,0.2659417229394,0.8035079339994,14.72103181914,13.84180801108,12.79632955131,10.93597420111,17.41100389604,12.84023045264,12.84023045264,0.006397038343649,0.007235521100002,0.008466123984313,0.01159152303682,0.004573069811852,0.008408331392163,0.008408331392163,13.0657576747299,156,1,,4,"Ca,Ti,V,Zn",Exact four-cation match
Mn_pvNb_svOV_svZn:PAW_PBE/AB_cF8_225_a_b.AB:POCC_P0-1xC_P1-0.25xA-0.25xB-0.25xD-0.25xE,Mn,Nb,V,Zn,,10.54896675816,0.1617825681796,0.1005217881096,0.2458265393064,0.1648728270461,0.176813829714105,0.6931471805599,1.38629436112,0.6931471805599,1.38629436112,1.38629436112,1.38629436112,6.625,0.1224744871392,0.3056111704438,0.0376662979333,0.3269843268415,15.39982521463,9.209930843148,2.987950261581,12.03058507822,8.651709137848,10.88178906126,11.10555416597,0.00584552972552,0.01634341160603,0.1552775711214,0.009578157172154,0.01852045431061,0.01170724887109,0.01124022454962,10.5488994751065,373,1,,4,"Mn,Nb,V,Zn",Exact four-cation match
CdCu_pvFe_pvMn_pvO:PAW_PBE/AB_cF8_225_a_b.AB:POCC_P0-1xE_P1-0.25xA-0.25xB-0.25xC-0.25xD,Cd,Cu,Fe,Mn,,17.45987352624,0.1312711351794,0.09394133294508,0.2149854560482,0.1433708541995,0.173355548198855,0.6931471805599,1.38629436112,0.6931471805599,1.38629436112,1.38629436112,1.38629436112,7.75,0.1262933094032,0.1880531839667,0.1344200505877,0.2890826006525,5.655383913816,7.576055678481,5.263157894737,4.194906691933,10.691542151,3.706240389893,7.241041803781,0.04334422801398,0.02415289209942,0.05004522643643,0.07877906941246,0.01212759685531,0.1009225667874,0.02643950665498,18.3947473323127,243,1,,4,"Cd,Cu,Fe,Mn",Exact four-cation match
Mg_pvNi_pvOV_svZn:PAW_PBE/AB_cF8_225_a_b.AB:POCC_P0-1xC_P1-0.25xA-0.25xB-0.25xD-0.25xE,Mg,Ni,V,Zn,,39.46575361717,0.1350903909167,0.1699561697107,0.2448912115962,0.3418733707987,0.023273916307631,0.6931471805599,1.38629436112,0.6931471805599,1.38629436112,1.38629436112,1.38629436112,6.625,0.2090375265353,0.3750443307131,0.2127792283095,0.3791437722026,11.82946771814,9.36848838539,4.681218398835,7.504475765358,9.709839943868,9.442628728876,9.442628728876,0.009906609627253,0.01579488292944,0.0632612326791,0.02461584438845,0.01470385849365,0.0155478244501,0.0155478244501,39.4649110839359,376,1,,4,"Mg,Ni,V,Zn",Exact four-cation match
Ca_svCoFe_pvOSr_sv:PAW_PBE/AB_cF8_225_a_b.AB:POCC_P0-1xD_P1-0.25xA-0.25xB-0.25xC-0.25xE,Ca,Co,Fe,Sr,,12.47688756963,0.1497562899401,0.0668474245565,0.3109319813802,0.1552140798863,0.12988002634365,0.6931471805599,1.38629436112,0.6931471805599,1.38629436112,1.38629436112,1.38629436112,5.625,0.4117592591552,0.3338056133441,0.4407096549884,1.045848937467,19.67382376762,22.41885952287,16.63701886848,15.38653523059,24.95942771255,18.51515002586,15.95561160937,0.00358160677701,0.002758216964858,0.005008462638143,0.005855632136011,0.002225287918567,0.004043905384707,0.005445384418521,12.4770158827472,92,1,,4,"Ca,Co,Fe,Sr",Exact four-cation match
Ca_svFe_pvNi_pvOSn:PAW_PBE/AB_cF8_225_a_b.AB:POCC_P0-1xD_P1-0.25xA-0.25xB-0.25xC-0.25xE,Ca,Fe,Ni,Sn,,17.90969844207,0.1929725739264,0.1369628463176,0.3648716494904,0.2549330681206,0.187947438015599,0.6931471805599,1.38629436112,0.6931471805599,1.38629436112,1.38629436112,1.38629436112,6,0.3479119859965,0.6094999487285,0.3924601890638,0.897663634108,19.62599515914,17.88000441874,11.78511301978,12.08389842133,19.7845950282,13.95237501832,12.91620793968,0.003599084820813,0.004336308912266,0.009981319400063,0.00949382724824,0.003541613190801,0.007121298247895,0.008309701059659,17.9098824279548,132,1,,4,"Ca,Fe,Ni,Sn",Exact four-cation match
Fe_pvMg_pvMn_pvOZn:PAW_PBE/AB_cF8_225_a_b.AB:POCC_P0-1xD_P1-0.25xA-0.25xB-0.25xC-0.25xE,Fe,Mg,Mn,Zn,,20.9370325832,0.0435859549819,0.01898624909853,0.06906335647946,0.03505118111045,0.007098765659089,0.6931471805599,1.38629436112,0.6931471805599,1.38629436112,1.38629436112,1.38629436112,6.625,0.1978489006793,0.3250634553437,0.1878163997099,0.2944910864525,8.493880406165,7.561412698268,3.857432693399,5.151109002021,13.36017276679,5.567816010232,10.09933303628,0.01921512318705,0.02424652877385,0.09316627735337,0.05224611194693,0.007766606612816,0.04471834330764,0.01359158386392,20.9374033096949,391,1,,4,"Fe,Mg,Mn,Zn",Exact four-cation match
Ca_svFe_pvMg_pvNb_svO:PAW_PBE/AB_cF8_225_a_b.AB:POCC_P0-1xE_P1-0.25xA-0.25xB-0.25xC-0.25xD,Ca,Fe,Mg,Nb,,13.29804998762,0.1760380009183,0.09933875014319,0.2913646573872,0.1761687179642,0.049460750334077,0.6931471805599,1.38629436112,0.6931471805599,1.38629436112,1.38629436112,1.38629436112,5.125,0.2759133695565,0.2400010416644,0.3114883625435,0.760932815694,17.78975446055,13.71843202403,10.12186959186,13.34678831118,17.23035904579,11.46460347851,8.267844618091,0.00438041794034,0.007366250870564,0.01353112734799,0.007782191474383,0.004669461532486,0.01054720481441,0.0202801351319,13.2980637507461,216,1,,4,"Ca,Fe,Mg,Nb",Exact four-cation match
Ca_svCdNi_pvOZn:PAW_PBE/AB_cF8_225_a_b.AB:POCC_P0-1xD_P1-0.25xA-0.25xB-0.25xC-0.25xE,Ca,Cd,Ni,Zn,,24.94374989346,0.07968051789727,0.0456613173696,0.1577990009776,0.0890363223934,0.080917940057202,0.6931471805599,1.38629436112,0.6931471805599,1.38629436112,1.38629436112,1.38629436112,7.5,0.3041019565869,0.4256342326458,0.3395125181786,0.9506971126494,16.93401119575,17.55318335191,12.23028808839,12.35678145107,18.45549105067,15.33340915459,15.33340915459,0.004834324198045,0.004499286807025,0.009267915863542,0.009079140263734,0.004070092191617,0.005896278761961,0.005896278761961,24.9429536445239,257,1,,4,"Ca,Cd,Ni,Zn",Exact four-cation match
Cu_pvFe_pvMg_pvMn_pvO:PAW_PBE/AB_cF8_225_a_b.AB:POCC_P0-1xE_P1-0.25xA-0.25xB-0.25xC-0.25xD,Cu,Fe,Mg,Mn,,60.69531519439,0.1086037960119,0.05753761016095,0.1621886729424,0.08577657979166,0.044219846444532,0.6931471805599,1.38629436112,0.6931471805599,1.38629436112,1.38629436112,1.38629436112,6.5,0.2223661114019,0.2867005188345,0.2347738273318,0.3061351825583,7.697961966994,8.563231294932,3.857432693399,4.598117211517,13.54827431244,2.986778825234,7.485226006642,0.02339397032011,0.01890514912928,0.09316627735337,0.06556852003341,0.007552443660692,0.1553993969895,0.02474261634257,60.0318394269398,251,1,,4,"Cu,Fe,Mg,Mn",Exact four-cation match
Mn_pvOTi_svV_svZn:PAW_PBE/AB_cF8_225_a_b.AB:POCC_P0-1xB_P1-0.25xA-0.25xC-0.25xD-0.25xE,Mn,Ti,V,Zn,,12.10414645841,0.1006990283567,0.05944969894168,0.1564723451589,0.1099545478732,0.50952136189801,0.6931471805599,1.38629436112,0.6931471805599,1.38629436112,1.38629436112,1.38629436112,6.5,0.1325471614181,0.3332839442577,0.04815340071065,0.3844801685393,11.80359111374,6.538692092407,1.818181818182,8.005914973082,9.519056422397,10.12853090854,10.66459636381,0.009950093073728,0.03242452950241,0.4193540442388,0.02162885404628,0.01529916239947,0.01351333493859,0.01218895885593,12.1042290751124,315,1,,4,"Mn,Ti,V,Zn",Exact four-cation match
CdCu_pvNi_pvOZn:PAW_PBE/AB_cF8_225_a_b.AB:POCC_P0-1xD_P1-0.25xA-0.25xB-0.25xC-0.25xE,Cd,Cu,Ni,Zn,,24.9930277589,0.1492437902125,0.1113843309912,0.2663038747918,0.2015820821552,0.029948046166843,0.6931471805599,1.38629436112,0.6931471805599,1.38629436112,1.38629436112,1.38629436112,8.625,0.1573213272255,0.077224915021,0.1184008023621,0.056789083458,5.884106909233,8.610882996605,6.185895741317,4.840262404288,7.216074479781,6.625140408349,6.625140408349,0.04004002564166,0.0186964899503,0.03622849263727,0.05917219005418,0.02662278240457,0.03158386560998,0.03158386560998,23.0020412675845,258,1,,4,"Cd,Cu,Ni,Zn",Exact four-cation match
CdOSnSr_svTi_sv:PAW_PBE/AB_cF8_225_a_b.AB:POCC_P0-1xB_P1-0.25xA-0.25xC-0.25xD-0.25xE,Cd,Sn,Sr,Ti,,6.307819549607,0.0966996808871,0.1025878506774,0.1673420349176,0.1743486573949,0.256457609889948,0.6931471805599,1.38629436112,0.6931471805599,1.38629436112,1.38629436112,1.38629436112,5.75,0.3096985429414,0.6479097159327,0.3697634378897,0.946017970231,24.700627718,13.87254270139,14.82317653204,15.71195705487,16.54765558392,13.73956551775,13.73956551775,0.002272162963024,0.007203495946237,0.006309179670163,0.005615583507944,0.005062703699209,0.007343607521183,0.007343607521183,6.30775146027039,255,1,,4,"Cd,Sn,Sr,Ti",Exact four-cation match
CdNb_svOSnV_sv:PAW_PBE/AB_cF8_225_a_b.AB:POCC_P0-1xC_P1-0.25xA-0.25xB-0.25xD-0.25xE,Cd,Nb,Sn,V,,3.549417297457,0.2771101760207,0.01677781586737,0.4661949058494,0.02931614601085,0.256043800187679,0.6931471805599,1.38629436112,0.6931471805599,1.38629436112,1.38629436112,1.38629436112,6.25,0.1534698667491,0.5636905179263,0.1423024947076,0.2939706618015,18.90829431647,3.568152049255,4.876598490942,11.41702336411,6.551776759789,6.342099196813,6.342099196813,0.003877490561592,0.1088851744919,0.05829367788509,0.01063529833786,0.03229514764268,0.0344658819063,0.0344658819063,3.54942226292021,375,1,,4,"Cd,Nb,Sn,V",Exact four-cation match
CdFe_pvMg_pvMn_pvO:PAW_PBE/AB_cF8_225_a_b.AB:POCC_P0-1xE_P1-0.25xA-0.25xB-0.25xC-0.25xD,Cd,Fe,Mg,Mn,,38.59980915719,0.06538297759363,0.041001279869,0.1222538685453,0.07976445111532,0.011700299316783,0.6931471805599,1.38629436112,0.6931471805599,1.38629436112,1.38629436112,1.38629436112,6.625,0.2017465922884,0.2799547954581,0.1920286436967,0.2492488716123,6.889075712354,7.930881731826,4.441155916843,4.194906691933,14.14412789473,3.17689239796,5.19203167099,0.02921013345518,0.02204004665815,0.07028512410878,0.07877906941246,0.00692951927833,0.1373568889805,0.05142576853879,38.5979238875481,99,1,,4,"Cd,Fe,Mg,Mn",Exact four-cation match
CdMg_pvMn_pvOSr_sv:PAW_PBE/AB_cF8_225_a_b.AB:POCC_P0-1xD_P1-0.25xA-0.25xB-0.25xC-0.25xE,Cd,Mg,Mn,Sr,,24.12829759144,0.08912541283354,0.0354500078038,0.2003204737923,0.07507280153587,0.035380962728497,0.6931471805599,1.38629436112,0.6931471805599,1.38629436112,1.38629436112,1.38629436112,5.875,0.2906669055809,0.3436076068716,0.2804906415551,0.8717511112697,22.82586491984,16.89663001272,14.27283150351,16.43808205132,23.12919250533,15.06066768711,13.39384214158,0.002660731008789,0.004855738250091,0.006805110461179,0.005130422940906,0.002591400362175,0.006111770034531,0.00772760837595,24.1292453734936,213,1,,4,"Cd,Mg,Mn,Sr",Exact four-cation match
CoMn_pvNi_pvOV_sv:PAW_PBE/AB_cF8_225_a_b.AB:POCC_P0-1xD_P1-0.25xA-0.25xB-0.25xC-0.25xE,Co,Mn,Ni,V,,12.48638743407,0.2521425182462,0.2722444304085,0.3855439354943,0.4224676586373,0.120216607254384,0.6931471805599,1.38629436112,0.6931471805599,1.38629436112,1.38629436112,1.38629436112,6.875,0.1354621718414,0.2073909351925,0.1554630181104,0.3493923296239,7.966780286097,8.105220553712,1.589037438137,5.424418550834,5.852968540405,8.582806900083,11.53436593425,0.02184186792496,0.02110210514085,0.5490187768155,0.04711390171864,0.04046719266869,0.01881901001386,0.01042000687842,13.4066597004222,521,1,,4,"Co,Mn,Ni,V",Exact four-cation match
Ca_svCoOSnZn:PAW_PBE/AB_cF8_225_a_b.AB:POCC_P0-1xC_P1-0.25xA-0.25xB-0.25xD-0.25xE,Ca,Co,Sn,Zn,,26.86895224678,0.1573404805952,0.1139608210887,0.3281732403688,0.2363441993482,0.130829698907135,0.6931471805599,1.38629436112,0.6931471805599,1.38629436112,1.38629436112,1.38629436112,6.375,0.3259969325009,0.6145758700112,0.3769864055904,0.9329891478469,20.98302408737,17.31654774453,12.4358391487,13.24284411088,18.29627098865,15.1331732252,15.1331732252,0.003148613102374,0.004623095101813,0.008964070524118,0.007904837075036,0.004141238936193,0.006053345327866,0.006053345327866,26.86896037642,489,1,,4,"Ca,Co,Sn,Zn",Exact four-cation match
CoCu_pvOSnZn:PAW_PBE/AB_cF8_225_a_b.AB:POCC_P0-1xC_P1-0.25xA-0.25xB-0.25xD-0.25xE,Co,Cu,Sn,Zn,,16.4236976161,0.2177416005055,0.1655596282854,0.334335834561,0.2551034485436,0.377423604768317,0.6931471805599,1.38629436112,0.6931471805599,1.38629436112,1.38629436112,1.38629436112,7.5,0.1077868266534,0.3523864178711,0.1177656571331,0.08317902379807,7.643284321504,9.740296694489,3.149183286489,2.516599050805,9.572953357567,4.946241870132,4.946241870132,0.02372987368262,0.01461204782155,0.1397846814129,0.2188907451973,0.01512737492818,0.05666367760328,0.05666367760328,16.4000235226304,419,1,,4,"Co,Cu,Sn,Zn",Exact four-cation match
Mg_pvOSr_svTi_svV_sv:PAW_PBE/AB_cF8_225_a_b.AB:POCC_P0-1xB_P1-0.25xA-0.25xC-0.25xD-0.25xE,Mg,Sr,Ti,V,,10.77426527569,0.1011651451903,0.06838063482487,0.2453419744644,0.1273243925685,0.072040010011669,0.6931471805599,1.38629436112,0.6931471805599,1.38629436112,1.38629436112,1.38629436112,4.625,0.2077432309367,0.08665556819963,0.2626190206364,0.7008922884438,20.24676996679,14.24127002192,16.53118265582,14.94502352403,19.16872653727,12.38334422825,12.38334422825,0.003381769160845,0.006835306836223,0.005072798452576,0.006206721386305,0.003772844737597,0.009040231788172,0.009040231788172,10.7740456118617,404,1,,4,"Mg,Sr,Ti,V",Exact four-cation match
Ca_svCdOSnTi_sv:PAW_PBE/AB_cF8_225_a_b.AB:POCC_P0-1xC_P1-0.25xA-0.25xB-0.25xD-0.25xE,Ca,Cd,Sn,Ti,,5.853211094137,0.1516371612722,0.09171766715204,0.2786008145913,0.1485923629279,0.156459314014211,0.6931471805599,1.38629436112,0.6931471805599,1.38629436112,1.38629436112,1.38629436112,5.75,0.2838533952589,0.6700590925433,0.3500982005095,0.8662851724461,18.96133310967,10.06467965844,9.942603230595,10.72459701798,12.29292325737,9.379695229076,9.379695229076,0.003855828605069,0.01368533848698,0.01402346190564,0.01205295380455,0.009173712299027,0.01575716207953,0.01575716207953,5.85323031314137,190,1,,4,"Ca,Cd,Sn,Ti",Exact four-cation match
Ca_svFe_pvMg_pvMn_pvO:PAW_PBE/AB_cF8_225_a_b.AB:POCC_P0-1xE_P1-0.25xA-0.25xB-0.25xC-0.25xD,Ca,Fe,Mg,Mn,,37.2977739699,0.03890693167643,0.01427530036011,0.09153572160479,0.03504195398036,0.006570855571355,0.6931471805599,1.38629436112,0.6931471805599,1.38629436112,1.38629436112,1.38629436112,5.375,0.3196571405428,0.2647555476284,0.3055630049597,0.7239259285314,15.51494775963,16.09143974691,10.74989922017,11.13535510229,22.41437900527,11.61453814896,8.137146424112,0.005759102677103,0.0053538432273,0.01199628213425,0.01118014187007,0.002759319781476,0.01027665003411,0.02093684291965,37.2986060848525,332,1,,4,"Ca,Fe,Mg,Mn",Exact four-cation match
CdFe_pvOSnSr_sv:PAW_PBE/AB_cF8_225_a_b.AB:POCC_P0-1xC_P1-0.25xA-0.25xB-0.25xD-0.25xE,Cd,Fe,Sn,Sr,,19.89244460503,0.1484260365949,0.09990768651767,0.3279628402693,0.1894938772413,0.14505255686533,0.6931471805599,1.38629436112,0.6931471805599,1.38629436112,1.38629436112,1.38629436112,6.25,0.3467285501657,0.5846460467668,0.3914316670889,0.9712717179039,25.92895300088,17.48544719667,14.82317653204,16.87799035493,20.5343224192,16.33102872841,14.05815227015,0.002061984971598,0.004534213531322,0.006309179670163,0.004866469299881,0.00328771908795,0.005197905398758,0.007014536358089,19.8928162078349,136,1,,4,"Cd,Fe,Sn,Sr",Exact four-cation match
Ca_svFe_pvMn_pvNi_pvO:PAW_PBE/AB_cF8_225_a_b.AB:POCC_P0-1xE_P1-0.25xA-0.25xB-0.25xC-0.25xD,Ca,Fe,Mn,Ni,,42.06388184822,0.1037048798589,0.07404120255665,0.1758497821426,0.1319082601974,0.037267128514395,0.6931471805599,1.38629436112,0.6931471805599,1.38629436112,1.38629436112,1.38629436112,6.375,0.3392020047111,0.318728234551,0.3565371649632,0.8405206719647,13.76044378512,18.96454236081,12.20658743389,10.47100154132,24.07844649616,13.95237501832,12.35826881991,0.007321340000073,0.003854523719866,0.009303940496597,0.01264384052981,0.002391104351073,0.007121298247895,0.009076954970965,42.064019538898,319,1,,4,"Ca,Fe,Mn,Ni",Exact four-cation match
Mg_pvOTi_svV_svZn:PAW_PBE/AB_cF8_225_a_b.AB:POCC_P0-1xB_P1-0.25xA-0.25xC-0.25xD-0.25xE,Mg,Ti,V,Zn,,19.89598281008,0.1066341037777,0.05611981865962,0.1605212384087,0.07842749509534,0.365532765928519,0.6931471805599,1.38629436112,0.6931471805599,1.38629436112,1.38629436112,1.38629436112,5.875,0.1178311822057,0.3700435785147,0.1349768498669,0.3830388361511,14.91413212031,6.175005728756,4.374088826399,9.552683867335,8.019122336489,10.00337520201,10.00337520201,0.006232459780296,0.03635638778276,0.07245698527453,0.01519163948251,0.0215576679776,0.01385359029985,0.01385359029985,19.896313698122,461,1,,4,"Mg,Ti,V,Zn",Exact four-cation match
Nb_svOTi_svV_svZn:PAW_PBE/AB_cF8_225_a_b.AB:POCC_P0-1xB_P1-0.25xA-0.25xC-0.25xD-0.25xE,Nb,Ti,V,Zn,,9.687625223527,0.1625911174806,0.1429299330413,0.2871753744878,0.3136393825399,0.270358090806307,0.6931471805599,1.38629436112,0.6931471805599,1.38629436112,1.38629436112,1.38629436112,6.25,0.08584142356695,0.3439559383119,0.04153311931459,0.3881043674065,14.99819208986,7.740665136766,2.987950261581,11.61841982696,4.625404559637,11.01709913315,11.01709913315,0.006162793752426,0.02313656580242,0.1552775711214,0.01026978438743,0.06479716549074,0.01142144209103,0.01142144209103,9.68750521025249,294,1,,4,"Nb,Ti,V,Zn",Exact four-cation match
Ca_svMg_pvOSnSr_sv:PAW_PBE/AB_cF8_225_a_b.AB:POCC_P0-1xC_P1-0.25xA-0.25xB-0.25xD-0.25xE,Ca,Mg,Sn,Sr,,19.70625981054,0.1610034409171,0.1089446978556,0.3651980213205,0.2395614650529,0.035023709106963,0.6931471805599,1.38629436112,0.6931471805599,1.38629436112,1.38629436112,1.38629436112,4.25,0.3380462246498,0.7040507794186,0.4025232912516,0.9844890806911,28.01767703065,12.5224084593,13.31274130045,18.20490288189,13.34615009186,14.58161093574,14.58161093574,0.001766002065836,0.008840558971415,0.007822047904461,0.004182911959916,0.007782935788462,0.006519952686017,0.006519952686017,19.7062460344563,526,1,,4,"Ca,Mg,Sn,Sr",Exact four-cation match
CdCoFe_pvMn_pvO:PAW_PBE/AB_cF8_225_a_b.AB:POCC_P0-1xE_P1-0.25xA-0.25xB-0.25xC-0.25xD,Cd,Co,Fe,Mn,,31.39089054599,0.09456625968932,0.06558262039847,0.1600544704407,0.1239812729398,0.064710941126688,0.6931471805599,1.38629436112,0.6931471805599,1.38629436112,1.38629436112,1.38629436112,7.5,0.1239707626822,0.152184099038,0.1287196566186,0.244374200766,2.841871217093,7.795972708737,5.263157894737,2.396772836594,10.82352783485,5.051996439452,8.844852888064,0.1716511311988,0.02280945121479,0.05004522643643,0.2413246631265,0.0118336243828,0.05431620079075,0.01772042888705,31.3908398840165,174,1,,4,"Cd,Co,Fe,Mn",Exact four-cation match
Ca_svOSnV_svZn:PAW_PBE/AB_cF8_225_a_b.AB:POCC_P0-1xB_P1-0.25xA-0.25xC-0.25xD-0.25xE,Ca,Sn,V,Zn,,7.422716758367,0.3616015734406,0.2083322836131,0.6094819139543,0.3442561298541,0.195078446468134,0.6931471805599,1.38629436112,0.6931471805599,1.38629436112,1.38629436112,1.38629436112,5.875,0.2876677771319,0.6637465630796,0.3487836005319,0.8897857888279,21.067582061,13.66057498762,12.4358391487,12.97803423393,17.02663641342,13.41019691176,13.41019691176,0.00312338894094,0.007428780005914,0.008964070524118,0.008230716174434,0.004781869637603,0.007708771040029,0.007708771040029,7.42266834055666,125,1,,4,"Ca,Sn,V,Zn",Exact four-cation match
Mg_pvMn_pvNi_pvOSr_sv:PAW_PBE/AB_cF8_225_a_b.AB:POCC_P0-1xD_P1-0.25xA-0.25xB-0.25xC-0.25xE,Mg,Mn,Ni,Sr,,13.59864515601,0.1807085932482,0.1066120674298,0.3459722023529,0.2118764234296,0.032019991390591,0.6931471805599,1.38629436112,0.6931471805599,1.38629436112,1.38629436112,1.38629436112,5.625,0.3656736933387,0.3111674589349,0.3498571136907,0.8897576917341,24.23188934327,20.94763245169,16.53118265582,17.65266910117,26.05786533235,17.98904011022,17.01979895575,0.002360917995715,0.003159261437363,0.005072798452576,0.004448716142922,0.002041633513649,0.004283901499132,0.004785712503058,13.598831145707,56,1,,4,"Mg,Mn,Ni,Sr",Exact four-cation match
Ca_svCdFe_pvOZn:PAW_PBE/AB_cF8_225_a_b.AB:POCC_P0-1xD_P1-0.25xA-0.25xB-0.25xC-0.25xE,Ca,Cd,Fe,Zn,,18.6332677582,0.08806018134669,0.05052721466995,0.1841412307311,0.09836044898425,0.07506208637745,0.6931471805599,1.38629436112,0.6931471805599,1.38629436112,1.38629436112,1.38629436112,7.25,0.2805672824832,0.4180819297698,0.320263563335,0.9116742839414,15.86278081019,16.3112717125,11.47540983607,11.68183310539,18.64329570895,14.15766526405,13.00116806485,0.005509304926973,0.005210504942942,0.01052734962801,0.01015859068965,0.00398850444516,0.006916273787467,0.008201451327969,18.6335334194832,62,1,,4,"Ca,Cd,Fe,Zn",Exact four-cation match
CoFe_pvNi_pvOZn:PAW_PBE/AB_cF8_225_a_b.AB:POCC_P0-1xD_P1-0.25xA-0.25xB-0.25xC-0.25xE,Co,Fe,Ni,Zn,,36.3007269718,0.04968597405665,0.02627005582232,0.06857512979657,0.03559235730959,0.003316710751959,0.6931471805599,1.38629436112,0.6931471805599,1.38629436112,1.38629436112,1.38629436112,7.875,0.111887220003,0.1601146073911,0.1008402201505,0.1500624869846,5.415561785903,2.940458936321,1.589037438137,3.417277043482,2.865057011111,2.969569354582,9.317981386056,0.04726813058065,0.1603338492239,0.5490187768155,0.1187121248363,0.1688841607732,0.157205780551,0.01596657552428,36.3008016414405,109,1,,4,"Co,Fe,Ni,Zn",Exact four-cation match
Ca_svCdNi_pvOSr_sv:PAW_PBE/AB_cF8_225_a_b.AB:POCC_P0-1xD_P1-0.25xA-0.25xB-0.25xC-0.25xE,Ca,Cd,Ni,Sr,,25.82699877245,0.09746880458073,0.04378175323403,0.2010387499138,0.09186500442985,0.015553160364757,0.6931471805599,1.38629436112,0.6931471805599,1.38629436112,1.38629436112,1.38629436112,6.25,0.3739728432654,0.4354040508539,0.4201413452637,1.134975219994,20.45157658117,19.5449383124,14.69978776387,15.24390446871,20.92579578286,17.23643489118,17.23643489118,0.003314376730601,0.003628999000631,0.006415541636152,0.005965722113228,0.003165858437719,0.004666170141182,0.004666170141182,25.8271295866894,116,1,,4,"Ca,Cd,Ni,Sr",Exact four-cation match
CdFe_pvMn_pvOZn:PAW_PBE/AB_cF8_225_a_b.AB:POCC_P0-1xD_P1-0.25xA-0.25xB-0.25xC-0.25xE,Cd,Fe,Mn,Zn,,39.21580221046,0.06533588875778,0.05710190560275,0.1129755562836,0.08021180790695,0.042536740362894,0.6931471805599,1.38629436112,0.6931471805599,1.38629436112,1.38629436112,1.38629436112,7.875,0.1141271221051,0.2194645472508,0.1004987562112,0.280624304008,7.021403591482,6.553546159085,5.263157894737,5.018177156808,10.68452457265,6.150891830508,9.979979421895,0.02811949925196,0.03227771119039,0.05004522643643,0.05505078020811,0.01214353285872,0.03664200903958,0.01391861958419,39.217328722508,479,1,,4,"Cd,Fe,Mn,Zn",Exact four-cation match
Mg_pvMn_pvNb_svOV_sv:PAW_PBE/AB_cF8_225_a_b.AB:POCC_P0-1xD_P1-0.25xA-0.25xB-0.25xC-0.25xE,Mg,Mn,Nb,V,,10.31608324057,0.220154482729,0.1070177645302,0.342090214983,0.2372389572932,0.037781167728672,0.6931471805599,1.38629436112,0.6931471805599,1.38629436112,1.38629436112,1.38629436112,5.375,0.169024221637,0.1317580642693,0.1259712268734,0.1454948452695,15.29728745016,7.574937166083,3.922926276315,11.41702336411,12.74342370592,6.739832341283,5.750394743314,0.005924157573812,0.02416002544013,0.09008140758557,0.01063529833786,0.008536566155512,0.03051808443189,0.04192375167333,10.3159945793027,377,1,,4,"Mg,Mn,Nb,V",Exact four-cation match
Fe_pvNb_svOSnTi_sv:PAW_PBE/AB_cF8_225_a_b.AB:POCC_P0-1xC_P1-0.25xA-0.25xB-0.25xD-0.25xE,Fe,Nb,Sn,Ti,,3.474628116823,0.1726580317438,0.06661318385079,0.2665159680259,0.1369187200852,0.354895735325733,0.6931471805599,1.38629436112,0.6931471805599,1.38629436112,1.38629436112,1.38629436112,5.625,0.2089419775919,0.5849307651338,0.1702020857687,0.3110767590162,19.34830529742,8.548427483123,1.754385964912,11.97986422195,8.578911990479,9.111352046003,6.210871302369,0.003703135416765,0.01897068413033,0.4504070379279,0.009659433679236,0.01883610192063,0.01669897452179,0.0359377097145,3.47462491563893,131,1,,4,"Fe,Nb,Sn,Ti",Exact four-cation match
Mn_pvNi_pvOSnSr_sv:PAW_PBE/AB_cF8_225_a_b.AB:POCC_P0-1xC_P1-0.25xA-0.25xB-0.25xD-0.25xE,Mn,Ni,Sn,Sr,,13.45502012634,0.1797793154283,0.09733885274705,0.3650255333645,0.2098382846661,0.158206896459733,0.6931471805599,1.38629436112,0.6931471805599,1.38629436112,1.38629436112,1.38629436112,5.875,0.3730860323035,0.5919358073305,0.4032601517631,0.9623279066929,26.71496110673,20.91683167779,16.91627174468,17.65266910117,26.09185189453,18.16706279651,17.25723462355,0.001942434415705,0.003168572536025,0.004844468658314,0.004448716142922,0.002036318221114,0.004200355240605,0.004654928873027,13.4552190732154,108,1,,4,"Mn,Ni,Sn,Sr",Exact four-cation match
CoCu_pvFe_pvOSn:PAW_PBE/AB_cF8_225_a_b.AB:POCC_P0-1xD_P1-0.25xA-0.25xB-0.25xC-0.25xE,Co,Cu,Fe,Sn,,11.68495843657,0.242903318398,0.09990067614149,0.361038654262,0.1523375553401,0.318604656511987,0.6931471805599,1.38629436112,0.6931471805599,1.38629436112,1.38629436112,1.38629436112,7,0.01888782676752,0.4117766384826,0.04656984002549,0.149248115566,9.390701194988,9.887332138801,2.987950261581,3.155177636139,10.52553886004,3.480520347736,7.052262543754,0.0157202487205,0.0141806849982,0.1552775711214,0.1392540473916,0.01251315369005,0.1144371682331,0.02787394974889,9.67441827927454,229,1,,4,"Co,Cu,Fe,Sn",Exact four-cation match
Mg_pvOSnSr_svZn:PAW_PBE/AB_cF8_225_a_b.AB:POCC_P0-1xB_P1-0.25xA-0.25xC-0.25xD-0.25xE,Mg,Sn,Sr,Zn,,13.78194905349,0.1782270269364,0.07407985991697,0.3795846252326,0.1540266304009,0.072543620503597,0.6931471805599,1.38629436112,0.6931471805599,1.38629436112,1.38629436112,1.38629436112,5.5,0.3229043976164,0.6709010731844,0.3769864055904,0.9737171047075,30.36717494942,16.79635657711,15.95218352559,19.96868721801,17.99046943033,18.37590412011,18.37590412011,0.001503303517774,0.004913888354709,0.005447725068599,0.003476613625285,0.004283220825027,0.004105424071063,0.004105424071063,13.7819404830659,277,1,,4,"Mg,Sn,Sr,Zn",Exact four-cation match
Fe_pvMg_pvOSnZn:PAW_PBE/AB_cF8_225_a_b.AB:POCC_P0-1xC_P1-0.25xA-0.25xB-0.25xD-0.25xE,Fe,Mg,Sn,Zn,,15.68302534671,0.1653940083632,0.09448508365379,0.2599455324273,0.1338980918331,0.269157846577129,0.6931471805599,1.38629436112,0.6931471805599,1.38629436112,1.38629436112,1.38629436112,6.25,0.2131095668899,0.5650311938292,0.2441695107912,0.2646696053573,9.162095463266,8.793562236756,3.922926276315,3.631659269398,10.84832707739,5.567816010232,7.751231246781,0.01651451529747,0.01792774942121,0.09008140758557,0.1051102977173,0.01177958296441,0.04471834330764,0.02307353146082,15.6827253678967,493,1,,4,"Fe,Mg,Sn,Zn",Exact four-cation match
Ca_svMn_pvOSnSr_sv:PAW_PBE/AB_cF8_225_a_b.AB:POCC_P0-1xC_P1-0.25xA-0.25xB-0.25xD-0.25xE,Ca,Mn,Sn,Sr,,7.71099255005,0.1529720206264,0.1000564620209,0.3528587671478,0.2264937898234,0.027472917372534,0.6931471805599,1.38629436112,0.6931471805599,1.38629436112,1.38629436112,1.38629436112,4.875,0.3959137374479,0.6798052570406,0.4164432734479,0.9793237462658,24.53879718667,16.8062762702,14.94331346944,15.98596861156,23.20424663601,14.91585909711,12.22692575617,0.002302231089338,0.004908089345077,0.006208142013633,0.005424722725145,0.002574663705564,0.006231016659888,0.009273013808423,7.71089646948295,287,1,,4,"Ca,Mn,Sn,Sr",Exact four-cation match
Cu_pvNi_pvOTi_svZn:PAW_PBE/AB_cF8_225_a_b.AB:POCC_P0-1xC_P1-0.25xA-0.25xB-0.25xD-0.25xE,Cu,Ni,Ti,Zn,,10.61521646971,0.4720256858293,0.2141708601996,0.8596420843255,0.4174452195118,0.179452973280052,0.6931471805599,1.38629436112,0.6931471805599,1.38629436112,1.38629436112,1.38629436112,7.625,0.2042669821582,0.3363683806484,0.1598436736315,0.4310742395458,13.48281415377,8.610882996605,1.589037438137,8.829579141246,6.331908829526,11.29402046912,11.29402046912,0.00762595714124,0.0186964899503,0.5490187768155,0.01778178887641,0.03457690770467,0.01086821736349,0.01086821736349,10.6153088642534,120,1,,4,"Cu,Ni,Ti,Zn",Exact four-cation match
Ca_svFe_pvOTi_svZn:PAW_PBE/AB_cF8_225_a_b.AB:POCC_P0-1xC_P1-0.25xA-0.25xB-0.25xD-0.25xE,Ca,Fe,Ti,Zn,,17.27556658913,0.1550018696249,0.09010400547994,0.2806355225505,0.1725889511672,0.082678081428926,0.6931471805599,1.38629436112,0.6931471805599,1.38629436112,1.38629436112,1.38629436112,6.25,0.2828656925115,0.4154329067371,0.3093945700881,0.8517922281871,15.93251315819,16.3112717125,12.20658743389,11.8102292954,18.77399885608,14.61563466936,12.86232475143,0.005461184954292,0.005210504942942,0.009303940496597,0.009938910909325,0.003933162434458,0.006489632424769,0.008379469327042,17.2753470352908,102,1,,4,"Ca,Fe,Ti,Zn",Exact four-cation match
Mg_pvNb_svOSnV_sv:PAW_PBE/AB_cF8_225_a_b.AB:POCC_P0-1xC_P1-0.25xA-0.25xB-0.25xD-0.25xE,Mg,Nb,Sn,V,,4.883763504123,0.2977673509833,0.04595411895959,0.5323431334121,0.08306199537149,0.103118389632729,0.6931471805599,1.38629436112,0.6931471805599,1.38629436112,1.38629436112,1.38629436112,5,0.1974922466833,0.620749295207,0.2302715787934,0.2654595072699,21.34848583195,3.312006605534,3.790346907427,13.31471102581,7.725943466412,6.739832341283,6.739832341283,0.003041734485277,0.1263784626881,0.09649338382006,0.007819733750377,0.02322482257234,0.03051808443189,0.03051808443189,4.88378028407277,422,1,,4,"Mg,Nb,Sn,V",Exact four-cation match
Ca_svNb_svOV_svZn:PAW_PBE/AB_cF8_225_a_b.AB:POCC_P0-1xC_P1-0.25xA-0.25xB-0.25xD-0.25xE,Ca,Nb,V,Zn,,8.788606051973,0.1346231556988,0.07331118679525,0.2458084055242,0.1321808634968,0.154616124208309,0.6931471805599,1.38629436112,0.6931471805599,1.38629436112,1.38629436112,1.38629436112,6,0.2160624909604,0.3962316241796,0.2719374928177,0.8421512631351,16.22636692518,13.61204543247,12.4358391487,12.65117825548,17.69367252441,13.04365068987,13.04365068987,0.00526517574401,0.007481844483851,0.008964070524118,0.008661507917481,0.004428121071026,0.00814811475889,0.00814811475889,8.78860365120955,231,1,,4,"Ca,Nb,V,Zn",Exact four-cation match
CdCoMg_pvMn_pvO:PAW_PBE/AB_cF8_225_a_b.AB:POCC_P0-1xE_P1-0.25xA-0.25xB-0.25xC-0.25xD,Cd,Co,Mg,Mn,,39.75525487944,0.08084131852982,0.06002187933352,0.1585224783338,0.1116808704257,0.019491062915925,0.6931471805599,1.38629436112,0.6931471805599,1.38629436112,1.38629436112,1.38629436112,6.75,0.2125716055827,0.2904861227322,0.2078911975048,0.2903876719146,6.853561709558,9.226532877007,5.452202862359,4.343886804442,14.00298803662,4.999173485406,8.692169856403,0.02951364177404,0.01628464852347,0.04663494230807,0.07346804062255,0.007069912212312,0.05547011167179,0.01834843585148,39.7563650961887,242,1,,4,"Cd,Co,Mg,Mn",Exact four-cation match
CdOSnV_svZn:PAW_PBE/AB_cF8_225_a_b.AB:POCC_P0-1xB_P1-0.25xA-0.25xC-0.25xD-0.25xE,Cd,Sn,V,Zn,,7.003841208623,0.2470727937972,0.05899578388308,0.2393391288935,0.1270630567038,0.090730354228828,0.6931471805599,1.38629436112,0.6931471805599,1.38629436112,1.38629436112,1.38629436112,7.125,0.1230365799265,0.4900323331169,0.1331117951197,0.3338412796525,14.58590826324,6.338333534349,5.81863998308,7.651101929702,7.763691594951,8.086390087942,8.086390087942,0.006516111410721,0.03450684706879,0.04094609435708,0.02368140587165,0.02299952709915,0.02120049889272,0.02120049889272,7.00381007476153,146,1,,4,"Cd,Sn,V,Zn",Exact four-cation match
CdOSnTi_svZn:PAW_PBE/AB_cF8_225_a_b.AB:POCC_P0-1xB_P1-0.25xA-0.25xC-0.25xD-0.25xE,Cd,Sn,Ti,Zn,,4.776957735314,0.06634454077859,0.02387023762465,0.09186886673369,0.0640104051787,0.239255596649991,0.6931471805599,1.38629436112,0.6931471805599,1.38629436112,1.38629436112,1.38629436112,7,0.1606447945002,0.5288158351449,0.1544344521148,0.3980185297194,16.39851037073,6.437253626125,5.144417202695,8.7306656871,6.141316355533,9.595140650216,9.595140650216,0.005155213535801,0.03345447474558,0.05238212264517,0.0181869862923,0.03675636177845,0.01505749633986,0.01505749633986,4.77695119594603,195,1,,4,"Cd,Sn,Ti,Zn",Exact four-cation match
OSr_svTi_svV_svZn:PAW_PBE/AB_cF8_225_a_b.AB:POCC_P0-1xA_P1-0.25xB-0.25xC-0.25xD-0.25xE,Sr,Ti,V,Zn,,7.144440668838,0.2274749236109,0.08816989840376,0.3220368934692,0.07267467523197,0.082044083449706,0.6931471805599,1.38629436112,0.6931471805599,1.38629436112,1.38629436112,1.38629436112,5.875,0.2447839608716,0.3874573363611,0.2873477857928,0.8806957476904,20.34228686107,17.51732975557,18.03278688525,15.53929100506,21.78595697037,16.47432475597,16.47432475597,0.003350085630759,0.004517723486771,0.004263141584898,0.005741072840651,0.002920802378974,0.005107874414486,0.005107874414486,7.14447576319164,250,1,,4,"Sr,Ti,V,Zn",Exact four-cation match
Mg_pvMn_pvOTi_svZn:PAW_PBE/AB_cF8_225_a_b.AB:POCC_P0-1xC_P1-0.25xA-0.25xB-0.25xD-0.25xE,Mg,Mn,Ti,Zn,,15.61541422074,0.08595675921867,0.05434058353709,0.130985859447,0.09026582573903,0.159688285487085,0.6931471805599,1.38629436112,0.6931471805599,1.38629436112,1.38629436112,1.38629436112,6.125,0.17875034965,0.3637887436411,0.124574275033,0.3696873679205,13.81936652523,7.47309627723,3.857432693399,8.7306656871,12.89162817004,9.582143784937,10.94819682407,0.007259039932991,0.02482300198097,0.09316627735337,0.0181869862923,0.008341418582359,0.01509837090323,0.01156565581277,15.6154300563275,378,1,,4,"Mg,Mn,Ti,Zn",Exact four-cation match
CdFe_pvNi_pvOZn:PAW_PBE/AB_cF8_225_a_b.AB:POCC_P0-1xD_P1-0.25xA-0.25xB-0.25xC-0.25xE,Cd,Fe,Ni,Zn,,23.30573274433,0.1547213667444,0.169956593026,0.2659026536378,0.281366956869,0.271894218184185,0.6931471805599,1.38629436112,0.6931471805599,1.38629436112,1.38629436112,1.38629436112,8.25,0.1473728265319,0.1577250376446,0.104880884817,0.1504991694329,6.261886656385,8.079466429027,5.80304294186,4.721282925792,7.831829569925,6.625140408349,9.472691994829,0.03535452868123,0.02123684978737,0.04116649464451,0.06219212605692,0.02260107000355,0.03158386560998,0.01544929350152,23.305754577719,113,1,,4,"Cd,Fe,Ni,Zn",Exact four-cation match
Ca_svCdMn_pvOTi_sv:PAW_PBE/AB_cF8_225_a_b.AB:POCC_P0-1xD_P1-0.25xA-0.25xB-0.25xC-0.25xE,Ca,Cd,Mn,Ti,,9.609546209777,0.06976990637255,0.07335753617382,0.1799847451868,0.1618310718659,0.106331802309684,0.6931471805599,1.38629436112,0.6931471805599,1.38629436112,1.38629436112,1.38629436112,6.125,0.2595630944491,0.3592000661191,0.2636759374687,0.7757738072402,10.81113006626,13.47152543114,10.6314608379,7.851490004165,19.94721219308,9.379695229076,7.065205537737,0.01186078059251,0.007638743129685,0.01226505695286,0.02248802381244,0.003484103449221,0.01575716207953,0.02777191679138,9.60957890521608,451,1,,4,"Ca,Cd,Mn,Ti",Exact four-cation match
Ca_svOSr_svV_svZn:PAW_PBE/AB_cF8_225_a_b.AB:POCC_P0-1xB_P1-0.25xA-0.25xC-0.25xD-0.25xE,Ca,Sr,V,Zn,,10.31197010598,0.1517745388533,0.08483470618802,0.3127911112502,0.1863401656733,0.103380607189344,0.6931471805599,1.38629436112,0.6931471805599,1.38629436112,1.38629436112,1.38629436112,5.625,0.2826670965995,0.4263384805527,0.333044666674,1.010801043727,20.40730326646,17.80574816148,17.47356414092,15.66376746648,22.03759289811,16.85814661308,16.85814661308,0.003328773303774,0.004372552207415,0.004540382694366,0.005650189349533,0.002854480921145,0.004877932694815,0.004877932694815,10.3120002751009,208,1,,4,"Ca,Sr,V,Zn",Exact four-cation match
CoCu_pvMn_pvOV_sv:PAW_PBE/AB_cF8_225_a_b.AB:POCC_P0-1xD_P1-0.25xA-0.25xB-0.25xC-0.25xE,Co,Cu,Mn,V,,15.94547348742,0.1853302472646,0.1022972558347,0.2941612037755,0.1644815597984,0.091478218306534,0.6931471805599,1.38629436112,0.6931471805599,1.38629436112,1.38629436112,1.38629436112,7,0.1287196566186,0.24149534157,0.1528070678994,0.3729276069159,9.012129748301,7.724695928929,1.589037438137,6.204393100505,6.032862917732,7.318040653636,10.09757278195,0.01706870550566,0.02323232479032,0.5490187768155,0.03601279627891,0.03808978685716,0.0258860521135,0.01359632296908,15.9452351747541,393,1,,4,"Co,Cu,Mn,V",Exact four-cation match
Ca_svCdNi_pvOSn:PAW_PBE/AB_cF8_225_a_b.AB:POCC_P0-1xD_P1-0.25xA-0.25xB-0.25xC-0.25xE,Ca,Cd,Ni,Sn,,40.5444126023,0.134423471547,0.1153180253424,0.2756016571766,0.2326546599568,0.060034083628057,0.6931471805599,1.38629436112,0.6931471805599,1.38629436112,1.38629436112,1.38629436112,6.5,0.3355186283949,0.6042716173212,0.3832101251272,0.9287996285529,19.58770271377,15.54699581388,10.87730744737,11.86640769152,16.41303613297,13.00325393576,13.00325393576,0.003613170441004,0.005735383907762,0.0117168979829,0.009845027334312,0.005146092704157,0.008198820325503,0.008198820325503,40.5447535643358,6,1,,4,"Ca,Cd,Ni,Sn",Exact four-cation match
CoFe_pvMn_pvOSr_sv:PAW_PBE/AB_cF8_225_a_b.AB:POCC_P0-1xD_P1-0.25xA-0.25xB-0.25xC-0.25xE,Co,Fe,Mn,Sr,,13.13371308111,0.1734351632172,0.07827479966665,0.3372976591613,0.1628245763778,0.092369055811312,0.6931471805599,1.38629436112,0.6931471805599,1.38629436112,1.38629436112,1.38629436112,6.25,0.3623936913082,0.2558808316385,0.3698901864067,0.901443287179,20.62529891576,22.82607071049,17.4181181184,15.88497220037,28.68736467463,18.59643100611,15.57286441287,0.003258779337657,0.002660683032848,0.004569334943221,0.005493922622823,0.001684512151901,0.004008632565805,0.005716345262806,13.1337039016191,386,1,,4,"Co,Fe,Mn,Sr",Exact four-cation match
CdMn_pvOSnZn:PAW_PBE/AB_cF8_225_a_b.AB:POCC_P0-1xC_P1-0.25xA-0.25xB-0.25xD-0.25xE,Cd,Mn,Sn,Zn,,15.38390656093,0.1599765299612,0.1325673865086,0.2914766110844,0.2461961105702,0.09622207769268,0.6931471805599,1.38629436112,0.6931471805599,1.38629436112,1.38629436112,1.38629436112,7.375,0.1214619281915,0.4174023089299,0.151719313207,0.282754310312,11.71410058742,7.686839825782,5.144417202695,5.789196244271,12.7598606599,6.129901470784,9.824338356507,0.01010270237376,0.0234617170882,0.05238212264517,0.04136365558701,0.008514587111462,0.0368933820191,0.01436312148612,15.384165698799,509,1,,4,"Cd,Mn,Sn,Zn",Exact four-cation match
CdFe_pvMg_pvOTi_sv:PAW_PBE/AB_cF8_225_a_b.AB:POCC_P0-1xD_P1-0.25xA-0.25xB-0.25xC-0.25xE,Cd,Fe,Mg,Ti,,8.148941501655,0.1278351898319,0.1122625679113,0.2070070142901,0.186951001563,0.162815280529025,0.6931471805599,1.38629436112,0.6931471805599,1.38629436112,1.38629436112,1.38629436112,6.25,0.1921176397419,0.3226332089231,0.1926622692693,0.3299526481179,11.39150246209,6.964231234726,4.441155916843,6.988556993608,9.073359967709,7.0078220517,4.954840689363,0.01068300520492,0.02858308438155,0.07028512410878,0.02838444677705,0.01683911158093,0.02822859910418,0.0564671756517,8.14889901618841,35,1,,4,"Cd,Fe,Mg,Ti",Exact four-cation match
Ca_svCoFe_pvMg_pvO:PAW_PBE/AB_cF8_225_a_b.AB:POCC_P0-1xE_P1-0.25xA-0.25xB-0.25xC-0.25xD,Ca,Co,Fe,Mg,,20.23049937378,0.0691457096096,0.04705074908622,0.1368392721378,0.08300884958382,0.032846502149948,0.6931471805599,1.38629436112,0.6931471805599,1.38629436112,1.38629436112,1.38629436112,5.625,0.3410765126771,0.3170985651182,0.3671852393547,0.8188520928715,16.32707282473,17.65359199801,11.54069425105,11.76582648728,19.80473028208,13.47461381233,12.26199874545,0.00520042451585,0.004448251013929,0.01040858243136,0.01001406895969,0.003534415412387,0.007635241931455,0.00922004247972,20.2308261306809,87,1,,4,"Ca,Co,Fe,Mg",Exact four-cation match
CdNb_svOSnSr_sv:PAW_PBE/AB_cF8_225_a_b.AB:POCC_P0-1xC_P1-0.25xA-0.25xB-0.25xD-0.25xE,Cd,Nb,Sn,Sr,,4.774443957233,0.1203242370968,0.04784275486851,0.3610380135576,0.1486308207598,0.114736511231749,0.6931471805599,1.38629436112,0.6931471805599,1.38629436112,1.38629436112,1.38629436112,5.875,0.3089590385472,0.6240088140403,0.3708773382131,0.9656183252196,25.15369537946,12.79939240681,14.10341503772,16.19793338891,17.11711711712,13.71070472565,13.71070472565,0.002191047851282,0.008462072633901,0.006969584430029,0.005283676741479,0.004731449535556,0.007374556389476,0.007374556389476,4.77444448053114,511,1,,4,"Cd,Nb,Sn,Sr",Exact four-cation match
Mn_pvNb_svOSr_svV_sv:PAW_PBE/AB_cF8_225_a_b.AB:POCC_P0-1xC_P1-0.25xA-0.25xB-0.25xD-0.25xE,Mn,Nb,Sr,V,,8.58590439769,0.1830613325669,0.1181878847854,0.3322403373641,0.2332808646329,0.062063560718526,0.6931471805599,1.38629436112,0.6931471805599,1.38629436112,1.38629436112,1.38629436112,5.375,0.2871266053503,0.1617498068005,0.2800334801412,0.7814729681825,15.08718566195,16.73031895127,16.91627174468,12.16859081252,25.8218837898,12.66978505045,9.485249134327,0.0060903042244,0.004952756944715,0.004844468658314,0.009362134619991,0.002079120268363,0.008636086087564,0.01540841518252,8.58599498949559,223,1,,4,"Mn,Nb,Sr,V",Exact four-cation match
Ca_svCdMn_pvNb_svO:PAW_PBE/AB_cF8_225_a_b.AB:POCC_P0-1xE_P1-0.25xA-0.25xB-0.25xC-0.25xD,Ca,Cd,Mn,Nb,,7.149742541007,0.06935782823581,0.06418239424151,0.1120491742086,0.1053137223155,0.225479052064566,0.6931471805599,1.38629436112,0.6931471805599,1.38629436112,1.38629436112,1.38629436112,6.25,0.258702048697,0.344396120042,0.2702776350348,0.815732033207,12.71777281746,13.17482048873,9.942603230595,9.835882277916,20.21124408539,9.613413914728,7.089527668325,0.00857103623668,0.007986675579788,0.01402346190564,0.01432942660425,0.003393668073813,0.01500030789203,0.02758168874151,7.14976323817958,18,1,,4,"Ca,Cd,Mn,Nb",Exact four-cation match
Ca_svNi_pvOSnZn:PAW_PBE/AB_cF8_225_a_b.AB:POCC_P0-1xC_P1-0.25xA-0.25xB-0.25xD-0.25xE,Ca,Ni,Sn,Zn,,30.6096715556,0.1366674888425,0.1002162367029,0.2935927326626,0.2069735495434,0.116861519551997,0.6931471805599,1.38629436112,0.6931471805599,1.38629436112,1.38629436112,1.38629436112,6.5,0.3345653897222,0.6106754457156,0.3822956970723,0.9469523483259,21.31149734378,17.54105472382,12.4358391487,13.47244138027,18.29627098865,15.44437530689,15.44437530689,0.003052302189117,0.00450551095298,0.008964070524118,0.007637704496509,0.004141238936193,0.00581185490377,0.00581185490377,30.6092075692614,43,1,,4,"Ca,Ni,Sn,Zn",Exact four-cation match
Fe_pvNi_pvOSnSr_sv:PAW_PBE/AB_cF8_225_a_b.AB:POCC_P0-1xC_P1-0.25xA-0.25xB-0.25xD-0.25xE,Fe,Ni,Sn,Sr,,12.14548644818,0.2575226234072,0.1309264921798,0.5054084635231,0.2182039443011,0.361491073183345,0.6931471805599,1.38629436112,0.6931471805599,1.38629436112,1.38629436112,1.38629436112,6,0.3785573767608,0.5819304082105,0.4139670880638,0.9835141076772,27.12918025733,21.41483895386,16.91627174468,18.01862444787,23.7789992212,18.93759691317,17.3522867179,0.001883571516155,0.003022914273722,0.004844468658314,0.004269845781826,0.002451705556809,0.00386550037733,0.004604071151131,12.1457144329435,49,1,,4,"Fe,Ni,Sn,Sr",Exact four-cation match
Ca_svCdFe_pvOTi_sv:PAW_PBE/AB_cF8_225_a_b.AB:POCC_P0-1xD_P1-0.25xA-0.25xB-0.25xC-0.25xE,Ca,Cd,Fe,Ti,,10.86738831583,0.1717629877246,0.1049670654488,0.2969980929212,0.1706514131649,0.150257132292678,0.6931471805599,1.38629436112,0.6931471805599,1.38629436112,1.38629436112,1.38629436112,6.25,0.2758020123204,0.3705768307652,0.3145234490463,0.8207618412183,11.72629762515,14.17082246669,10.6314608379,8.620077012805,17.16431146431,10.83864310574,7.488708586202,0.01008169677403,0.006903436625611,0.01226505695286,0.01865662855214,0.004705466473306,0.01180064170889,0.02471960887928,10.8675032255993,145,1,,4,"Ca,Cd,Fe,Ti",Exact four-cation match
Ca_svCdOSr_svZn:PAW_PBE/AB_cF8_225_a_b.AB:POCC_P0-1xC_P1-0.25xA-0.25xB-0.25xD-0.25xE,Ca,Cd,Sr,Zn,,39.87690390708,0.08444074329448,0.03835050050018,0.189242866737,0.07978359175095,0.012161998632622,0.6931471805599,1.38629436112,0.6931471805599,1.38629436112,1.38629436112,1.38629436112,6.5,0.2804740406883,0.4905502013046,0.3482366293198,1.147965591819,22.29755797162,17.53715294468,14.69978776387,16.56780181714,19.23273351357,17.7018538139,17.7018538139,0.002788308696423,0.004507516006403,0.006415541636152,0.005050398820312,0.003747774297755,0.00442402891559,0.00442402891559,39.8743830550655,355,1,,4,"Ca,Cd,Sr,Zn",Exact four-cation match
CoCu_pvFe_pvOZn:PAW_PBE/AB_cF8_225_a_b.AB:POCC_P0-1xD_P1-0.25xA-0.25xB-0.25xC-0.25xE,Co,Cu,Fe,Zn,,50.69005939776,0.1093781796974,0.04937557060621,0.1556530526987,0.08601028877338,0.032622775422521,0.6931471805599,1.38629436112,0.6931471805599,1.38629436112,1.38629436112,1.38629436112,8,0.1055935604097,0.1710794771444,0.09861541461658,0.1661888985462,5.865906425119,2.504490840757,1.589037438137,3.724120975825,2.745098039216,3.314563036812,8.671099695241,0.04028888007661,0.2210123595615,0.5490187768155,0.09995577621089,0.1839669200649,0.1261835934033,0.01843771500289,50.6899274092325,41,1,,4,"Co,Cu,Fe,Zn",Exact four-cation match
CdFe_pvMn_pvOSn:PAW_PBE/AB_cF8_225_a_b.AB:POCC_P0-1xD_P1-0.25xA-0.25xB-0.25xC-0.25xE,Cd,Fe,Mn,Sn,,12.59737303471,0.1944986828422,0.1175880097639,0.2794782073092,0.2002440286456,0.137673895245554,0.6931471805599,1.38629436112,0.6931471805599,1.38629436112,1.38629436112,1.38629436112,6.875,0.1204854763032,0.454791160864,0.1531951369985,0.244374200766,11.02237724863,8.1419350539,4.223258177212,4.194906691933,13.75609333373,3.084477886396,5.595077852528,0.01141050629099,0.02091222240728,0.07772490384679,0.07877906941246,0.007325971572364,0.1457109315539,0.04428362749816,12.5974311361619,318,1,,4,"Cd,Fe,Mn,Sn",Exact four-cation match
Cu_pvMn_pvNi_pvOZn:PAW_PBE/AB_cF8_225_a_b.AB:POCC_P0-1xD_P1-0.25xA-0.25xB-0.25xC-0.25xE,Cu,Mn,Ni,Zn,,45.02462646038,0.09763048129933,0.06811308610835,0.1500230403173,0.1091752795981,0.048432078874081,0.6931471805599,1.38629436112,0.6931471805599,1.38629436112,1.38629436112,1.38629436112,8,0.1132199187422,0.2023170469832,0.1565846416479,0.3145135132232,7.303227205393,3.339806038509,1.589037438137,4.840262404288,6.234608311751,5.229596067542,11.58478164434,0.02599117018755,0.1242833541681,0.5490187768155,0.05917219005418,0.03566457953684,0.05068963522426,0.01032951074857,45.024605757581,202,1,,4,"Cu,Mn,Ni,Zn",Exact four-cation match
