anonymous_id,CHAOS_excel_row,X_CHAOS_descriptor_compatibility_score,Y_EFA_percentile,distortion_compatibility_score,chemistry_compatibility_score,true_class,is_high_EFA,is_high_descriptor_compatibility,compat_lat_distortion_misfit_mean,compat_lat_distortion_relax_distance_mean,compat_delta_radii_Ghosh08,compat_delta_electronegativity_Ghosh,compat_param_geo_radii_Ghosh08,compat_VEC,full_cation_key_verified,candidate_formula_verified
CHAOS_0001,2,0.7120172764227642,0.774390243902439,0.7459349593495935,0.678099593495935,high-EFA + high descriptor compatibility,True,True,0.7682926829268293,0.7235772357723578,0.6788617886178862,0.5813008130081301,0.6788617886178862,0.7733739837398373,"Ca,Cd,Co,Fe","(Ca,Cd,Co,Fe)O"
CHAOS_0002,3,0.7684197154471546,0.6321138211382114,0.9552845528455285,0.5815548780487806,high-EFA + high descriptor compatibility,True,True,0.9654471544715447,0.9451219512195121,0.5731707317073171,0.483739837398374,0.573170731707317,0.6961382113821138,"Ca,Fe,Mn,Zn","(Ca,Fe,Mn,Zn)O"
CHAOS_0003,4,0.4103150406504065,0.4369918699186992,0.4898373983739838,0.3307926829268293,other,False,False,0.5467479674796748,0.4329268292682927,0.1422764227642277,0.8150406504065041,0.1422764227642276,0.2235772357723577,"Co,Mg,Mn,Sr","(Co,Mg,Mn,Sr)O"
CHAOS_0004,5,0.9002794715447154,0.8048780487804879,0.9715447154471545,0.8290142276422764,high-EFA + high descriptor compatibility,True,True,0.967479674796748,0.975609756097561,0.9227642276422764,0.8191056910569106,0.9227642276422764,0.6514227642276422,"Co,Mg,Mn,Ni","(Co,Mg,Mn,Ni)O"
CHAOS_0005,6,0.4167936991869919,0.6646341463414634,0.4928861788617886,0.3407012195121951,high-EFA only,True,False,0.5589430894308943,0.426829268292683,0.1646341463414634,0.8434959349593496,0.1646341463414634,0.1900406504065041,"Fe,Mg,Mn,Sr","(Fe,Mg,Mn,Sr)O"
CHAOS_0006,7,0.05487804878048781,0.209349593495935,0.07926829268292684,0.03048780487804877,other,False,False,0.06910569105691056,0.08943089430894313,0.03861788617886175,0.03455284552845528,0.03861788617886179,0.01016260162601626,"Mg,Sn,Sr,Ti","(Mg,Sn,Sr,Ti)O"
CHAOS_0007,8,0.1961382113821138,0.6971544715447154,0.3252032520325203,0.06707317073170732,high-EFA only,True,False,0.4024390243902439,0.2479674796747967,0.05081300813008127,0.01219512195121952,0.0508130081300813,0.1544715447154472,"Ca,Ni,Sn,Sr","(Ca,Ni,Sn,Sr)O"
CHAOS_0008,9,0.5899390243902438,0.3434959349593496,0.3475609756097561,0.8323170731707317,high descriptor compatibility only,False,True,0.2479674796747967,0.4471544715447154,0.8536585365853658,0.8485772357723578,0.8536585365853658,0.7733739837398373,"Cu,Fe,Mn,V","(Cu,Fe,Mn,V)O"
CHAOS_0009,10,0.6538363821138211,0.7804878048780488,0.6473577235772358,0.6603150406504064,high-EFA + high descriptor compatibility,True,True,0.6504065040650406,0.6443089430894309,0.8821138211382114,0.2723577235772358,0.8821138211382114,0.6046747967479674,"Co,Mg,Sn,Zn","(Co,Mg,Sn,Zn)O"
CHAOS_0010,11,0.7543191056910569,0.2723577235772358,0.7439024390243902,0.7647357723577235,high descriptor compatibility only,False,True,0.7764227642276422,0.7113821138211383,0.7235772357723578,0.6829268292682926,0.7235772357723578,0.9288617886178862,"Cd,Fe,Ti,Zn","(Cd,Fe,Ti,Zn)O"
CHAOS_0011,12,0.7146849593495934,0.4878048780487805,0.7022357723577235,0.7271341463414633,high descriptor compatibility only,False,True,0.6910569105691057,0.7134146341463414,0.9288617886178862,0.9573170731707317,0.9288617886178862,0.09349593495934959,"Ca,Nb,Ti,V","(Ca,Nb,Ti,V)O"
CHAOS_0012,13,0.4419461382113821,0.225609756097561,0.467479674796748,0.4164126016260162,other,False,False,0.5223577235772358,0.4126016260162602,0.3170731707317073,0.9878048780487805,0.3170731707317073,0.04369918699186992,"Mg,Nb,Sr,V","(Mg,Nb,Sr,V)O"
CHAOS_0013,14,0.3363821138211383,0.8028455284552846,0.3770325203252033,0.2957317073170732,high-EFA only,True,False,0.4613821138211383,0.2926829268292683,0.2967479674796748,0.1097560975609756,0.2967479674796748,0.4796747967479675,"Ca,Mn,Sn,Zn","(Ca,Mn,Sn,Zn)O"
CHAOS_0014,15,0.2098577235772358,0.7540650406504065,0.2367886178861789,0.1829268292682927,high-EFA only,True,False,0.2398373983739838,0.233739837398374,0.2947154471544715,0.04878048780487809,0.2947154471544716,0.09349593495934959,"Ca,Fe,Mg,Sn","(Ca,Fe,Mg,Sn)O"
CHAOS_0015,16,0.4302591463414634,0.4004065040650406,0.5254065040650406,0.3351117886178862,other,False,False,0.5508130081300813,0.5,0.2073170731707317,0.6544715447154472,0.2073170731707317,0.2713414634146342,"Cd,Mg,Sr,V","(Cd,Mg,Sr,V)O"
CHAOS_0016,17,0.5058434959349594,0.3109756097560976,0.5264227642276423,0.4852642276422764,high descriptor compatibility only,False,True,0.5040650406504066,0.5487804878048781,0.4796747967479674,0.8882113821138211,0.4796747967479675,0.09349593495934959,"Ca,Mg,Mn,Nb","(Ca,Mg,Mn,Nb)O"
CHAOS_0017,18,0.5804115853658537,0.2682926829268293,0.7195121951219512,0.4413109756097562,high descriptor compatibility only,False,True,0.7032520325203252,0.7357723577235773,0.4613821138211383,0.5711382113821138,0.4613821138211382,0.2713414634146342,"Ca,Cd,Mg,Nb","(Ca,Cd,Mg,Nb)O"
CHAOS_0018,19,0.4585873983739838,0.6626016260162602,0.665650406504065,0.2515243902439024,high-EFA only,True,False,0.7215447154471545,0.6097560975609756,0.1341463414634146,0.6443089430894309,0.1341463414634146,0.09349593495934959,"Ca,Mg,Ni,Sr","(Ca,Mg,Ni,Sr)O"
CHAOS_0019,20,0.6850863821138211,0.806910569105691,0.809959349593496,0.5602134146341463,high-EFA + high descriptor compatibility,True,True,0.8150406504065041,0.8048780487804879,0.5020325203252032,0.4634146341463414,0.5020325203252033,0.7733739837398373,"Ca,Co,Fe,Zn","(Ca,Co,Fe,Zn)O"
CHAOS_0020,21,0.510035569105691,0.782520325203252,0.2073170731707317,0.8127540650406504,high-EFA + high descriptor compatibility,True,True,0.1849593495934959,0.2296747967479674,0.8739837398373984,0.6890243902439024,0.8739837398373984,0.8140243902439024,"Cd,Cu,Mg,Mn","(Cd,Cu,Mg,Mn)O"
CHAOS_0021,22,0.3216463414634146,0.05691056910569105,0.5223577235772358,0.1209349593495935,other,False,False,0.5081300813008129,0.5365853658536586,0.1443089430894309,0.1016260162601627,0.1443089430894309,0.09349593495934959,"Nb,Sn,Sr,V","(Nb,Sn,Sr,V)O"
CHAOS_0022,23,0.3316819105691057,0.1443089430894309,0.133130081300813,0.5302337398373984,other,False,False,0.09146341463414631,0.1747967479674797,0.5345528455284553,0.6788617886178862,0.5345528455284553,0.3729674796747968,"Cd,Sr,Ti,V","(Cd,Sr,Ti,V)O"
CHAOS_0023,24,0.6269054878048781,0.975609756097561,0.8048780487804879,0.4489329268292683,high-EFA + high descriptor compatibility,True,True,0.8414634146341463,0.7682926829268293,0.4634146341463414,0.4959349593495935,0.4634146341463415,0.3729674796747968,"Ca,Cd,Mn,Sr","(Ca,Cd,Mn,Sr)O"
CHAOS_0024,25,0.7714684959349594,0.9735772357723578,0.728658536585366,0.8142784552845528,high-EFA + high descriptor compatibility,True,True,0.7052845528455285,0.7520325203252033,0.8943089430894309,0.7723577235772358,0.8943089430894309,0.6961382113821138,"Co,Cu,Mg,Mn","(Co,Cu,Mg,Mn)O"
CHAOS_0025,26,0.736915650406504,0.9105691056910569,0.5335365853658536,0.9402947154471545,high-EFA + high descriptor compatibility,True,True,0.4857723577235772,0.5813008130081301,0.9166666666666666,0.9308943089430894,0.9166666666666666,0.9969512195121951,"Cd,Cu,Fe,Zn","(Cd,Cu,Fe,Zn)O"
CHAOS_0026,27,0.4179369918699187,0.4776422764227642,0.4004065040650407,0.4354674796747968,other,False,False,0.4552845528455285,0.3455284552845529,0.3963414634146342,0.725609756097561,0.3963414634146342,0.2235772357723577,"Ca,Co,Mn,Sr","(Ca,Co,Mn,Sr)O"
CHAOS_0027,28,0.4815802845528455,0.5060975609756098,0.459349593495935,0.5038109756097561,high-EFA only,True,False,0.5182926829268293,0.4004065040650406,0.266260162601626,0.709349593495935,0.266260162601626,0.7733739837398373,"Cd,Co,Fe,Sr","(Cd,Co,Fe,Sr)O"
CHAOS_0028,29,0.4256859756097561,0.6463414634146342,0.4380081300813008,0.4133638211382114,high-EFA only,True,False,0.5020325203252032,0.3739837398373984,0.1280487804878049,0.4918699186991869,0.1280487804878049,0.9054878048780488,"Cd,Co,Sr,Zn","(Cd,Co,Sr,Zn)O"
CHAOS_0029,30,0.08892276422764228,0.233739837398374,0.0934959349593496,0.08434959349593497,other,False,False,0.0934959349593496,0.0934959349593496,0.1402439024390244,0.03048780487804881,0.1402439024390244,0.02642276422764228,"Ca,Mg,Nb,Sn","(Ca,Mg,Nb,Sn)O"
CHAOS_0030,31,0.4254319105691057,0.2459349593495935,0.274390243902439,0.5764735772357723,other,False,False,0.1341463414634146,0.4146341463414634,0.6768292682926829,0.3008130081300813,0.676829268292683,0.6514227642276422,"Cd,Mn,Sn,V","(Cd,Mn,Sn,V)O"
CHAOS_0031,32,0.3285060975609756,0.459349593495935,0.407520325203252,0.2494918699186992,other,False,False,0.4817073170731707,0.3333333333333334,0.04471544715447151,0.3617886178861789,0.04471544715447155,0.5467479674796748,"Mg,Ni,Sr,Zn","(Mg,Ni,Sr,Zn)O"
CHAOS_0032,33,0.8046239837398375,0.9126016260162602,0.6941056910569106,0.9151422764227642,high-EFA + high descriptor compatibility,True,True,0.6991869918699187,0.6890243902439024,0.8902439024390244,0.8902439024390244,0.8902439024390244,0.9898373983739838,"Cd,Mn,Ni,Zn","(Cd,Mn,Ni,Zn)O"
CHAOS_0033,34,0.4479166666666666,0.4247967479674797,0.3577235772357724,0.538109756097561,other,False,False,0.3638211382113821,0.3516260162601627,0.4451219512195121,0.7154471544715447,0.4451219512195122,0.5467479674796748,"Cd,Mn,Sr,V","(Cd,Mn,Sr,V)O"
CHAOS_0034,35,0.6464684959349593,0.7764227642276422,0.521341463414634,0.7715955284552845,high-EFA + high descriptor compatibility,True,True,0.4532520325203252,0.589430894308943,0.8434959349593496,0.4939024390243902,0.8434959349593496,0.9054878048780488,"Cu,Fe,Sn,Zn","(Cu,Fe,Sn,Zn)O"
CHAOS_0035,36,0.6800050813008129,0.9390243902439024,0.8780487804878049,0.4819613821138211,high-EFA + high descriptor compatibility,True,True,0.8841463414634146,0.8719512195121951,0.4939024390243902,0.6686991869918699,0.4939024390243902,0.2713414634146342,"Ca,Mg,Mn,Ni","(Ca,Mg,Mn,Ni)O"
CHAOS_0036,37,0.6579014227642277,0.7317073170731707,0.6524390243902439,0.6633638211382114,high-EFA + high descriptor compatibility,True,True,0.6747967479674797,0.6300813008130082,0.6565040650406504,0.5264227642276422,0.6565040650406504,0.8140243902439024,"Ca,Cd,Fe,Ni","(Ca,Cd,Fe,Ni)O"
CHAOS_0037,38,0.5123221544715447,0.5,0.7134146341463414,0.311229674796748,high-EFA + high descriptor compatibility,True,True,0.6829268292682926,0.7439024390243902,0.2804878048780488,0.4126016260162602,0.2804878048780488,0.2713414634146342,"Ca,Mg,Nb,Zn","(Ca,Mg,Nb,Zn)O"
CHAOS_0038,39,0.6200457317073171,0.1565040650406504,0.4441056910569106,0.7959857723577236,high descriptor compatibility only,False,True,0.2865853658536586,0.6016260162601625,0.9634146341463414,0.9857723577235772,0.9634146341463414,0.2713414634146342,"Nb,Tc,Ti,V","(Nb,Tc,Ti,V)O"
CHAOS_0039,40,0.5920985772357723,0.766260162601626,0.7428861788617886,0.4413109756097561,high-EFA + high descriptor compatibility,True,True,0.7581300813008129,0.7276422764227642,0.4695121951219512,0.5121951219512195,0.4695121951219512,0.3140243902439024,"Ca,Cu,Mg,Mn","(Ca,Cu,Mg,Mn)O"
CHAOS_0040,41,0.5854928861788617,0.5752032520325203,0.6544715447154471,0.5165142276422764,high-EFA + high descriptor compatibility,True,True,0.589430894308943,0.7195121951219512,0.75,0.2520325203252033,0.75,0.3140243902439024,"Co,Mg,Mn,Sn","(Co,Mg,Mn,Sn)O"
CHAOS_0041,42,0.6107723577235773,0.8536585365853658,0.5985772357723578,0.6229674796747967,high-EFA + high descriptor compatibility,True,True,0.5609756097560976,0.6361788617886179,0.8658536585365854,0.2804878048780488,0.8658536585365854,0.4796747967479675,"Co,Mg,Ni,Sn","(Co,Mg,Ni,Sn)O"
CHAOS_0042,43,0.4885670731707317,0.6910569105691057,0.6585365853658537,0.3185975609756098,high-EFA only,True,False,0.7113821138211383,0.6056910569105691,0.1321138211382114,0.5304878048780488,0.1321138211382114,0.4796747967479675,"Cd,Co,Mg,Sr","(Cd,Co,Mg,Sr)O"
CHAOS_0043,44,0.5293445121951219,0.03048780487804878,0.7865853658536586,0.2721036585365854,high descriptor compatibility only,False,True,0.7804878048780488,0.7926829268292683,0.2682926829268293,0.1788617886178862,0.2682926829268293,0.3729674796747968,"Cd,Mg,Nb,Sn","(Cd,Mg,Nb,Sn)O"
CHAOS_0044,45,0.4265752032520325,0.4126016260162602,0.2774390243902439,0.5757113821138211,other,False,False,0.3292682926829268,0.225609756097561,0.6727642276422765,0.8638211382113821,0.6727642276422764,0.09349593495934959,"Ca,Mn,Nb,Sr","(Ca,Mn,Nb,Sr)O"
CHAOS_0045,46,0.1595528455284553,0.08943089430894309,0.04979674796747968,0.2693089430894309,other,False,False,0.04268292682926833,0.05691056910569103,0.459349593495935,0.09756097560975607,0.459349593495935,0.06097560975609756,"Mg,Sn,Ti,V","(Mg,Sn,Ti,V)O"
CHAOS_0046,47,0.5401422764227642,0.1219512195121951,0.5731707317073171,0.5071138211382114,high descriptor compatibility only,False,True,0.5426829268292683,0.6036585365853658,0.4288617886178862,0.6239837398373984,0.4288617886178862,0.5467479674796748,"Cd,Fe,Sr,Ti","(Cd,Fe,Sr,Ti)O"
CHAOS_0047,48,0.4108231707317073,0.8292682926829268,0.4542682926829268,0.3673780487804878,high-EFA only,True,False,0.5548780487804879,0.3536585365853658,0.290650406504065,0.1565040650406504,0.290650406504065,0.7317073170731707,"Ca,Cd,Sn,Zn","(Ca,Cd,Sn,Zn)O"
CHAOS_0048,49,0.5802845528455285,0.7215447154471545,0.375,0.7855691056910569,high-EFA + high descriptor compatibility,True,True,0.4004065040650406,0.3495934959349594,0.8028455284552846,0.589430894308943,0.8028455284552846,0.9471544715447154,"Cd,Co,Sn,Zn","(Cd,Co,Sn,Zn)O"
CHAOS_0049,50,0.632494918699187,0.7459349593495935,0.4888211382113821,0.7761686991869918,high-EFA + high descriptor compatibility,True,True,0.4207317073170732,0.556910569105691,0.7296747967479675,0.7398373983739837,0.7296747967479674,0.9054878048780488,"Cu,Mn,V,Zn","(Cu,Mn,V,Zn)O"
CHAOS_0050,51,0.5768546747967479,0.6849593495934959,0.3302845528455284,0.8234247967479674,high-EFA + high descriptor compatibility,True,True,0.3414634146341463,0.3191056910569106,0.8191056910569106,0.6951219512195121,0.8191056910569106,0.9603658536585366,"Cd,Ni,Sn,Zn","(Cd,Ni,Sn,Zn)O"
CHAOS_0051,52,0.1831808943089431,0.5548780487804879,0.1880081300813009,0.1783536585365854,high-EFA only,True,False,0.2113821138211383,0.1646341463414634,0.3028455284552846,0.0467479674796748,0.3028455284552846,0.06097560975609756,"Ca,Mg,Mn,Sn","(Ca,Mg,Mn,Sn)O"
CHAOS_0052,53,0.8652184959349594,0.8394308943089431,0.8455284552845528,0.8849085365853658,high-EFA + high descriptor compatibility,True,True,0.8272357723577236,0.8638211382113821,0.9939024390243902,0.7378048780487805,0.9939024390243902,0.8140243902439024,"Co,Cu,Mg,Ni","(Co,Cu,Mg,Ni)O"
CHAOS_0053,54,0.521214430894309,0.540650406504065,0.4065040650406504,0.6359247967479675,high-EFA + high descriptor compatibility,True,True,0.2784552845528455,0.5345528455284553,0.7215447154471545,0.3272357723577236,0.7215447154471545,0.7733739837398373,"Fe,Mn,Sn,Zn","(Fe,Mn,Sn,Zn)O"
CHAOS_0054,55,0.5711382113821137,0.4166666666666667,0.6514227642276422,0.4908536585365854,high descriptor compatibility only,False,True,0.6321138211382114,0.6707317073170731,0.475609756097561,0.4654471544715447,0.475609756097561,0.5467479674796748,"Ca,Mn,Nb,Zn","(Ca,Mn,Nb,Zn)O"
CHAOS_0055,56,0.6659044715447155,0.8353658536585366,0.7591463414634146,0.5726626016260163,high-EFA + high descriptor compatibility,True,True,0.7703252032520325,0.7479674796747968,0.6422764227642277,0.9796747967479675,0.6422764227642277,0.02642276422764228,"Ca,Mg,Ti,V","(Ca,Mg,Ti,V)O"
CHAOS_0056,57,0.462525406504065,0.1321138211382114,0.3048780487804878,0.6201727642276422,other,False,False,0.1402439024390244,0.4695121951219512,0.5691056910569106,0.6910569105691057,0.5691056910569106,0.6514227642276422,"Mn,Nb,Ti,Zn","(Mn,Nb,Ti,Zn)O"
CHAOS_0057,58,0.6985518292682926,0.08130081300813008,0.6768292682926829,0.7202743902439025,high descriptor compatibility only,False,True,0.475609756097561,0.8780487804878049,0.693089430894309,0.7987804878048781,0.693089430894309,0.6961382113821138,"Cd,Fe,Nb,Ti","(Cd,Fe,Nb,Ti)O"
CHAOS_0058,59,0.09273373983739835,0.0508130081300813,0.07317073170731703,0.1122967479674797,other,False,False,0.06707317073170727,0.07926829268292679,0.1585365853658537,0.07113821138211385,0.1585365853658537,0.06097560975609756,"Nb,Sn,Sr,Ti","(Nb,Sn,Sr,Ti)O"
CHAOS_0059,60,0.1891514227642276,0.04471544715447155,0.03252032520325204,0.3457825203252032,other,False,False,0.03048780487804881,0.03455284552845528,0.2378048780487805,0.3028455284552846,0.2378048780487805,0.6046747967479674,"Cu,Nb,Sn,Tc","(Cu,Nb,Sn,Tc)O"
CHAOS_0060,61,0.2820121951219512,0.3556910569105691,0.2002032520325203,0.3638211382113821,other,False,False,0.2154471544715447,0.1849593495934959,0.225609756097561,0.9105691056910569,0.225609756097561,0.09349593495934959,"Mg,Mn,Nb,Sr","(Mg,Mn,Nb,Sr)O"
CHAOS_0061,62,0.5384908536585366,0.5833333333333334,0.3729674796747968,0.7040142276422764,high-EFA + high descriptor compatibility,True,True,0.2845528455284553,0.4613821138211383,0.7682926829268293,0.3963414634146342,0.7682926829268293,0.883130081300813,"Cu,Mn,Sn,Zn","(Cu,Mn,Sn,Zn)O"
CHAOS_0062,63,0.366869918699187,0.201219512195122,0.1717479674796748,0.5619918699186992,other,False,False,0.209349593495935,0.1341463414634146,0.6544715447154472,0.8780487804878049,0.6544715447154471,0.06097560975609756,"Ca,Mn,Sr,Ti","(Ca,Mn,Sr,Ti)O"
CHAOS_0063,64,0.834984756097561,0.8963414634146342,0.8302845528455285,0.8396849593495934,high-EFA + high descriptor compatibility,True,True,0.8313008130081301,0.8292682926829268,0.9186991869918699,0.6158536585365854,0.9186991869918699,0.9054878048780488,"Cd,Co,Mg,Zn","(Cd,Co,Mg,Zn)O"
CHAOS_0064,65,0.8128810975609756,0.9776422764227642,0.9186991869918699,0.7070630081300813,high-EFA + high descriptor compatibility,True,True,0.9105691056910569,0.926829268292683,0.8008130081300813,0.8536585365853658,0.8008130081300813,0.3729674796747968,"Co,Mg,Mn,V","(Co,Mg,Mn,V)O"
CHAOS_0065,66,0.9082825203252032,0.9979674796747967,0.9085365853658536,0.9080284552845528,high-EFA + high descriptor compatibility,True,True,0.8821138211382114,0.9349593495934959,0.9105691056910569,0.8821138211382114,0.9105691056910569,0.9288617886178862,"Co,Fe,Mn,Zn","(Co,Fe,Mn,Zn)O"
CHAOS_0066,67,0.2284044715447154,0.7845528455284553,0.3770325203252032,0.07977642276422764,high-EFA only,True,False,0.4878048780487805,0.266260162601626,0.01626016260162599,0.0630081300813008,0.01626016260162602,0.2235772357723577,"Cd,Mg,Sn,Sr","(Cd,Mg,Sn,Sr)O"
CHAOS_0067,68,0.9071392276422764,0.943089430894309,0.943089430894309,0.8711890243902438,high-EFA + high descriptor compatibility,True,True,0.943089430894309,0.943089430894309,0.9979674796747967,0.5833333333333333,0.9979674796747967,0.9054878048780488,"Cu,Mg,Ni,Zn","(Cu,Mg,Ni,Zn)O"
CHAOS_0068,69,0.6810213414634146,0.9024390243902439,0.899390243902439,0.4626524390243902,high-EFA + high descriptor compatibility,True,True,0.9308943089430894,0.8678861788617886,0.4390243902439024,0.3211382113821138,0.4390243902439024,0.6514227642276422,"Ca,Cd,Mg,Zn","(Ca,Cd,Mg,Zn)O"
CHAOS_0069,70,0.1847052845528455,0.5589430894308943,0.3140243902439024,0.05538617886178863,high-EFA only,True,False,0.3902439024390244,0.2378048780487805,0.008130081300813052,0.08333333333333337,0.008130081300813009,0.1219512195121951,"Co,Mg,Sn,Sr","(Co,Mg,Sn,Sr)O"
CHAOS_0070,71,0.801194105691057,0.2317073170731707,0.9796747967479675,0.6227134146341464,high descriptor compatibility only,False,True,0.9776422764227642,0.9817073170731707,0.6971544715447154,0.7235772357723578,0.6971544715447154,0.3729674796747968,"Cd,Mg,Ti,V","(Cd,Mg,Ti,V)O"
CHAOS_0071,72,0.3315548780487805,0.3313008130081301,0.2052845528455284,0.4578252032520325,other,False,False,0.1280487804878049,0.282520325203252,0.4004065040650406,0.5975609756097561,0.4004065040650406,0.4329268292682927,"Mg,Nb,V,Zn","(Mg,Nb,V,Zn)O"
CHAOS_0072,73,0.1547256097560975,0.05894308943089431,0.01930894308943087,0.2901422764227642,other,False,False,0.02235772357723576,0.01626016260162599,0.2601626016260162,0.2073170731707317,0.2601626016260163,0.4329268292682927,"Cu,Nb,Sn,Ti","(Cu,Nb,Sn,Ti)O"
CHAOS_0073,74,0.8328252032520325,0.4349593495934959,0.8404471544715447,0.8252032520325203,high descriptor compatibility only,False,True,0.8373983739837398,0.8434959349593496,0.8109756097560976,0.75,0.8109756097560976,0.9288617886178862,"Cd,Mn,V,Zn","(Cd,Mn,V,Zn)O"
CHAOS_0074,75,0.1955030487804878,0.5304878048780488,0.2317073170731707,0.1592987804878049,high-EFA only,True,False,0.282520325203252,0.1808943089430894,0.05894308943089432,0.2052845528455285,0.05894308943089431,0.3140243902439024,"Co,Mn,Sn,Sr","(Co,Mn,Sn,Sr)O"
CHAOS_0075,76,0.6802591463414633,0.790650406504065,0.7886178861788617,0.571900406504065,high-EFA + high descriptor compatibility,True,True,0.8231707317073171,0.7540650406504065,0.5873983739837398,0.3394308943089431,0.5873983739837398,0.7733739837398373,"Ca,Cd,V,Zn","(Ca,Cd,V,Zn)O"
CHAOS_0076,77,0.4453760162601626,0.02845528455284553,0.6697154471544715,0.2210365853658537,other,False,False,0.6869918699186992,0.6524390243902439,0.274390243902439,0.1808943089430894,0.274390243902439,0.1544715447154472,"Mg,Mn,Nb,Sn","(Mg,Mn,Nb,Sn)O"
CHAOS_0077,78,0.1265243902439024,0.5447154471544715,0.1798780487804878,0.07317073170731708,high-EFA only,True,False,0.2296747967479674,0.1300813008130082,0.08739837398373984,0.02439024390243905,0.08739837398373984,0.09349593495934959,"Ca,Fe,Sn,Sr","(Ca,Fe,Sn,Sr)O"
CHAOS_0078,79,0.8418445121951219,0.9471544715447154,0.7652439024390243,0.9184451219512195,high-EFA + high descriptor compatibility,True,True,0.766260162601626,0.7642276422764227,0.9065040650406504,0.8800813008130082,0.9065040650406504,0.9806910569105691,"Cd,Co,Mn,Zn","(Cd,Co,Mn,Zn)O"
CHAOS_0079,80,0.6645071138211383,0.7520325203252033,0.665650406504065,0.6633638211382114,high-EFA + high descriptor compatibility,True,True,0.6280487804878049,0.7032520325203252,0.7459349593495934,0.3475609756097561,0.7459349593495935,0.8140243902439024,"Co,Mn,Sn,Zn","(Co,Mn,Sn,Zn)O"
CHAOS_0080,81,0.1612042682926829,0.1829268292682927,0.1077235772357724,0.2146849593495935,other,False,False,0.1036585365853658,0.1117886178861789,0.2845528455284553,0.09959349593495936,0.2845528455284553,0.1900406504065041,"Ca,Fe,Nb,Sn","(Ca,Fe,Nb,Sn)O"
CHAOS_0081,82,0.2136686991869919,0.6158536585365854,0.2530487804878049,0.1742886178861789,high-EFA only,True,False,0.3272357723577236,0.1788617886178862,0.02642276422764223,0.1646341463414634,0.02642276422764228,0.4796747967479675,"Mn,Sn,Sr,Zn","(Mn,Sn,Sr,Zn)O"
CHAOS_0082,83,0.7822662601626016,0.823170731707317,0.6107723577235773,0.953760162601626,high-EFA + high descriptor compatibility,True,True,0.5873983739837398,0.6341463414634146,0.9512195121951219,0.9227642276422764,0.9512195121951219,0.9898373983739838,"Cd,Co,Fe,Zn","(Cd,Co,Fe,Zn)O"
CHAOS_0083,84,0.8821138211382114,0.8800813008130082,0.9136178861788617,0.850609756097561,high-EFA + high descriptor compatibility,True,True,0.9451219512195121,0.8821138211382114,0.9349593495934959,0.6036585365853658,0.9349593495934959,0.9288617886178862,"Cd,Mg,Ni,Zn","(Cd,Mg,Ni,Zn)O"
CHAOS_0084,85,0.3305386178861789,0.0,0.3567073170731707,0.304369918699187,other,False,False,0.1910569105691057,0.5223577235772358,0.3922764227642277,0.209349593495935,0.3922764227642276,0.2235772357723577,"Mn,Nb,Sn,Ti","(Mn,Nb,Sn,Ti)O"
CHAOS_0085,86,0.5505589430894309,0.9207317073170732,0.8404471544715447,0.2606707317073171,high-EFA + high descriptor compatibility,True,True,0.8963414634146342,0.7845528455284553,0.1951219512195121,0.4979674796747967,0.1951219512195122,0.1544715447154472,"Ca,Cd,Mg,Sr","(Ca,Cd,Mg,Sr)O"
CHAOS_0086,87,0.4601117886178862,0.5284552845528455,0.556910569105691,0.3633130081300813,high-EFA only,True,False,0.6239837398373984,0.4898373983739838,0.426829268292683,0.1199186991869918,0.4268292682926829,0.4796747967479675,"Ca,Cd,Mn,Sn","(Ca,Cd,Mn,Sn)O"
CHAOS_0087,88,0.3335873983739838,0.7113821138211383,0.41869918699187,0.2484756097560976,high-EFA only,True,False,0.5101626016260163,0.3272357723577236,0.01422764227642281,0.233739837398374,0.01422764227642276,0.7317073170731707,"Cd,Sn,Sr,Zn","(Cd,Sn,Sr,Zn)O"
CHAOS_0088,89,0.5348069105691057,0.5894308943089431,0.3892276422764228,0.6803861788617886,high-EFA + high descriptor compatibility,True,True,0.3760162601626016,0.4024390243902439,0.7520325203252033,0.3658536585365854,0.7520325203252033,0.8516260162601627,"Cd,Mn,Ni,Sn","(Cd,Mn,Ni,Sn)O"
CHAOS_0089,90,0.3086890243902439,0.03455284552845529,0.3252032520325204,0.2921747967479675,other,False,False,0.1829268292682927,0.467479674796748,0.4308943089430894,0.1524390243902439,0.4308943089430894,0.1544715447154472,"Nb,Sn,Ti,V","(Nb,Sn,Ti,V)O"
CHAOS_0090,91,0.3457825203252033,0.2947154471544716,0.1392276422764228,0.5523373983739839,other,False,False,0.1626016260162602,0.1158536585365854,0.6300813008130082,0.8272357723577236,0.6300813008130082,0.1219512195121951,"Ca,Fe,Nb,Sr","(Ca,Fe,Nb,Sr)O"
CHAOS_0091,92,0.7842987804878049,0.08739837398373984,0.8841463414634146,0.6844512195121951,high descriptor compatibility only,False,True,0.8658536585365854,0.9024390243902439,0.6910569105691057,0.5040650406504066,0.6910569105691057,0.8516260162601627,"Cd,Ti,V,Zn","(Cd,Ti,V,Zn)O"
CHAOS_0092,93,0.1077235772357724,0.1463414634146341,0.1067073170731707,0.108739837398374,other,False,False,0.1158536585365854,0.09756097560975607,0.1524390243902439,0.06910569105691056,0.1524390243902439,0.06097560975609756,"Sn,Sr,Ti,V","(Sn,Sr,Ti,V)O"
CHAOS_0093,94,0.6995680894308943,0.7052845528455285,0.8902439024390244,0.5088922764227642,high-EFA + high descriptor compatibility,True,True,0.926829268292683,0.8536585365853658,0.5975609756097561,0.5691056910569106,0.5975609756097561,0.2713414634146342,"Ca,Cd,Mg,V","(Ca,Cd,Mg,V)O"
CHAOS_0094,95,0.7850609756097562,0.4207317073170732,0.9288617886178863,0.6412601626016261,high descriptor compatibility only,False,True,0.9207317073170732,0.9369918699186992,0.6951219512195121,0.6280487804878049,0.6951219512195121,0.5467479674796748,"Mg,Mn,V,Zn","(Mg,Mn,V,Zn)O"
CHAOS_0095,96,0.8526422764227642,0.8333333333333334,0.8191056910569106,0.8861788617886179,high-EFA + high descriptor compatibility,True,True,0.8211382113821138,0.8170731707317074,0.9735772357723578,0.7459349593495934,0.9735772357723578,0.8516260162601627,"Cd,Co,Mg,Ni","(Cd,Co,Mg,Ni)O"
CHAOS_0096,97,0.3889735772357724,0.6239837398373984,0.5304878048780488,0.2474593495934959,high-EFA only,True,False,0.6219512195121951,0.4390243902439024,0.06097560975609762,0.4349593495934959,0.06097560975609756,0.4329268292682927,"Fe,Mg,Sr,Zn","(Fe,Mg,Sr,Zn)O"
CHAOS_0097,98,0.2856961382113821,0.3922764227642276,0.3943089430894309,0.1770833333333333,other,False,False,0.4573170731707317,0.3313008130081301,0.05487804878048785,0.225609756097561,0.05487804878048781,0.3729674796747968,"Co,Fe,Sn,Sr","(Co,Fe,Sn,Sr)O"
CHAOS_0098,99,0.4989837398373983,0.6361788617886179,0.6676829268292682,0.3302845528455284,high-EFA only,True,False,0.7398373983739837,0.5955284552845528,0.1504065040650406,0.5873983739837398,0.1504065040650407,0.4329268292682927,"Cd,Fe,Mg,Sr","(Cd,Fe,Mg,Sr)O"
CHAOS_0099,100,0.6018800813008129,0.05487804878048781,0.8140243902439024,0.3897357723577236,high descriptor compatibility only,False,True,0.790650406504065,0.8373983739837398,0.4532520325203252,0.1727642276422764,0.4532520325203252,0.4796747967479675,"Sn,Ti,V,Zn","(Sn,Ti,V,Zn)O"
CHAOS_0100,101,0.6302083333333334,0.8191056910569106,0.3943089430894309,0.8661077235772358,high-EFA + high descriptor compatibility,True,True,0.3800813008130082,0.4085365853658537,0.9491869918699187,0.7520325203252033,0.9491869918699187,0.8140243902439024,"Cd,Fe,Mg,Ni","(Cd,Fe,Mg,Ni)O"
CHAOS_0101,102,0.6556148373983739,0.8211382113821138,0.8353658536585366,0.4758638211382114,high-EFA + high descriptor compatibility,True,True,0.8455284552845528,0.8252032520325203,0.4878048780487805,0.6138211382113821,0.4878048780487805,0.3140243902439024,"Ca,Fe,Mg,Ni","(Ca,Fe,Mg,Ni)O"
CHAOS_0102,103,0.1834349593495935,0.1097560975609756,0.05589430894308944,0.3109756097560975,other,False,False,0.03658536585365857,0.07520325203252032,0.4979674796747967,0.1260162601626016,0.4979674796747968,0.1219512195121951,"Mg,Mn,Sn,Ti","(Mg,Mn,Sn,Ti)O"
CHAOS_0103,104,0.2342479674796748,0.7703252032520326,0.3119918699186992,0.1565040650406504,high-EFA only,True,False,0.3617886178861789,0.2621951219512195,0.1971544715447154,0.008130081300813052,0.1971544715447154,0.2235772357723577,"Ca,Mg,Sn,Zn","(Ca,Mg,Sn,Zn)O"
CHAOS_0104,105,0.4735772357723577,0.3597560975609756,0.4349593495934959,0.5121951219512195,other,False,False,0.4390243902439024,0.4308943089430894,0.556910569105691,0.8414634146341463,0.556910569105691,0.09349593495934959,"Ca,Fe,Mg,Ti","(Ca,Fe,Mg,Ti)O"
CHAOS_0105,106,0.6755589430894309,0.008130081300813009,0.9979674796747967,0.353150406504065,high descriptor compatibility only,False,True,0.9979674796747967,0.9979674796747967,0.5,0.1890243902439024,0.5,0.2235772357723577,"Sn,Tc,Ti,V","(Sn,Tc,Ti,V)O"
CHAOS_0106,107,0.7433943089430894,0.1747967479674797,0.790650406504065,0.6961382113821138,high descriptor compatibility only,False,True,0.7601626016260162,0.8211382113821138,0.5467479674796748,0.7621951219512195,0.5467479674796748,0.9288617886178862,"Cd,Mn,Nb,Zn","(Cd,Mn,Nb,Zn)O"
CHAOS_0107,108,0.6689532520325203,0.02235772357723577,0.8800813008130082,0.4578252032520325,high descriptor compatibility only,False,True,0.8495934959349594,0.9105691056910569,0.5772357723577235,0.1971544715447154,0.5772357723577236,0.4796747967479675,"Cd,Sn,Ti,V","(Cd,Sn,Ti,V)O"
CHAOS_0108,109,0.6286839430894309,0.06300813008130081,0.8953252032520325,0.3620426829268293,high descriptor compatibility only,False,True,0.9166666666666666,0.8739837398373984,0.5101626016260163,0.1138211382113821,0.5101626016260162,0.3140243902439024,"Cd,Mg,Sn,Ti","(Cd,Mg,Sn,Ti)O"
CHAOS_0109,110,0.4862804878048781,0.3150406504065041,0.603658536585366,0.3689024390243902,other,False,False,0.6666666666666667,0.540650406504065,0.233739837398374,0.9146341463414634,0.233739837398374,0.09349593495934959,"Mg,Mn,Sr,V","(Mg,Mn,Sr,V)O"
CHAOS_0110,111,0.3516260162601626,0.1707317073170732,0.009146341463414642,0.6941056910569106,other,False,False,0.01016260162601623,0.008130081300813052,0.516260162601626,0.7967479674796748,0.516260162601626,0.9471544715447154,"Cd,Fe,Nb,Zn","(Cd,Fe,Nb,Zn)O"
CHAOS_0111,112,0.3321900406504065,0.4288617886178862,0.3313008130081301,0.3330792682926829,other,False,False,0.3841463414634146,0.2784552845528455,0.2398373983739838,0.4796747967479674,0.2398373983739837,0.3729674796747968,"Ca,Co,Ni,Sr","(Ca,Co,Ni,Sr)O"
CHAOS_0112,113,0.7752794715447154,0.1544715447154472,0.9186991869918699,0.631859756097561,high descriptor compatibility only,False,True,0.9044715447154471,0.9329268292682926,0.7764227642276422,0.6016260162601625,0.7764227642276422,0.3729674796747968,"Ca,Cd,Nb,Ti","(Ca,Cd,Nb,Ti)O"
CHAOS_0113,114,0.5882876016260163,0.8597560975609756,0.5294715447154472,0.6471036585365854,high-EFA + high descriptor compatibility,True,True,0.5752032520325203,0.483739837398374,0.8252032520325203,0.2865853658536586,0.8252032520325203,0.6514227642276422,"Cd,Mg,Ni,Sn","(Cd,Mg,Ni,Sn)O"
CHAOS_0114,115,0.8891006097560976,0.8678861788617886,0.9115853658536586,0.8666158536585367,high-EFA + high descriptor compatibility,True,True,0.9024390243902439,0.9207317073170732,0.975609756097561,0.7418699186991871,0.975609756097561,0.7733739837398373,"Cu,Fe,Mg,Ni","(Cu,Fe,Mg,Ni)O"
CHAOS_0115,116,0.6065802845528455,0.9898373983739838,0.8048780487804879,0.4082825203252032,high-EFA + high descriptor compatibility,True,True,0.8109756097560976,0.7987804878048781,0.3556910569105691,0.3170731707317073,0.3556910569105691,0.6046747967479674,"Ca,Cu,Mg,Zn","(Ca,Cu,Mg,Zn)O"
CHAOS_0116,117,0.690040650406504,0.2601626016260163,0.7642276422764227,0.6158536585365852,high descriptor compatibility only,False,True,0.7195121951219512,0.8089430894308943,0.6646341463414633,0.4024390243902439,0.6646341463414634,0.7317073170731707,"Cd,Mg,Ti,Zn","(Cd,Mg,Ti,Zn)O"
CHAOS_0117,118,0.6563770325203251,0.1036585365853658,0.7083333333333333,0.604420731707317,high descriptor compatibility only,False,True,0.6138211382113821,0.8028455284552846,0.524390243902439,0.7642276422764227,0.524390243902439,0.6046747967479674,"Cd,Fe,Mg,Nb","(Cd,Fe,Mg,Nb)O"
CHAOS_0118,119,0.4405487804878049,0.3130081300813008,0.08333333333333331,0.7977642276422764,other,False,False,0.05284552845528456,0.1138211382113821,0.7439024390243902,0.774390243902439,0.7439024390243902,0.9288617886178862,"Cu,Fe,V,Zn","(Cu,Fe,V,Zn)O"
CHAOS_0119,120,0.573170731707317,0.2357723577235772,0.4725609756097561,0.673780487804878,high descriptor compatibility only,False,True,0.4288617886178862,0.516260162601626,0.8231707317073171,0.8943089430894309,0.823170731707317,0.1544715447154472,"Ca,Mn,Nb,Ti","(Ca,Mn,Nb,Ti)O"
CHAOS_0120,121,0.2882367886178862,0.3699186991869919,0.1270325203252032,0.4494410569105691,other,False,False,0.1321138211382114,0.1219512195121951,0.1727642276422764,0.7560975609756098,0.1727642276422764,0.6961382113821138,"Co,Fe,Ni,Sr","(Co,Fe,Ni,Sr)O"
CHAOS_0121,122,0.291285569105691,0.7967479674796748,0.2703252032520325,0.3122459349593496,high-EFA only,True,False,0.3008130081300813,0.2398373983739838,0.4207317073170732,0.1361788617886179,0.4207317073170732,0.2713414634146342,"Ca,Fe,Mn,Sn","(Ca,Fe,Mn,Sn)O"
CHAOS_0122,123,0.3878302845528455,0.2195121951219512,0.2693089430894309,0.5063516260162602,other,False,False,0.2703252032520326,0.2682926829268293,0.4552845528455285,0.3414634146341463,0.4552845528455284,0.7733739837398373,"Ca,Cd,Nb,Zn","(Ca,Cd,Nb,Zn)O"
CHAOS_0123,124,0.1634908536585366,0.4939024390243902,0.1056910569105691,0.2212906504065041,other,False,False,0.1300813008130082,0.08130081300813008,0.002032520325203291,0.2296747967479674,0.002032520325203252,0.6514227642276422,"Ni,Sn,Sr,Zn","(Ni,Sn,Sr,Zn)O"
CHAOS_0124,125,0.3907520325203252,0.8638211382113821,0.5985772357723578,0.1829268292682927,high-EFA only,True,False,0.6443089430894309,0.5528455284552846,0.282520325203252,0.04471544715447151,0.282520325203252,0.1219512195121951,"Ca,Co,Mg,Sn","(Ca,Co,Mg,Sn)O"
CHAOS_0125,126,0.4842479674796748,0.5650406504065041,0.6280487804878049,0.3404471544715447,high-EFA only,True,False,0.6971544715447154,0.5589430894308943,0.2296747967479674,0.8760162601626016,0.2296747967479675,0.02642276422764228,"Ca,Mg,Mn,Sr","(Ca,Mg,Mn,Sr)O"
CHAOS_0126,127,0.9413109756097562,0.9512195121951219,0.9247967479674797,0.9578252032520326,high-EFA + high descriptor compatibility,True,True,0.9004065040650406,0.9491869918699187,0.9878048780487805,0.9725609756097561,0.9878048780487805,0.883130081300813,"Co,Fe,Mn,Ni","(Co,Fe,Mn,Ni)O"
CHAOS_0127,128,0.8583587398373984,0.01219512195121951,0.9827235772357723,0.7339939024390244,high descriptor compatibility only,False,True,0.9857723577235772,0.9796747967479675,0.7357723577235773,0.8130081300813008,0.7357723577235772,0.6514227642276422,"Cd,Mn,Nb,Ti","(Cd,Mn,Nb,Ti)O"
CHAOS_0128,129,0.3555640243902439,0.0426829268292683,0.3780487804878049,0.3330792682926829,other,False,False,0.3597560975609756,0.3963414634146342,0.193089430894309,0.2947154471544715,0.1930894308943089,0.6514227642276422,"Nb,Sn,Tc,Zn","(Nb,Sn,Tc,Zn)O"
CHAOS_0129,130,0.5659298780487805,0.04065040650406504,0.7967479674796748,0.3351117886178862,high descriptor compatibility only,False,True,0.7784552845528455,0.8150406504065041,0.3821138211382114,0.2621951219512195,0.3821138211382114,0.3140243902439024,"Fe,Nb,Sn,V","(Fe,Nb,Sn,V)O"
CHAOS_0130,131,0.3366361788617886,0.4186991869918699,0.1483739837398374,0.5248983739837398,other,False,False,0.1707317073170732,0.1260162601626016,0.5853658536585367,0.8353658536585366,0.5853658536585366,0.09349593495934959,"Ca,Fe,Sr,Ti","(Ca,Fe,Sr,Ti)O"
CHAOS_0131,132,0.280614837398374,0.0975609756097561,0.2205284552845529,0.3407012195121951,other,False,False,0.1422764227642277,0.2987804878048781,0.4776422764227642,0.0934959349593496,0.4776422764227642,0.3140243902439024,"Mg,Sn,Ti,Zn","(Mg,Sn,Ti,Zn)O"
CHAOS_0132,133,0.4404217479674797,0.4085365853658536,0.5111788617886179,0.3696646341463415,other,False,False,0.5650406504065041,0.4573170731707317,0.3048780487804879,0.5548780487804879,0.3048780487804878,0.3140243902439024,"Ca,Fe,Ni,Sr","(Ca,Fe,Ni,Sr)O"
CHAOS_0133,134,0.7475863821138211,0.08333333333333333,0.9308943089430894,0.5642784552845529,high descriptor compatibility only,False,True,0.9227642276422764,0.9390243902439024,0.5995934959349594,0.6849593495934959,0.5995934959349594,0.3729674796747968,"Cd,Nb,Sr,Ti","(Cd,Nb,Sr,Ti)O"
CHAOS_0134,135,0.1534552845528455,0.483739837398374,0.2560975609756098,0.05081300813008129,other,False,False,0.2947154471544715,0.217479674796748,0.01219512195121952,0.08536585365853655,0.01219512195121951,0.09349593495934959,"Fe,Mg,Sn,Sr","(Fe,Mg,Sn,Sr)O"
CHAOS_0135,136,0.6014989837398373,0.5467479674796748,0.4319105691056911,0.7710873983739837,high-EFA + high descriptor compatibility,True,True,0.4085365853658537,0.4552845528455285,0.8292682926829268,0.5203252032520325,0.8292682926829268,0.9054878048780488,"Cd,Co,Ni,Sn","(Cd,Co,Ni,Sn)O"
CHAOS_0136,137,0.3842733739837398,0.258130081300813,0.5497967479674797,0.21875,other,False,False,0.4735772357723578,0.6260162601626016,0.07317073170731703,0.4573170731707317,0.07317073170731707,0.2713414634146342,"Mg,Nb,Sr,Zn","(Mg,Nb,Sr,Zn)O"
CHAOS_0137,138,0.4329268292682927,0.6178861788617886,0.125,0.7408536585365854,high-EFA only,True,False,0.1138211382113821,0.1361788617886179,0.774390243902439,0.4857723577235772,0.774390243902439,0.9288617886178862,"Cd,Fe,Sn,Zn","(Cd,Fe,Sn,Zn)O"
CHAOS_0138,139,0.7158282520325203,0.1788617886178862,0.9725609756097561,0.4590955284552846,high descriptor compatibility only,False,True,0.9817073170731707,0.9634146341463414,0.6483739837398375,0.1666666666666666,0.6483739837398373,0.3729674796747968,"Cd,Mg,Sn,V","(Cd,Mg,Sn,V)O"
CHAOS_0139,140,0.7646087398373984,0.5873983739837398,0.7225609756097561,0.8066565040650406,high-EFA + high descriptor compatibility,True,True,0.6646341463414633,0.7804878048780488,0.7784552845528455,0.7865853658536586,0.7784552845528455,0.883130081300813,"Mn,Ni,V,Zn","(Mn,Ni,V,Zn)O"
CHAOS_0140,141,0.462525406504065,0.7195121951219512,0.6453252032520325,0.2797256097560976,high-EFA only,True,False,0.7073170731707317,0.5833333333333333,0.06504065040650409,0.3373983739837398,0.06504065040650407,0.6514227642276422,"Cd,Mg,Sr,Zn","(Cd,Mg,Sr,Zn)O"
CHAOS_0141,142,0.5893038617886179,0.01829268292682927,0.8780487804878049,0.3005589430894309,high descriptor compatibility only,False,True,0.8333333333333334,0.9227642276422764,0.306910569105691,0.2154471544715447,0.306910569105691,0.3729674796747968,"Nb,Ni,Sn,Ti","(Nb,Ni,Sn,Ti)O"
CHAOS_0142,143,0.8682672764227642,0.8373983739837398,0.7601626016260162,0.9763719512195123,high-EFA + high descriptor compatibility,True,True,0.7621951219512195,0.7581300813008129,0.9654471544715447,0.9776422764227642,0.9654471544715447,0.9969512195121951,"Cd,Co,Ni,Zn","(Cd,Co,Ni,Zn)O"
CHAOS_0143,144,0.290015243902439,0.2378048780487805,0.1402439024390244,0.4397865853658537,other,False,False,0.1117886178861789,0.1686991869918699,0.6239837398373984,0.1382113821138211,0.6239837398373984,0.3729674796747968,"Mg,Sn,V,Zn","(Mg,Sn,V,Zn)O"
CHAOS_0144,145,0.6694613821138211,0.741869918699187,0.9186991869918699,0.4202235772357724,high-EFA + high descriptor compatibility,True,True,0.9369918699186992,0.9004065040650406,0.4349593495934959,0.3780487804878049,0.4349593495934959,0.4329268292682927,"Ca,Fe,Mg,Zn","(Ca,Fe,Mg,Zn)O"
CHAOS_0145,146,0.3150406504065041,0.7723577235772358,0.2571138211382114,0.3729674796747967,high-EFA only,True,False,0.3028455284552846,0.2113821138211383,0.3983739837398373,0.1483739837398373,0.3983739837398374,0.5467479674796748,"Ca,Cd,Fe,Sn","(Ca,Cd,Fe,Sn)O"
CHAOS_0146,147,0.522484756097561,0.3272357723577236,0.3729674796747967,0.6720020325203252,high descriptor compatibility only,False,True,0.3577235772357723,0.3882113821138211,0.7967479674796748,0.9044715447154471,0.7967479674796748,0.1900406504065041,"Ca,Mn,Nb,V","(Ca,Mn,Nb,V)O"
CHAOS_0147,148,0.5189278455284553,0.4410569105691057,0.5609756097560976,0.476880081300813,high descriptor compatibility only,False,True,0.6117886178861789,0.5101626016260163,0.217479674796748,0.6585365853658536,0.217479674796748,0.8140243902439024,"Cd,Fe,Ni,Sr","(Cd,Fe,Ni,Sr)O"
CHAOS_0148,149,0.5436991869918699,0.4268292682926829,0.5630081300813008,0.524390243902439,high descriptor compatibility only,False,True,0.5284552845528455,0.5975609756097561,0.5508130081300813,0.9695121951219512,0.5508130081300813,0.02642276422764228,"Ca,Mg,Nb,Ti","(Ca,Mg,Nb,Ti)O"
CHAOS_0149,150,0.4402947154471545,0.7073170731707317,0.5945121951219512,0.2860772357723577,high-EFA only,True,False,0.6707317073170731,0.5182926829268293,0.1565040650406504,0.7703252032520325,0.1565040650406504,0.06097560975609756,"Ca,Co,Mg,Sr","(Ca,Co,Mg,Sr)O"
CHAOS_0150,151,0.2746443089430894,0.298780487804878,0.3373983739837398,0.211890243902439,other,False,False,0.2581300813008131,0.4166666666666666,0.0955284552845529,0.4329268292682927,0.09552845528455285,0.2235772357723577,"Mg,Sr,Ti,Zn","(Mg,Sr,Ti,Zn)O"
CHAOS_0151,152,0.6681910569105691,0.1280487804878049,0.7266260162601625,0.6097560975609756,high descriptor compatibility only,False,True,0.6199186991869918,0.8333333333333334,0.5548780487804879,0.782520325203252,0.5548780487804879,0.5467479674796748,"Cd,Mg,Mn,Nb","(Cd,Mg,Mn,Nb)O"
CHAOS_0152,153,0.4307672764227642,0.6707317073170732,0.459349593495935,0.4021849593495935,high-EFA only,True,False,0.556910569105691,0.3617886178861789,0.1605691056910569,0.5914634146341464,0.1605691056910569,0.6961382113821138,"Fe,Mn,Sr,Zn","(Fe,Mn,Sr,Zn)O"
CHAOS_0153,154,0.8060213414634146,0.8943089430894309,0.7967479674796748,0.8152947154471545,high-EFA + high descriptor compatibility,True,True,0.7987804878048781,0.7947154471544715,0.8841463414634146,0.6097560975609756,0.8841463414634146,0.883130081300813,"Cd,Fe,Mg,Zn","(Cd,Fe,Mg,Zn)O"
CHAOS_0154,155,0.4803099593495935,0.4329268292682927,0.5701219512195121,0.3904979674796748,other,False,False,0.6016260162601625,0.5386178861788617,0.3394308943089431,0.6117886178861789,0.3394308943089431,0.2713414634146342,"Ca,Mn,Ni,Sr","(Ca,Mn,Ni,Sr)O"
CHAOS_0155,156,0.3948170731707317,0.1910569105691057,0.2439024390243902,0.5457317073170731,other,False,False,0.2378048780487805,0.25,0.4573170731707317,0.7215447154471545,0.4573170731707317,0.5467479674796748,"Cd,Mn,Nb,Sr","(Cd,Mn,Nb,Sr)O"
CHAOS_0156,157,0.6890243902439024,0.7642276422764228,0.5264227642276422,0.8516260162601625,high-EFA + high descriptor compatibility,True,True,0.4776422764227642,0.5752032520325203,0.9247967479674797,0.7052845528455285,0.9247967479674797,0.8516260162601627,"Cd,Cu,Fe,Mg","(Cd,Cu,Fe,Mg)O"
CHAOS_0157,158,0.1760670731707317,0.1849593495934959,0.1067073170731708,0.2454268292682927,other,False,False,0.1178861788617886,0.0955284552845529,0.4410569105691057,0.03861788617886175,0.4410569105691057,0.06097560975609756,"Ca,Sn,Ti,V","(Ca,Sn,Ti,V)O"
CHAOS_0158,159,0.8944359756097562,0.9878048780487805,0.978658536585366,0.8102134146341463,high-EFA + high descriptor compatibility,True,True,0.9796747967479675,0.9776422764227642,0.9024390243902439,0.8313008130081301,0.9024390243902439,0.6046747967479674,"Fe,Mg,Mn,Ni","(Fe,Mg,Mn,Ni)O"
CHAOS_0159,160,0.5260416666666667,0.5813008130081301,0.3221544715447154,0.7299288617886179,high-EFA + high descriptor compatibility,True,True,0.2764227642276422,0.3678861788617886,0.7987804878048781,0.4390243902439024,0.7987804878048781,0.883130081300813,"Cd,Fe,Ni,Sn","(Cd,Fe,Ni,Sn)O"
CHAOS_0160,161,0.8044969512195121,0.5365853658536586,0.9441056910569106,0.6648882113821138,high-EFA + high descriptor compatibility,True,True,0.9471544715447154,0.9410569105691057,0.709349593495935,0.467479674796748,0.709349593495935,0.7733739837398373,"Cd,Mg,V,Zn","(Cd,Mg,V,Zn)O"
CHAOS_0161,162,0.6140752032520325,0.3536585365853658,0.6849593495934959,0.543191056910569,high descriptor compatibility only,False,True,0.7134146341463414,0.6565040650406504,0.6077235772357723,0.8963414634146342,0.6077235772357723,0.06097560975609756,"Ca,Mg,Mn,Ti","(Ca,Mg,Mn,Ti)O"
CHAOS_0162,163,0.811229674796748,0.8983739837398373,0.6432926829268293,0.9791666666666666,high-EFA + high descriptor compatibility,True,True,0.6056910569105691,0.6808943089430894,0.991869918699187,0.9725609756097561,0.991869918699187,0.9603658536585366,"Co,Cu,Fe,Ni","(Co,Cu,Fe,Ni)O"
CHAOS_0163,164,0.5816819105691057,0.07317073170731707,0.907520325203252,0.2558434959349594,high descriptor compatibility only,False,True,0.8617886178861789,0.9532520325203252,0.2865853658536586,0.07723577235772361,0.2865853658536585,0.3729674796747968,"Ca,Cd,Nb,Sn","(Ca,Cd,Nb,Sn)O"
CHAOS_0164,165,0.5893038617886178,0.1300813008130081,0.9522357723577235,0.2263719512195122,high descriptor compatibility only,False,True,0.9349593495934959,0.9695121951219512,0.2642276422764228,0.1869918699186992,0.2642276422764228,0.1900406504065041,"Fe,Mg,Nb,Sn","(Fe,Mg,Nb,Sn)O"
CHAOS_0165,166,0.6089939024390244,0.8414634146341463,0.5792682926829269,0.6387195121951219,high-EFA + high descriptor compatibility,True,True,0.540650406504065,0.6178861788617886,0.6890243902439024,0.4451219512195121,0.6890243902439024,0.7317073170731707,"Cu,Mg,V,Zn","(Cu,Mg,V,Zn)O"
CHAOS_0166,167,0.2017276422764228,0.2865853658536585,0.06605691056910568,0.3373983739837398,other,False,False,0.08130081300813008,0.05081300813008127,0.1829268292682927,0.8617886178861789,0.1829268292682927,0.1219512195121951,"Fe,Mg,Nb,Sr","(Fe,Mg,Nb,Sr)O"
CHAOS_0167,168,0.1039126016260163,0.3089430894308943,0.1229674796747968,0.08485772357723576,other,False,False,0.1443089430894309,0.1016260162601627,0.1626016260162602,0.004065040650406471,0.1626016260162602,0.01016260162601626,"Ca,Sn,Sr,Ti","(Ca,Sn,Sr,Ti)O"
CHAOS_0168,169,0.4336890243902439,0.75,0.2002032520325203,0.6671747967479675,high-EFA only,True,False,0.2134146341463414,0.1869918699186992,0.8272357723577236,0.282520325203252,0.8272357723577236,0.7317073170731707,"Cd,Mg,Sn,Zn","(Cd,Mg,Sn,Zn)O"
CHAOS_0169,170,0.4023119918699187,0.2520325203252032,0.282520325203252,0.5221036585365855,other,False,False,0.3556910569105691,0.209349593495935,0.6463414634146342,0.524390243902439,0.6463414634146342,0.2713414634146342,"Ca,Cd,Nb,Sr","(Ca,Cd,Nb,Sr)O"
CHAOS_0170,171,0.7211636178861788,0.1727642276422764,0.8902439024390243,0.5520833333333333,high descriptor compatibility only,False,True,0.8760162601626016,0.9044715447154471,0.6341463414634146,0.2886178861788617,0.6341463414634146,0.6514227642276422,"Cd,Fe,Sn,Ti","(Cd,Fe,Sn,Ti)O"
CHAOS_0171,172,0.2021087398373984,0.1341463414634146,0.02439024390243899,0.3798272357723578,other,False,False,0.01626016260162599,0.03252032520325199,0.2581300813008131,0.306910569105691,0.258130081300813,0.6961382113821138,"Fe,Nb,Sn,Zn","(Fe,Nb,Sn,Zn)O"
CHAOS_0172,173,0.1829268292682927,0.03861788617886179,0.03556910569105687,0.3302845528455285,other,False,False,0.03252032520325199,0.03861788617886175,0.2926829268292683,0.2560975609756098,0.2926829268292683,0.4796747967479675,"Cu,Nb,Sn,V","(Cu,Nb,Sn,V)O"
CHAOS_0173,174,0.8201219512195121,0.09552845528455285,0.9014227642276422,0.7388211382113822,high descriptor compatibility only,False,True,0.8861788617886179,0.9166666666666666,0.8089430894308943,0.790650406504065,0.8089430894308943,0.5467479674796748,"Cd,Nb,Ti,V","(Cd,Nb,Ti,V)O"
CHAOS_0174,175,0.8561991869918699,0.7601626016260162,0.7489837398373984,0.9634146341463415,high-EFA + high descriptor compatibility,True,True,0.7378048780487805,0.7601626016260162,0.9898373983739838,0.926829268292683,0.9898373983739838,0.9471544715447154,"Cd,Fe,Mn,Ni","(Cd,Fe,Mn,Ni)O"
CHAOS_0175,176,0.1321138211382114,0.2235772357723577,0.02032520325203252,0.2439024390243902,other,False,False,0.02642276422764223,0.01422764227642281,0.3780487804878049,0.06504065040650409,0.3780487804878049,0.1544715447154472,"Ca,Fe,Sn,Ti","(Ca,Fe,Sn,Ti)O"
CHAOS_0176,177,0.6821646341463414,0.7886178861788617,0.8851626016260162,0.4791666666666666,high-EFA + high descriptor compatibility,True,True,0.9186991869918699,0.8516260162601625,0.4898373983739838,0.3902439024390244,0.4898373983739837,0.5467479674796748,"Ca,Cd,Mg,Ni","(Ca,Cd,Mg,Ni)O"
CHAOS_0177,178,0.5720274390243902,0.5914634146341463,0.7215447154471545,0.422510162601626,high-EFA + high descriptor compatibility,True,True,0.7560975609756098,0.6869918699186992,0.3597560975609756,0.9654471544715447,0.3597560975609756,0.00508130081300813,"Ca,Mg,Nb,Sr","(Ca,Mg,Nb,Sr)O"
CHAOS_0178,179,0.708714430894309,0.8170731707317073,0.7144308943089431,0.7029979674796748,high-EFA + high descriptor compatibility,True,True,0.7235772357723578,0.7052845528455285,0.9410569105691057,0.2784552845528455,0.9410569105691057,0.6514227642276422,"Mg,Ni,Sn,Zn","(Mg,Ni,Sn,Zn)O"
CHAOS_0179,180,0.1438008130081301,0.508130081300813,0.2378048780487805,0.04979674796747967,high-EFA only,True,False,0.2987804878048781,0.176829268292683,0.02845528455284552,0.08130081300813008,0.02845528455284553,0.06097560975609756,"Mg,Mn,Sn,Sr","(Mg,Mn,Sn,Sr)O"
CHAOS_0180,181,0.3941819105691057,0.4105691056910569,0.4827235772357723,0.305640243902439,other,False,False,0.5203252032520325,0.4451219512195121,0.1036585365853658,0.7012195121951219,0.1036585365853658,0.3140243902439024,"Fe,Mg,Ni,Sr","(Fe,Mg,Ni,Sr)O"
CHAOS_0181,182,0.7365345528455285,0.4817073170731707,0.9176829268292683,0.5553861788617885,high descriptor compatibility only,False,True,0.9410569105691057,0.8943089430894309,0.6178861788617886,0.8922764227642277,0.6178861788617886,0.09349593495934959,"Ca,Mg,Mn,V","(Ca,Mg,Mn,V)O"
CHAOS_0182,183,0.4396595528455285,0.4634146341463415,0.03048780487804881,0.8488313008130082,other,False,False,0.02032520325203258,0.04065040650406504,0.8475609756097561,0.8485772357723578,0.8475609756097561,0.8516260162601627,"Co,Cu,Fe,V","(Co,Cu,Fe,V)O"
CHAOS_0183,184,0.255589430894309,0.6788617886178862,0.4410569105691057,0.0701219512195122,high-EFA only,True,False,0.5447154471544715,0.3373983739837398,0.06910569105691056,0.02032520325203258,0.06910569105691057,0.1219512195121951,"Ca,Co,Sn,Sr","(Ca,Co,Sn,Sr)O"
CHAOS_0184,185,0.9303861788617886,0.9959349593495935,0.9563008130081301,0.9044715447154472,high-EFA + high descriptor compatibility,True,True,0.9532520325203252,0.959349593495935,0.9004065040650406,0.8699186991869918,0.9004065040650406,0.9471544715447154,"Fe,Mn,Ni,Zn","(Fe,Mn,Ni,Zn)O"
CHAOS_0185,186,0.697408536585366,0.9654471544715447,0.8790650406504066,0.5157520325203252,high-EFA + high descriptor compatibility,True,True,0.8983739837398375,0.8597560975609756,0.5365853658536586,0.766260162601626,0.5365853658536586,0.2235772357723577,"Ca,Co,Mg,Mn","(Ca,Co,Mg,Mn)O"
CHAOS_0186,187,0.1344004065040651,0.1504065040650407,0.06199186991869921,0.2068089430894309,other,False,False,0.07113821138211385,0.05284552845528456,0.3617886178861789,0.04268292682926833,0.3617886178861789,0.06097560975609756,"Ca,Nb,Sn,Ti","(Ca,Nb,Sn,Ti)O"
CHAOS_0187,188,0.3730945121951219,0.6422764227642277,0.2754065040650406,0.4707825203252032,high-EFA only,True,False,0.323170731707317,0.2276422764227642,0.5447154471544715,0.5223577235772358,0.5447154471544715,0.2713414634146342,"Ca,Cd,Sr,V","(Ca,Cd,Sr,V)O"
CHAOS_0188,189,0.1277947154471545,0.2439024390243902,0.1310975609756098,0.1244918699186992,other,False,False,0.1219512195121951,0.1402439024390244,0.2357723577235772,0.01626016260162599,0.2357723577235772,0.01016260162601626,"Ca,Mg,Sn,Ti","(Ca,Mg,Sn,Ti)O"
CHAOS_0189,190,0.6733993902439024,0.4959349593495935,0.6087398373983739,0.7380589430894309,high descriptor compatibility only,False,True,0.5386178861788617,0.6788617886178862,0.8495934959349594,0.9817073170731707,0.8495934959349594,0.2713414634146342,"Mn,Nb,Ti,V","(Mn,Nb,Ti,V)O"
CHAOS_0190,191,0.3836382113821138,0.8556910569105691,0.592479674796748,0.1747967479674797,high-EFA only,True,False,0.6544715447154472,0.5304878048780488,0.2560975609756098,0.03252032520325199,0.2560975609756098,0.1544715447154472,"Ca,Mg,Ni,Sn","(Ca,Mg,Ni,Sn)O"
CHAOS_0191,192,0.6434197154471545,0.5792682926829268,0.4796747967479675,0.8071646341463414,high-EFA + high descriptor compatibility,True,True,0.4349593495934959,0.524390243902439,0.7398373983739837,0.7682926829268293,0.7398373983739838,0.9806910569105691,"Cd,Cu,V,Zn","(Cd,Cu,V,Zn)O"
CHAOS_0192,193,0.7282774390243902,0.1585365853658537,0.9420731707317074,0.5144817073170731,high descriptor compatibility only,False,True,0.9126016260162602,0.9715447154471545,0.4044715447154471,0.475609756097561,0.4044715447154472,0.7733739837398373,"Cd,Mg,Nb,Zn","(Cd,Mg,Nb,Zn)O"
CHAOS_0193,194,0.5480182926829268,0.6036585365853658,0.3821138211382114,0.7139227642276422,high-EFA + high descriptor compatibility,True,True,0.3821138211382114,0.3821138211382114,0.7947154471544715,0.4146341463414634,0.7947154471544715,0.8516260162601627,"Cd,Co,Fe,Sn","(Cd,Co,Fe,Sn)O"
CHAOS_0194,195,0.3427337398373984,0.1646341463414634,0.01829268292682928,0.6671747967479674,other,False,False,0.02439024390243905,0.01219512195121952,0.790650406504065,0.9329268292682926,0.790650406504065,0.1544715447154472,"Nb,Sr,Tc,Ti","(Nb,Sr,Tc,Ti)O"
CHAOS_0195,196,0.06389735772357724,0.1056910569105691,0.0,0.1277947154471545,other,False,False,0.0,0.0,0.04065040650406504,0.1158536585365854,0.04065040650406504,0.3140243902439024,"Cu,Nb,Sn,Sr","(Cu,Nb,Sn,Sr)O"
CHAOS_0196,197,0.5663109756097562,0.3394308943089431,0.6534552845528456,0.4791666666666666,high descriptor compatibility only,False,True,0.6402439024390244,0.6666666666666667,0.5670731707317074,0.5589430894308943,0.5670731707317073,0.2235772357723577,"Ca,Cd,Mg,Ti","(Ca,Cd,Mg,Ti)O"
CHAOS_0197,198,0.481834349593496,0.3008130081300813,0.3292682926829268,0.6344004065040652,other,False,False,0.3861788617886179,0.2723577235772358,0.7723577235772358,0.9491869918699187,0.7723577235772358,0.04369918699186992,"Ca,Nb,Sr,V","(Ca,Nb,Sr,V)O"
CHAOS_0198,199,0.4554115853658537,0.06910569105691057,0.4735772357723578,0.4372459349593496,other,False,False,0.3922764227642277,0.5548780487804879,0.3719512195121951,0.3089430894308943,0.3719512195121951,0.6961382113821138,"Cd,Fe,Nb,Sn","(Cd,Fe,Nb,Sn)O"
CHAOS_0199,200,0.2458079268292683,0.3943089430894309,0.1991869918699187,0.2924288617886179,other,False,False,0.2317073170731707,0.1666666666666666,0.08536585365853655,0.6260162601626016,0.08536585365853659,0.3729674796747968,"Co,Mg,Ni,Sr","(Co,Mg,Ni,Sr)O"
CHAOS_0200,201,0.4697662601626016,0.6483739837398373,0.5457317073170731,0.3938008130081301,high-EFA only,True,False,0.6097560975609756,0.4817073170731707,0.1382113821138211,0.5670731707317074,0.1382113821138211,0.7317073170731707,"Co,Mn,Sr,Zn","(Co,Mn,Sr,Zn)O"
CHAOS_0201,202,0.6845782520325203,0.4024390243902439,0.6768292682926829,0.6923272357723577,high descriptor compatibility only,False,True,0.6768292682926829,0.6768292682926829,0.8577235772357723,0.899390243902439,0.8577235772357723,0.1544715447154472,"Ca,Mn,Ti,V","(Ca,Mn,Ti,V)O"
CHAOS_0202,203,0.6859756097560976,0.8495934959349594,0.8821138211382114,0.4898373983739838,high-EFA + high descriptor compatibility,True,True,0.9146341463414634,0.8495934959349594,0.5182926829268293,0.443089430894309,0.5182926829268293,0.4796747967479675,"Ca,Cd,Co,Mg","(Ca,Cd,Co,Mg)O"
CHAOS_0203,204,0.3798272357723577,0.3211382113821138,0.1880081300813008,0.5716463414634145,other,False,False,0.1808943089430894,0.1951219512195121,0.6036585365853658,0.9247967479674797,0.6036585365853658,0.1544715447154472,"Mn,Sr,Ti,V","(Mn,Sr,Ti,V)O"
CHAOS_0204,205,0.2624491869918699,0.241869918699187,0.1483739837398374,0.3765243902439025,other,False,False,0.2195121951219512,0.07723577235772361,0.2113821138211383,0.3516260162601627,0.2113821138211382,0.7317073170731707,"Cd,Sr,Ti,Zn","(Cd,Sr,Ti,Zn)O"
CHAOS_0205,206,0.561864837398374,0.5386178861788617,0.3719512195121951,0.7517784552845529,high-EFA + high descriptor compatibility,True,True,0.290650406504065,0.4532520325203252,0.8373983739837398,0.4491869918699187,0.8373983739837398,0.883130081300813,"Fe,Ni,Sn,Zn","(Fe,Ni,Sn,Zn)O"
CHAOS_0206,207,0.3292682926829268,0.1686991869918699,0.5630081300813008,0.09552845528455288,other,False,False,0.6382113821138211,0.4878048780487805,0.1707317073170732,0.01422764227642281,0.1707317073170732,0.02642276422764228,"Ca,Nb,Sn,Sr","(Ca,Nb,Sn,Sr)O"
CHAOS_0207,208,0.4070121951219512,0.1260162601626016,0.233739837398374,0.5802845528455285,other,False,False,0.1646341463414634,0.3028455284552846,0.5650406504065041,0.7581300813008129,0.5650406504065041,0.4329268292682927,"Cd,Mg,Nb,V","(Cd,Mg,Nb,V)O"
CHAOS_0208,209,0.0933689024390244,0.1422764227642276,0.06199186991869921,0.1247459349593496,other,False,False,0.09959349593495936,0.02439024390243905,0.08333333333333337,0.1422764227642277,0.08333333333333333,0.1900406504065041,"Fe,Nb,Sn,Sr","(Fe,Nb,Sn,Sr)O"
CHAOS_0209,210,0.3897357723577236,0.573170731707317,0.3536585365853658,0.4258130081300813,high-EFA only,True,False,0.3780487804878049,0.3292682926829268,0.4654471544715447,0.5487804878048781,0.4654471544715447,0.2235772357723577,"Ca,Cu,Mg,V","(Ca,Cu,Mg,V)O"
CHAOS_0210,211,0.4048526422764228,0.6565040650406504,0.4969512195121951,0.3127540650406505,high-EFA only,True,False,0.6036585365853658,0.3902439024390244,0.1869918699186992,0.8333333333333334,0.1869918699186992,0.04369918699186992,"Ca,Fe,Mg,Sr","(Ca,Fe,Mg,Sr)O"
CHAOS_0211,212,0.171239837398374,0.6747967479674797,0.2754065040650407,0.06707317073170731,high-EFA only,True,False,0.3516260162601627,0.1991869918699187,0.02235772357723576,0.0,0.02235772357723577,0.2235772357723577,"Ca,Sn,Sr,Zn","(Ca,Sn,Sr,Zn)O"
CHAOS_0212,213,0.5848577235772359,0.266260162601626,0.6483739837398375,0.5213414634146342,high descriptor compatibility only,False,True,0.6361788617886179,0.660569105691057,0.467479674796748,0.6707317073170731,0.467479674796748,0.4796747967479675,"Cd,Mn,Sr,Ti","(Cd,Mn,Sr,Ti)O"
CHAOS_0213,214,0.4101880081300813,0.5264227642276422,0.4410569105691057,0.3793191056910569,high-EFA only,True,False,0.459349593495935,0.4227642276422764,0.1178861788617886,0.5081300813008129,0.1178861788617886,0.7733739837398373,"Mn,Ni,Sr,Zn","(Mn,Ni,Sr,Zn)O"
CHAOS_0214,215,0.290015243902439,0.491869918699187,0.1880081300813008,0.3920223577235772,other,False,False,0.2032520325203252,0.1727642276422764,0.2012195121951219,0.3922764227642277,0.201219512195122,0.7733739837398373,"Cd,Sr,V,Zn","(Cd,Sr,V,Zn)O"
CHAOS_0215,216,0.5036839430894309,0.709349593495935,0.4400406504065041,0.5673272357723578,high-EFA + high descriptor compatibility,True,True,0.3678861788617886,0.5121951219512195,0.8150406504065041,0.266260162601626,0.8150406504065041,0.3729674796747968,"Co,Fe,Mg,Sn","(Co,Fe,Mg,Sn)O"
CHAOS_0216,217,0.4347052845528455,0.06504065040650407,0.4725609756097561,0.3968495934959349,other,False,False,0.4471544715447154,0.4979674796747967,0.4817073170731707,0.1910569105691057,0.4817073170731707,0.4329268292682927,"Cu,Sn,Ti,V","(Cu,Sn,Ti,V)O"
CHAOS_0217,218,0.4167936991869919,0.6991869918699187,0.5376016260162602,0.2959857723577236,high-EFA only,True,False,0.5955284552845528,0.4796747967479674,0.2235772357723578,0.3638211382113821,0.2235772357723577,0.3729674796747968,"Ca,Mn,Sr,Zn","(Ca,Mn,Sr,Zn)O"
CHAOS_0218,219,0.4557926829268292,0.4451219512195122,0.3252032520325203,0.5863821138211381,other,False,False,0.2012195121951219,0.4491869918699187,0.6260162601626016,1.0,0.6260162601626016,0.09349593495934959,"Mg,Nb,Ti,V","(Mg,Nb,Ti,V)O"
CHAOS_0219,220,0.6985518292682926,0.8922764227642277,0.7388211382113821,0.6582825203252033,high-EFA + high descriptor compatibility,True,True,0.7520325203252033,0.725609756097561,0.6707317073170731,0.5182926829268293,0.6707317073170732,0.7733739837398373,"Ca,Cd,Mn,Ni","(Ca,Cd,Mn,Ni)O"
CHAOS_0220,221,0.5734247967479675,0.6402439024390244,0.4227642276422764,0.7240853658536586,high-EFA + high descriptor compatibility,True,True,0.3434959349593496,0.5020325203252032,0.8130081300813008,0.4186991869918699,0.8130081300813008,0.8516260162601627,"Co,Fe,Sn,Zn","(Co,Fe,Sn,Zn)O"
CHAOS_0221,222,0.369410569105691,0.1626016260162602,0.7073170731707317,0.03150406504065043,other,False,False,0.7642276422764227,0.6504065040650406,0.02032520325203258,0.05894308943089432,0.02032520325203252,0.02642276422764228,"Mg,Nb,Sn,Sr","(Mg,Nb,Sn,Sr)O"
CHAOS_0222,223,0.4556656504065041,0.6280487804878049,0.4949186991869918,0.4164126016260163,high-EFA only,True,False,0.5833333333333333,0.4065040650406504,0.1463414634146342,0.4898373983739838,0.1463414634146341,0.883130081300813,"Cd,Fe,Sr,Zn","(Cd,Fe,Sr,Zn)O"
CHAOS_0223,224,0.3008130081300813,0.7398373983739838,0.2896341463414634,0.3119918699186992,high-EFA only,True,False,0.3150406504065041,0.2642276422764228,0.2886178861788617,0.1239837398373984,0.2886178861788618,0.5467479674796748,"Ca,Fe,Sn,Zn","(Ca,Fe,Sn,Zn)O"
CHAOS_0224,225,0.4018038617886179,0.3414634146341464,0.3902439024390243,0.4133638211382114,other,False,False,0.2540650406504065,0.5264227642276422,0.3678861788617886,0.5447154471544715,0.3678861788617886,0.3729674796747968,"Mg,Nb,Ti,Zn","(Mg,Nb,Ti,Zn)O"
CHAOS_0225,226,0.7234502032520325,0.8008130081300813,0.9207317073170732,0.5261686991869918,high-EFA + high descriptor compatibility,True,True,0.9491869918699187,0.8922764227642277,0.589430894308943,0.5528455284552846,0.5894308943089431,0.3729674796747968,"Ca,Cd,Mg,Mn","(Ca,Cd,Mg,Mn)O"
CHAOS_0226,227,0.2694359756097561,0.1382113821138211,0.4095528455284553,0.1293191056910569,other,False,False,0.1869918699186992,0.6321138211382114,0.01829268292682928,0.1077235772357723,0.01829268292682927,0.3729674796747968,"Nb,Sn,Sr,Zn","(Nb,Sn,Sr,Zn)O"
CHAOS_0227,228,0.1750508130081301,0.3841463414634146,0.1981707317073171,0.1519308943089431,other,False,False,0.1727642276422764,0.2235772357723578,0.2764227642276422,0.02845528455284552,0.2764227642276423,0.02642276422764228,"Ca,Mg,Sn,V","(Ca,Mg,Sn,V)O"
CHAOS_0228,229,0.6908028455284553,0.676829268292683,0.866869918699187,0.5147357723577236,high-EFA + high descriptor compatibility,True,True,0.8943089430894309,0.839430894308943,0.5630081300813008,0.5,0.5630081300813008,0.4329268292682927,"Ca,Cd,Fe,Mg","(Ca,Cd,Fe,Mg)O"
CHAOS_0229,230,0.4583333333333333,0.4390243902439024,0.3160569105691057,0.600609756097561,other,False,False,0.3089430894308943,0.323170731707317,0.6585365853658536,0.6056910569105691,0.6585365853658537,0.4796747967479675,"Ca,Cu,Mn,V","(Ca,Cu,Mn,V)O"
CHAOS_0230,231,0.4087906504065041,0.7682926829268293,0.6514227642276423,0.1661585365853659,high-EFA only,True,False,0.7296747967479675,0.5731707317073171,0.07723577235772361,0.3556910569105691,0.07723577235772358,0.1544715447154472,"Ca,Mg,Sr,Zn","(Ca,Mg,Sr,Zn)O"
CHAOS_0231,232,0.2046493902439024,0.693089430894309,0.1707317073170732,0.2385670731707317,high-EFA only,True,False,0.193089430894309,0.1483739837398373,0.05691056910569103,0.2357723577235772,0.05691056910569105,0.6046747967479674,"Cd,Co,Sn,Sr","(Cd,Co,Sn,Sr)O"
CHAOS_0232,233,0.1173780487804878,0.05284552845528456,0.08333333333333337,0.1514227642276423,other,False,False,0.04878048780487809,0.1178861788617886,0.2195121951219512,0.1056910569105691,0.2195121951219512,0.06097560975609756,"Mg,Nb,Sn,Ti","(Mg,Nb,Sn,Ti)O"
CHAOS_0233,234,0.7496189024390243,0.8841463414634146,0.6707317073170731,0.8285060975609756,high-EFA + high descriptor compatibility,True,True,0.6788617886178862,0.6626016260162602,0.8983739837398375,0.7439024390243902,0.8983739837398373,0.7733739837398373,"Cd,Mg,Mn,Ni","(Cd,Mg,Mn,Ni)O"
CHAOS_0234,235,0.5529725609756098,0.4796747967479675,0.565040650406504,0.5409044715447154,high descriptor compatibility only,False,True,0.4918699186991869,0.6382113821138211,0.7703252032520325,0.25,0.7703252032520326,0.3729674796747968,"Mg,Mn,Ni,Sn","(Mg,Mn,Ni,Sn)O"
CHAOS_0235,236,0.2195121951219512,0.07113821138211382,0.01626016260162599,0.4227642276422764,other,False,False,0.006097560975609762,0.02642276422764223,0.2621951219512195,0.3150406504065041,0.2621951219512195,0.8516260162601627,"Cd,Nb,Sn,Zn","(Cd,Nb,Sn,Zn)O"
CHAOS_0236,237,0.7158282520325203,0.7154471544715447,0.4623983739837398,0.9692581300813008,high-EFA + high descriptor compatibility,True,True,0.4186991869918699,0.5060975609756098,0.9857723577235772,0.9451219512195121,0.9857723577235772,0.9603658536585366,"Cd,Co,Mn,Ni","(Cd,Co,Mn,Ni)O"
CHAOS_0237,238,0.4597306910569106,0.3678861788617886,0.4461382113821138,0.4733231707317073,other,False,False,0.516260162601626,0.3760162601626016,0.4491869918699187,0.8048780487804879,0.4491869918699187,0.1900406504065041,"Ca,Fe,Mn,Sr","(Ca,Fe,Mn,Sr)O"
CHAOS_0238,239,0.3702997967479675,0.2215447154471545,0.5416666666666667,0.1989329268292683,other,False,False,0.5121951219512195,0.5711382113821138,0.2317073170731707,0.01829268292682928,0.2317073170731707,0.3140243902439024,"Ca,Sn,Ti,Zn","(Ca,Sn,Ti,Zn)O"
CHAOS_0239,240,0.5124491869918699,0.3252032520325203,0.3607723577235772,0.6641260162601627,high descriptor compatibility only,False,True,0.4247967479674797,0.2967479674796748,0.8333333333333334,0.9634146341463414,0.8333333333333334,0.02642276422764228,"Ca,Nb,Sr,Ti","(Ca,Nb,Sr,Ti)O"
CHAOS_0240,241,0.4635416666666666,0.451219512195122,0.06707317073170732,0.860010162601626,other,False,False,0.03455284552845528,0.09959349593495936,0.8699186991869918,0.8861788617886179,0.8699186991869918,0.8140243902439024,"Co,Fe,Ni,V","(Co,Fe,Ni,V)O"
CHAOS_0241,242,0.3945630081300813,0.6056910569105691,0.2489837398373984,0.5401422764227642,high-EFA only,True,False,0.2215447154471545,0.2764227642276422,0.717479674796748,0.2459349593495935,0.717479674796748,0.4796747967479675,"Cd,Mg,Mn,Sn","(Cd,Mg,Mn,Sn)O"
CHAOS_0242,243,0.2693089430894309,0.5426829268292683,0.290650406504065,0.2479674796747968,high-EFA only,True,False,0.3495934959349594,0.2317073170731707,0.05284552845528456,0.4065040650406504,0.05284552845528456,0.4796747967479675,"Co,Mg,Sr,Zn","(Co,Mg,Sr,Zn)O"
CHAOS_0243,244,0.1138211382113821,0.5630081300813008,0.1443089430894309,0.08333333333333331,high-EFA only,True,False,0.1686991869918699,0.1199186991869918,0.1483739837398373,0.01016260162601623,0.1483739837398374,0.02642276422764228,"Ca,Sn,Sr,V","(Ca,Sn,Sr,V)O"
CHAOS_0244,245,0.3910060975609755,0.5528455284552846,0.1483739837398373,0.6336382113821137,high-EFA only,True,False,0.1077235772357723,0.1890243902439024,0.6808943089430894,0.693089430894309,0.6808943089430894,0.4796747967479675,"Cu,Fe,Mg,Ti","(Cu,Fe,Mg,Ti)O"
CHAOS_0245,246,0.6891514227642277,0.01626016260162602,0.9441056910569106,0.4341971544715447,high descriptor compatibility only,False,True,0.9634146341463414,0.9247967479674797,0.3902439024390244,0.3048780487804879,0.3902439024390244,0.6514227642276422,"Cd,Mn,Nb,Sn","(Cd,Mn,Nb,Sn)O"
CHAOS_0246,247,0.2976371951219512,0.06707317073170732,0.3770325203252032,0.2182418699186992,other,False,False,0.3943089430894309,0.3597560975609756,0.1747967479674797,0.1504065040650406,0.1747967479674797,0.3729674796747968,"Mg,Nb,Sn,Zn","(Mg,Nb,Sn,Zn)O"
CHAOS_0247,248,0.7479674796747968,0.9085365853658537,0.8241869918699187,0.6717479674796749,high-EFA + high descriptor compatibility,True,True,0.8353658536585366,0.8130081300813008,0.6849593495934959,0.5853658536585367,0.6849593495934959,0.7317073170731707,"Ca,Cd,Co,Mn","(Ca,Cd,Co,Mn)O"
CHAOS_0248,249,0.8269817073170731,0.8272357723577236,0.8211382113821137,0.8328252032520325,high-EFA + high descriptor compatibility,True,True,0.7967479674796748,0.8455284552845528,0.943089430894309,0.5934959349593496,0.943089430894309,0.8516260162601627,"Cu,Fe,Mg,Zn","(Cu,Fe,Mg,Zn)O"
CHAOS_0249,250,0.2239583333333333,0.4613821138211382,0.2936991869918699,0.1542174796747967,other,False,False,0.3719512195121951,0.2154471544715447,0.07520325203252032,0.1951219512195121,0.07520325203252033,0.2713414634146342,"Fe,Mn,Sn,Sr","(Fe,Mn,Sn,Sr)O"
CHAOS_0250,251,0.7217987804878048,0.6117886178861789,0.8089430894308942,0.6346544715447154,high-EFA + high descriptor compatibility,True,True,0.782520325203252,0.8353658536585366,0.7154471544715447,0.9532520325203252,0.7154471544715447,0.1544715447154472,"Mg,Mn,Ti,V","(Mg,Mn,Ti,V)O"
CHAOS_0251,252,0.6876270325203253,0.4979674796747968,0.9603658536585367,0.4148882113821138,high descriptor compatibility only,False,True,0.9735772357723578,0.9471544715447154,0.443089430894309,0.4004065040650406,0.443089430894309,0.3729674796747968,"Ca,Mg,Mn,Zn","(Ca,Mg,Mn,Zn)O"
CHAOS_0252,253,0.2272611788617886,0.2784552845528455,0.2835365853658537,0.1709857723577236,other,False,False,0.2621951219512195,0.3048780487804879,0.09959349593495936,0.1117886178861789,0.09959349593495935,0.3729674796747968,"Cd,Sn,Sr,V","(Cd,Sn,Sr,V)O"
CHAOS_0253,254,0.3452743902439025,0.7784552845528455,0.3628048780487805,0.3277439024390244,high-EFA only,True,False,0.4146341463414634,0.3109756097560976,0.3313008130081301,0.1686991869918699,0.3313008130081301,0.4796747967479675,"Ca,Co,Ni,Sn","(Ca,Co,Ni,Sn)O"
CHAOS_0254,255,0.3642022357723577,0.3983739837398374,0.2540650406504065,0.474339430894309,other,False,False,0.266260162601626,0.2418699186991869,0.2459349593495935,0.8008130081300813,0.2459349593495935,0.6046747967479674,"Fe,Mn,Ni,Sr","(Fe,Mn,Ni,Sr)O"
CHAOS_0255,256,0.3315548780487805,0.9065040650406504,0.451219512195122,0.211890243902439,high-EFA only,True,False,0.5304878048780488,0.3719512195121951,0.2987804878048781,0.02642276422764223,0.298780487804878,0.2235772357723577,"Ca,Cd,Mg,Sn","(Ca,Cd,Mg,Sn)O"
CHAOS_0256,257,0.4355945121951219,0.4227642276422764,0.3475609756097561,0.5236280487804877,other,False,False,0.3475609756097561,0.3475609756097561,0.5955284552845528,0.4237804878048781,0.5955284552845529,0.4796747967479675,"Ca,Mn,Ti,Zn","(Ca,Mn,Ti,Zn)O"
CHAOS_0257,258,0.3791920731707317,0.7235772357723578,0.5142276422764227,0.2441565040650407,high-EFA only,True,False,0.5934959349593496,0.4349593495934959,0.07113821138211385,0.4613821138211383,0.07113821138211382,0.3729674796747968,"Mg,Mn,Sr,Zn","(Mg,Mn,Sr,Zn)O"
CHAOS_0258,259,0.4541412601626016,0.09959349593495935,0.5721544715447154,0.3361280487804879,other,False,False,0.5365853658536586,0.6077235772357723,0.4126016260162602,0.2479674796747967,0.4126016260162602,0.2713414634146342,"Mn,Nb,Sn,V","(Mn,Nb,Sn,V)O"
CHAOS_0259,260,0.3622967479674797,0.2764227642276423,0.5975609756097561,0.1270325203252032,other,False,False,0.5813008130081301,0.6138211382113821,0.1158536585365854,0.1219512195121951,0.1158536585365854,0.1544715447154472,"Mn,Sn,Sr,V","(Mn,Sn,Sr,V)O"
CHAOS_0260,261,0.09883130081300812,0.1199186991869919,0.07418699186991867,0.1234756097560975,other,False,False,0.08536585365853655,0.0630081300813008,0.0630081300813008,0.1443089430894309,0.06300813008130081,0.2235772357723577,"Co,Nb,Sn,Sr","(Co,Nb,Sn,Sr)O"
CHAOS_0261,262,0.7801067073170731,0.2886178861788618,0.8079268292682927,0.7522865853658536,high descriptor compatibility only,False,True,0.8048780487804879,0.8109756097560976,0.7276422764227642,0.6483739837398375,0.7276422764227642,0.9054878048780488,"Cd,Mn,Ti,Zn","(Cd,Mn,Ti,Zn)O"
CHAOS_0262,263,0.529979674796748,0.7032520325203252,0.7113821138211383,0.3485772357723577,high-EFA + high descriptor compatibility,True,True,0.6890243902439024,0.733739837398374,0.3943089430894309,0.3821138211382114,0.3943089430894309,0.2235772357723577,"Ca,Mg,Ti,Zn","(Ca,Mg,Ti,Zn)O"
CHAOS_0263,264,0.5050813008130081,0.6504065040650406,0.4959349593495935,0.5142276422764227,high-EFA + high descriptor compatibility,True,True,0.532520325203252,0.459349593495935,0.3089430894308943,0.7073170731707317,0.3089430894308943,0.7317073170731707,"Cd,Co,Mn,Sr","(Cd,Co,Mn,Sr)O"
CHAOS_0264,265,0.5236280487804879,0.524390243902439,0.5365853658536586,0.5106707317073171,high-EFA + high descriptor compatibility,True,True,0.4512195121951219,0.6219512195121951,0.4247967479674797,0.6463414634146342,0.4247967479674797,0.5467479674796748,"Mg,Mn,Nb,Zn","(Mg,Mn,Nb,Zn)O"
CHAOS_0265,266,0.7137957317073171,0.9857723577235772,0.8658536585365854,0.5617378048780488,high-EFA + high descriptor compatibility,True,True,0.8699186991869918,0.8617886178861789,0.5304878048780488,0.4542682926829268,0.5304878048780488,0.7317073170731707,"Ca,Co,Mn,Zn","(Ca,Co,Mn,Zn)O"
CHAOS_0266,267,0.3484502032520325,0.1605691056910569,0.1676829268292683,0.5292174796747967,other,False,False,0.1890243902439024,0.1463414634146342,0.4065040650406504,0.6991869918699187,0.4065040650406504,0.6046747967479674,"Cd,Fe,Nb,Sr","(Cd,Fe,Nb,Sr)O"
CHAOS_0267,268,0.7460619918699187,0.8699186991869918,0.6971544715447154,0.7949695121951219,high-EFA + high descriptor compatibility,True,True,0.6483739837398375,0.7459349593495934,0.8617886178861789,0.5508130081300813,0.8617886178861789,0.9054878048780488,"Co,Ni,Sn,Zn","(Co,Ni,Sn,Zn)O"
CHAOS_0268,269,0.7538109756097561,0.9227642276422764,0.8333333333333333,0.6742886178861789,high-EFA + high descriptor compatibility,True,True,0.839430894308943,0.8272357723577236,0.6829268292682926,0.7845528455284553,0.6829268292682927,0.5467479674796748,"Ca,Co,Fe,Mn","(Ca,Co,Fe,Mn)O"
CHAOS_0269,270,0.4122205284552846,0.4532520325203252,0.3404471544715447,0.4839939024390244,other,False,False,0.2967479674796748,0.3841463414634146,0.4471544715447154,0.4369918699186992,0.4471544715447154,0.6046747967479674,"Ca,Fe,Nb,Zn","(Ca,Fe,Nb,Zn)O"
CHAOS_0270,271,0.6873729674796748,0.2926829268292683,0.7703252032520325,0.6044207317073171,high descriptor compatibility only,False,True,0.6260162601626016,0.9146341463414634,0.5203252032520325,0.6808943089430894,0.5203252032520326,0.6961382113821138,"Fe,Nb,Ti,Zn","(Fe,Nb,Ti,Zn)O"
CHAOS_0271,272,0.4970782520325203,0.3760162601626016,0.4563008130081301,0.5378556910569106,other,False,False,0.3455284552845529,0.5670731707317074,0.5264227642276422,0.9085365853658537,0.5264227642276422,0.1900406504065041,"Fe,Mg,Nb,Ti","(Fe,Mg,Nb,Ti)O"
CHAOS_0272,273,0.5616107723577236,0.5487804878048781,0.4867886178861789,0.6364329268292683,high-EFA + high descriptor compatibility,True,True,0.3739837398373984,0.5995934959349594,0.7601626016260162,0.3292682926829268,0.7601626016260162,0.6961382113821138,"Fe,Mn,Ni,Sn","(Fe,Mn,Ni,Sn)O"
CHAOS_0273,274,0.5486534552845528,0.8739837398373984,0.2063008130081301,0.8910060975609756,high-EFA + high descriptor compatibility,True,True,0.1585365853658537,0.2540650406504065,0.8760162601626016,0.8516260162601625,0.8760162601626016,0.9603658536585366,"Cu,Fe,Mn,Zn","(Cu,Fe,Mn,Zn)O"
CHAOS_0274,275,0.2154471544715447,0.07723577235772358,0.06808943089430897,0.3628048780487805,other,False,False,0.06504065040650409,0.07113821138211385,0.2418699186991869,0.4878048780487805,0.241869918699187,0.4796747967479675,"Mn,Sr,Ti,Zn","(Mn,Sr,Ti,Zn)O"
CHAOS_0275,276,0.4921239837398373,0.6341463414634146,0.6768292682926829,0.3074186991869919,high-EFA only,True,False,0.733739837398374,0.6199186991869918,0.1117886178861789,0.459349593495935,0.1117886178861789,0.5467479674796748,"Cd,Mg,Ni,Sr","(Cd,Mg,Ni,Sr)O"
CHAOS_0276,277,0.5104166666666666,0.07520325203252033,0.6199186991869918,0.4009146341463415,high descriptor compatibility only,False,True,0.5975609756097561,0.6422764227642277,0.5934959349593496,0.193089430894309,0.5934959349593496,0.2235772357723577,"Mn,Sn,Ti,V","(Mn,Sn,Ti,V)O"
CHAOS_0277,278,0.7360264227642277,0.7621951219512195,0.8150406504065041,0.6570121951219512,high-EFA + high descriptor compatibility,True,True,0.806910569105691,0.8231707317073171,0.6504065040650406,0.6758130081300813,0.6504065040650406,0.6514227642276422,"Ca,Co,Mn,Ni","(Ca,Co,Mn,Ni)O"
CHAOS_0278,279,0.2629573170731707,0.3780487804878049,0.3313008130081301,0.1946138211382114,other,False,False,0.4105691056910569,0.2520325203252033,0.03048780487804881,0.2378048780487805,0.03048780487804878,0.4796747967479675,"Co,Ni,Sn,Sr","(Co,Ni,Sn,Sr)O"
CHAOS_0279,280,0.5480182926829268,0.2296747967479675,0.4745934959349593,0.6214430894308942,high descriptor compatibility only,False,True,0.4979674796747967,0.4512195121951219,0.7012195121951219,0.9898373983739838,0.7012195121951219,0.09349593495934959,"Nb,Sr,Ti,V","(Nb,Sr,Ti,V)O"
CHAOS_0280,281,0.3766514227642276,0.5182926829268293,0.08333333333333337,0.6699695121951219,high-EFA only,True,False,0.06097560975609762,0.1056910569105691,0.7581300813008129,0.3495934959349594,0.758130081300813,0.8140243902439024,"Cd,Co,Mn,Sn","(Cd,Co,Mn,Sn)O"
CHAOS_0281,282,0.539380081300813,0.5691056910569106,0.6473577235772359,0.4314024390243902,high-EFA + high descriptor compatibility,True,True,0.709349593495935,0.5853658536585367,0.4227642276422764,0.4471544715447154,0.4227642276422764,0.4329268292682927,"Ca,Cd,Fe,Sr","(Ca,Cd,Fe,Sr)O"
CHAOS_0282,283,0.9321646341463414,0.991869918699187,0.9939024390243902,0.8704268292682927,high-EFA + high descriptor compatibility,True,True,0.9939024390243902,0.9939024390243902,0.983739837398374,0.6626016260162602,0.983739837398374,0.8516260162601627,"Co,Mg,Ni,Zn","(Co,Mg,Ni,Zn)O"
CHAOS_0283,284,0.4766260162601626,0.02439024390243903,0.6808943089430894,0.2723577235772358,other,False,False,0.693089430894309,0.6686991869918699,0.2134146341463414,0.1829268292682927,0.2134146341463415,0.4796747967479675,"Nb,Sn,Ti,Zn","(Nb,Sn,Ti,Zn)O"
CHAOS_0284,285,0.368140243902439,0.6260162601626016,0.1432926829268292,0.5929878048780488,high-EFA only,True,False,0.1260162601626016,0.1605691056910569,0.7804878048780488,0.2642276422764228,0.7804878048780488,0.5467479674796748,"Cd,Fe,Mg,Sn","(Cd,Fe,Mg,Sn)O"
CHAOS_0285,286,0.2893800813008131,0.4146341463414634,0.193089430894309,0.3856707317073171,other,False,False,0.2235772357723578,0.1626016260162602,0.08130081300813008,0.5284552845528455,0.08130081300813008,0.8516260162601627,"Co,Ni,Sr,Zn","(Co,Ni,Sr,Zn)O"
CHAOS_0286,287,0.7096036585365854,0.7378048780487805,0.8739837398373984,0.5452235772357723,high-EFA + high descriptor compatibility,True,True,0.8719512195121951,0.8760162601626016,0.4918699186991869,0.4237804878048781,0.491869918699187,0.7733739837398373,"Ca,Mn,Ni,Zn","(Ca,Mn,Ni,Zn)O"
CHAOS_0287,288,0.2379319105691057,0.03658536585365853,0.06910569105691056,0.4067581300813008,other,False,False,0.0467479674796748,0.09146341463414631,0.5711382113821138,0.2134146341463414,0.5711382113821138,0.2713414634146342,"Fe,Sn,Ti,V","(Fe,Sn,Ti,V)O"
CHAOS_0288,289,0.2009654471544715,0.5142276422764228,0.1961382113821138,0.2057926829268293,high-EFA only,True,False,0.2418699186991869,0.1504065040650406,0.07926829268292679,0.1849593495934959,0.07926829268292683,0.4796747967479675,"Cd,Mn,Sn,Sr","(Cd,Mn,Sn,Sr)O"
CHAOS_0289,290,0.7592733739837398,0.8150406504065041,0.5426829268292683,0.9758638211382114,high-EFA + high descriptor compatibility,True,True,0.5060975609756098,0.5792682926829269,0.9817073170731707,0.959349593495935,0.9817073170731707,0.9806910569105691,"Cd,Co,Cu,Fe","(Cd,Co,Cu,Fe)O"
CHAOS_0290,291,0.794334349593496,0.9634146341463414,0.6839430894308943,0.9047256097560976,high-EFA + high descriptor compatibility,True,True,0.6463414634146342,0.7215447154471545,0.8882113821138211,0.8719512195121951,0.8882113821138211,0.9705284552845529,"Co,Cu,Mn,Zn","(Co,Cu,Mn,Zn)O"
CHAOS_0291,292,0.6215701219512195,0.03252032520325204,0.9420731707317073,0.3010670731707317,high descriptor compatibility only,False,True,0.9329268292682926,0.9512195121951219,0.3333333333333334,0.2235772357723578,0.3333333333333333,0.3140243902439024,"Co,Nb,Sn,Ti","(Co,Nb,Sn,Ti)O"
CHAOS_0292,293,0.5207063008130082,0.717479674796748,0.350609756097561,0.6908028455284553,high-EFA + high descriptor compatibility,True,True,0.306910569105691,0.3943089430894309,0.9369918699186992,0.2845528455284553,0.9369918699186992,0.6046747967479674,"Cu,Mg,Ni,Sn","(Cu,Mg,Ni,Sn)O"
CHAOS_0293,294,0.07647357723577233,0.2073170731707317,0.03963414634146339,0.1133130081300813,other,False,False,0.05691056910569103,0.02235772357723576,0.09756097560975607,0.1036585365853658,0.0975609756097561,0.1544715447154472,"Fe,Sn,Sr,Ti","(Fe,Sn,Sr,Ti)O"
CHAOS_0294,295,0.3365091463414634,0.467479674796748,0.274390243902439,0.3986280487804879,other,False,False,0.3353658536585366,0.2134146341463414,0.1239837398373984,0.5731707317073171,0.1239837398373984,0.7733739837398373,"Co,Fe,Sr,Zn","(Co,Fe,Sr,Zn)O"
CHAOS_0295,296,0.8896087398373984,0.9369918699186992,0.9908536585365854,0.7883638211382115,high-EFA + high descriptor compatibility,True,True,0.991869918699187,0.9898373983739838,0.8719512195121951,0.6361788617886179,0.8719512195121951,0.7733739837398373,"Mg,Mn,Ni,Zn","(Mg,Mn,Ni,Zn)O"
CHAOS_0296,297,0.09667174796747967,0.3191056910569106,0.06097560975609756,0.1323678861788618,other,False,False,0.07520325203252032,0.0467479674796748,0.03252032520325199,0.09146341463414631,0.03252032520325204,0.3729674796747968,"Sn,Sr,V,Zn","(Sn,Sr,V,Zn)O"
CHAOS_0297,298,0.8592479674796748,0.9715447154471545,0.9349593495934959,0.7835365853658537,high-EFA + high descriptor compatibility,True,True,0.9573170731707317,0.9126016260162602,0.8516260162601625,0.5792682926829269,0.8516260162601627,0.8516260162601627,"Cd,Mg,Mn,Zn","(Cd,Mg,Mn,Zn)O"
CHAOS_0298,299,0.5365853658536586,0.5020325203252033,0.2215447154471545,0.8516260162601625,high-EFA + high descriptor compatibility,True,True,0.1524390243902439,0.290650406504065,0.8861788617886179,0.9024390243902439,0.8861788617886179,0.7317073170731707,"Fe,Mn,Ni,V","(Fe,Mn,Ni,V)O"
CHAOS_0299,300,0.7061737804878049,0.8882113821138211,0.8577235772357723,0.5546239837398375,high-EFA + high descriptor compatibility,True,True,0.8597560975609756,0.8556910569105691,0.4715447154471545,0.4237804878048781,0.4715447154471545,0.8516260162601627,"Ca,Co,Ni,Zn","(Ca,Co,Ni,Zn)O"
CHAOS_0300,301,0.248094512195122,0.758130081300813,0.25,0.2461890243902439,high-EFA only,True,False,0.2804878048780488,0.2195121951219512,0.0467479674796748,0.2398373983739838,0.04674796747967479,0.6514227642276422,"Cd,Ni,Sn,Sr","(Cd,Ni,Sn,Sr)O"
CHAOS_0301,302,0.2214176829268293,0.2154471544715447,0.05589430894308944,0.3869410569105691,other,False,False,0.1056910569105691,0.006097560975609762,0.1849593495934959,0.4044715447154471,0.1849593495934959,0.7733739837398373,"Cd,Nb,Sr,Zn","(Cd,Nb,Sr,Zn)O"
CHAOS_0302,303,0.3318089430894309,0.08536585365853659,0.334349593495935,0.3292682926829268,other,False,False,0.3048780487804879,0.3638211382113821,0.5142276422764227,0.1341463414634146,0.5142276422764228,0.1544715447154472,"Fe,Mg,Sn,Ti","(Fe,Mg,Sn,Ti)O"
CHAOS_0303,304,0.7566056910569106,0.6585365853658537,0.8302845528455285,0.6829268292682926,high-EFA + high descriptor compatibility,True,True,0.8638211382113821,0.7967479674796748,0.782520325203252,0.6199186991869918,0.782520325203252,0.5467479674796748,"Ca,Cd,Mn,V","(Ca,Cd,Mn,V)O"
CHAOS_0304,305,0.5767276422764227,0.6829268292682927,0.5467479674796748,0.6067073170731707,high-EFA + high descriptor compatibility,True,True,0.4695121951219512,0.6239837398373984,0.6686991869918699,0.5426829268292683,0.6686991869918699,0.5467479674796748,"Fe,Mg,Ti,Zn","(Fe,Mg,Ti,Zn)O"
CHAOS_0305,306,0.3061483739837398,0.04878048780487805,0.4298780487804878,0.1824186991869919,other,False,False,0.4227642276422764,0.4369918699186992,0.1991869918699187,0.176829268292683,0.1991869918699187,0.1544715447154472,"Mg,Nb,Sn,Tc","(Mg,Nb,Sn,Tc)O"
CHAOS_0306,307,0.6403709349593496,0.9613821138211383,0.8943089430894309,0.3864329268292683,high-EFA + high descriptor compatibility,True,True,0.9085365853658537,0.8800813008130082,0.4329268292682927,0.4085365853658537,0.4329268292682927,0.2713414634146342,"Ca,Mg,V,Zn","(Ca,Mg,V,Zn)O"
CHAOS_0307,308,0.5547510162601625,0.6869918699186992,0.5813008130081301,0.5282012195121951,high-EFA + high descriptor compatibility,True,True,0.6300813008130082,0.532520325203252,0.3414634146341463,0.733739837398374,0.3414634146341464,0.6961382113821138,"Cd,Fe,Mn,Sr","(Cd,Fe,Mn,Sr)O"
CHAOS_0308,309,0.6044207317073171,0.8130081300813008,0.3973577235772358,0.8114837398373984,high-EFA + high descriptor compatibility,True,True,0.3170731707317073,0.4776422764227642,0.7926829268292683,0.8089430894308943,0.7926829268292683,0.8516260162601627,"Co,Mn,V,Zn","(Co,Mn,V,Zn)O"
CHAOS_0309,310,0.3130081300813008,0.1402439024390244,0.233739837398374,0.3922764227642276,other,False,False,0.1463414634146342,0.3211382113821138,0.3109756097560976,0.5142276422764227,0.3109756097560976,0.4329268292682927,"Nb,Sr,V,Zn","(Nb,Sr,V,Zn)O"
CHAOS_0310,311,0.7498729674796747,0.9532520325203252,0.8333333333333333,0.6664126016260162,high-EFA + high descriptor compatibility,True,True,0.8089430894308943,0.8577235772357723,0.7195121951219512,0.5752032520325203,0.7195121951219512,0.6514227642276422,"Co,Mg,V,Zn","(Co,Mg,V,Zn)O"
CHAOS_0311,312,0.5188008130081301,0.3048780487804878,0.4735772357723577,0.5640243902439024,high descriptor compatibility only,False,True,0.3536585365853658,0.5934959349593496,0.5752032520325203,0.9512195121951219,0.5752032520325203,0.1544715447154472,"Mg,Mn,Nb,Ti","(Mg,Mn,Nb,Ti)O"
CHAOS_0312,313,0.4485518292682926,0.556910569105691,0.2611788617886179,0.6359247967479674,high-EFA only,True,False,0.2276422764227642,0.2947154471544715,0.7540650406504065,0.8455284552845528,0.7540650406504065,0.1900406504065041,"Ca,Fe,Nb,Ti","(Ca,Fe,Nb,Ti)O"
CHAOS_0313,314,0.5773628048780488,0.5508130081300813,0.7367886178861789,0.4179369918699187,high-EFA + high descriptor compatibility,True,True,0.8191056910569106,0.6544715447154472,0.3373983739837398,0.9959349593495935,0.3373983739837398,0.001016260162601626,"Ca,Mg,Sr,Ti","(Ca,Mg,Sr,Ti)O"
CHAOS_0314,315,0.3526422764227642,0.1016260162601626,0.1473577235772358,0.5579268292682927,other,False,False,0.1666666666666666,0.1280487804878049,0.5426829268292683,0.7134146341463414,0.5426829268292683,0.4329268292682927,"Cd,Nb,Sr,V","(Cd,Nb,Sr,V)O"
CHAOS_0315,316,0.5085111788617886,0.1158536585365854,0.6443089430894309,0.3727134146341464,high descriptor compatibility only,False,True,0.6158536585365854,0.6727642276422765,0.2703252032520326,0.2987804878048781,0.2703252032520325,0.6514227642276422,"Mn,Nb,Sn,Zn","(Mn,Nb,Sn,Zn)O"
CHAOS_0316,317,0.4443597560975609,0.9552845528455285,0.7845528455284552,0.1041666666666667,high-EFA only,True,False,0.8292682926829268,0.7398373983739837,0.0934959349593496,0.006097560975609762,0.09349593495934959,0.2235772357723577,"Ca,Cd,Sn,Sr","(Ca,Cd,Sn,Sr)O"
CHAOS_0317,318,0.5415396341463414,0.1117886178861789,0.548780487804878,0.5342987804878049,high descriptor compatibility only,False,True,0.5772357723577235,0.5203252032520325,0.6321138211382114,0.2682926829268293,0.6321138211382114,0.6046747967479674,"Cd,Mn,Sn,Ti","(Cd,Mn,Sn,Ti)O"
CHAOS_0318,319,0.303734756097561,0.1971544715447154,0.1229674796747968,0.4845020325203252,other,False,False,0.0630081300813008,0.1829268292682927,0.5060975609756098,0.274390243902439,0.5060975609756098,0.6514227642276422,"Fe,Sn,Ti,Zn","(Fe,Sn,Ti,Zn)O"
CHAOS_0319,320,0.2588922764227642,0.2479674796747967,0.1747967479674796,0.3429878048780488,other,False,False,0.1951219512195121,0.1544715447154471,0.209349593495935,0.8597560975609756,0.209349593495935,0.09349593495934959,"Fe,Mg,Sr,Ti","(Fe,Mg,Sr,Ti)O"
CHAOS_0320,321,0.06529471544715446,0.3577235772357724,0.09146341463414631,0.03912601626016261,other,False,False,0.09756097560975607,0.08536585365853655,0.03658536585365857,0.05691056910569103,0.03658536585365853,0.02642276422764228,"Mg,Sn,Sr,V","(Mg,Sn,Sr,V)O"
CHAOS_0321,322,0.272484756097561,0.6727642276422764,0.2266260162601626,0.3183434959349594,high-EFA only,True,False,0.2520325203252033,0.2012195121951219,0.3699186991869918,0.1605691056910569,0.3699186991869919,0.3729674796747968,"Ca,Co,Fe,Sn","(Ca,Co,Fe,Sn)O"
CHAOS_0322,323,0.5920985772357723,0.6443089430894309,0.7774390243902438,0.4067581300813009,high-EFA + high descriptor compatibility,True,True,0.8475609756097561,0.7073170731707317,0.323170731707317,0.975609756097561,0.3231707317073171,0.00508130081300813,"Ca,Mg,Sr,V","(Ca,Mg,Sr,V)O"
CHAOS_0323,324,0.3996443089430894,0.2113821138211382,0.6839430894308942,0.1153455284552846,other,False,False,0.6585365853658536,0.709349593495935,0.1219512195121951,0.0955284552845529,0.1219512195121951,0.1219512195121951,"Mn,Sn,Sr,Ti","(Mn,Sn,Sr,Ti)O"
CHAOS_0324,325,0.1570121951219512,0.2276422764227642,0.0934959349593496,0.2205284552845528,other,False,False,0.07723577235772361,0.1097560975609756,0.3191056910569106,0.08943089430894313,0.3191056910569106,0.1544715447154472,"Ca,Mn,Nb,Sn","(Ca,Mn,Nb,Sn)O"
CHAOS_0325,326,0.1267784552845528,0.5670731707317073,0.1941056910569106,0.05945121951219511,high-EFA only,True,False,0.2439024390243902,0.1443089430894309,0.004065040650406471,0.07520325203252032,0.004065040650406504,0.1544715447154472,"Mg,Ni,Sn,Sr","(Mg,Ni,Sn,Sr)O"
CHAOS_0326,327,0.1539634146341464,0.07926829268292683,0.05792682926829273,0.25,other,False,False,0.05487804878048785,0.06097560975609762,0.4085365853658537,0.06097560975609762,0.4085365853658536,0.1219512195121951,"Ca,Mn,Sn,Ti","(Ca,Mn,Sn,Ti)O"
CHAOS_0327,328,0.5912093495934959,0.3475609756097561,0.5823170731707317,0.6001016260162602,high descriptor compatibility only,False,True,0.6686991869918699,0.4959349593495935,0.7032520325203252,0.967479674796748,0.7032520325203252,0.02642276422764228,"Ca,Sr,Ti,V","(Ca,Sr,Ti,V)O"
CHAOS_0328,329,0.3504827235772358,0.4308943089430894,0.01219512195121952,0.688770325203252,other,False,False,0.01422764227642281,0.01016260162601623,0.7845528455284553,0.3719512195121951,0.7845528455284553,0.8140243902439024,"Cu,Mn,Ni,Sn","(Cu,Mn,Ni,Sn)O"
CHAOS_0329,330,0.2508892276422764,0.2540650406504065,0.1280487804878049,0.3737296747967479,other,False,False,0.1239837398373984,0.1321138211382114,0.1788617886178862,0.532520325203252,0.1788617886178862,0.6046747967479674,"Fe,Nb,Sr,Zn","(Fe,Nb,Sr,Zn)O"
CHAOS_0330,331,0.5151168699186992,0.3882113821138211,0.5142276422764227,0.5160060975609757,high descriptor compatibility only,False,True,0.4654471544715447,0.5630081300813008,0.532520325203252,0.9552845528455285,0.532520325203252,0.04369918699186992,"Ca,Mg,Nb,V","(Ca,Mg,Nb,V)O"
CHAOS_0331,332,0.3086890243902439,0.3231707317073171,0.1321138211382114,0.4852642276422764,other,False,False,0.1605691056910569,0.1036585365853658,0.6056910569105691,0.5060975609756098,0.6056910569105691,0.2235772357723577,"Ca,Cd,Sr,Ti","(Ca,Cd,Sr,Ti)O"
CHAOS_0332,333,0.8259654471544715,0.3170731707317073,0.9126016260162602,0.739329268292683,high descriptor compatibility only,False,True,0.9065040650406504,0.9186991869918699,0.8170731707317074,0.7764227642276422,0.8170731707317073,0.5467479674796748,"Cd,Mg,Mn,V","(Cd,Mg,Mn,V)O"
CHAOS_0333,334,0.1976626016260162,0.02032520325203252,0.07621951219512191,0.3191056910569106,other,False,False,0.04471544715447151,0.1077235772357723,0.2439024390243902,0.2418699186991869,0.2439024390243902,0.5467479674796748,"Nb,Sn,V,Zn","(Nb,Sn,V,Zn)O"
CHAOS_0334,335,0.3166920731707317,0.4065040650406504,0.1778455284552846,0.4555386178861788,other,False,False,0.1971544715447154,0.1585365853658537,0.2052845528455285,0.7601626016260162,0.2052845528455285,0.6514227642276422,"Co,Mn,Ni,Sr","(Co,Mn,Ni,Sr)O"
CHAOS_0335,336,0.2235772357723577,0.3455284552845528,0.09146341463414637,0.3556910569105691,other,False,False,0.0955284552845529,0.08739837398373984,0.2032520325203252,0.4695121951219512,0.2032520325203252,0.5467479674796748,"Fe,Sr,Ti,Zn","(Fe,Sr,Ti,Zn)O"
CHAOS_0336,337,0.615599593495935,0.7134146341463414,0.5558943089430894,0.6753048780487805,high-EFA + high descriptor compatibility,True,True,0.5,0.6117886178861789,0.733739837398374,0.7540650406504065,0.733739837398374,0.4796747967479675,"Cu,Mg,Mn,V","(Cu,Mg,Mn,V)O"
CHAOS_0337,338,0.2464430894308943,0.516260162601626,0.1056910569105691,0.3871951219512195,high-EFA only,True,False,0.1382113821138211,0.07317073170731703,0.2276422764227642,0.5467479674796748,0.2276422764227642,0.5467479674796748,"Mn,Sr,V,Zn","(Mn,Sr,V,Zn)O"
CHAOS_0338,339,0.8107215447154471,0.959349593495935,0.7632113821138211,0.8582317073170731,high-EFA + high descriptor compatibility,True,True,0.7357723577235773,0.790650406504065,0.9613821138211383,0.7784552845528455,0.9613821138211383,0.7317073170731707,"Co,Cu,Fe,Mg","(Co,Cu,Fe,Mg)O"
CHAOS_0339,340,0.681910569105691,0.5995934959349594,0.7682926829268293,0.5955284552845529,high-EFA + high descriptor compatibility,True,True,0.75,0.7865853658536586,0.839430894308943,0.2703252032520326,0.8394308943089431,0.4329268292682927,"Fe,Mg,Ni,Sn","(Fe,Mg,Ni,Sn)O"
CHAOS_0340,341,0.802464430894309,0.6544715447154471,0.6534552845528455,0.9514735772357724,high-EFA + high descriptor compatibility,True,True,0.6077235772357723,0.6991869918699187,0.959349593495935,0.9400406504065041,0.959349593495935,0.9471544715447154,"Co,Cu,Mn,Ni","(Co,Cu,Mn,Ni)O"
CHAOS_0341,342,0.4790396341463414,0.443089430894309,0.4502032520325203,0.5078760162601625,other,False,False,0.3313008130081301,0.5691056910569106,0.4024390243902439,0.6219512195121951,0.4024390243902439,0.6046747967479674,"Fe,Mg,Nb,Zn","(Fe,Mg,Nb,Zn)O"
CHAOS_0342,343,0.3159298780487805,0.5955284552845529,0.4054878048780488,0.2263719512195122,high-EFA only,True,False,0.467479674796748,0.3434959349593496,0.09146341463414631,0.4512195121951219,0.09146341463414634,0.2713414634146342,"Mg,Sr,V,Zn","(Mg,Sr,V,Zn)O"
CHAOS_0343,344,0.4378810975609756,0.8577235772357723,0.4959349593495935,0.3798272357723577,high-EFA only,True,False,0.5731707317073171,0.4186991869918699,0.3760162601626016,0.1626016260162602,0.3760162601626016,0.6046747967479674,"Ca,Cd,Co,Sn","(Ca,Cd,Co,Sn)O"
CHAOS_0344,345,0.5374745934959351,0.6097560975609756,0.5914634146341464,0.4834857723577236,high-EFA + high descriptor compatibility,True,True,0.6178861788617886,0.5650406504065041,0.2540650406504065,0.6524390243902439,0.2540650406504065,0.7733739837398373,"Cd,Mn,Ni,Sr","(Cd,Mn,Ni,Sr)O"
CHAOS_0345,346,0.3142784552845528,0.1138211382113821,0.4136178861788618,0.2149390243902439,other,False,False,0.3333333333333334,0.4939024390243902,0.3495934959349594,0.06707317073170727,0.3495934959349594,0.09349593495934959,"Ca,Nb,Sn,V","(Ca,Nb,Sn,V)O"
CHAOS_0346,347,0.6404979674796748,0.4573170731707317,0.6189024390243902,0.6620934959349594,high descriptor compatibility only,False,True,0.5528455284552846,0.6849593495934959,0.7865853658536586,0.3434959349593496,0.7865853658536586,0.7317073170731707,"Co,Mn,Ni,Sn","(Co,Mn,Ni,Sn)O"
CHAOS_0347,348,0.4020579268292682,0.2052845528455285,0.258130081300813,0.5459857723577235,other,False,False,0.1747967479674797,0.3414634146341463,0.6199186991869918,0.2926829268292683,0.6199186991869918,0.6514227642276422,"Mn,Sn,V,Zn","(Mn,Sn,V,Zn)O"
CHAOS_0348,349,0.5443343495934959,0.1890243902439024,0.3363821138211382,0.7522865853658537,high descriptor compatibility only,False,True,0.2073170731707317,0.4654471544715447,0.7418699186991871,0.8292682926829268,0.741869918699187,0.6961382113821138,"Cd,Mn,Nb,V","(Cd,Mn,Nb,V)O"
CHAOS_0349,350,0.7658790650406504,0.8455284552845529,0.6636178861788617,0.868140243902439,high-EFA + high descriptor compatibility,True,True,0.6524390243902439,0.6747967479674797,0.9532520325203252,0.7926829268292683,0.9532520325203252,0.7733739837398373,"Cd,Co,Fe,Mg","(Cd,Co,Fe,Mg)O"
CHAOS_0350,351,0.1957571138211382,0.217479674796748,0.282520325203252,0.1089939024390244,other,False,False,0.25,0.3150406504065041,0.03455284552845528,0.05284552845528456,0.03455284552845529,0.3140243902439024,"Sn,Sr,Ti,Zn","(Sn,Sr,Ti,Zn)O"
CHAOS_0351,352,0.3077997967479675,0.274390243902439,0.2947154471544716,0.3208841463414634,other,False,False,0.2642276422764228,0.3252032520325203,0.4186991869918699,0.07317073170731703,0.4186991869918699,0.3729674796747968,"Ca,Cd,Sn,V","(Ca,Cd,Sn,V)O"
CHAOS_0352,353,0.7902693089430894,0.9044715447154471,0.8058943089430894,0.7746443089430894,high-EFA + high descriptor compatibility,True,True,0.7926829268292683,0.8191056910569106,0.8597560975609756,0.5650406504065041,0.8597560975609756,0.8140243902439024,"Cu,Mg,Mn,Zn","(Cu,Mg,Mn,Zn)O"
CHAOS_0353,354,0.2647357723577236,0.1951219512195122,0.2113821138211383,0.318089430894309,other,False,False,0.176829268292683,0.2459349593495935,0.2154471544715447,0.6178861788617886,0.2154471544715447,0.2235772357723577,"Cd,Mg,Sr,Ti","(Cd,Mg,Sr,Ti)O"
CHAOS_0354,355,0.9382621951219512,0.983739837398374,0.9542682926829268,0.9222560975609756,high-EFA + high descriptor compatibility,True,True,0.9512195121951219,0.9573170731707317,0.9146341463414634,0.899390243902439,0.9146341463414634,0.9603658536585366,"Co,Mn,Ni,Zn","(Co,Mn,Ni,Zn)O"
CHAOS_0355,356,0.669334349593496,0.06097560975609756,0.9857723577235773,0.3528963414634146,high descriptor compatibility only,False,True,0.983739837398374,0.9878048780487805,0.3739837398373984,0.290650406504065,0.3739837398373984,0.3729674796747968,"Mn,Nb,Sn,Tc","(Mn,Nb,Sn,Tc)O"
CHAOS_0356,357,0.8154217479674797,0.6890243902439024,0.6443089430894309,0.9865345528455285,high-EFA + high descriptor compatibility,True,True,0.5914634146341464,0.6971544715447154,0.9959349593495935,0.983739837398374,0.9959349593495935,0.9705284552845529,"Cd,Co,Fe,Ni","(Cd,Co,Fe,Ni)O"
CHAOS_0357,358,0.9145071138211383,0.8861788617886179,0.9867886178861789,0.8422256097560976,high-EFA + high descriptor compatibility,True,True,0.9878048780487805,0.9857723577235772,0.9471544715447154,0.660569105691057,0.9471544715447154,0.8140243902439024,"Fe,Mg,Ni,Zn","(Fe,Mg,Ni,Zn)O"
CHAOS_0358,359,0.2545731707317074,0.1930894308943089,0.1128048780487805,0.3963414634146342,other,False,False,0.08333333333333337,0.1422764227642277,0.6280487804878049,0.1747967479674797,0.6280487804878049,0.1544715447154472,"Mg,Mn,Sn,V","(Mg,Mn,Sn,V)O"
CHAOS_0359,360,0.6173780487804879,0.02642276422764228,0.5752032520325203,0.6595528455284553,high descriptor compatibility only,False,True,0.5345528455284553,0.6158536585365854,0.5609756097560976,0.6331300813008129,0.5609756097560976,0.883130081300813,"Cd,Nb,V,Zn","(Cd,Nb,V,Zn)O"
CHAOS_0360,361,0.5452235772357724,0.8760162601626016,0.6910569105691058,0.399390243902439,high-EFA + high descriptor compatibility,True,True,0.7418699186991871,0.6402439024390244,0.3536585365853658,0.4105691056910569,0.3536585365853658,0.4796747967479675,"Ca,Cd,Co,Sr","(Ca,Cd,Co,Sr)O"
CHAOS_0361,362,0.6626016260162602,0.9166666666666666,0.915650406504065,0.4095528455284553,high-EFA + high descriptor compatibility,True,True,0.9247967479674797,0.9065040650406504,0.3800813008130082,0.3313008130081301,0.3800813008130081,0.5467479674796748,"Ca,Mg,Ni,Zn","(Ca,Mg,Ni,Zn)O"
CHAOS_0362,363,0.321900406504065,0.532520325203252,0.358739837398374,0.2850609756097561,high-EFA only,True,False,0.4329268292682927,0.2845528455284553,0.1808943089430894,0.3455284552845529,0.1808943089430894,0.4329268292682927,"Ca,Fe,Sr,Zn","(Ca,Fe,Sr,Zn)O"
CHAOS_0363,364,0.6641260162601625,0.6219512195121951,0.7815040650406504,0.5467479674796747,high-EFA + high descriptor compatibility,True,True,0.8252032520325203,0.7378048780487805,0.6138211382113821,0.8658536585365854,0.6138211382113821,0.09349593495934959,"Ca,Mn,Sr,V","(Ca,Mn,Sr,V)O"
CHAOS_0364,365,0.2263719512195122,0.282520325203252,0.06605691056910568,0.3866869918699187,other,False,False,0.07317073170731703,0.05894308943089432,0.2215447154471545,0.556910569105691,0.2215447154471545,0.5467479674796748,"Mn,Nb,Sr,Zn","(Mn,Nb,Sr,Zn)O"
CHAOS_0365,366,0.3706808943089431,0.2967479674796748,0.3191056910569106,0.4222560975609756,other,False,False,0.3373983739837398,0.3008130081300813,0.3353658536585366,0.991869918699187,0.3353658536585366,0.02642276422764228,"Mg,Nb,Sr,Ti","(Mg,Nb,Sr,Ti)O"
CHAOS_0366,367,0.4893292682926829,0.5609756097560976,0.5741869918699187,0.4044715447154471,high-EFA only,True,False,0.6341463414634146,0.5142276422764227,0.1077235772357723,0.4735772357723578,0.1077235772357724,0.9288617886178862,"Cd,Ni,Sr,Zn","(Cd,Ni,Sr,Zn)O"
CHAOS_0367,368,0.6990599593495934,0.6605691056910569,0.4522357723577236,0.9458841463414633,high-EFA + high descriptor compatibility,True,True,0.4126016260162602,0.4918699186991869,0.9451219512195121,0.9126016260162602,0.9451219512195121,0.9806910569105691,"Cd,Cu,Mn,Ni","(Cd,Cu,Mn,Ni)O"
CHAOS_0368,369,0.1476117886178862,0.3353658536585366,0.01626016260162605,0.2789634146341464,other,False,False,0.01219512195121952,0.02032520325203258,0.4369918699186992,0.08739837398373984,0.4369918699186992,0.1544715447154472,"Ca,Mn,Sn,V","(Ca,Mn,Sn,V)O"
CHAOS_0369,370,0.7911585365853658,0.8434959349593496,0.6361788617886179,0.9461382113821137,high-EFA + high descriptor compatibility,True,True,0.5792682926829269,0.693089430894309,0.9695121951219512,0.9400406504065041,0.9695121951219512,0.9054878048780488,"Co,Cu,Fe,Mn","(Co,Cu,Fe,Mn)O"
CHAOS_0370,371,0.369410569105691,0.3028455284552846,0.1951219512195122,0.5436991869918699,other,False,False,0.3252032520325203,0.06504065040650409,0.5589430894308943,0.3252032520325203,0.5589430894308943,0.7317073170731707,"Ca,Cd,Ti,Zn","(Ca,Cd,Ti,Zn)O"
CHAOS_0371,372,0.4677337398373984,0.4715447154471545,0.4715447154471544,0.4639227642276423,other,False,False,0.5142276422764227,0.4288617886178862,0.176829268292683,0.6504065040650406,0.1768292682926829,0.8516260162601627,"Cd,Co,Ni,Sr","(Cd,Co,Ni,Sr)O"
CHAOS_0372,373,0.6934705284552846,0.8516260162601627,0.7286585365853658,0.6582825203252033,high-EFA + high descriptor compatibility,True,True,0.725609756097561,0.7317073170731707,0.6361788617886179,0.6646341463414633,0.6361788617886179,0.6961382113821138,"Ca,Co,Fe,Ni","(Ca,Co,Fe,Ni)O"
CHAOS_0373,374,0.5154979674796748,0.7947154471544715,0.616869918699187,0.4141260162601626,high-EFA + high descriptor compatibility,True,True,0.6565040650406504,0.5772357723577235,0.1666666666666666,0.4715447154471545,0.1666666666666667,0.8516260162601627,"Cd,Mn,Sr,Zn","(Cd,Mn,Sr,Zn)O"
CHAOS_0374,375,0.3509908536585366,0.725609756097561,0.0782520325203252,0.6237296747967479,high-EFA only,True,False,0.08943089430894313,0.06707317073170727,0.806910569105691,0.2764227642276422,0.806910569105691,0.6046747967479674,"Cd,Co,Mg,Sn","(Cd,Co,Mg,Sn)O"
CHAOS_0375,376,0.4232723577235772,0.5975609756097561,0.290650406504065,0.5558943089430894,high-EFA only,True,False,0.225609756097561,0.3556910569105691,0.7560975609756098,0.2317073170731707,0.7560975609756098,0.4796747967479675,"Mg,Mn,Sn,Zn","(Mg,Mn,Sn,Zn)O"
CHAOS_0376,377,0.3927845528455285,0.5223577235772358,0.5040650406504066,0.2815040650406504,high-EFA only,True,False,0.5670731707317074,0.4410569105691057,0.1300813008130082,0.3191056910569106,0.1300813008130081,0.5467479674796748,"Ca,Ni,Sr,Zn","(Ca,Ni,Sr,Zn)O"
CHAOS_0377,378,0.6820376016260163,0.25,0.7296747967479675,0.634400406504065,high descriptor compatibility only,False,True,0.717479674796748,0.7418699186991871,0.6666666666666667,0.5995934959349594,0.6666666666666666,0.6046747967479674,"Ca,Cd,Fe,Nb","(Ca,Cd,Fe,Nb)O"
CHAOS_0378,379,0.883130081300813,1.0,0.9796747967479675,0.7865853658536586,high-EFA + high descriptor compatibility,True,True,0.975609756097561,0.983739837398374,0.8638211382113821,0.6869918699186992,0.8638211382113821,0.7317073170731707,"Co,Mg,Mn,Zn","(Co,Mg,Mn,Zn)O"
CHAOS_0379,380,0.5097815040650406,0.1666666666666667,0.5558943089430894,0.4636686991869918,high descriptor compatibility only,False,True,0.524390243902439,0.5873983739837398,0.4959349593495935,0.2581300813008131,0.4959349593495935,0.6046747967479674,"Mn,Sn,Ti,Zn","(Mn,Sn,Ti,Zn)O"
CHAOS_0380,381,0.5717733739837398,0.3516260162601626,0.6727642276422764,0.4707825203252033,high descriptor compatibility only,False,True,0.6626016260162602,0.6829268292682926,0.540650406504065,0.4288617886178862,0.540650406504065,0.3729674796747968,"Ca,Nb,Ti,Zn","(Ca,Nb,Ti,Zn)O"
CHAOS_0381,382,0.3462906504065041,0.6016260162601627,0.4115853658536586,0.2809959349593496,high-EFA only,True,False,0.483739837398374,0.3394308943089431,0.1544715447154471,0.3353658536585366,0.1544715447154472,0.4796747967479675,"Ca,Co,Sr,Zn","(Ca,Co,Sr,Zn)O"
CHAOS_0382,383,0.193724593495935,0.5711382113821138,0.1778455284552846,0.2096036585365854,high-EFA only,True,False,0.217479674796748,0.1382113821138211,0.006097560975609762,0.2215447154471545,0.006097560975609756,0.6046747967479674,"Co,Sn,Sr,Zn","(Co,Sn,Sr,Zn)O"
CHAOS_0383,384,0.3319359756097561,0.1361788617886179,0.02845528455284552,0.6354166666666666,other,False,False,0.03861788617886175,0.01829268292682928,0.7378048780487805,0.6331300813008129,0.7378048780487805,0.4329268292682927,"Ca,Cd,Nb,V","(Ca,Cd,Nb,V)O"
CHAOS_0384,385,0.1872459349593496,0.3333333333333333,0.06402439024390244,0.3104674796747968,other,False,False,0.07926829268292679,0.04878048780487809,0.3292682926829268,0.3597560975609756,0.3292682926829268,0.2235772357723577,"Ca,Sr,Ti,Zn","(Ca,Sr,Ti,Zn)O"
CHAOS_0385,386,0.4267022357723578,0.1178861788617886,0.02642276422764228,0.8269817073170732,other,False,False,0.008130081300813052,0.04471544715447151,0.926829268292683,0.8028455284552846,0.926829268292683,0.6514227642276422,"Cd,Mn,Ti,V","(Cd,Mn,Ti,V)O"
CHAOS_0386,387,0.6651422764227641,0.7439024390243902,0.6717479674796748,0.6585365853658536,high-EFA + high descriptor compatibility,True,True,0.6951219512195121,0.6483739837398375,0.6402439024390244,0.5020325203252032,0.6402439024390244,0.8516260162601627,"Ca,Cd,Co,Ni","(Ca,Cd,Co,Ni)O"
CHAOS_0387,388,0.8109756097560976,0.9939024390243902,0.7794715447154472,0.842479674796748,high-EFA + high descriptor compatibility,True,True,0.8028455284552846,0.7560975609756098,0.9308943089430894,0.5609756097560976,0.9308943089430894,0.9471544715447154,"Cd,Cu,Mg,Zn","(Cd,Cu,Mg,Zn)O"
CHAOS_0388,389,0.5619918699186992,0.5772357723577236,0.434959349593496,0.6890243902439024,high-EFA + high descriptor compatibility,True,True,0.3658536585365854,0.5040650406504066,0.7642276422764227,0.3760162601626016,0.7642276422764228,0.8516260162601627,"Mn,Ni,Sn,Zn","(Mn,Ni,Sn,Zn)O"
CHAOS_0389,390,0.2604166666666666,0.3495934959349594,0.1514227642276423,0.369410569105691,other,False,False,0.1788617886178862,0.1239837398373984,0.25,0.9166666666666666,0.25,0.06097560975609756,"Mg,Mn,Sr,Ti","(Mg,Mn,Sr,Ti)O"
CHAOS_0390,391,0.6767022357723578,0.8821138211382114,0.8882113821138211,0.4651930894308943,high-EFA + high descriptor compatibility,True,True,0.8922764227642277,0.8841463414634146,0.4735772357723578,0.540650406504065,0.4735772357723577,0.3729674796747968,"Ca,Co,Mg,Ni","(Ca,Co,Mg,Ni)O"
CHAOS_0391,392,0.2869664634146341,0.4491869918699187,0.2479674796747967,0.3259654471544715,other,False,False,0.2886178861788617,0.2073170731707317,0.1260162601626016,0.7804878048780488,0.1260162601626016,0.2713414634146342,"Co,Fe,Mg,Sr","(Co,Fe,Mg,Sr)O"
CHAOS_0392,393,0.7193851626016261,0.6382113821138211,0.7306910569105691,0.708079268292683,high-EFA + high descriptor compatibility,True,True,0.6727642276422765,0.7886178861788617,0.8353658536585366,0.3882113821138211,0.8353658536585366,0.7733739837398373,"Co,Fe,Ni,Sn","(Co,Fe,Ni,Sn)O"
CHAOS_0393,394,0.5744410569105691,0.04674796747967479,0.5426829268292683,0.6061991869918699,high descriptor compatibility only,False,True,0.4939024390243902,0.5914634146341464,0.5284552845528455,0.516260162601626,0.5284552845528455,0.8516260162601627,"Cd,Nb,Ti,Zn","(Cd,Nb,Ti,Zn)O"
CHAOS_0394,395,0.8320630081300813,0.290650406504065,0.9959349593495935,0.6681910569105691,high descriptor compatibility only,False,True,0.9959349593495935,0.9959349593495935,0.7317073170731707,0.7296747967479675,0.7317073170731707,0.4796747967479675,"Cd,Mg,Mn,Ti","(Cd,Mg,Mn,Ti)O"
CHAOS_0395,396,0.3710619918699187,0.1768292682926829,0.3648373983739838,0.3772865853658537,other,False,False,0.443089430894309,0.2865853658536586,0.3272357723577236,0.4817073170731707,0.3272357723577236,0.3729674796747968,"Nb,Sr,Ti,Zn","(Nb,Sr,Ti,Zn)O"
CHAOS_0396,397,0.4264481707317074,0.3800813008130081,0.02947154471544716,0.8234247967479675,other,False,False,0.02845528455284552,0.03048780487804881,0.7886178861788617,0.8109756097560976,0.7886178861788617,0.9054878048780488,"Fe,Ni,V,Zn","(Fe,Ni,V,Zn)O"
CHAOS_0397,398,0.3901168699186992,0.2845528455284553,0.4441056910569106,0.3361280487804879,other,False,False,0.4898373983739838,0.3983739837398373,0.3516260162601627,0.3699186991869918,0.3516260162601626,0.2713414634146342,"Ca,Nb,Sr,Zn","(Ca,Nb,Sr,Zn)O"
CHAOS_0398,399,0.4688770325203252,0.5934959349593496,0.3109756097560976,0.6267784552845528,high-EFA only,True,False,0.2357723577235772,0.3861788617886179,0.766260162601626,0.323170731707317,0.766260162601626,0.6514227642276422,"Co,Fe,Mn,Sn","(Co,Fe,Mn,Sn)O"
CHAOS_0399,400,0.6557418699186992,0.004065040650406504,1.0,0.3114837398373984,high descriptor compatibility only,False,True,1.0,1.0,0.4105691056910569,0.2012195121951219,0.4105691056910569,0.2235772357723577,"Nb,Sn,Tc,Ti","(Nb,Sn,Tc,Ti)O"
CHAOS_0400,401,0.7676575203252032,0.1239837398373984,0.9908536585365854,0.5444613821138211,high descriptor compatibility only,False,True,0.9898373983739838,0.991869918699187,0.5386178861788617,0.7276422764227642,0.5386178861788617,0.3729674796747968,"Cd,Mg,Nb,Ti","(Cd,Mg,Nb,Ti)O"
CHAOS_0401,402,0.5367123983739838,0.2398373983739837,0.4207317073170732,0.6526930894308943,high descriptor compatibility only,False,True,0.3130081300813008,0.5284552845528455,0.8211382113821138,0.5955284552845528,0.8211382113821138,0.3729674796747968,"Ca,Cd,Ti,V","(Ca,Cd,Ti,V)O"
CHAOS_0402,403,0.3390497967479675,0.5853658536585366,0.3729674796747968,0.3051321138211382,high-EFA only,True,False,0.4369918699186992,0.3089430894308943,0.3577235772357723,0.1321138211382114,0.3577235772357724,0.3729674796747968,"Ca,Mn,Ni,Sn","(Ca,Mn,Ni,Sn)O"
CHAOS_0403,404,0.8465447154471545,0.7987804878048781,0.8790650406504066,0.8140243902439024,high-EFA + high descriptor compatibility,True,True,0.8678861788617886,0.8902439024390244,0.8963414634146342,0.7317073170731707,0.8963414634146342,0.7317073170731707,"Cu,Mg,Mn,Ni","(Cu,Mg,Mn,Ni)O"
CHAOS_0404,405,0.2182418699186992,0.4695121951219512,0.2449186991869919,0.1915650406504065,other,False,False,0.3191056910569106,0.1707317073170732,0.01016260162601623,0.1991869918699187,0.01016260162601626,0.5467479674796748,"Fe,Sn,Sr,Zn","(Fe,Sn,Sr,Zn)O"
CHAOS_0405,406,0.8977388211382114,0.9004065040650406,0.9613821138211383,0.8340955284552846,high-EFA + high descriptor compatibility,True,True,0.9552845528455285,0.967479674796748,0.9329268292682926,0.6971544715447154,0.9329268292682927,0.7733739837398373,"Co,Fe,Mg,Zn","(Co,Fe,Mg,Zn)O"
CHAOS_0406,407,0.4190802845528455,0.4044715447154472,0.4502032520325203,0.3879573170731707,other,False,False,0.4959349593495935,0.4044715447154471,0.1016260162601627,0.5345528455284553,0.1016260162601626,0.8140243902439024,"Fe,Ni,Sr,Zn","(Fe,Ni,Sr,Zn)O"
CHAOS_0407,408,0.3382876016260162,0.8902439024390244,0.3709349593495935,0.305640243902439,high-EFA only,True,False,0.4065040650406504,0.3353658536585366,0.3841463414634146,0.1402439024390244,0.3841463414634146,0.3140243902439024,"Ca,Co,Mn,Sn","(Ca,Co,Mn,Sn)O"
CHAOS_0408,409,0.7176067073170731,0.475609756097561,0.8790650406504065,0.5561483739837398,high descriptor compatibility only,False,True,0.8882113821138211,0.8699186991869918,0.6117886178861789,0.4542682926829268,0.6117886178861789,0.5467479674796748,"Ca,Mn,V,Zn","(Ca,Mn,V,Zn)O"
CHAOS_0409,410,0.756224593495935,0.7296747967479674,0.8292682926829268,0.6831808943089431,high-EFA + high descriptor compatibility,True,True,0.8516260162601625,0.806910569105691,0.6991869918699187,0.6382113821138211,0.6991869918699187,0.6961382113821138,"Ca,Cd,Fe,Mn","(Ca,Cd,Fe,Mn)O"
CHAOS_0410,411,0.06402439024390247,0.1524390243902439,0.002032520325203291,0.1260162601626016,other,False,False,0.002032520325203291,0.002032520325203291,0.1097560975609756,0.1300813008130082,0.1097560975609756,0.1544715447154472,"Mn,Nb,Sn,Sr","(Mn,Nb,Sn,Sr)O"
CHAOS_0411,412,0.8370172764227642,0.6666666666666666,0.8465447154471545,0.827489837398374,high-EFA + high descriptor compatibility,True,True,0.7845528455284553,0.9085365853658537,0.8048780487804879,0.8170731707317074,0.8048780487804879,0.883130081300813,"Co,Fe,V,Zn","(Co,Fe,V,Zn)O"
CHAOS_0412,413,0.9203506097560976,0.9573170731707317,0.9715447154471545,0.8691565040650406,high-EFA + high descriptor compatibility,True,True,0.9695121951219512,0.9735772357723578,0.9796747967479675,0.8211382113821138,0.9796747967479674,0.6961382113821138,"Co,Fe,Mg,Ni","(Co,Fe,Mg,Ni)O"
CHAOS_0413,414,0.6647611788617886,0.8719512195121951,0.7530487804878049,0.5764735772357723,high-EFA + high descriptor compatibility,True,True,0.7886178861788617,0.717479674796748,0.5081300813008129,0.3841463414634146,0.508130081300813,0.9054878048780488,"Ca,Cd,Co,Zn","(Ca,Cd,Co,Zn)O"
CHAOS_0414,415,0.3215193089430894,0.002032520325203252,0.3058943089430894,0.3371443089430894,other,False,False,0.1483739837398373,0.4634146341463414,0.4166666666666666,0.2439024390243902,0.4166666666666667,0.2713414634146342,"Nb,Sn,Tc,V","(Nb,Sn,Tc,V)O"
CHAOS_0415,416,0.733739837398374,0.9796747967479674,0.8689024390243902,0.5985772357723578,high-EFA + high descriptor compatibility,True,True,0.8902439024390244,0.8475609756097561,0.5813008130081301,0.3800813008130082,0.5813008130081301,0.8516260162601627,"Ca,Cd,Mn,Zn","(Ca,Cd,Mn,Zn)O"
CHAOS_0416,417,0.6646341463414633,0.9349593495934959,0.9136178861788617,0.415650406504065,high-EFA + high descriptor compatibility,True,True,0.9288617886178862,0.8983739837398375,0.4146341463414634,0.3536585365853658,0.4146341463414634,0.4796747967479675,"Ca,Co,Mg,Zn","(Ca,Co,Mg,Zn)O"
CHAOS_0417,418,0.9186991869918699,0.9695121951219512,0.8699186991869918,0.967479674796748,high-EFA + high descriptor compatibility,True,True,0.8434959349593496,0.8963414634146342,0.9715447154471545,0.9369918699186992,0.9715447154471545,0.9898373983739838,"Cu,Fe,Ni,Zn","(Cu,Fe,Ni,Zn)O"
CHAOS_0418,419,0.2658790650406504,0.1869918699186992,0.2042682926829268,0.327489837398374,other,False,False,0.1504065040650406,0.2581300813008131,0.1910569105691057,0.6565040650406504,0.1910569105691057,0.2713414634146342,"Cd,Mg,Nb,Sr","(Cd,Mg,Nb,Sr)O"
CHAOS_0419,420,0.109375,0.1483739837398374,0.04369918699186992,0.1750508130081301,other,False,False,0.05081300813008127,0.03658536585365857,0.1361788617886179,0.05487804878048785,0.1361788617886179,0.3729674796747968,"Ca,Nb,Sn,Zn","(Ca,Nb,Sn,Zn)O"
CHAOS_0420,421,0.6617123983739837,0.8617886178861789,0.7703252032520325,0.553099593495935,high-EFA + high descriptor compatibility,True,True,0.774390243902439,0.766260162601626,0.483739837398374,0.4308943089430894,0.483739837398374,0.8140243902439024,"Ca,Fe,Ni,Zn","(Ca,Fe,Ni,Zn)O"
CHAOS_0421,422,0.8846544715447155,0.8109756097560976,0.9583333333333334,0.8109756097560976,high-EFA + high descriptor compatibility,True,True,0.9613821138211383,0.9552845528455285,0.9207317073170732,0.8556910569105691,0.9207317073170732,0.5467479674796748,"Co,Fe,Mg,Mn","(Co,Fe,Mg,Mn)O"
CHAOS_0422,423,0.4122205284552846,0.2134146341463415,0.2703252032520325,0.5541158536585366,other,False,False,0.233739837398374,0.306910569105691,0.5792682926829269,0.8678861788617886,0.5792682926829268,0.1900406504065041,"Fe,Nb,Sr,Ti","(Fe,Nb,Sr,Ti)O"
CHAOS_0423,424,0.4364837398373984,0.01422764227642276,0.5172764227642276,0.3556910569105691,other,False,False,0.5264227642276422,0.5081300813008129,0.3658536585365854,0.2113821138211383,0.3658536585365854,0.4796747967479675,"Cd,Nb,Sn,Ti","(Cd,Nb,Sn,Ti)O"
CHAOS_0424,425,0.3833841463414634,0.1991869918699187,0.1717479674796748,0.595020325203252,other,False,False,0.274390243902439,0.06910569105691056,0.6524390243902439,0.9207317073170732,0.6524390243902439,0.1544715447154472,"Mn,Nb,Sr,Ti","(Mn,Nb,Sr,Ti)O"
CHAOS_0425,426,0.598069105691057,0.4857723577235772,0.6778455284552846,0.5182926829268293,high descriptor compatibility only,False,True,0.660569105691057,0.6951219512195121,0.6382113821138211,0.4237804878048781,0.6382113821138211,0.3729674796747968,"Ca,Ti,V,Zn","(Ca,Ti,V,Zn)O"
CHAOS_0426,427,0.5631351626016261,0.3821138211382114,0.4695121951219512,0.6567581300813009,high descriptor compatibility only,False,True,0.3963414634146342,0.5426829268292683,0.5914634146341464,0.7479674796747968,0.5914634146341463,0.6961382113821138,"Mn,Nb,V,Zn","(Mn,Nb,V,Zn)O"
CHAOS_0427,428,0.7785823170731707,0.6951219512195121,0.6067073170731707,0.9504573170731708,high-EFA + high descriptor compatibility,True,True,0.5853658536585367,0.6280487804878049,0.967479674796748,0.9065040650406504,0.967479674796748,0.9603658536585366,"Cd,Cu,Fe,Mn","(Cd,Cu,Fe,Mn)O"
CHAOS_0428,429,0.6055640243902439,0.9288617886178862,0.556910569105691,0.6542174796747968,high-EFA + high descriptor compatibility,True,True,0.5630081300813008,0.5508130081300813,0.7052845528455285,0.5101626016260163,0.7052845528455285,0.6961382113821138,"Mg,Ni,V,Zn","(Mg,Ni,V,Zn)O"
CHAOS_0429,430,0.3990091463414634,0.4654471544715447,0.3902439024390243,0.4077743902439025,other,False,False,0.4634146341463414,0.3170731707317073,0.3434959349593496,0.6727642276422765,0.3434959349593496,0.2713414634146342,"Ca,Co,Fe,Sr","(Ca,Co,Fe,Sr)O"
CHAOS_0430,431,0.2609247967479675,0.6808943089430894,0.201219512195122,0.320630081300813,high-EFA only,True,False,0.2052845528455285,0.1971544715447154,0.3455284552845529,0.1585365853658537,0.3455284552845528,0.4329268292682927,"Ca,Fe,Ni,Sn","(Ca,Fe,Ni,Sn)O"
CHAOS_0431,432,0.8690294715447155,0.7560975609756098,0.9603658536585367,0.7776930894308944,high-EFA + high descriptor compatibility,True,True,0.959349593495935,0.9613821138211383,0.8556910569105691,0.7032520325203252,0.8556910569105691,0.6961382113821138,"Fe,Mg,Mn,Zn","(Fe,Mg,Mn,Zn)O"
CHAOS_0432,433,0.4011686991869919,0.5040650406504065,0.3363821138211383,0.4659552845528455,high-EFA only,True,False,0.2926829268292683,0.3800813008130082,0.4512195121951219,0.839430894308943,0.451219512195122,0.1219512195121951,"Ca,Fe,Mg,Nb","(Ca,Fe,Mg,Nb)O"
CHAOS_0433,434,0.6826727642276422,0.8252032520325203,0.7967479674796748,0.5685975609756098,high-EFA + high descriptor compatibility,True,True,0.8170731707317074,0.7764227642276422,0.4857723577235772,0.3739837398373984,0.4857723577235772,0.9288617886178862,"Ca,Cd,Ni,Zn","(Ca,Cd,Ni,Zn)O"
CHAOS_0434,435,0.7620680894308943,0.9817073170731707,0.7235772357723578,0.8005589430894309,high-EFA + high descriptor compatibility,True,True,0.6849593495934959,0.7621951219512195,0.8780487804878049,0.7947154471544715,0.8780487804878049,0.6514227642276422,"Cu,Fe,Mg,Mn","(Cu,Fe,Mg,Mn)O"
CHAOS_0435,436,0.7202743902439024,0.4471544715447154,0.7550813008130082,0.6854674796747967,high descriptor compatibility only,False,True,0.7317073170731707,0.7784552845528455,0.7073170731707317,0.6758130081300813,0.7073170731707317,0.6514227642276422,"Mn,Ti,V,Zn","(Mn,Ti,V,Zn)O"
CHAOS_0436,437,0.7248475609756098,0.7865853658536586,0.4725609756097561,0.9771341463414633,high-EFA + high descriptor compatibility,True,True,0.4715447154471545,0.4735772357723578,0.9552845528455285,0.9979674796747967,0.9552845528455285,1.0,"Cd,Cu,Ni,Zn","(Cd,Cu,Ni,Zn)O"
CHAOS_0437,438,0.4500762195121951,0.2032520325203252,0.7489837398373984,0.1511686991869919,other,False,False,0.7479674796747968,0.75,0.1056910569105691,0.07926829268292679,0.1056910569105691,0.3140243902439024,"Cd,Sn,Sr,Ti","(Cd,Sn,Sr,Ti)O"
CHAOS_0438,439,0.2334857723577236,0.01016260162601626,0.07113821138211385,0.3958333333333334,other,False,False,0.05894308943089432,0.08333333333333337,0.3882113821138211,0.2601626016260162,0.3882113821138211,0.5467479674796748,"Cd,Nb,Sn,V","(Cd,Nb,Sn,V)O"
CHAOS_0439,440,0.8509908536585367,0.9247967479674797,0.8719512195121951,0.8300304878048781,high-EFA + high descriptor compatibility,True,True,0.8780487804878049,0.8658536585365854,0.9085365853658537,0.806910569105691,0.9085365853658537,0.6961382113821138,"Cd,Fe,Mg,Mn","(Cd,Fe,Mg,Mn)O"
CHAOS_0440,441,0.5283282520325203,0.8089430894308943,0.7184959349593496,0.3381605691056911,high-EFA + high descriptor compatibility,True,True,0.7723577235772358,0.6646341463414633,0.1686991869918699,0.6422764227642277,0.1686991869918699,0.3729674796747968,"Cd,Mg,Mn,Sr","(Cd,Mg,Mn,Sr)O"
CHAOS_0441,442,0.4864075203252033,0.5101626016260162,0.1270325203252033,0.8457825203252033,high-EFA only,True,False,0.1016260162601627,0.1524390243902439,0.8678861788617886,0.8739837398373984,0.8678861788617886,0.7733739837398373,"Co,Mn,Ni,V","(Co,Mn,Ni,V)O"
CHAOS_0442,443,0.336255081300813,0.8475609756097561,0.3455284552845528,0.3269817073170732,high-EFA only,True,False,0.4166666666666666,0.274390243902439,0.2784552845528455,0.1463414634146342,0.2784552845528455,0.6046747967479674,"Ca,Co,Sn,Zn","(Ca,Co,Sn,Zn)O"
CHAOS_0443,444,0.516260162601626,0.6524390243902439,0.2083333333333333,0.8241869918699187,high-EFA + high descriptor compatibility,True,True,0.1565040650406504,0.2601626016260162,0.8800813008130082,0.6077235772357723,0.8800813008130082,0.9288617886178862,"Co,Cu,Sn,Zn","(Co,Cu,Sn,Zn)O"
CHAOS_0444,445,0.5274390243902439,0.3902439024390244,0.6371951219512195,0.4176829268292683,high descriptor compatibility only,False,True,0.7276422764227642,0.5467479674796748,0.3252032520325203,0.9939024390243902,0.3252032520325203,0.02642276422764228,"Mg,Sr,Ti,V","(Mg,Sr,Ti,V)O"
CHAOS_0445,446,0.359375,0.1808943089430894,0.4369918699186992,0.2817581300813008,other,False,False,0.4491869918699187,0.4247967479674797,0.3861788617886179,0.04065040650406504,0.3861788617886179,0.3140243902439024,"Ca,Cd,Sn,Ti","(Ca,Cd,Sn,Ti)O"
CHAOS_0446,447,0.7480945121951219,0.9186991869918699,0.9512195121951219,0.5449695121951219,high-EFA + high descriptor compatibility,True,True,0.9715447154471545,0.9308943089430894,0.5833333333333333,0.8231707317073171,0.5833333333333334,0.1900406504065041,"Ca,Fe,Mg,Mn","(Ca,Fe,Mg,Mn)O"
CHAOS_0447,448,0.3025914634146342,0.733739837398374,0.3800813008130081,0.2251016260162602,high-EFA only,True,False,0.4796747967479674,0.2804878048780488,0.06707317073170727,0.2195121951219512,0.06707317073170732,0.5467479674796748,"Cd,Fe,Sn,Sr","(Cd,Fe,Sn,Sr)O"
CHAOS_0448,449,0.6922002032520326,0.9451219512195121,0.7225609756097562,0.661839430894309,high-EFA + high descriptor compatibility,True,True,0.7154471544715447,0.7296747967479675,0.6626016260162602,0.717479674796748,0.6626016260162602,0.6046747967479674,"Ca,Fe,Mn,Ni","(Ca,Fe,Mn,Ni)O"
CHAOS_0449,450,0.6373221544715447,0.7357723577235772,0.7357723577235772,0.5388719512195123,high-EFA + high descriptor compatibility,True,True,0.7012195121951219,0.7703252032520325,0.6219512195121951,0.5386178861788617,0.6219512195121951,0.3729674796747968,"Mg,Ti,V,Zn","(Mg,Ti,V,Zn)O"
CHAOS_0450,451,0.497459349593496,0.3658536585365854,0.3902439024390244,0.6046747967479675,other,False,False,0.3882113821138211,0.3922764227642277,0.6158536585365854,0.6402439024390244,0.6158536585365854,0.5467479674796748,"Nb,Ti,V,Zn","(Nb,Ti,V,Zn)O"
CHAOS_0451,452,0.1538363821138211,0.7276422764227642,0.2947154471544715,0.01295731707317075,high-EFA only,True,False,0.3983739837398373,0.1910569105691057,0.02439024390243905,0.002032520325203291,0.02439024390243903,0.001016260162601626,"Ca,Mg,Sn,Sr","(Ca,Mg,Sn,Sr)O"
CHAOS_0452,453,0.8661077235772358,0.8780487804878049,0.7632113821138211,0.9690040650406504,high-EFA + high descriptor compatibility,True,True,0.7540650406504065,0.7723577235772358,1.0,0.9471544715447154,1.0,0.9288617886178862,"Cd,Co,Fe,Mn","(Cd,Co,Fe,Mn)O"
CHAOS_0453,454,0.1327489837398374,0.2703252032520325,0.0233739837398374,0.2421239837398374,other,False,False,0.01829268292682928,0.02845528455284552,0.2723577235772358,0.05081300813008127,0.2723577235772358,0.3729674796747968,"Ca,Sn,V,Zn","(Ca,Sn,V,Zn)O"
CHAOS_0454,455,0.2798526422764228,0.5203252032520326,0.2479674796747967,0.3117378048780488,high-EFA only,True,False,0.2601626016260162,0.2357723577235772,0.1199186991869918,0.7357723577235773,0.1199186991869919,0.2713414634146342,"Mg,Mn,Ni,Sr","(Mg,Mn,Ni,Sr)O"
CHAOS_0455,456,0.6688262195121951,0.7012195121951219,0.7439024390243902,0.59375,high-EFA + high descriptor compatibility,True,True,0.7865853658536586,0.7012195121951219,0.5528455284552846,0.3861788617886179,0.5528455284552846,0.883130081300813,"Ca,Cd,Fe,Zn","(Ca,Cd,Fe,Zn)O"
CHAOS_0456,457,0.958714430894309,0.9146341463414634,0.9522357723577235,0.9651930894308943,high-EFA + high descriptor compatibility,True,True,0.9390243902439024,0.9654471544715447,0.9776422764227642,0.9349593495934959,0.9776422764227642,0.9705284552845529,"Co,Fe,Ni,Zn","(Co,Fe,Ni,Zn)O"
CHAOS_0457,458,0.5424288617886178,0.8313008130081301,0.7022357723577235,0.3826219512195121,high-EFA + high descriptor compatibility,True,True,0.7459349593495934,0.6585365853658536,0.3130081300813008,0.3577235772357723,0.3130081300813008,0.5467479674796748,"Ca,Cd,Ni,Sr","(Ca,Cd,Ni,Sr)O"
CHAOS_0458,459,0.896214430894309,0.926829268292683,0.883130081300813,0.9092987804878049,high-EFA + high descriptor compatibility,True,True,0.8800813008130082,0.8861788617886179,0.9044715447154471,0.8577235772357723,0.9044715447154471,0.9705284552845529,"Cd,Fe,Mn,Zn","(Cd,Fe,Mn,Zn)O"
CHAOS_0459,460,0.3939278455284553,0.3739837398373984,0.1991869918699187,0.5886686991869918,other,False,False,0.1544715447154471,0.2439024390243902,0.6016260162601625,0.9613821138211383,0.6016260162601627,0.1900406504065041,"Mg,Mn,Nb,V","(Mg,Mn,Nb,V)O"
CHAOS_0460,461,0.3502286585365854,0.006097560975609756,0.3963414634146342,0.3041158536585366,other,False,False,0.3211382113821138,0.4715447154471545,0.3638211382113821,0.217479674796748,0.3638211382113821,0.2713414634146342,"Fe,Nb,Sn,Ti","(Fe,Nb,Sn,Ti)O"
CHAOS_0461,462,0.1995680894308943,0.5121951219512195,0.2306910569105691,0.1684451219512195,high-EFA only,True,False,0.2682926829268293,0.193089430894309,0.04878048780487809,0.2032520325203252,0.04878048780487805,0.3729674796747968,"Mn,Ni,Sn,Sr","(Mn,Ni,Sn,Sr)O"
CHAOS_0462,463,0.4424542682926829,0.3638211382113821,0.1615853658536585,0.7233231707317073,other,False,False,0.1199186991869918,0.2032520325203252,0.8313008130081301,0.4166666666666666,0.8313008130081301,0.8140243902439024,"Co,Cu,Fe,Sn","(Co,Cu,Fe,Sn)O"
CHAOS_0463,464,0.1397357723577236,0.5345528455284553,0.2144308943089431,0.06504065040650407,high-EFA only,True,False,0.2723577235772358,0.1565040650406504,0.0,0.03658536585365857,0.0,0.2235772357723577,"Mg,Sn,Sr,Zn","(Mg,Sn,Sr,Zn)O"
CHAOS_0464,465,0.524390243902439,0.6199186991869918,0.4278455284552845,0.6209349593495935,high-EFA + high descriptor compatibility,True,True,0.3699186991869918,0.4857723577235772,0.8414634146341463,0.2540650406504065,0.8414634146341463,0.5467479674796748,"Fe,Mg,Sn,Zn","(Fe,Mg,Sn,Zn)O"
CHAOS_0465,466,0.2045223577235772,0.2804878048780488,0.3313008130081301,0.07774390243902438,other,False,False,0.4410569105691057,0.2215447154471545,0.1138211382113821,0.02235772357723576,0.1138211382113821,0.06097560975609756,"Ca,Mn,Sn,Sr","(Ca,Mn,Sn,Sr)O"
CHAOS_0466,467,0.372459349593496,0.3861788617886179,0.004065040650406471,0.7408536585365855,other,False,False,0.004065040650406471,0.004065040650406471,0.6747967479674797,0.6666666666666667,0.6747967479674797,0.9471544715447154,"Cu,Ni,Ti,Zn","(Cu,Ni,Ti,Zn)O"
CHAOS_0467,468,0.4646849593495935,0.6686991869918699,0.4186991869918699,0.5106707317073171,high-EFA only,True,False,0.426829268292683,0.4105691056910569,0.5487804878048781,0.3983739837398373,0.5487804878048781,0.5467479674796748,"Ca,Fe,Ti,Zn","(Ca,Fe,Ti,Zn)O"
CHAOS_0468,469,0.1105182926829268,0.1077235772357724,0.04166666666666669,0.179369918699187,other,False,False,0.04065040650406504,0.04268292682926833,0.2479674796747967,0.1280487804878049,0.2479674796747967,0.09349593495934959,"Mg,Nb,Sn,V","(Mg,Nb,Sn,V)O"
CHAOS_0469,470,0.5182926829268293,0.3373983739837398,0.556910569105691,0.4796747967479675,high descriptor compatibility only,False,True,0.5691056910569106,0.5447154471544715,0.5223577235772358,0.4410569105691057,0.5223577235772358,0.4329268292682927,"Ca,Nb,V,Zn","(Ca,Nb,V,Zn)O"
CHAOS_0470,471,0.8150406504065041,0.9308943089430894,0.7936991869918699,0.8363821138211383,high-EFA + high descriptor compatibility,True,True,0.8130081300813008,0.774390243902439,0.9126016260162602,0.7886178861788617,0.9126016260162602,0.7317073170731707,"Cd,Co,Mg,Mn","(Cd,Co,Mg,Mn)O"
CHAOS_0471,472,0.474339430894309,0.2560975609756098,0.3353658536585366,0.6133130081300813,other,False,False,0.1097560975609756,0.5609756097560976,0.6443089430894309,0.3130081300813008,0.6443089430894309,0.8516260162601627,"Cd,Sn,V,Zn","(Cd,Sn,V,Zn)O"
CHAOS_0472,473,0.7155741869918699,0.09349593495934959,0.9014227642276422,0.5297256097560976,high descriptor compatibility only,False,True,0.8739837398373984,0.9288617886178862,0.5040650406504066,0.2967479674796748,0.5040650406504065,0.8140243902439024,"Cd,Sn,Ti,Zn","(Cd,Sn,Ti,Zn)O"
CHAOS_0473,474,0.2928099593495935,0.2621951219512195,0.2123983739837398,0.3732215447154472,other,False,False,0.1361788617886179,0.2886178861788617,0.3211382113821138,0.4776422764227642,0.3211382113821138,0.3729674796747968,"Sr,Ti,V,Zn","(Sr,Ti,V,Zn)O"
CHAOS_0474,475,0.7045223577235773,0.6138211382113821,0.818089430894309,0.5909552845528455,high-EFA + high descriptor compatibility,True,True,0.7947154471544715,0.8414634146341463,0.660569105691057,0.5630081300813008,0.6605691056910569,0.4796747967479675,"Mg,Mn,Ti,Zn","(Mg,Mn,Ti,Zn)O"
CHAOS_0475,476,0.7035060975609757,0.7926829268292683,0.4532520325203252,0.9537601626016261,high-EFA + high descriptor compatibility,True,True,0.4308943089430894,0.475609756097561,0.9390243902439024,0.943089430894309,0.9390243902439024,0.9939024390243902,"Cd,Fe,Ni,Zn","(Cd,Fe,Ni,Zn)O"
CHAOS_0476,477,0.7149390243902438,0.3617886178861789,0.7845528455284553,0.6453252032520325,high descriptor compatibility only,False,True,0.8536585365853658,0.7154471544715447,0.7621951219512195,0.5772357723577235,0.7621951219512195,0.4796747967479675,"Ca,Cd,Mn,Ti","(Ca,Cd,Mn,Ti)O"
CHAOS_0477,478,0.3481961382113821,0.3719512195121951,0.3790650406504065,0.3173272357723578,other,False,False,0.4451219512195121,0.3130081300813008,0.3150406504065041,0.3678861788617886,0.3150406504065041,0.2713414634146342,"Ca,Sr,V,Zn","(Ca,Sr,V,Zn)O"
CHAOS_0478,479,0.5707571138211383,0.6300813008130082,0.3058943089430894,0.835619918699187,high-EFA + high descriptor compatibility,True,True,0.2459349593495935,0.3658536585365854,0.8455284552845528,0.8373983739837398,0.8455284552845529,0.8140243902439024,"Co,Cu,Mn,V","(Co,Cu,Mn,V)O"
CHAOS_0479,480,0.4432164634146341,0.9410569105691057,0.5071138211382114,0.3793191056910569,high-EFA only,True,False,0.5711382113821138,0.443089430894309,0.3475609756097561,0.1707317073170732,0.3475609756097561,0.6514227642276422,"Ca,Cd,Ni,Sn","(Ca,Cd,Ni,Sn)O"
CHAOS_0480,481,0.3884654471544716,0.4898373983739837,0.2835365853658537,0.4933943089430894,other,False,False,0.3109756097560976,0.2560975609756098,0.3008130081300813,0.8252032520325203,0.3008130081300813,0.5467479674796748,"Co,Fe,Mn,Sr","(Co,Fe,Mn,Sr)O"
CHAOS_0481,482,0.5364583333333333,0.6077235772357723,0.391260162601626,0.6816565040650406,high-EFA + high descriptor compatibility,True,True,0.4044715447154471,0.3780487804878049,0.7134146341463414,0.3943089430894309,0.7134146341463414,0.9054878048780488,"Cd,Mn,Sn,Zn","(Cd,Mn,Sn,Zn)O"
CHAOS_0482,483,0.6501524390243902,0.306910569105691,0.6229674796747968,0.6773373983739838,high descriptor compatibility only,False,True,0.5995934959349594,0.6463414634146342,0.725609756097561,0.7113821138211383,0.725609756097561,0.5467479674796748,"Cd,Fe,Mg,Ti","(Cd,Fe,Mg,Ti)O"
CHAOS_0483,484,0.6741615853658536,0.7479674796747967,0.8445121951219512,0.5038109756097561,high-EFA + high descriptor compatibility,True,True,0.8577235772357723,0.8313008130081301,0.5121951219512195,0.7195121951219512,0.5121951219512195,0.2713414634146342,"Ca,Co,Fe,Mg","(Ca,Co,Fe,Mg)O"
CHAOS_0484,485,0.295604674796748,0.09146341463414634,0.4237804878048781,0.1674288617886179,other,False,False,0.6422764227642277,0.2052845528455285,0.08943089430894313,0.1178861788617886,0.08943089430894309,0.3729674796747968,"Cd,Nb,Sn,Sr","(Cd,Nb,Sn,Sr)O"
CHAOS_0485,486,0.4239075203252033,0.3292682926829268,0.2632113821138212,0.5846036585365854,other,False,False,0.2560975609756098,0.2703252032520326,0.6097560975609756,0.9288617886178862,0.6097560975609756,0.1900406504065041,"Mn,Nb,Sr,V","(Mn,Nb,Sr,V)O"
CHAOS_0486,487,0.7548272357723578,0.2642276422764228,0.8719512195121951,0.6377032520325203,high descriptor compatibility only,False,True,0.8556910569105691,0.8882113821138211,0.6869918699186992,0.6300813008130082,0.6869918699186992,0.5467479674796748,"Ca,Cd,Mn,Nb","(Ca,Cd,Mn,Nb)O"
CHAOS_0487,488,0.3934197154471545,0.8658536585365854,0.459349593495935,0.327489837398374,high-EFA only,True,False,0.5487804878048781,0.3699186991869918,0.2520325203252033,0.1544715447154471,0.2520325203252032,0.6514227642276422,"Ca,Ni,Sn,Zn","(Ca,Ni,Sn,Zn)O"
CHAOS_0488,489,0.1288109756097561,0.4552845528455284,0.07113821138211385,0.1864837398373984,other,False,False,0.08739837398373984,0.05487804878048785,0.04268292682926833,0.2276422764227642,0.0426829268292683,0.4329268292682927,"Fe,Ni,Sn,Sr","(Fe,Ni,Sn,Sr)O"
CHAOS_0489,490,0.4875508130081301,0.3963414634146342,0.3485772357723577,0.6265243902439025,other,False,False,0.3394308943089431,0.3577235772357723,0.7113821138211383,0.5365853658536586,0.7113821138211383,0.5467479674796748,"Ca,Cd,Fe,Ti","(Ca,Cd,Fe,Ti)O"
CHAOS_0490,491,0.5405233739837398,0.9329268292682927,0.7459349593495934,0.3351117886178862,high-EFA + high descriptor compatibility,True,True,0.8008130081300813,0.6910569105691057,0.1890243902439024,0.3109756097560976,0.1890243902439024,0.6514227642276422,"Ca,Cd,Sr,Zn","(Ca,Cd,Sr,Zn)O"
CHAOS_0491,492,0.8426067073170731,0.967479674796748,0.7317073170731707,0.9535060975609755,high-EFA + high descriptor compatibility,True,True,0.6808943089430894,0.782520325203252,0.9573170731707317,0.9186991869918699,0.9573170731707317,0.9806910569105691,"Co,Cu,Fe,Zn","(Co,Cu,Fe,Zn)O"
CHAOS_0492,493,0.4803099593495935,0.4735772357723577,0.309959349593496,0.6506605691056911,other,False,False,0.1991869918699187,0.4207317073170732,0.7479674796747968,0.3333333333333334,0.7479674796747967,0.7733739837398373,"Cd,Fe,Mn,Sn","(Cd,Fe,Mn,Sn)O"
CHAOS_0493,494,0.8423526422764227,0.9491869918699187,0.7723577235772358,0.9123475609756098,high-EFA + high descriptor compatibility,True,True,0.7439024390243902,0.8008130081300813,0.8922764227642277,0.8841463414634146,0.8922764227642277,0.9806910569105691,"Cu,Mn,Ni,Zn","(Cu,Mn,Ni,Zn)O"
